title,link,source,published_str,pub_date,doi,last_author,abstract,abstract_source,must_have_abstract
Computational Mass Spectrometry Imaging in the Era of AI,https://pubs.acs.org/chreay/article/doi/10.1021/acs.chemrev.6c00098/5246506/Computational-Mass-Spectrometry-Imaging-in-the-Era,Chemical Reviews: Latest Articles (ACS Publications),2026-08-05 00:00:00 UTC,2026-08-05 00:00:00+00:00,10.1021/acs.chemrev.6c00098,Fan Lam,"Abstract Mass spectrometry imaging (MSI) is a tool-of-choice for mapping and understanding the spatial organization of biomolecules, including small metabolites, lipids, peptides, and many others. As the MSI instrument and spatial biology inquiries evolve, researchers and practitioners are constrained by the inherent trade-offs in spatial resolution, chemical detail, and acquisition time. Here, we review how the rapidly growing interplay between MSI and machine learning/artificial intelligence (ML/AI)-powered computational approaches is addressing these issues. We begin by highlighting key steps in MSI experiments and summarizing major ML/AI paradigms in the context of MSI data, providing a foundation to review how ML/AI impact each step in the MSI workflow, starting with methods to accelerate data acquisition. We then discuss emerging applications of dimensionality reduction, segmentation, and various supervised/unsupervised learning approaches to extract useful chemical insights from high-dimensional MSI data. Approaches to leverage multimodal imaging to guide the acquisition process or provide a more informative integrated analysis are discussed. We conclude with a forward-looking discussion on the state of computation and MSI, spanning ML-enabled instrumentation, scaling measurements to 3D and large cohorts, and the integration of MSI with other spatial omic data.",crossref,0
Steering the reaction pathway of methane-to-oxygenates with zero CO2 production via photo–thermal catalysis,https://academic.oup.com/nsr/advance-article/doi/10.1093/nsr/nwag472/8752651?rss=1,National Science Review Advance Access,2026-08-05 00:00:00 UTC,2026-08-05 00:00:00+00:00,10.1093/nsr/nwag472,Li Tan,"The direct conversion of CH4 into liquid oxygenates via heterogeneous catalysis is highly challenging due to the facile overoxidation of target products. Herein, we present a potential Ag-modified In2O3 photo–thermal catalyst that enables the selective oxidation of CH4 to CH3OH and HCHO using molecular O2 under mild conditions (150°C, Xe lamp irradiation). The optimized Ag-3/In2O3 catalyst exhibits remarkable performance, achieving 100% selectivity toward liquid oxygenates with complete suppression of CO2 formation, and delivers a high production rate of 6544 μmol·g−1·h−1, 2.6 times greater than that under pure photocatalysis at 25°C. Mechanistic studies reveal that photogenerated holes facilitate C–H bond activation to form ·CH3 radicals, while O2 is selectively reduced at electron-rich Ag sites to generate ·OH species. Meanwhile, it demonstrates that excessive ·OH generation on the Ag-10/In2O3 contrast catalyst promotes HCHO overoxidation to CO2, highlighting the importance of ·OH regulation in determining product selectivity over the Ag-3/In2O3 catalyst. Moreover, combined with the experiments and DFT calculations, demonstrates that In2O3 with a suitable band structure exhibits weak adsorption affinity toward CH3OH and HCHO, while also supplying an in-depth understanding of the zero CO2 emissions in this catalysis process. The work illustrates that the strategic coupling of thermal and photocatalytic pathways enhances charge-carrier utilization and promotes selective radical chemistry for efficient CH4 valorization.",rss_oup,0
The Australian–Indonesian Monsoon Through Time,https://academic.oup.com/nsr/advance-article/doi/10.1093/nsr/nwag473/8752645?rss=1,National Science Review Advance Access,2026-08-05 00:00:00 UTC,2026-08-05 00:00:00+00:00,10.1093/nsr/nwag473,Stephan Steinke,"The Australian-Indonesian monsoon (AIM) is the manifestation of seasonal rainfall change and wind reversal over northern Australia and the Maritime Continent, within a region of extreme land-sea fragmentation. Past AIM variability and change have been related to large, covarying shifts in the boundary conditions such as the atmospheric CO2, Northern Hemisphere ice sheets, orbital insolation, and sea-level variations. This review synthesizes what is currently known about AIM evolution and mechanisms, emphasizing the Quaternary where proxy evidence, dating control, and modeling experiments are most abundant. We assess how model hierarchies have been used to separate rainfall and circulation responses, diagnose the role of SST pattern changes and inter-hemispheric energy balance, and show whether shelf exposure should be treated as a first-order monsoon control or a modest boundary condition adjustment. We argue that progress now hinges more on explicit quantification of data uncertainty and proxy-aware evaluation, as well as using isotope-enabled transient simulations and proxy system models that compare models to what proxies record rather than to precipitation alone.",rss_oup,0
Moon Insight: a Conceptual Framework for Future Lunar Exploration,https://academic.oup.com/nsr/advance-article/doi/10.1093/nsr/nwag474/8752638?rss=1,National Science Review Advance Access,2026-08-05 00:00:00 UTC,2026-08-05 00:00:00+00:00,10.1093/nsr/nwag474,Chi Wang,"The Moon Insight conceptual framework aims to map lunar lava tubes and understand their shapes and internal structures. It will use these natural underground spaces to study the Moon’s interior and volcanic history, improve our understanding of how the Moon formed and evolved, and support future lunar bases, long-term human stays, scientific research, and resource use.",crossref,0
Enhanced and directional light emission from two-dimensional excitons using Mie voids,https://www.nature.com/articles/s41467-026-76273-1,Physical sciences : Nature Communications subject feeds,2026-08-05 00:00:00 UTC,2026-08-05 00:00:00+00:00,,Søren Raza,"Controlling light emission at the nanoscale has important applications in solid-state lighting, displays, and quantum light sources. Achieving this control requires both enhanced local electromagnetic fields to boost emission intensity and engineered radiation patterns to direct photons efficiently. Mie voids, consisting of an air cavity surrounded by a high-index semiconductor, are particularly suited for this purpose because they expose their strongest fields in an accessible region for nearby emitters while supporting resonances that shape directional emission through interference. Here, we demonstrate an all-van der Waals nanophotonic platform that couples excitons in atomically thin WS2 to Mie void resonators formed in WSe2. Guided by electromagnetic simulations, we identify void geometries that maximize photoluminescence through synergistic enhancement of excitation and emission processes. We also introduce a two-step fabrication approach that leverages van der Waals assembly to independently control the void diameter and depth. Experimentally, we observe up to a 600-fold increase in photoluminescence intensity from monolayer WS2 placed on individual voids compared to unstructured WSe2, along with pronounced out-of-plane beaming of light that yields a forward-to-off-axis enhancement of 2.6 dB. These results establish Mie voids in van der Waals semiconductors as a versatile platform for controlling light-matter interactions at the nanoscale.",nature_html,0
Universal Metal-Free Deborylation–Deuteration via Redox-Decoupled Tandem Flow Electrosynthesis,https://pubs.acs.org/jacsat/article/doi/10.1021/jacs.6c09364/5245062/Universal-Metal-Free-Deborylation-Deuteration-via,Journal of the American Chemical Society: Latest Articles (ACS Publications),2026-08-05 00:00:00 UTC,2026-08-05 00:00:00+00:00,10.1021/jacs.6c09364,Mengning Ding,"Abstract Flow electrochemical synthesis is a promising platform for constructing value-added targets such as d-labeled compounds. However, its efficiency and broader application are limited by the unproductive or kinetically mismatched counter half-reactions and architectural constraints of conventional flow cell architectures. Here, we report a redox-decoupled strategy within a single-cell tandem flow reactor that separates a classical substitutive deborylation–deuteration into sequential electrochemical steps. This approach enables the universal, metal-free deuteration of diverse organoboron species, including boronic acids, borate esters, and borates, across alkyl, (heterocyclic) aryl, alkenyl, and other derivatives (&gt;100 examples). Using D2O as a cost-effective d-source, the system achieves excellent yields, d-incorporation, tolerance to the labile functional groups, and significantly improved Faradaic efficiency. The platform demonstrates industrial-grade durability with continuous operation for over 1200 h and enables scalable, unprotected synthesis of deuterated drug d-mexiletine. Overall, this strategy significantly expands the design space of flow electrochemistry, paving an exciting path toward green, economic, and efficient electrosynthesis.",crossref,0
Hexaphenylbenzene Nodes Reshape Hydroxide Transport Energetics in Rigid Microporous Membranes,https://pubs.acs.org/jacsat/article/doi/10.1021/jacs.6c07266/5243802/Hexaphenylbenzene-Nodes-Reshape-Hydroxide,Journal of the American Chemical Society: Latest Articles (ACS Publications),2026-08-05 00:00:00 UTC,2026-08-05 00:00:00+00:00,10.1021/jacs.6c07266,Tongwen Xu,"Abstract Rigid microporous anion exchange membranes (AEMs) can create continuous hydroxide transport pathways while suppressing swelling, but geometric percolation alone does not ensure rapid ion migration in chemically confined pores. Here we show that hydroxide transport in rigid microporous ionomers can be accelerated through topological ionic nodes that regulate local transport energetics. Incorporation of hexaphenylbenzene (HPB) into an ether-free poly(aryl piperidinium) framework simultaneously generates interconnected microporosity and spatially correlates multiple cationic sites within pore walls. Density functional theory and free-energy analysis show that HPB weakens hydroxide binding and lowers intersite hopping barriers by smoothing the local energetic landscape under confinement. The optimized membrane reaches 168.6 mS cm–1 at 90 °C, exhibits an apparent activation energy of 12.7 kJ mol–1, and swells by only 12.1% despite 75.6% water uptake. It retains 97.4% of its conductivity after 2000 h in 2 M KOH at 90 °C. These advantages translate into a peak fuel cell power density of 2.50 W cm–2 and an electrolyzer current density of 8.05 A cm–2 at 2.0 V, with stable operation over 2500 h. Spatially correlated ionic nodes therefore provide a molecular strategy to regulate hydroxide transport energetics in rigid microporous ionomers.",crossref,0
Dynamic Covalent Functionalization of DNA Origami via Iminoboronate Chemistry,https://pubs.acs.org/jacsat/article/doi/10.1021/jacs.6c08320/5246554/Dynamic-Covalent-Functionalization-of-DNA-Origami,Journal of the American Chemical Society: Latest Articles (ACS Publications),2026-08-05 00:00:00 UTC,2026-08-05 00:00:00+00:00,10.1021/jacs.6c08320,Jesús del Barrio,"Abstract Reversible functionalization of DNA nanostructures is essential for their integration into dynamic biological constructs and biomedical applications. Current strategies typically rely on strand displacement or stimuli-responsive sequences, while approaches based on dynamic covalent chemistry remain largely unexplored. Yet, dynamic covalent bonds combine covalent stability with reversible exchange under mild conditions, offering adaptable and biologically compatible routes to modulate DNA nanostructures. Here, we report iminoboronate conjugation as a strategy for the reversible functionalization of DNA origami. Polyethylene glycol and cholesterol moieties bearing 2-formylphenylboronic acid are efficiently conjugated to DNA origami displaying α-effect amines, while conjugate displacement can be triggered by a small-molecule competitor. We further demonstrate the reversible anchoring of DNA origami to lipid bilayer systems, including both large and giant unilamellar vesicles. These findings establish iminoboronate chemistry as a robust, stimuli-responsive platform for interfacing DNA origami with functional moieties, paving the way for programmable nanodevices and adaptive biomimetic materials.",crossref,0
Water Oxidation by Molecular Catalyst Bilayers Self-Assembled on Bismuth Vanadium Oxide (BVO) Photoelectrodes,https://pubs.acs.org/jacsat/article/doi/10.1021/jacs.6c08907/5246502/Water-Oxidation-by-Molecular-Catalyst-Bilayers,Journal of the American Chemical Society: Latest Articles (ACS Publications),2026-08-05 00:00:00 UTC,2026-08-05 00:00:00+00:00,10.1021/jacs.6c08907,Antoni Llobet,"Abstract Sunlight-driven water splitting stands out as one of the viable strategies for the generation of a sustainable fuel. For this purpose, the coupling of proton reduction and water oxidation catalysis, with light absorbing materials is crucial. Here we develop a strategy that integrates a powerful molecular water-oxidation catalyst, based on oligomeric Ru-tda complexes (tda2– is [2,2′:6′,2″-terpyridine]-6,6″-dicarboxylate), with a light absorbing BiVO4 material through self-assembly and formation of a bilayer. The self-assembly process also allows for the integration of a redox mediator, Ru-bpy (bpy is 2,2′-bipyridine), that was found to accelerate hole-transfer from the BiVO4 to the molecular catalyst leading to more efficient catalysis, as measured by transient absorption and intensity modulated photocurrent (IMPS) spectroscopies. With an applied potential of 0.82 V vs NHE (1.23 vs RHE) at pH 7 and 1 sun irradiation, photocatalytic water oxidation was observed with current densities of ca. 2 mA cm–2 and Faradaic efficiencies of 98%. This corresponds to turnover of over 23,500 per Ru unit (280,000 per Ru oligomer), ranking among the best reported at neutral pH. This new strategy yields photoelectrodes with enhanced stability and with very low catalyst loadings, that are expected to be versatile and easily implemented with other catalysts and semiconducting materials.",crossref,0
Why science must reinforce its social contract,https://www.nature.com/articles/d41586-026-02444-1,Nature,2026-08-05 00:00:00 UTC,2026-08-05 00:00:00+00:00,10.1038/d41586-026-02444-1,Peter Gluckman,Questions of public trust can be addressed only through better communication and research that meets society’s interests.,rss_nature,0
A Bioorthogonal Desilylation System Potentiates mRNA Therapeutics in Tumors,https://pubs.acs.org/jacsat/article/doi/10.1021/jacs.6c09548/5243807/A-Bioorthogonal-Desilylation-System-Potentiates,Journal of the American Chemical Society: Latest Articles (ACS Publications),2026-08-05 00:00:00 UTC,2026-08-05 00:00:00+00:00,10.1021/jacs.6c09548,Zhibo Liu,"Abstract Lipid nanoparticle (LNP)-mediated mRNA delivery has emerged as a powerful therapeutic modality, yet its clinical translation in oncology remains constrained by inherent hepatic tropism and inefficient endosomal escape. These limitations necessitate high-dose administration, which triggers lipid-associated toxicity and off-target protein expression in the liver. To overcome these barriers, we report a cleavable silyl-ether-based bioorthogonally activatable LNP platform, termed SiLNP, that enables tumor-specific activation and cytosolic mRNA release. We engineered ionizable lipids incorporating silyl ether structural fuses that respond to a phenylalanine trifluoroborate (Phe-BF3) trigger. This system leverages the upregulated transporter LAT-1 to actively import Phe-BF3 into tumor cells, where it triggers lipid desilylation and rapid cargo release. In vitro, SiLNPs demonstrated controllable external control over mRNA expression, achieving a 44-fold enhancement in mRNA expression compared to standard SM-102 LNPs with a 10-fold activation-to-silent ratio. In immunologically “cold” B16–F10 melanoma models, SiLNPs encoding the N-terminal domain of gasdermin D (GDNT) induced tumor-specific pyroptosis, resulting in tumor growth inhibition without detectable systemic toxicity. Furthermore, this platform demonstrated versatility by delivering immunomodulatory mRNAs, including IL-2 and Cxcl9. Taken together, this work presents a metabolically targeted, bioorthogonal-activated delivery strategy to address the selectivity and efficiency limitations of current mRNA medicines, providing a promising platform for precision oncology.",crossref,0
De Novo-Designed Bifunctional Proteins for Targeted Protein Degradation,https://pubs.acs.org/jacsat/article/doi/10.1021/jacs.6c07593/5245217/De-Novo-Designed-Bifunctional-Proteins-for,Journal of the American Chemical Society: Latest Articles (ACS Publications),2026-08-05 00:00:00 UTC,2026-08-05 00:00:00+00:00,10.1021/jacs.6c07593,Derek N. Woolfson,"Abstract In targeted protein degradation (TPD), specific subcellular proteins are removed by routing them to the ubiquitin-proteasome, autophagy, or lysosome machinery. For instance, proteolysis-targeting chimeras (PROTACs) are synthetic heterobifunctional small molecules that simultaneously bind the target and an E3 ubiquitin ligase to drive ubiquitination and degradation by the proteasome. Despite considerable success, designing such molecules is challenging, and the number of currently addressable ubiquitin E3 ligases is limited. Here, we design a heterobifunctional de novo protein to trigger the degradation of a common cancer target, resulting in a desired phenotypic output. First, we developed a highly stable and adaptable helix–turn–helix scaffold for presenting multiple binding sites. Next, we use computational protein design to incorporate and embellish hot-spot-binding sites to target the antiapoptotic mediators BCL-xL and MCL-1. We show a 75% success rate for creating submicromolar binders against these targets. Crystal structures of the complexes confirmed the designed binding poses. Then, we designed short linear motifs (SLiMs) into the loop of the scaffold to recruit KLHL20 and the ubiquitin ligase machinery. These designs have low micromolar affinity for KLHL20 comparable to that of the natural SLiMs. Moreover, the bifunctionalized proteins degrade BCL-xL in cells, leading to apoptosis.",crossref,0
Overriding Intrinsic Site-Selectivity in Nickel(II)-Catalyzed Enantioselective Methylene C(sp3)–H Alkynylation,https://pubs.acs.org/jacsat/article/doi/10.1021/jacs.6c11377/5243796/Overriding-Intrinsic-Site-Selectivity-in-Nickel-II,Journal of the American Chemical Society: Latest Articles (ACS Publications),2026-08-05 00:00:00 UTC,2026-08-05 00:00:00+00:00,10.1021/jacs.6c11377,Bing-Feng Shi,"Abstract The site- and enantioselective functionalization of aliphatic C–H bonds is a pivotal challenge in organic synthesis. While directed enantioselective methyl C(sp3)–H activation is well-established, achieving analogous reactivity at methylene sites─which would enable the direct editing of molecular scaffolds─remains a formidable goal, particularly with earth-abundant 3d metals. Here, we report the first nickel(II)-catalyzed enantioselective alkynylation of β-methylene C(sp3)–H bonds. This transformation is enabled by an air-stable Ni(II) salt and a bulky chiral phosphoric acid ligand, (R)-TCYP, delivering a broad range of β-alkynylated amides in up to 98% yield and 99% ee. Notably, this system achieves preferential methylene C–H activation in the presence of methyl groups, overcoming the intrinsic selectivity of directed C(sp3)–H activation. Mechanistic studies, including the isolation and full characterization of a chiral Ni(II)-metallacyclic intermediate via X-ray diffraction, reveal that the C–H cleavage step is both the rate- and enantio-determining step.",crossref,0
An Ortho -B−π–B-Fused All-Six-Membered BN[7]Helicene for Narrowband Circularly Polarized Luminescence with Robust Configurational Stability,https://pubs.acs.org/jacsat/article/doi/10.1021/jacs.6c10817/5246476/An-Ortho-B-B-Fused-All-Six-Membered-BN-7-Helicene,Journal of the American Chemical Society: Latest Articles (ACS Publications),2026-08-05 00:00:00 UTC,2026-08-05 00:00:00+00:00,10.1021/jacs.6c10817,Zachary M. Hudson,"Abstract Circularly polarized organic light-emitting diodes (CP-OLEDs) directly generate circularly polarized electroluminescence (CPEL), enabling high-quality optical output with reduced reliance on external polarizing components for advanced display technologies and emerging chiral optoelectronic applications. Helicene-based circularly polarized multiple resonance thermally activated delayed fluorescence (CP-MR-TADF) emitters combine intrinsic chirality with narrowband emission, but extending their emission to longer wavelengths is often accompanied by significant spectral broadening and a loss of configurational stability. Here, we introduce a BN[7]helicene framework that addresses these issues. Using an ortho-B−π–B topology, we construct an all-six-membered-ring-fused structure whose enantiomeric solid powders retain configurational stability and CPL performance after continuous heating at 250 °C for 6 days. The enantiomers ( P / M )-DBN- cp ICz exhibit yellow emission at 558 nm with a full-width at half-maximum (FWHM) of 23 nm, photoluminescence dissymmetry factors of +2.2/–1.9 × 10–3 and an energy barrier of racemization of 48.28 kcal mol–1. CP-OLEDs based on ( P / M )-DBN- cp ICz achieve narrowband CPEL at 572 nm, with FWHM’s of 29–30 nm and dissymmetry factors of +2.1/–2.3 × 10–3. This work establishes a viable route toward long-wavelength, high-color-purity circularly polarized luminescence with enhanced configurational stability for robust chiral MR optoelectronic materials.",crossref,0
Iron-Catalyzed Dealkenylative Borylation of Alkenes via Ozonolysis,https://pubs.acs.org/jacsat/article/doi/10.1021/jacs.6c10840/5246540/Iron-Catalyzed-Dealkenylative-Borylation-of,Journal of the American Chemical Society: Latest Articles (ACS Publications),2026-08-05 00:00:00 UTC,2026-08-05 00:00:00+00:00,10.1021/jacs.6c10840,Varinder K. Aggarwal,"Abstract Given the exceptional versatility of boronic esters as synthetic linchpins, strategies that directly transform naturally abundant motifs such as alkenes into boron-containing intermediates offer substantial value. Herein, we report the development of a dealkenylative borylation transformation that converts C(sp3)–C(sp2) bonds into C(sp3)–B bonds via ozonolysis and iron catalysis. This protocol proceeds efficiently while tolerating a broad range of functional groups. Mechanistic studies indicate that the borylation reagent bis(catecholato)diborane (B2cat2) serves a dual purpose as both the boron source and the stoichiometric reductant. We demonstrate synthetic utility by applying this dealkenylative borylation reaction directly to naturally occurring steroids, terpenes, and terpenoids, as well as to the synthesis of natural products. Finally, the potential of our alkene-to-boron transformation to rapidly access structurally diverse analogues from feedstock compounds is highlighted through the divergent functionalization of the alkene-containing natural product betulinic acid.",crossref,0
Spectroscopic Tracking of Size Selectivity in Crown Ethers: A Unified Molecular Picture of Encapsulation,https://pubs.acs.org/jacsat/article/doi/10.1021/jacs.6c05693/5245348/Spectroscopic-Tracking-of-Size-Selectivity-in,Journal of the American Chemical Society: Latest Articles (ACS Publications),2026-08-05 00:00:00 UTC,2026-08-05 00:00:00+00:00,10.1021/jacs.6c05693,Shun-Ichi Ishiuchi,"Abstract Crown ethers exhibit pronounced ion selectivity and have long provided an excellent platform in supramolecular chemistry. This selectivity has been rationalized by a match between the ionic radius and the nominal cavity size of the crown ether, largely driven by the success of the K+18-crown-6 system. However, this concept omits the role of conformational flexibility of the crown ethers and fails to directly connect binding structures with ion selectivity. To gain molecular-level insight into the intrinsic binding structures of crown ethers with alkali metal ions, we present a systematic study of crown ethers with varying ring sizes using cryogenic gas-phase infrared spectroscopy in conjunction with anharmonic analysis of the CH stretch region. The CH stretch region serves as a sensitive probe of ion-binding structures and interactions, enabling definitive structural assignments of Li+–Cs+ complexes across different crown ethers. Our results reveal that the intrinsic binding structures vary systematically with both ionic radius and crown ring size. It appears that successful selectivity for a specific ion-crown ether system depends on two factors: the ability of the crown ether to encapsulate the ion, and having a configuration where the ion is equidistant from the oxygen atoms within a plane formed by the etheric oxygens. While encapsulation of Li+, Na+ and K+ is achieved by 18-crown-6, only K+18-crown-6 has the oxygen distances uniformly positioned about this plane, resulting in truly selective encapsulation. For 12-crown-4 and 15-crown-5, the most favorable structures, involving Li+ and Na+, respectively, are unable to achieve selective encapsulation, as the ions are positioned at varying distances with respect to the plane of the etheric oxygens. These distinctions can be traced to the differing conformational flexibility of the crown ethers.",crossref,0
Alternating Copolymerization of Cyclobutenes and Norbornenes by a Dual-Site Grubbs Catalyst,https://pubs.acs.org/jacsat/article/doi/10.1021/jacs.6c07797/5243812/Alternating-Copolymerization-of-Cyclobutenes-and,Journal of the American Chemical Society: Latest Articles (ACS Publications),2026-08-05 00:00:00 UTC,2026-08-05 00:00:00+00:00,10.1021/jacs.6c07797,Xiangyou Xing,"Abstract Catalytic alternating copolymerization is an appealing yet challenging sequential synthetic strategy that requires catalysts to have uninterrupted alternating recognition capabilities for different monomers. Chemists usually utilize monomers that are difficult to self-polymerize, ensuring that the rate of alternating copolymerization is far higher than the rate of homopolymerization of each monomer. However, reports of alternating copolymerization between highly self-polymerizable monomers are exceedingly uncommon. This work employs a sterically demanding chiral Grubbs catalyst featuring an electron-donating C–Ru bond, which facilitates the alternation of each productive metathesis to occur on both sides. Therefore, by leveraging the steric differences on its right and left sides, the catalyst can effectively distinguish between two cycloalkenes that both demonstrate high ring-opening metathesis polymerization (ROMP) reactivity, albeit with slightly different steric hindrances. Efficient alternating copolymerization of cyclobutene and norbornene was achieved at a 1:1 monomer feed ratio, providing the resultant polymers with high molecular weights and low dispersity. In contrast to random copolymers or polynorbornenes, these alternating copolymers exhibit notably improved mechanical properties, characterized by high strength and high toughness without sacrificing elasticity. This study illustrates the wide range of potential uses for chiral catalysts in precision polymer synthesis.",crossref,0
Tunable Chiral D4-Symmetric Phthalocyanines with Rationally Designed Aggregation for Near-Infrared Circularly Polarized Luminescence,https://pubs.acs.org/jacsat/article/doi/10.1021/jacs.6c08313/5243797/Tunable-Chiral-D4-Symmetric-Phthalocyanines-with,Journal of the American Chemical Society: Latest Articles (ACS Publications),2026-08-05 00:00:00 UTC,2026-08-05 00:00:00+00:00,10.1021/jacs.6c08313,Mu-Hyun Baik,"Abstract Chiral phthalocyanines hold significant promise for chiroptical and supramolecular materials; however, reported examples remain sporadic, and no general synthetic platform has been available to systematically control their structural and functional properties. Here, we report a practical and general synthesis of D4-symmetric chiral phthalocyanines from commercially available H8-BINOL. This modular route provides direct access to a broad palette of chiral architectures, enabling systematic investigation of how substituents govern supramolecular assembly. We found that aggregation behavior can be predictably tuned through simple structural modifications. Single-crystal X-ray diffraction analysis guided the design of tailored noncovalent interactions that promote spontaneous and selective J-type aggregation into well-defined chiral helices. The resulting supramolecular structures display narrowband near-infrared fluorescence (fwhm = 15 nm) and pronounced circularly polarized luminescence (CPL), with dissymmetry factors (glum) of up to 0.01. Notably, the CPL signal of the aggregates remains detectable at nanomolar concentrations down to 500 nM, demonstrating the high chiroptical efficiency of these materials and their potential for low concentration applications.",crossref,0
Nickel(I) in an All-Ferric NiFeS Cluster,https://pubs.acs.org/jacsat/article/doi/10.1021/jacs.6c09417/5246467/Nickel-I-in-an-All-Ferric-NiFeS-Cluster,Journal of the American Chemical Society: Latest Articles (ACS Publications),2026-08-05 00:00:00 UTC,2026-08-05 00:00:00+00:00,10.1021/jacs.6c09417,Patrick L. Holland,"Abstract Anaerobic carbon monoxide dehydrogenase (CODH) enzymes interconvert CO2 and CO under mild conditions and with near perfect selectivity. The CODH active site, termed the C-cluster, is a [NiFe3S4]-Feu cluster that can reside in several different oxidation states. Despite decades of research, the electronic structure of the C-cluster remains unresolved, and the metal oxidation states are ambiguous. In this study, we interrogate a series of synthetic clusters with [NiFe3S4]3+/2+/1+ cores in multiple oxidation states as models of the C-cluster cubane core. Each cluster is characterized using crystallography, spectroscopy, magnetism, and computations. The most oxidized cluster, [NiFe3S4]3+, is best described as having Ni2+ and three Fe3+ sites. Remarkably, X-ray absorption spectroscopy (XAS) data show that reduction to the [NiFe3S4]2+ state results in reduction of nickel to Ni1+, even though nearby Fe3+ sites are present. The fully oxidized Fe3+3 subsite can be reduced only after nickel has reached the Ni1+ state. These results demonstrate that Ni1+ is a readily accessible oxidation state in FeS clusters that are topologically relevant to the CODH C-cluster.",crossref,0
Endowing Centrosymmetric Oxides with Effective Piezoelectricity via Oxygen Vacancy Engineering and Single-Atom Anchoring for Multicatalytic Sono-Immunotherapy,https://pubs.acs.org/jacsat/article/doi/10.1021/jacs.6c08298/5244572/Endowing-Centrosymmetric-Oxides-with-Effective,Journal of the American Chemical Society: Latest Articles (ACS Publications),2026-08-05 00:00:00 UTC,2026-08-05 00:00:00+00:00,10.1021/jacs.6c08298,Jun Lin,"Abstract Due to piezopotential-driven energy band tilting and the promotion of charge carrier separation, sonopiezoelectric therapy (SPT) holds promise in overcoming the limitations of band structure. However, the dependence of the piezoelectric effect on noncentrosymmetric crystal structures severely restricts the range of material selection. Herein, the intrinsic centrosymmetry of indium oxide (In2O3) nanocrystals was broken through oxygen vacancy (OV) engineering and single-atom anchoring strategies, resulting in copper single-atom-anchored OV-rich In2O3-x (CuSA-In2O3-x) with effective piezoelectricity. Through sonopiezoelectric catalysis, CuSA-In2O3-x can generate diverse reactive oxygen species, oxygen, and carbon monoxide and consume lactic acid and glutathione. Meanwhile, CuSA-In2O3-x also exhibits multiple enzyme-like activities, including catalase, peroxidase, glutathione oxidase, and nicotinamide adenine dinucleotide (phosphate) (NAD(P)H) oxidase mimicking. Benefiting from the synergistic effect of multicatalytic performance, CuSA-In2O3-x under ultrasonic irradiation effectively disrupts the redox and energy metabolic homeostasis of tumor cells, thereby inducing apoptosis and ferroptosis and initiating immunogenic cell death to enhance the immune response. CuSA-In2O3-x combined with ultrasound not only significantly inhibits tumor growth but also promotes dendritic cell maturation, CD8+ T-cell infiltration, and memory T-cell differentiation, thereby activating immune protection and preventing tumor recurrence. As a representative application of centrosymmetric oxides in SPT, this work will expand the selection of piezoelectric sonocatalysts and provide valuable insights into sono-immunotherapy.",crossref,0
Neanderthal gene makes some modern humans taller and more muscular,https://www.nature.com/articles/d41586-026-02439-y,Nature,2026-08-05 00:00:00 UTC,2026-08-05 00:00:00+00:00,10.1038/d41586-026-02439-y,Mohana Basu,The ancient genetic variant is most common in people of South and East Asian ancestry.,rss_nature,0
Switching off the FNIP1 gene protects against metabolic disease,https://www.nature.com/articles/d41586-026-02391-x,Nature,2026-08-05 00:00:00 UTC,2026-08-05 00:00:00+00:00,10.1038/d41586-026-02391-x,,A study of more than one million people shows that rare genetic variants that disrupt the FNIP1 gene are associated with a favourable metabolic profile and a roughly 60% lower risk of cardiometabolic disease than the general population. Silencing genes in the FNIP1 pathway in mice induces fat breakdown and reproduces the metabolic benefits associated with the variants in humans. People with ultra-rare variants of the FNIP1 gene have a favourable metabolic profile.,openalex,0
COVID can wake up a slew of dormant viruses inside you,https://www.nature.com/articles/d41586-026-02443-2,Nature,2026-08-05 00:00:00 UTC,2026-08-05 00:00:00+00:00,10.1038/d41586-026-02443-2,Max Kozlov,"Reactivation of typically harmless anelloviruses, in particular, seems to be linked with developing long COVID, study finds.",rss_nature,0
Stimulation modulates gene-linked cell assemblies in the human brain,https://www.nature.com/articles/s41586-026-10879-9,Nature,2026-08-05 00:00:00 UTC,2026-08-05 00:00:00+00:00,10.1038/s41586-026-10879-9,Genevieve Konopka,"Reshaping cortical circuits through stimulation represents an emerging therapy for the restoration of cognitive function1-5, yet the biological mechanisms that underlie its effects remain largely unexplored in humans. Here, to directly investigate the mechanisms of neuromodulation elicited by human brain stimulation, we developed an ex vivo platform that integrates microelectrode array stimulation with simultaneous recording and single-nucleus genomics from resected temporal cortex obtained from patients undergoing neurosurgery. We found that stimulation strengthens cell assemblies and then linked this effect to cell-type-specific gene regulatory networks. We further demonstrated the generalizability of these findings by identifying common cell-type-specific gene expression signatures in the human cortex following in vivo stimulation. Together, our results establish a foundation for identifying targetable genetic signatures linked with physiology that may be harnessed for therapeutic benefit via neuromodulation strategies.",pubmed,0
A compendium of next-generation patient-derived models for diverse cancers,https://www.nature.com/articles/s41586-026-10806-y,Nature,2026-08-05 00:00:00 UTC,2026-08-05 00:00:00+00:00,10.1038/s41586-026-10806-y,Jesse S. Boehm,"Abstract
                  
                    The development of new therapeutics and the validation of pathogenetic cancer mechanisms require representative laboratory models
                    1,2
                    . However, existing collections represent only a fraction of the diversity observed in human cancer
                    2–4
                    . Recent technologies have enabled efficient in vitro model derivation (for example, tumour organoids)
                    5
                    . However, whether these maintain essential properties of patient tumours during long-term expansion has not been systematically investigated. Here we present results of a large-scale international programme—the Human Cancer Models Initiative—which involved the generation of a resource of 665 next-generation models from 2,780 donors with 25 cancer types and integrated tumour–model whole genome, exome, methylome and transcriptome analyses. The resource provides 522 models with comprehensive clinical data, 153 models of rare cancers and 71 models from participants with non-European ancestry. Analyses of 421 matched tumour–model pairs reveal high genetic (97.8%) and epigenetic (95%) concordance and define correlates of model discordance. Single-nucleus RNA sequencing of tumour–model pairs reveals subsets of models in which culture conditions significantly influence cell states. Finally, we characterize model preservation of extrachromosomal DNA and post-treatment mutational signatures to provide opportunities to study therapeutic resistance. This model repository is being made available to the community—including multimodal molecular profiling, clinical information and integrative software tools—thus providing a valuable resource for preclinical investigation of cancer pathogenesis and treatment response.",crossref,0
Antigen presentation by CD40+MHC-II+ astrocytes promotes CNS autoimmunity,https://www.nature.com/articles/s41586-026-10860-6,Nature,2026-08-05 00:00:00 UTC,2026-08-05 00:00:00+00:00,10.1038/s41586-026-10860-6,Francisco J. Quintana,"Astrocytes contribute to the pathology of multiple neurological disorders, including the T cell-driven autoimmune disease of the central nervous system (CNS) multiple sclerosis and its mouse model, experimental autoimmune encephalomyelitis1. However, little is known about functional interactions between astrocytes and CD4+ T cells. Here using rabies barcode interaction detection followed by sequencing2, in combination with single-cell RNA sequencing, in vitro co-culture systems and cell-specific in vivo CRISPR-Cas9-based genetic perturbation studies, we established that astrocytes expressing CD40 and MHC-II promote CNS T cell autoimmunity. We harnessed universal labelling immune partnerships by SorTagging intercellular contacts3 to analyse astrocyte-interacting CD4+ T cells, finding that direct astrocyte-CD4+ T cell interactions enhance pathogenic T helper 17 cell responses in experimental autoimmune encephalomyelitis. In addition, we studied the effect of these interactions on astrocytes. Using in vivo subproteomic approaches4 and AlphaFold-Multimer predictions5, we established that CD40 activation in astrocytes by CD40L expressed by CD4+ T cells induces the accumulation of PLIN4-positive lipid droplets, which provide acetyl-CoA to promote p65 acetylation-dependent NF-κB activation and antigen presentation. Finally, we detected CD40+MHC-II+LD+ astrocytes in multiple sclerosis samples by single-nucleus RNA sequencing and immunohistochemistry. In summary, these studies define a previously unrecognized mechanism by which astrocytes promote CNS autoimmunity.",pubmed,0
The Virtual Tissues foundation model resolves spatial proteomics across scales,https://www.nature.com/articles/s41586-026-10884-y,Nature,2026-08-05 00:00:00 UTC,2026-08-05 00:00:00+00:00,10.1038/s41586-026-10884-y,Charlotte Bunne,"Abstract
                  
                    Spatial proteomics technologies have transformed our understanding of complex tissue architecture in cancer but present unique challenges for computational analysis
                    1
                    . Each study uses a different marker panel and protocol, and most methods are tailored to single cohorts, which limits knowledge transfer and robust biomarker discovery. Here we present Virtual Tissues (VirTues), a general-purpose foundation model for spatial proteomics that learns marker-aware, multi-scale representations of proteins, cells, niches and tissues directly from multiplex imaging data. From a single pretrained backbone, VirTues supports marker reconstruction, cell segmentation and typing, niche annotation, spatial biomarker discovery and patient stratification, including zero-shot annotation across heterogeneous panels and datasets. In triple-negative breast cancer, VirTues-derived biomarkers predict anti-PD-L1 chemo-immunotherapy response
                    2
                    and stratify disease-free survival in an independent cohort
                    3
                    , outperforming state-of-the-art biomarkers derived from the same datasets and current clinical stratification schemes.",crossref,0
Virus reactivation in acute and long COVID-19,https://www.nature.com/articles/s41586-026-10740-z,Nature,2026-08-05 00:00:00 UTC,2026-08-05 00:00:00+00:00,10.1038/s41586-026-10740-z,Esther Melamed,"Chronic viral infections are ubiquitous in humans, with individuals carrying multiple viruses that can reactivate during physiological stress, including severe illness1. Notably, SARS-CoV-2 infection has been shown to reactivate chronic viruses such as Epstein-Barr virus and cytomegalovirus, yet the full extent, temporal dynamics and immunological impact of viral reactivation in COVID-19 remain incompletely understood2-7. Here, leveraging multi-omic longitudinal data from 1,154 hospitalized patients with COVID-19 from the Immunophenotyping Assessment in a COVID-19 Cohort (IMPACC) study, we reveal significant reactivation of Herpesviridae and Anelloviridae during acute COVID-19, with distinct temporal dynamics for different viruses, and demonstrate that reactivation correlates with disease severity, host immune effects and clinical outcomes. Although our results do not establish causation between virus reactivation and clinical outcomes, we highlight the prevalence of chronic viral reactivation during acute COVID-19 and long COVID. Our findings challenge the prevailing view that chronic viral reactivation is primarily a consequence of immunosuppression, demonstrating that reactivations occur frequently in immunocompetent individuals during severe illness and in association with increased systemic inflammation. Additionally, we demonstrate persistence of viral reactivation in convalescence, and report an association of Anelloviridae with long COVID. This study provides immune, transcriptomic and metabolomic signatures of viral reactivation that could inform future strategies to prognosticate and treat acute COVID-19 and long COVID.",pubmed,0
Pseudogap in a Fermi–Hubbard quantum simulator,https://www.nature.com/articles/s41586-026-10875-z,Nature,2026-08-05 00:00:00 UTC,2026-08-05 00:00:00+00:00,10.1038/s41586-026-10875-z,Markus Greiner,"Understanding doped Mott insulators is a fundamental goal in condensed matter physics, relevant to cuprate superconductors and other quantum materials1-3. The Hubbard model minimally describes such systems and has explicated some of their complex behaviour4,5. However, many open questions remain concerning the anomalous metallic states that emerge at low temperatures and intermediate doping and which, in cuprates, give rise to high-temperature superconductivity on cooling2,6,7. Here we observe a crossover between a normal metal and a pseudogapped metal in the Hubbard model using thermodynamic and spectroscopic measurements in a cold-atom quantum simulator, leveraging a recent several-fold reduction in achievable temperatures8. On cooling, the compressibility develops a maximum at intermediate doping, signalling an inflection point in the equation of state. We track this maximum versus interaction strength, revealing a line of thermodynamic anomalies in the phase diagram separating an underdoped from an overdoped metal at large interactions. Lattice modulation spectra in the underdoped regime show a loss of low-energy response, especially pronounced in the antinodal regions of the Brillouin zone, indicating a pseudogap. We use this signal to construct a pseudogap phase diagram versus interactions and doping. Our results experimentally establish and characterize the pseudogap metal in the Hubbard model, and suggest connections to charge order that can be studied in future work. Furthermore, this work demonstrates the utility of quantum simulation in addressing frontier problems in correlated electron physics.",pubmed,0
Membranolytic peptide programs immunogenic cell death for cancer therapy,https://www.nature.com/articles/s41586-026-10899-5,Nature,2026-08-05 00:00:00 UTC,2026-08-05 00:00:00+00:00,10.1038/s41586-026-10899-5,Menghua Xiong,"A rational design for facilitating innovative cell death modes can substantially aid advances in antitumour therapy1,2. Here we design and implement a unique mode of immunogenic membranolytic cell death (mLCD) in tumour cells, characterized by time-lagged rupture from the lysosomal to plasma membranes; this approach was found to robustly potentiate immune checkpoint blockade therapy. This mode of mLCD was induced by the synthetic-acid-responsive membranolytic peptide (aMP) aMPC16-CA50, which exhibits hierarchical responsiveness to the decreasing pH associated with the tumour extracellular environment and lysosomes. aMPC16-CA50 activated an inflammatory transcriptional program in tumour cells, potentiating their ability to induce antigen presentation on class I major histocompatibility complex molecules on dendritic cells and the subsequent activation of T cells. The pH-responsive kinetics and membranolytic activity of the membranolytic peptides had a critical role in enhancing the immunogenicity of lytic tumour cells through the spatiotemporal regulation of the membrane-rupture processes. Furthermore, aMPC16-CA50 exhibited a considerable advantage in enhancing the antitumour efficacy of immune checkpoint blockade therapy through the promotion of antitumour immune response. Moreover, its systemic administration was well tolerated in mice. Overall, we successfully programmed a unique mode of immunogenic mLCD in tumour cells through the spatiotemporal regulation of membrane-rupture processes using a synthetic pH-responsive membranolytic peptide amenable to manipulation.",pubmed,0
A tumour-derived organoid biobank maps cancer gene dependencies,https://www.nature.com/articles/s41586-026-10830-y,Nature,2026-08-05 00:00:00 UTC,2026-08-05 00:00:00+00:00,10.1038/s41586-026-10830-y,M. J. Garnett,"Abstract
                  
                    Cancer cell lines remain foundational for research and drug discovery, yet they incompletely capture tumour diversity, lack linked patient context, and have undergone adaptation to culture. Tumour organoids are three-dimensional cultures derived from patient tissue that offer a powerful complement to cell lines
                    1
                    . Here we derived and characterized 256 clinically annotated tumour organoids directly from colorectal, oesophageal, ovarian, pancreatic and gastric cancers as renewable, genetically stable models. Extensive characterization of each model and matched patient tumour samples included whole-genome and transcriptome sequencing, and genome-wide CRISPR–Cas9 screens across 162 organoids mapped gene dependencies. Integrative analyses revealed genomic and clinical markers of dependency across common and rare subtypes, identified organoid-specific essential genes, and revealed targetable vulnerabilities following tumour evolution in paired pre- and post-treatment samples. In colorectal cancer, functional and pharmacological interrogation of the EGFR–RAS–MAPK axis uncovered differential effects of
                    KRAS
                    variant alleles. This open, publicly available resource provides a systematic map of gene dependencies in patient-derived organoids, expanding the model diversity and mechanistic insight needed to advance precision oncology.",crossref,0
DCAF11-dependent molecular glue degrader activated by glutathionylation,https://www.nature.com/articles/s41586-026-10873-1,Nature,2026-08-05 00:00:00 UTC,2026-08-05 00:00:00+00:00,10.1038/s41586-026-10873-1,Benjamin L. Ebert,"Abstract
                  
                    Targeted protein degradation is a powerful pharmacological strategy that harnesses the ubiquitin proteasome system to eliminate disease-relevant proteins, including otherwise undruggable proteins
                    1
                    . Here we report an unbiased and broadly applicable platform for the systematic discovery of molecular glues across diverse E3 ligases. Using multiplexed mass spectrometry-based chemical screening, we identified M12, a molecular glue that reprogrammes the E3 ligase DCAF11 to degrade DDX18. Mechanistically, M12 functions as a prodrug that is activated through glutathione
                    S
                    -transferase-mediated glutathionylation. The glutathione moiety binds to an evolutionary conserved glutathione-binding site on DCAF11, and the exposed M12 moiety facilitates neo-substrate recruitment. We demonstrate that this glutathione-dependent mechanism readily enables targeted degradation of a range of proteins. Collectively, these findings establish that metabolically activated compounds can redirect E3 ligase function, thereby expanding the scope of targeted protein degradation and chemically induced proximity.",crossref,0
A cholinergic hub in the nucleus accumbens gates opioid-reward learning,https://www.nature.com/articles/s41586-026-10887-9,Nature,2026-08-05 00:00:00 UTC,2026-08-05 00:00:00+00:00,10.1038/s41586-026-10887-9,Michael R. Tadross,"Beneficial and maladaptive opioid effects are difficult to dissociate1-3, partly because dopamine signalling contributes to both these effect types4-13. Here we show that associative opioid-reward learning can be blocked even under conditions that elevate dopamine in the nucleus accumbens. We developed naloxoneDART, a cell-type-specific analogue of the clinical opioid receptor antagonist naloxone14,15, and delivered it to genetically defined accumbal cholinergic interneurons, selectively rendering these cells morphine-insensitive. Acquisition of morphine conditioned place preference was abolished in a target-engagement-dependent manner, without evidence of contextual or locomotor impairment: saline habituation was enhanced between sessions and unchanged within sessions, whereas morphine-evoked hyperlocomotion, sensitization and acute analgesia remained intact. Microdialysis revealed that cholinergic interneuron-specific naloxoneDART prevented morphine-induced acetylcholine reductions without detectably altering dopamine increases in the accumbens. These findings identify a cholinergic gate for associative opioid-reward learning, support an emerging dopamine-acetylcholine plasticity theory16,17, and motivate exploration of opioid-cholinergic strategies that may preserve acute analgesia while limiting early associative reward learning18-25.",pubmed,0
Vacuum birefringence and the polarized X-ray emission from a radio magnetar,https://www.nature.com/articles/s41586-026-10859-z,Nature,2026-08-05 00:00:00 UTC,2026-08-05 00:00:00+00:00,10.1038/s41586-026-10859-z,Zorawar Wadiasingh,"Magnetars are isolated neutron stars with exceptionally strong surface fields exceeding 1014 G (ref. 1). Their bright X-ray emission probes physical regimes in which quantum electrodynamics (QED) influences radiation propagation2-4. Strong magnetic fields induce polarization-dependent refractive indices in the vacuum5,6; such vacuum birefringence remains a long-standing but unconfirmed prediction of QED. Here we report phase- and energy-resolved polarization measurements of the radio-emitting magnetar 1E 1547.0-5408 obtained by coordinating X-ray and radio observations from the Imaging X-ray Polarimetry Explorer, the Neutron Star Interior Composition Explorer and the Parkes/Murriyang Observatory. We detect large polarization degrees (PDs) in the thermally dominant soft X-ray band, reaching phase-averaged values of 65% at 2 keV before substantially decreasing between 2 keV and 4 keV. At certain rotational phases, the 2-3 keV PD rises to nearly 80% while remaining high (≳40%) throughout the radio beam crossing. The phase-dependent X-ray and radio polarization angles are both consistent with the rotating vector model, suggesting that the emission geometries track the large-scale magnetic field of the star. Collectively, these characteristics challenge standard surface emission models using non-refractive propagation of light to infinity. Vacuum-birefringence-governed magnetospheric propagation can naturally explain the X-ray polarization signals. Our results represent a marked advance in probing this hallmark prediction of QED, opening a new cosmic window into superstrong-field quantum physics, thereby motivating further observational and theoretical studies concentrating on this domain.",pubmed,0
An ancient mitochondrial program tunes translation to haem availability,https://www.nature.com/articles/s41586-026-10885-x,Nature,2026-08-05 00:00:00 UTC,2026-08-05 00:00:00+00:00,10.1038/s41586-026-10885-x,Lucas T. Jae,"Abstract
                  
                    Anaemia is a major global health burden that affects one-quarter of the human population and annually accounts for over 50 million years of healthy life lost
                    1
                    . It arises from nutritional iron deficiency, hereditary disorders (including thalassaemia and sickle cell disease) and malaria, and is characterized by haemoglobin imbalances
                    2
                    . Haem—the active component of haemoglobin—is both essential and potentially toxic, which necessitates tight control of levels. However, the molecular circuitry that monitors haem levels remains obscure. The cytosolic eIF2α kinase HRI counteracts anaemia amid iron deficiency or thalassaemia
                    3,4
                    by acting as a gatekeeper of translation during erythroid differentiation, which has been attributed to its haem-binding ability
                    5
                    . Here we uncover that haem scarcity is sensed inside mitochondria through an OMA1–DELE1 axis. Mechanistically, haem deficiency triggers OMA1-dependent mitochondrial release of DELE1. In the cytosol, DELE1 releases inhibitory haem from HRI, which enables modifications in a crucial disordered segment of the kinase. We demonstrate that this sensor–actuator operates across human tissues, including erythroid progenitors, and is evolutionarily conserved down to bloodless invertebrates, thus predating the emergence of haemoglobin-based oxygen transport. Notably, pharmacological manipulation of this system enhances fetal globin expression—a central therapeutic objective in haemoglobinopathies. Together, these results reveal a primordial sentinel system that safeguards against haem-related toxicity from the single-cell to the organismic scale.",crossref,0
FNIP1 variants are associated with favourable metabolism in 1 million humans,https://www.nature.com/articles/s41586-026-10864-2,Nature,2026-08-05 00:00:00 UTC,2026-08-05 00:00:00+00:00,10.1038/s41586-026-10864-2,Luca A. Lotta,"Altered energy metabolism is a shared driver across cardiometabolic diseases-the leading cause of death globally1. Energy metabolism varies between individuals and is partly heritable2-9. Here, to investigate the genetic basis of energy metabolism, we perform an exome-sequencing analysis of 1,032,116 people from America, Europe and Asia, and estimate associations between rare protein-coding variants and the ratio of triglyceride to high-density-lipoprotein cholesterol (TG:HDL)-an energy-state biomarker that we associate with diverse cardiometabolic risk factors and diseases. We identify 59 independent genes (P < 1.04 × 10-7) that are enriched for liver- and adipose-expressed master regulators of energy balance, storage and metabolism; 23 (39%) of these genes encode approved or clinical-stage drug targets. Ultra-rare protein-truncating variants in FNIP1 (allele frequency, 0.01%), which encodes a suppressor of energy expenditure and mitochondrial metabolism, are associated with a lower TG:HDL ratio, lower liver fat, lower glycaemia, favourable fat distribution and around 60% lower odds of cardiometabolic disease. FNIP1 knockdown in primary human hepatocytes induces lipid breakdown and lysosomal gene expression, while combined hepatic knockdown of Fnip1 with its paralogue Fnip2 or knockdown of its interactor Flcn protect against weight gain, reduce liver fat and enhance insulin sensitivity in mice fed a high-fat diet. Our study implicates the FNIP1 pathway in human energy metabolism and highlights its inhibition as a potential therapeutic strategy in cardiometabolic disease.",pubmed,0
"James Bond, not Bond James: why scientific publishing must respect name order",https://www.nature.com/articles/d41586-026-01772-6,Nature,2026-08-05 00:00:00 UTC,2026-08-05 00:00:00+00:00,10.1038/d41586-026-01772-6,Rachakonda Sreekar,Databases and submission systems are often inflexible. Can’t publishers do more on author names?,rss_nature,0
Can empty space interact with light — and even change its properties?,https://www.nature.com/articles/d41586-026-02289-8,Nature,2026-08-05 00:00:00 UTC,2026-08-05 00:00:00+00:00,10.1038/d41586-026-02289-8,Joern Wilms,"Observations of a magnetized stellar core indicate that in an ultra-strong magnetic field, empty space can polarize light.",rss_nature,0
Maps of chromosomal regions crucial for cell division reveal high diversity,https://www.nature.com/articles/d41586-026-02327-5,Nature,2026-08-05 00:00:00 UTC,2026-08-05 00:00:00+00:00,10.1038/d41586-026-02327-5,,"Centromeres are regions of chromosomes that are required for cell division. Complete sequence characterization of centromeres from a diverse group of 65 individuals reveals dynamic and rapid patterns of mutational change, providing information about centromere evolution and function. Centromere sequences evolve rapidly between generations and over hundreds of thousands of years.",openalex,0
Exclusive: the science papers that patents cite the most,https://www.nature.com/articles/d41586-026-02386-8,Nature,2026-08-05 00:00:00 UTC,2026-08-05 00:00:00+00:00,10.1038/d41586-026-02386-8,Edward Chen,Nature reveals the studies that are mentioned most often in patent filings — and why.,rss_nature,0
"More muscle, less belly fat: mutations to a gene are linked to wide-ranging benefits",https://www.nature.com/articles/d41586-026-02438-z,Nature,2026-08-05 00:00:00 UTC,2026-08-05 00:00:00+00:00,10.1038/d41586-026-02438-z,Lynne Peeples,"Analysis of one million diverse genomes yields mutations associated with lower risk of diabetes, heart disease and other ‘cardiometabolic’ conditions.",rss_nature,0
First poo transplant to treat food allergy in people has ‘exciting’ results,https://www.nature.com/articles/d41586-026-02440-5,Nature,2026-08-05 00:00:00 UTC,2026-08-05 00:00:00+00:00,10.1038/d41586-026-02440-5,Edward Chen,Existing treatments for food allergy are limited.,nature_html,0
Synergistic Copper-Organoboron Activation of Aspartic Acid Enabled Peptide Cyclization and Conjugation,https://pubs.acs.org/jacsat/article/doi/10.1021/jacs.6c09712/5246546/Synergistic-Copper-Organoboron-Activation-of,Journal of the American Chemical Society: Latest Articles (ACS Publications),2026-08-05 00:00:00 UTC,2026-08-05 00:00:00+00:00,10.1021/jacs.6c09712,Bobo Dang,"Abstract Few advances have effectively addressed the challenge of selectively activating aspartic acid (Asp) side chains. The β-carboxyl group of Asp remains underutilized as a reactive handle due to its limited reactivity under biocompatible conditions, its susceptibility to competing aspartimide formation, and the difficulty of achieving site-selectivity among chemically indistinguishable carboxyl groups on glutamic acid (Glu) side chains and the C-terminus. Here, we report a copper/organoboron synergistic system that enables direct and selective activation of the Asp side chain within Asp-His motifs, forming Lys-Asp isopeptide bonds under neutral aqueous conditions and exhibiting broad compatibility with unprotected peptides containing all canonical amino acids, including Glu and Asp residues outside the recognition motif. The method is applied to the synthesis of cyclic peptides (14- to 38-membered rings), bicyclic architectures, and diverse bioactive sequences, including the RGD peptide. The utility of this Asp activation strategy extends to protein engineering, as demonstrated by the head-to-tail cyclization of the de novo-designed protein ABLE and protein–protein ligation mediated by a heterodimeric coiled-coil. Beyond cyclization, we identified a -DAGGDHLP- tag that exploits the activated Asp residue for site-specific peptide conjugation with small-molecule amines. This dual-reagent activation strategy provides an enzyme-free solution for Asp side-chain chemistry, expanding the synthetic toolkit for peptide and protein engineering.",crossref,0
Stereoselectivity of Galactosylation Reactions In Vacuo,https://pubs.acs.org/jacsat/article/doi/10.1021/jacs.6c09131/5246512/Stereoselectivity-of-Galactosylation-Reactions-In,Journal of the American Chemical Society: Latest Articles (ACS Publications),2026-08-05 00:00:00 UTC,2026-08-05 00:00:00+00:00,10.1021/jacs.6c09131,Kevin Pagel,"Abstract Controlling the stereoselective outcome of glycosidic bond formation remains a major challenge in chemical synthesis. This process typically proceeds along a complex SN1-SN2 mechanistic continuum. In solution, the key contributions to these mechanisms are difficult to determine due to influence by structural and environmental variables, such as solvents, counterions or temperature. To isolate the intrinsic factors driving steroselectivity in glycosylations, we investigate the reactions for the monosaccharide galactose in the gas phase. We perform ion–molecule galactosylation reactions in complete isolation inside an ion trap of a mass spectrometer and directly probe the stereochemistry of the formed products using mass-resolved ultraviolet cold ion spectroscopy. The results show that α-selectivity is significantly weaker in the gas phase than in solution, and that the product stereochemistry might be influenced by the nucleophile’s electron density rather than its overall nucleophilic strength.",crossref,0
Harnessing Reaction-Driven Structural Evolution of Zeolite-Supported Gold Catalyst for Selective Oxidation Reactions,https://pubs.acs.org/jacsat/article/doi/10.1021/jacs.6c08430/5245366/Harnessing-Reaction-Driven-Structural-Evolution-of,Journal of the American Chemical Society: Latest Articles (ACS Publications),2026-08-05 00:00:00 UTC,2026-08-05 00:00:00+00:00,10.1021/jacs.6c08430,Lichen Liu,"Abstract Zeolite-supported gold catalysts exhibit exceptional performance across a range of industrially relevant reactions. While previous research has predominantly focused on optimizing catalyst structures through static synthesis parameters, the dynamic structural transformations of Au species under reaction conditions and their subsequent catalytic implications remain largely unexplored. Herein, we utilize advanced electron microscopy and spectroscopy to track the reaction-driven structural evolution of Au nanoclusters supported on hierarchical TS-1 zeolite during the direct epoxidation of propylene with H2 and O2. Comprehensive catalytic and characterization analyses reveal that these structural transformations are actively driven by complex interactions among the Au nanoclusters, the Na promoter, and the in situ-formed oxygenate products. Remarkably, using this direct epoxidation reaction feed as a targeted pretreatment enhances the catalytic performance of the Au-zeolite catalysts by 2- to 4-fold across a broad range of oxidation reactions, including CO oxidation, the selective oxidation of ethanol to acetaldehyde, the selective oxidation of methane to acetic acid, and the oxidation of silane to silanol. These findings establish that exposure to a reactive atmosphere can serve as a powerful, generalized strategy to intentionally modulate the structural features and amplify the catalytic properties of zeolite-supported metal catalysts.",crossref,0
The critical challenges of energy diversification and environmental sustainability in the European Green Deal: Empirical evidence from European countries,https://www.sciencedirect.com/science/article/pii/S0301421526004519?dgcid=rss_sd_all,ScienceDirect Publication: Energy Policy,2026-08-05 00:00:00 UTC,2026-08-05 00:00:00+00:00,10.1016/j.enpol.2026.115517,Rana Umair Ashraf,"The European Green Deal identifies energy diversification and environmental sustainability as two central pillars for achieving a secure, resilient, and climate-neutral energy system. Although previous studies have examined the determinants of environmental sustainability and the energy transition separately, limited evidence exists on how energy diversification, globalization, financial development, natural capital, and structural change jointly shape environmental sustainability within the European Green Deal framework. This study addresses this gap by investigating the macroeconomic determinants of environmental sustainability across 26 European countries during 1995-2023. The analysis employs dynamic System GMM as the primary estimation method, complemented by CS-ARDL to examine long-run relationships and machine-learning models with SHAP explainability to assess the relative importance of the explanatory variables. The results reveal strong persistence in environmental sustainability over time. Structural change is the only significant short-run determinant, while energy diversification and political globalization exhibit significant negative long-run effects, whereas financial development and natural capital show no robust long-run influence on environmental sustainability. These findings suggest that energy diversification alone does not guarantee environmental sustainability unless supported by renewable energy deployment, technological innovation, and effective environmental governance. By integrating dynamic econometric techniques with explainable machine learning, this study provides new evidence on the macroeconomic drivers of environmental sustainability and offers policy insights for implementing the European Green Deal more effectively.",openalex,0
Artificial neural manifolds,https://www.nature.com/articles/s41467-026-75979-6,Physical sciences : Nature Communications subject feeds,2026-08-05 00:00:00 UTC,2026-08-05 00:00:00+00:00,,Yue Hao,"The brain can rapidly perform perception, prediction, and decision-making tasks. The capabilities stem from the collective coordination of neurons. This collective activity forms a manifold structure that naturally supports information representation and prediction, yet most neuromorphic work ignores this structure. Here, we construct an artificial neural manifold based on Mott memristors, enabling accurate and robust prediction while reducing the number of required samples. By constructing an artificial neuron circuit, a bell-shaped tuning curve similar to that of biological neurons is obtained. The tuning curve converges the large-scale neuronal firing into a compact, low-dimensional manifold structure. This structure satisfies the delay embedding theorem to establish a spatiotemporal information (STI) equation, enabling rapid prediction of neural activity with small sample sizes. In addition, we introduce a memory factor to modify the STI equation, which improves prediction accuracy and robustness. We not only accurately perceive incomplete images but also predict epileptic seizures.",nature_html,0
Atomically thin heterojunction-based optoelectronic synaptic devices operable from −190 °C to 450 °C,https://www.nature.com/articles/s41467-026-76364-z,Physical sciences : Nature Communications subject feeds,2026-08-05 00:00:00 UTC,2026-08-05 00:00:00+00:00,,Peng Li,"Exploration and operation in extreme environments (e.g., planetary surfaces) require hardware capable of sensing, storing, and processing visual information in situ, enabling intelligent perception under conditions inaccessible to humans. Optoelectronic synaptic devices (OSDs) are a promising class of such hardware, but existing OSDs fail under extreme temperatures, making thermal survivability a key bottleneck for extreme environment intelligent vision. Here, via the interface design of 2D-material heterostructures, we develop a MoS2-based OSD operating across a 640 °C range (from −190 °C to 450 °C) with tunable neuromorphic functionality. At 450 °C, the device achieves visible detection, bridging the spectral gap of high-temperature optical sensors. It exhibits highly tunable synaptic plasticity, with a retention tunability ratio exceeding reported high-temperature OSDs by 1600×. Leveraging bio-inspired scotopic and photopic visual adaptation, the device facilitates in-sensor processing, enhancing low-light image recognition accuracy by more than 15% across multiple datasets. A conceptual robotic rover demonstration illustrates its potential applications. This work provides a route toward robust, intelligent vision perception for planetary exploration and other extreme-environmental applications.",nature_html,0
Acoustic higher-order topological metals with bound corner states in the continuum,https://www.nature.com/articles/s41467-026-76445-z,Physical sciences : Nature Communications subject feeds,2026-08-05 00:00:00 UTC,2026-08-05 00:00:00+00:00,,Zhengyou Liu,"Two-dimensional topological insulators for first order and higher order, characterized respectively by in-gap edge states and corner states, have attracted tremendous research interest. Different from them, two-dimensional topological metals exhibit topological boundary states in the absence of bulk bandgaps. While first-order topological metals with anti-chiral or anti-helical edge states have been implemented, higher-order topological metals still lack systematic experimental investigation. Here, we propose a practically accessible approach to two-dimensional higher-order topological metals and demonstrate their experimental realization in phononic crystals. The metallic bulk states, gapped anti-helical edge states, and topological corner states, are unambiguously demonstrated via airborne sound experiments. As the key feature of such topological metal, the topological corner states are embedded in the continuous spectrum of metallic bulk bands, namely the bound corner states in the continuum. Our findings evidence higher-order topological states in metallic phases, and may promote the development of next-generation devices for acoustic wave manipulation.",nature_html,0
Structural basis for the contribution of latent TGFβ binding protein to TGFβ latency and activation,https://www.nature.com/articles/s41467-026-75834-8,Biological sciences : Nature Communications subject feeds,2026-08-05 00:00:00 UTC,2026-08-05 00:00:00+00:00,,Clair Baldock,"Transforming growth factor-β (TGFβ) is a potent cytokine that controls all aspects of cellular behavior. TGFβ is secreted in complex with its prodomain and latent TGFβ-binding protein-1 (LTBP1), forming the large latent complex (LLC), which through interaction with the extracellular matrix enables integrin-mediated activation. Although TGFβ structures are known, the influence of LTBP1 on the structure and activity of TGFβ is unknown. Here, we report the LLC cryo-EM structure comprising the LTBP1 eight-cysteine domain covalently bound to TGFβ, revealing a hydrophobic interface between TGFβ and LTBP1. Structure-guided mutagenesis shows that the interface is important for complex formation and TGFβ activity. Our structure supports a contralateral domain swapped architecture in the LLC, and simulations show that this architecture requires increased force to overcome barriers for integrin-mediated activation, while the covalent attachment of TGFβ to LTBP1 redistributes force to reduce unfolding barriers. These insights will be important for therapeutic strategies targeting TGFβ.",nature_html,0
Bypassing the imaging thickness limit with a translationally-invariant nonlocal thin film,https://www.nature.com/articles/s41467-026-76460-0,Physical sciences : Nature Communications subject feeds,2026-08-05 00:00:00 UTC,2026-08-05 00:00:00+00:00,,Yuanmu Yang,"Conventional imaging relies on both lenses and free-space propagation. Despite recent advancements, a thickness limit was established for conventional translationally-variant imaging systems based on the nonlocality required for image formation. We bypass this limit with an imaging system composed of a single, 12.2-µm-thick dielectric film placed directly on an image sensor, eliminating both lenses and free space. By engineering nonlocal Fabry–Pérot resonances, which allows light to spread and interfere constructively across the film’s surface, our multilayer film effectively assigns an individual aperture to each object point, bypassing the single-aperture assumption that dictates the thickness limit in conventional optics. We experimentally demonstrate deterministic, computation-free 2D imaging with sub-100-μm resolution. Furthermore, the system’s functionality is dynamically reconfigurable; by simply tuning the illumination wavelength, we achieve depth-resolved 3D imaging and perform optical diffraction tomography to reconstruct 3D refractive index profiles. This lensless platform establishes a new paradigm for ultracompact, multifunctional optical systems with potential applications in endoscopy, machine vision, and wearable sensors.",nature_html,0
A family of ultrathin non-van der waals kamiokite-type oxides for two-dimensional electronics,https://www.nature.com/articles/s41467-026-76401-x,Physical sciences : Nature Communications subject feeds,2026-08-05 00:00:00 UTC,2026-08-05 00:00:00+00:00,,Kai Liu,"Non-van der Waals (vdW) two-dimensional (2D) metal oxides provide an opportunity to enrich the current 2D material library and accelerate the adoption of 2D materials into future electronic devices. However, the exploration of 2D non-vdW oxides remains limited, constrained by synthetic challenges and insufficient fundamental understanding. Here, we report a 2D wide-bandgap non-vdW oxide family—A2Mo3O8 (A = Zn, Mn, Co, etc.), known as kamiokite-type oxides. A dual-controlled chemical vapor deposition strategy enables the in-plane growth of ultrathin A2Mo3O8 single crystals with thicknesses below 3 nm and domain sizes exceeding 100 μm, overcoming the intrinsic constraints of lattice isotropy while providing facile and precise control over product stoichiometry. Notably, 2D Zn2Mo3O8 exhibits a bandgap of 4.0 eV and a high dielectric constant (κ ~ 25). Benefiting from the good dielectric properties and high-quality interface of Zn2Mo3O8, MoS2 transistors with a Zn2Mo3O8 top-gate dielectric exhibit near-Boltzmann-limit subthreshold swing (~63.8 mV dec−1), an on/off ratio exceeding 107, and an ultralow hysteresis width of 1.6 mV MV−1 cm under ambient conditions. The A2Mo3O8 family offers a versatile materials platform for the development of high‑κ dielectrics and a broad range of functional components for next-generation high-performance 2D electronics.",nature_html,0
Hydration-dependent exciton-phonon coupling in a metal-organic framework photocatalyst,https://www.nature.com/articles/s41467-026-76097-z,Physical sciences : Nature Communications subject feeds,2026-08-05 00:00:00 UTC,2026-08-05 00:00:00+00:00,,Berend Smit,"Metal-organic frameworks (MOFs) have potential for light-harvesting applications owing to their tunable optoelectronic properties via building block selection. The presence of bound solvent in MOFs is known to impact gas adsorption properties, but little is known about their effect on optical properties. Here, we investigate how the presence of bound water can modulate the optical properties of a reported MOF photocatalyst, SU-101. Using the GW approximation and the ab initio Bethe-Salpeter equation (BSE) and treating exciton-phonon coupling with a finite difference method, we show that exciton-phonon interactions in SU-101 are strong and highly sensitive to the presence of bound water molecules. Specifically, we find that the presence of bound water is associated with a stronger localization of excitons due to phonons. Guided by our calculations, we synthesize SU-101 and study this MOF under different water loadings. We measure photoluminescence (PL) emission and UV-Vis absorption spectra of the MOFs, the latter in good agreement with our computational predictions. By considering the interplay of water loading, phonons, and excitons, our calculations rationalize measured UV-Vis absorption and PL spectra. Our work also highlights the pivotal role of exciton-phonon interactions and their sensitivity to hydration on the optoelectronic properties of MOFs with large pores and flexible organic linkers.",nature_html,0
Biomechanics-informed inertial tracking achieves the accuracy of marker-based kinematics,https://www.nature.com/articles/s41467-026-75981-y,Physical sciences : Nature Communications subject feeds,2026-08-05 00:00:00 UTC,2026-08-05 00:00:00+00:00,,Eni Halilaj,"Inertial measurement units (IMUs) could transform human movement science by enabling motion tracking outside the laboratory. Yet, their accuracy is perceived as inferior to that of marker-based systems. Here, we introduce IMoveLab, a method that integrates biomechanical priors into state-estimation filters, harnessing coupling across degrees of freedom and the spring-like behavior of muscle–tendon units for recursive state correction. We found that modern state-estimation filters match the accuracy of marker-based knee tracking when evaluated against biplane radiography, the gold standard for skeletal motion. IMoveLab further improves accuracy and achieves drift-free lower-extremity kinematics in long-duration trials, whereas alternative approaches do not. Movement scientists have been anticipating the leap out of the laboratory with cautious optimism. With methods and evidence that support more confident adoption of IMUs, this leap seems less like an aspiration and more like the first line of a new chapter written in the environments where human movement unfolds.",nature_html,0
Linearly dispersing carriers in atomically thin NdTe3,https://www.nature.com/articles/s41467-026-76268-y,Physical sciences : Nature Communications subject feeds,2026-08-05 00:00:00 UTC,2026-08-05 00:00:00+00:00,,Jianting Ye,"The search for materials supporting ultrafast charge transport has long driven the development of nanoelectronics. Since the isolation of graphene, numerous efforts have focused on expanding the class of linearly dispersive layered materials while scaling their electronic properties to the unit-cell limit. Here, we demonstrate that atomically thin layers of antiferromagnetic NdTe3 can be isolated onto Au films, down to a single unit cell, through enhanced adhesion. Exfoliation using discontinuous Au films furthermore enables direct electrical transport measurements. Magnetotransport reveals the persistence of Shubnikov-de Haas oscillations in atomically thin samples. Despite suppressed residual resistivity ratio and magnetoresistance relative to bulk crystals, we observe no significant modifications of the electronic structure, with linear dispersive bands persisting across all thicknesses. Multiple spin-zero effects from distinct Fermi pockets further indicate an enhanced effective g-factor that may extend to other members of the RTe3 family.",nature_html,0
Aryl radical addition–dehydrocyclization drives rapid polycyclic aromatic hydrocarbon growth,https://www.nature.com/articles/s41467-026-76371-0,Physical sciences : Nature Communications subject feeds,2026-08-05 00:00:00 UTC,2026-08-05 00:00:00+00:00,,Ralf I. Kaiser,"Polycyclic aromatic hydrocarbons are ubiquitous in space, yet astrochemical models fail to reproduce their observed abundances because known growth mechanisms are far too slow. Here, we report a plausible pathway for rapid polycyclic aromatic hydrocarbon mass growth mediated by multi-ring aryl radicals via the aryl addition–dehydrocyclization mechanism. High-temperature reactions of 1- and 2-naphthyl radicals with biphenyl and naphthalene serve as proof-of-concept, demonstrating the gas-phase formation of five-ring polycyclic aromatic hydrocarbons including benzo[b]triphenylene, benzo[4]helicene, benzo[k]fluoranthene, benzo[j]fluoranthene, and perylene through [3 + 2] zig-zag edge and [4 + 2] carbon bay closures. Products are identified isomer-selectively using tunable vacuum-ultraviolet photoionization coupled with i²PEPICO spectroscopy. Initiated by a single collision, the aryl addition–dehydrocyclization mechanism forms multiple carbon–carbon bonds, possibly accelerating polycyclic aromatic hydrocarbon growth compared with sequential pathways such as hydrogen abstraction–acetylene addition. This pathway provides a route from small aromatics to extended two- and three-dimensional carbon nanostructures, reshaping our understanding of aromatic carbon evolution in high-temperature astrophysical environments, from circumstellar envelopes to planetary nebulae, offering insights into the formation of complex carbonaceous molecules in space.",nature_html,0
Solvation-engineering-enabled quasi-solid positive electrode for four-electron aqueous Zn||Br batteries,https://www.nature.com/articles/s41467-026-76399-2,Physical sciences : Nature Communications subject feeds,2026-08-05 00:00:00 UTC,2026-08-05 00:00:00+00:00,,Chuang Peng,"Diffusion, crossover, and hydrolysis of bromine species in aqueous electrolytes impede the application of Zn||Br batteries with four-electron 2Br+/Br2/2Br− conversion. Here, we study a ligand-assisted sparingly solvating electrolyte using ZnSO4·7H2O and urea. The high solubility of urea suppresses water activity, while its stronger affinity toward bromine enables preferential coordination over water molecules. This synergistic effect creates a quasi-solvent-free microenvironment that limits bromine solvation and diffusion, resulting in a robust quasi-solid cathode. Moreover, the compact solvation structure favors the formation and stability of Br+ species by strengthening nucleophilic urea coordination and inhibiting hydrolysis. Consequently, the fabricated Zn||Br battery exhibits reversible 4e bromine chemistry with a capacity of 417.5 mAh g−1 at 1 A g−1 (based on KBr). A zinc battery coupling the 4e iodine positive electrode and 4e bromine (from the electrolyte) is constructed, yielding a total 8e transfer with a capacity of 897.8 mAh g−1 and a specific energy of 1,344 Wh kg−1 at 2 A g−1 (based on KI).",nature_html,0
The inherent capacity of neurons to learn order relations and support abstract reasoning,https://www.nature.com/articles/s41467-026-76102-5,Physical sciences : Nature Communications subject feeds,2026-08-05 00:00:00 UTC,2026-08-05 00:00:00+00:00,,Wolfgang Maass,"Brains extract relations between objects and concepts and integrate them into cognitive maps for decision-making. But it remains unclear how they achieve that. Here we present a rigorous theory showing that single neurons can already learn to extract ranks of items in a linear order with a simple local rule for synaptic plasticity. The resulting model explains human brain data on the emergence of cognitive maps from linear orders, accounts for the terminal item effect in transitive inference, and enables rapid reconfiguration of internal representations when new evidence appears. We also present a theoretical explanation for the surprising fact that 2D projections of neural representations of linear orders in the brain are curved rather than linear. Since the model requires only local synaptic plasticity in shallow networks, it is suited for relational learning and fast inference on low-energy edge devices. We demonstrate this on the neuromorphic chip Loihi 2.",nature_html,0
Computation embodied in population geometry,https://www.nature.com/articles/s41467-026-76139-6,Biological sciences : Nature Communications subject feeds,2026-08-05 00:00:00 UTC,2026-08-05 00:00:00+00:00,,Massimiliano Di Ventra,"Neural manifolds refer to the low-dimensional shapes formed by populations of spiking neurons. This intrinsic population geometry can be physically emulated by electronic devices, facilitating near-training-free forecasting with exceptional energy efficiency.",nature_html,0
Going with the flow to solve for symmetry-driven PDE dynamics with physics-informed neural networks,https://www.nature.com/articles/s41467-026-75936-3,Physical sciences : Nature Communications subject feeds,2026-08-05 00:00:00 UTC,2026-08-05 00:00:00+00:00,,Ioannis G. Kevrekidis,"We address a computational framework that integrates symmetry reduction into Physics-Informed Neural Networks (PINNs) for analysing symmetry-driven dynamics in nonlinear partial differential equations (PDEs). Using an auxiliary network to learn time-dependent transformations, we render the symmetry-invariant solutions stationary or slowly varying in rescaled coordinates while simultaneously inferring the symmetry parameters (e.g., wave speed, scaling rates). This yields a modified evolution equation coupled with algebraic constraints on symmetry parameters, producing index-2 differential-algebraic equation (DAE) systems. Since conventional standard PDE/ODE solvers struggle or even fail with such high-index DAEs, we employ PINNs as an alternative approach that naturally unifies PDE residuals and algebraic constraints in a single loss function. This allows simultaneous inference of the invariant solutions and the transformation properties without large domains, mesh adaptivity, or front tracking. Beyond forward simulation, our framework further enables robust parameter inference from sparse, spatially offset data where vanilla PINNs fail. Our numerical demonstrations include, among others, the 2D porous medium, the generalised Korteweg-de Vries and Burgers PDE, showcasing our proposed approach as a powerful tool for the solution of both the forward and inverse problems for index-2 DAEs arising in nonlinear wave and scaling dynamics.",nature_html,0
Dynamic chloride coordination enables selective pulsed electrocatalytic upcycling of 4-chlorophenol on FeN2O2 single-atom catalyst,https://www.nature.com/articles/s41467-026-76319-4,Physical sciences : Nature Communications subject feeds,2026-08-05 00:00:00 UTC,2026-08-05 00:00:00+00:00,,Yanbiao Liu,"The electrocatalytic upcycling of halogenated pollutants into value-added chemicals presents a sustainable frontier, yet precise transformation pathways remain challenging. Here, we report a pulsed electrocatalytic strategy that exploits a temporal modulation to realize a dynamic coordination mechanism, enabling the sequential conversion of 4-chlorophenol (4-CP) to para-benzoquinone (p-BQ) over an N, O-dual coordinated Fe single-atom catalyst (FeN2O2 SAC). Diverging from conventional continuous electrolysis, pulsed catalysis spatiotemporally decouples cathodic dechlorination and anodic oxidation, exerting precise control over transient intermediate populations. In situ spectroscopy and density functional theory reveal that pulse polarization drives a dynamic chloride-coordination process at the Fe center. This transient ligand-field modulation optimizes the adsorption energetics and lowers the thermodynamic barrier. Consequently, the FeN2O2 SAC achieves a 4-CP conversion of 94.8% and a p-BQ yield of 62.6%, outperforming the FeN4 architecture. This system demonstrates long-term durability in flow electrolyzers alongside a reduced carbon footprint. By coupling pulsed electrocatalysis with dynamic coordination chemistry, this work establishes a paradigm for “pollutant-to-product” conversion, offering a scalable blueprint for circular chemical economies.",nature_html,0
Quenched-in shear transformation zones and Schmid-like visco-elastic creep in metallic glass,https://www.nature.com/articles/s41467-026-76196-x,Physical sciences : Nature Communications subject feeds,2026-08-05 00:00:00 UTC,2026-08-05 00:00:00+00:00,,Yong Hao Sun,"The absence of periodic atomic arrangement makes it difficult to detect microscopic defects in metallic glasses, yet their roles in macroscopic shape change are prominent. Motivated by probing defects mechanically, we perform stepwise tensile creep at ambient temperature on as-spun metallic-glass ribbons that show structural anisotropy in selected area electron diffraction. The main discovery is a non-linear strain response in which the segmentally added stress causes the creep strain to initially decrease before increasing. Some strain components quickly revert after stress removal when cyclic creep is conducted, but others do not. Only the first cycle exhibits this slower-than-creep reversal; subsequent cycles have reversible strain components. The non-linearity and slow reversal are eliminated after annealing. No measurable relaxation-enthalpy change is detected within the present fast-differential-scanning-calorimetry sensitivity, suggesting that the low-stress response is not dominated by stored rejuvenation. Molecular-dynamics simulation replicates the strain responses under stepwise and cyclic creep, revealing different non-affine responses of atoms at low and high stresses. The observed behavior can be interpreted within a unified framework involving the depletion of a finite quenched-in shear-transformation-zone population together with the increasing contribution of stress-activated shear-transformation-zones. These results support an orientation-dependent, Schmid-like interpretation of low-stress visco-elastic creep in metallic glass ribbons.",nature_html,0
Microchiral pinwheel arrays based on achiral molecules,https://www.nature.com/articles/s41467-026-76089-z,Physical sciences : Nature Communications subject feeds,2026-08-05 00:00:00 UTC,2026-08-05 00:00:00+00:00,,Dong Ki Yoon,"From a molecular perspective, chirality is manifested in the intrinsic asymmetry of atomic arrangements that cannot be superimposed on their mirror images. Achiral molecules at nanometer scale can be assembled to have micron-scale chiral structures using physical stimuli, but the resulting chiral structures are often spatially limited, difficult to control over large areas, or unstable once the stimulus is removed. Here we show that a confined anisotropic molecular medium, derived from the nematic mesophase, undergoes a field-driven symmetry-breaking transition that generates micron-scale chiral structures. This approach provides a simple and scalable route to generate macroscopic chiral optical materials from molecularly symmetric precursors.",nature_html,0
In situ NIR-IIb imaging of endogenous H2S signaling for high-resolution abiotic stress visualization in plants,https://www.nature.com/articles/s41467-026-76449-9,Biological sciences : Nature Communications subject feeds,2026-08-05 00:00:00 UTC,2026-08-05 00:00:00+00:00,,Yixian Wang,"In vivo analysis of plant stress responses remains a major challenge in precision agriculture, limiting dynamic optimization of crop growth under variable environmental conditions. Fluorescence imaging enables nondestructive tracking of stress biomarkers, but its accuracy is compromised by the low abundance of endogenous signaling molecules, tissue autofluorescence interference, and limited signal penetration depth. Here, we develop a ratiometric near-infrared IIb fluorescent probe for sensitive monitoring of endogenous hydrogen sulfide (H2S). This nanoprobe integrates lanthanide nanoparticles with H2S-responsive molecular units, enabling enhanced tissue penetration and high-resolution imaging through an absorption competition-induced emission mechanism. Under abiotic stress conditions, the probe visualizes stress-induced fluctuations of H2S in living plants. This work establishes an H2S-centered strategy for plant stress visualization and provides a foundation for developing early diagnosis platforms.",nature_html,0
Wide field-of-view anisotropic optoelectronic resistive memory for monocular in-sensor 3D motion perception and localization system,https://www.nature.com/articles/s41467-026-76261-5,Physical sciences : Nature Communications subject feeds,2026-08-05 00:00:00 UTC,2026-08-05 00:00:00+00:00,,Feichi Zhou,"Compact machine vision with wide-field-of-view (FOV) three-dimensional (3D) motion perception is critical for intelligent, autonomous systems that interact dynamically with environments. Conventional systems, which combine wide-FOV and binocular cameras with complex 3D processing hardware, suffer from bulkiness, high energy consumption, and latency. While emerging neuromorphic in‑sensor computing approaches hold great promise, current neuromorphic vision devices are inherently limited: they lose depth information during 3D‑to‑2D projection, suffer from narrow detection angles, and lack 3D motion-processing capability. Here, we present a planar anisotropic optoelectronic resistive random-access memory (AORRAM) device based on a ZnO nanowire array with an engineered axial defect gradient. It achieves wide-FOV (up to 140°), anisotropic, multilevel non-volatile optical resistive switching. Using its intrinsic anisotropy, we construct a hardware system for robust in-sensor monocular motion depth perception and localization. Integrated with a gated recurrent unit, the system enables compact, low-power 3D motion recognition, achieving 95.41% accuracy under noisy conditions.",nature_html,0
Farming practices exert selection pressures on the resistome of natural populations of house mice,https://www.nature.com/articles/s41467-026-76403-9,Biological sciences : Nature Communications subject feeds,2026-08-05 00:00:00 UTC,2026-08-05 00:00:00+00:00,,Víctor Hugo Jarquín-Díaz,"The factors maintaining antimicrobial resistance genes (ARGs) in non-domesticated animal microbiomes remain unclear for species inhabiting human-dominated or less human-impacted landscapes. We analysed 875 gut metagenomes from natural populations of house mice (Mus musculus) on German farms between 2016 and 2022 to identify environmental and host determinants of ARG occurrence. Using joint species distribution models, we quantified the influence of landscape, climate and mouse associated characteristics on the occurrence of individual ARGs and on trait dependence among genes. Environmental variables and livestock farming intensity explained 27% of ARG variation, whereas host characteristics accounted for 8%. Analysis of ARG traits revealed that agricultural land use and exposure to livestock increased the occurrence of potentially mobile ARGs. Pig density was strongly associated with an integron-encoded sulfonamide resistance gene (sul1) and genes conferring tetracycline (tet) and beta-lactam resistance (cblA-1) (posterior probability 0.75). Consistently, mouse resistomes have a distinctive resistome, but share more than 50% of ARGs with livestock manure, including widespread genes and those promoted in livestock. Here, we show that landscape conditions, particularly farming intensity, shape the distribution of specific ARGs and potentially mobile ARGs in house mice microbiomes.",nature_html,0
Encapsulation epitaxy of air-stable 2D superconductors for quantum circuits,https://www.nature.com/articles/s41586-026-10865-1,Nature,2026-08-05 00:00:00 UTC,2026-08-05 00:00:00+00:00,10.1038/s41586-026-10865-1,Jing Kong,"Two-dimensional (2D) superconductors are emerging platforms supporting both strongly correlated physics and quantum information science1,2. Their reduced dimensionality, atomically flat interfaces and high crystallinity are particularly attractive for realizing compact lumped-element devices in superconducting circuits3-5. However, large-scale synthesis of monolayer 2D superconductors remains challenging as they are easily oxidized in air6. Here we report an 'encapsulation epitaxy' mechanism that enables the growth of large-area (more than 1 inch), air-stable, monolayer niobium diselenide (NbSe2) films (1L-NbSe2) and explore their potential for superconducting quantum circuits. This work represents a distinct growth phenomenon in which a 2D encapsulation layer, such as graphene or hexagonal boron nitride, pre-deposited on a 3D substrate (for example, SiO2 or Si3N4) simultaneously serves as a template for the epitaxial growth of 1L-NbSe2 underneath it at the encapsulation-substrate interface and as a protective capping layer against ambient degradation. The as-grown 1L-graphene/NbSe2 heterostructures exhibit robust superconductivity (superconducting transition temperature Tc ≈ 1 K) and enhanced charge density waves (CDWs; CDW transition temperature TCDW ≈ 177 K). We further demonstrate the integration of 1L-NbSe2 into superconducting circuits by developing oxidation-free transfer and superconducting edge-contact techniques. The 1L-NbSe2 in these circuits feature a measured kinetic inductance LK ≈ 0.7 nH □-1, making it suitable for quantum circuits requiring elements with high kinetic inductance. This encapsulation-epitaxy methodology enables the production of air-stable 2D superconductors and van der Waals heterostructures, holding promise for wafer-scale, monolithic fabrication of superconducting quantum circuitry.",pubmed,0
Paramagnets as a platform for Dicke physics,https://www.nature.com/articles/s41467-026-76219-7,Physical sciences : Nature Communications subject feeds,2026-08-05 00:00:00 UTC,2026-08-05 00:00:00+00:00,,Junichiro Kono,"The interaction of an ensemble of two-level atoms and a quantized electromagnetic field, described by the Dicke Hamiltonian, is an extensively studied problem in quantum optics. However, experimental efforts to explore similar physics in condensed matter typically employ bosonic matter modes (e.g., phonons, magnons, and plasmons) that are describable as simple harmonic oscillators, i.e., an infinite ladder of equally spaced energy levels. Here, we examine ultrastrong coupling between a coherent light mode and an ensemble of paramagnetic spins, a finite-multilevel system, in Gd3Ga5O12. The electron paramagnetic resonance of Gd3+ ions is tuned by a magnetic field into resonance with a Fabry–Pérot cavity mode, resulting in the formation of spin–photon hybrid states, or Zeeman polaritons. We observe that the light–matter coupling strength, measured through the vacuum Rabi splitting, decreases with increasing temperature, which can be explained by the temperature-dependent population difference between the lower and higher-energy states, a trait of a finite-level system. This finding demonstrates that a spin–boson system is more compatible with the Dicke model and has advantages over boson–boson systems for pursuing experimental realizations of phenomena predicted for ultrastrongly coupled light–matter hybrids.",nature_html,0
On the relevance of serial cyclone clustering for Arctic sea ice,https://www.nature.com/articles/s41467-026-76245-5,Earth and environmental sciences : Nature Communications subject feeds,2026-08-05 00:00:00 UTC,2026-08-05 00:00:00+00:00,,Annette Rinke,"Short-term changes in Arctic sea-ice concentration (SIC) are largely driven by weather, and strong ice loss typically occurs during intense Arctic cyclones causing unusually warm and stormy conditions. Such conditions are prolonged when several cyclones follow rapidly on each other. Here, we analyze changes in SIC for such periods of serial cyclone clustering utilizing satellite observations and reanalysis data from 1979-2024. While cyclones generally decrease SIC compared to non-cyclone conditions, cyclone clusters impact the ice approximately 2.5 times longer and cause two times stronger overall SIC-reductions than solitary cyclones. The amount of SIC-loss due to cyclone clusters scales with the intensity and number of clustered cyclones, and intensified SIC-loss occurs from 2004-2024 compared to 1979-1999, even within fixed SIC-categories. These findings highlight the relevance of accumulated impacts of clustered weather events for Arctic sea-ice variability and emphasize the need to understand drivers of serial cyclone clustering in the Arctic.",nature_html,0
Isoreticular Nonmetal−Organic Frameworks (N-MOFs) as Catalysts for Organic Reactions,https://pubs.acs.org/aamick/article/doi/10.1021/acsami.6c10984/5243826/Isoreticular-Nonmetal-Organic-Frameworks-N-MOFs-as,ACS Applied Materials & Interfaces: Latest Articles (ACS Publications),2026-08-05 00:00:00 UTC,2026-08-05 00:00:00+00:00,10.1021/acsami.6c10984,Antonio Leyva−Pérez,"Abstract The recent discovery of isoreticular nonmetal−organic frameworks (N-MOFs), composed by protonated amines and free triazine functionalities, has brought a new kind of solid materials with potential application in catalysis. However, to our knowledge, N-MOFs have not been reported yet as catalysts for any organic reaction. Here we show that two representative N-MOFs not only catalyze different organic reactions but also proceed in cascade on the basis of a bifunctional acid/base mechanism. Acetal deprotection can be coupled with either the Knoevenagel condensation or the Biginelli reaction to occur in good yields as a function of the N-MOF pore size—i.e., the wider the pore is, the higher is the catalytic activity—showcasing the key role of the isoreticular organization of the material. The N-MOF is recyclable, providing a new simple and organic solid for heterogeneous catalysis.",crossref,0
Molecular Edge-Layer Engineering Suppresses Nanoscale Dissipation at Graphitic Step Interfaces,https://pubs.acs.org/aamick/article/doi/10.1021/acsami.6c08414/5246492/Molecular-Edge-Layer-Engineering-Suppresses,ACS Applied Materials & Interfaces: Latest Articles (ACS Publications),2026-08-05 00:00:00 UTC,2026-08-05 00:00:00+00:00,10.1021/acsami.6c08414,Zhe Chen,"Abstract Atomic step edges are dominant sources of nanoscale energy dissipation on graphitic surfaces, including well-defined model interfaces and graphitic defect regions in carbon-based sliding contacts. Here, we show that treatment with linear n-alcohols provides a chain-length-dependent route to suppress step-associated lateral response at graphitic interfaces. Atomic force microscopy measurements on alcohol-treated highly oriented pyrolytic graphite reveal that lateral responses remain localized near step edges, whereas the apparent step height remains nearly unchanged after treatment. In contrast, the integrated step-associated lateral-response index decreases systematically with increasing alkyl-chain length, demonstrating that the local molecular environment at the step can regulate dissipative coupling without measurably altering the underlying carbon morphology. Reactive molecular dynamics simulations using controlled edge-associated alcohol-layer models reproduce the decreasing trend and identify how molecular-layer compliance and orientation can attenuate step-localized resistance. Longer chains suppress both step-up and step-down resistive responses by increasing interfacial compliance, aligning more readily with the scan direction, and reducing scan-direction strain accumulation in the silica tip. Short-lived tip–molecule/step interactions occur during step traversal and contribute a secondary, phase-dependent force component, but the dominant chain-length effect arises from molecular-layer mechanics and geometric buffering of the tip–step contact. These results establish molecular edge-layer compliance and orientation as descriptors for reducing nanoscale dissipation at graphitic step interfaces, while the applicability to real carbon-based coatings depends on defect structure, molecular retention, wear, and tribochemical regime.",crossref,0
"Solvent Exchange-Assisted Wet Annealing and Salting-Out Strategy for Tough, Strong, Ultra-Stretchable, and Antifreezing Hydrogel",https://pubs.acs.org/aamick/article/doi/10.1021/acsami.6c10699/5245193/Solvent-Exchange-Assisted-Wet-Annealing-and,ACS Applied Materials & Interfaces: Latest Articles (ACS Publications),2026-08-05 00:00:00 UTC,2026-08-05 00:00:00+00:00,10.1021/acsami.6c10699,Qiyang Wang,"Abstract Hydrogels are widely used in biomedicine, human−computer interaction, wearable electronics, etc. However, the development of conductive hydrogels that simultaneously possess high strength, high toughness, excellent stretchability, and antifreezing to meet diverse application scenarios remains a significant challenge. Herein, a new solvent exchange-assisted wet annealing−salting out strategy is proposed to prepare high-toughness poly (vinyl alcohol)-gelatin hydrogels by modification of the internal hydrogen bond network, structural densification, and adjustment of the crystallinity. Through the synergistic effect of annealing and salting out via solvent replacement of Li2SO4, the PGEH-ALi-conductive hydrogels are fabricated with excellent mechanical properties (9.7 MPa of tensile strength, 5316.5% of elongation at break, and 293.99 MJ/m3 of toughness) and outstanding environmental stability. These outstanding mechanical properties are superior to those of other elastomers. This work provides a new and effective strategy to fabricate tough, strong, stretchable, and antifreezing hydrogels with potential applications in numerous fields.",crossref,0
Unraveling the Contributions of Laser-Induced Ripples and Nanoparticles to Enhanced HER Performance of Nickel Electrodes,https://pubs.acs.org/aamick/article/doi/10.1021/acsami.6c11963/5243817/Unraveling-the-Contributions-of-Laser-Induced,ACS Applied Materials & Interfaces: Latest Articles (ACS Publications),2026-08-05 00:00:00 UTC,2026-08-05 00:00:00+00:00,10.1021/acsami.6c11963,Panagiotis A. Loukakos,"Abstract Herein, we report a chemistry-free strategy to enhance the hydrogen evolution reaction (HER) performance of nickel electrodes through wavelength-controlled femtosecond laser-induced periodic surface structuring (LIPSS). Planar nickel sheets were nanostructured using ultrashort laser pulses at 515 and 1030 nm under identical irradiation intensity, yielding highly ordered low-spatial-frequency ripples decorated with laser-generated nanoparticle-like structures. The ripples were oriented perpendicular to the laser polarization, with periodicity increasing from ∼400 nm at 515 nm to ∼800 nm at 1030 nm. AFM analysis showed higher ripple amplitudes and surface roughness at 1030 nm, with peak-to-valley heights increasing from ∼100 to ∼240 nm, indicating deeper energy deposition and melt depth. Electrochemical measurements in 1.0 M KOH revealed a strong relationship between surface morphology and HER activity. The 1030 nm−structured electrode exhibited the best performance, with a Tafel slope of ∼85 mV dec−1, over fourfold higher electrochemically active surface area than untreated Ni, the lowest charge-transfer resistance, and excellent stability at 100 mA cm−2. Although the formation of ripples alone accounts for an estimated 23% increase in geometric surface area, the substantially larger enhancement in electrochemically surface area (ESCA) indicates that the superimposed nanoscale features create a hierarchical morphology crucial for the improved HER performance.",crossref,0
Low Resistivity Scaling of RuAl-Based Medium-to-High-Entropy Intermetallic Compounds as Potential Interconnect Metallization,https://pubs.acs.org/aamick/article/doi/10.1021/acsami.6c12263/5246541/Low-Resistivity-Scaling-of-RuAl-Based-Medium-to,ACS Applied Materials & Interfaces: Latest Articles (ACS Publications),2026-08-05 00:00:00 UTC,2026-08-05 00:00:00+00:00,10.1021/acsami.6c12263,Shou-Yi Chang,"Abstract Thin films of multicomponent doped, B2-ordered ruthenium aluminide (RuAl) intermetallic compounds incorporating refractory elements were deposited by magnetron co-sputtering. A crystalline, ordered B2 (body-centered cubic) structure was retained after rapid thermal annealing at 800°C for 1 min, accompanied by grain refinement to ∼10 nm. Data fitting using the Fuchs-Sondheimer (FS) and Mayadas-Shatzkes (MS) models, combined with first-principles calculations using special quasi-random structures (SQS), revealed that increasing compositional complexity shortened the electron mean free path. The calculations further indicated that this reduction is primarily driven by chemical disorder and a rugged atomic potential landscape, rather than simple lattice distortion alone. This short mean free path suppressed the resistivity scaling in the doped films relative to pure RuAl, despite their higher absolute resistivity. Furthermore, the multicomponent doped films demonstrated good thermal stability and a low temperature coefficient of resistance, attributed to the dominance of static disorder scattering.",crossref,0
Hybrid Interface Enables Dendrite-Free Aqueous Zn-Metal Battery,https://pubs.acs.org/aamick/article/doi/10.1021/acsami.6c10211/5243716/Hybrid-Interface-Enables-Dendrite-Free-Aqueous-Zn,ACS Applied Materials & Interfaces: Latest Articles (ACS Publications),2026-08-05 00:00:00 UTC,2026-08-05 00:00:00+00:00,10.1021/acsami.6c10211,Xiaogang Han,"Abstract Aqueous zinc(Zn)-metal batteries (AZMBs) have attracted significant attention owing to their high safety, economy, and potential applications in stationary energy storage systems. However, AZMBs still suffer from low reversibility and short lifespan of the Zn anode, resulting from the instability of the Zn/electrolyte interface. Herein, a hybrid interface combining a solid electrolyte interphase (SEI) and an electrostatic shield layer was introduced into the AZMBs through a simple electrolyte-regulating strategy. This hybrid interface simultaneously establishes a Zn phosphate (Zn–P–O) based SEI and an NH4+-dominated electrostatic shield layer on the Zn anode. Comprehensive characterizations were performed to investigate the designed SEI in AZMBs, which can effectively induce uniform Zn deposition and suppress side reactions, achieving remarkable electrochemical performance. As a consequence, the Zn||Zn cell's lifespan is improved from 75 h to 2200 h at 2 mA cm–2, and the Zn||Cu asymmetrical cell presented stable operation for more than 1200 cycles (vs 455 cycles) with a high average coulombic efficiency of 99.58%. The designed SEI, accompanied by enhanced stability and practicability, was further applied to Zn||NaVO full cells, which presented remarkable lifespan for 3000-cycle (vs 427 cycles to failure) stable operation at 5 A g–1, discharging an initial specific capacity of 155.9 mAh g–1 and maintaining 103.9 mAh g–1 after operating for 1000 cycles.",crossref,0
Co–Cu Bimetallic ZIF-67@PDA-Based Fabrics: Trimodal Synergistic Antibacterial Performance for Reusable Protective Textiles,https://pubs.acs.org/aamick/article/doi/10.1021/acsami.6c05978/5243821/Co-Cu-Bimetallic-ZIF-67-PDA-Based-Fabrics-Trimodal,ACS Applied Materials & Interfaces: Latest Articles (ACS Publications),2026-08-05 00:00:00 UTC,2026-08-05 00:00:00+00:00,10.1021/acsami.6c05978,Jun Zhao,"Abstract Protective textiles are essential for public health security, yet conventional textiles only physically filter microorganisms without rapid surface sterilization, easily becoming potential cross-infection sources. Commercial antibacterial variants also suffer from slow sterilization, poor reusability, and insufficient multifunctional integration, thus failing to meet the demand for efficient and long-term protection. Herein, a facile and scalable two-step strategy (vacuum impregnation followed by PDMS spray coating) was developed to fabricate Co–Cu bimetallic ZIF-67@polydopamine (PDA)-based fabrics (CZPP-fabric) with rapid synergistic antibacterial activity and outstanding reusability. The as-synthesized Co–Cu bimetallic ZIF-67@PDA (CZP) nanomaterials exhibited enhanced enzyme-like catalytic activity and prominent photo-responsive performance, with the yield of hydroxyl radicals (·OH) under simulated solar light being 3.24-fold higher than that for pure ZIF-67 and a photothermal conversion efficiency reaching 31.75%. The CZPP-fabric achieved efficient bacterial inactivation within 2 h in the dark, while, under 1 W/cm2 simulated solar light irradiation, it only took 5 min to inactivate ≥99.67% of S. aureus and 100% of E. coli. Its antibacterial effect was attributed to the robust triple synergy of enzyme-like catalysis, enhanced photodynamic therapy and photothermal therapy. The enzyme-like catalytic activity sustains ROS generation even in the dark, the photodynamic effect induces massive ROS production (including ·OH and 1O2), and the photothermal effect exerts mild thermal sterilization, with all these effects jointly damaging bacterial cell membrane structures to achieve efficient sterilization. Furthermore, the CZPP-fabric exhibited excellent comprehensive practical properties with favorable breathability, high hydrophobicity, and remarkable mechanical stability. More importantly, it maintained over 99% antibacterial efficiency after repeated washing and possessed favorable biocompatibility, enabling durable and safe reusable applications. This work provides a scalable strategy for multifunctional protective textiles with promising application prospects in public health protection.",crossref,0
Dynamic Boronic Ester-Based Photonic Elastomers for Mechanochromic Information Encoding,https://pubs.acs.org/aamick/article/doi/10.1021/acsami.6c12817/5245226/Dynamic-Boronic-Ester-Based-Photonic-Elastomers,ACS Applied Materials & Interfaces: Latest Articles (ACS Publications),2026-08-05 00:00:00 UTC,2026-08-05 00:00:00+00:00,10.1021/acsami.6c12817,Zheng-Hui Guan,"Abstract Stimulus-responsive photonic materials that dynamically modulate optical properties in response to external stimuli have attracted extensive interest, among which mechanochromic systems, capable of converting mechanical deformation into optical signals, are particularly promising for intuitive signal transduction. However, conventional mechanochromic cholesteric liquid crystal elastomers (CLCEs) often suffer from limited functionality and lack intrinsic damage repairability. Herein, we report a multifunctional self-healing photonic elastomer (CLCEred) featuring angle-dependent selective Bragg reflection and pronounced mechanochromism, enabled by dynamic boronic ester bonds. The material demonstrates continuous and reversible color tunability under mechanical deformation while maintaining excellent self-healing performance. By integrating mechanochromic responsiveness with intrinsic self-healing capability, the material functions as a programmable information encryption platform, enabling mechanical encoding/decoding and recovery of optical performance after damage. This work provides a versatile strategy for the design of intelligent photonic materials through the integration of multiple responsive functionalities, with enhanced security, multifunctionality, and durability.",crossref,0
"Amyloid-Reinforced Hyaluronic Acid Composite Hydrogel Enabling Controlled Curcumin Delivery, Antibiofilm Photothermal Therapy, and Accelerated Diabetic Wound Healing",https://pubs.acs.org/aamick/article/doi/10.1021/acsami.6c08302/5244918/Amyloid-Reinforced-Hyaluronic-Acid-Composite,ACS Applied Materials & Interfaces: Latest Articles (ACS Publications),2026-08-05 00:00:00 UTC,2026-08-05 00:00:00+00:00,10.1021/acsami.6c08302,Avanish S. Parmar,"Abstract Chronic diabetic wounds are characterized by persistent oxidative stress, impaired angiogenesis, and biofilm-associated infections, necessitating multifunctional biomaterials capable of modulating the wound microenvironment. Herein, we report an amyloid-reinforced hyaluronic acid (HA) composite hydrogel that integrates mechanical robustness, controlled drug delivery, and bioactive functionality within a single platform. The hydrogel is constructed through interpenetrating protein-polysaccharide networks, where thermally induced bovine serum albumin amyloid fibrils act as reinforcing scaffolds within the HA matrix via hydrogen bonding and chain entanglement. This architecture enhances viscoelastic properties, swelling behavior, and structural stability compared to nonreinforced systems. Curcumin is incorporated as a multifunctional therapeutic agent, exhibiting sustained and pH-responsive release governed by hydrophobic and π–π interactions within the composite network. The hydrogel demonstrates pronounced antibacterial and antibiofilm activity against both Gram-positive and Gram-negative bacteria, which is further amplified under near-infrared (NIR) irradiation via photothermal effects. In vitro studies confirm excellent cytocompatibility, hemocompatibility, and enhanced fibroblast migration, indicating favorable cellular interactions. Importantly, in a streptozotocin-induced diabetic wound model, the composite hydrogel significantly accelerates wound closure, promotes collagen deposition and neovascularization, and restores oxidative stress biomarkers toward physiological levels. Mechanistically, the combined integration of amyloid-mediated mechanical reinforcement, HA-driven bioactivity, and curcumin-enabled therapeutic functionality enables the simultaneous regulation of infection, inflammation, and tissue regeneration. This study establishes a protein-polysaccharide hybrid hydrogel platform that couples structural reinforcement with stimuli-responsive therapeutic delivery, offering a promising strategy for advanced diabetic wound management and translational biomaterial design.",crossref,0
"Enabling High-Temperature Operation in All-Inorganic, All-Evaporated CsPbI2Br Photodetectors with Transparent Contacts",https://pubs.acs.org/aamick/article/doi/10.1021/acsami.6c04754/5244701/Enabling-High-Temperature-Operation-in-All,ACS Applied Materials & Interfaces: Latest Articles (ACS Publications),2026-08-05 00:00:00 UTC,2026-08-05 00:00:00+00:00,10.1021/acsami.6c04754,Johan Hofkens,"Abstract All-inorganic CsPbI2Br perovskites are emerging as leading candidates for high-performance visible photodetectors due to their strong absorption, thermal resilience, and compatibility with complementary metal-oxide semiconductor (CMOS) platforms. However, ion migration under bias or thermal stress leads to trap-assisted leakage and interfacial barrier modulation at transparent conducting oxide (TCO) contacts, compromising device stability at elevated temperatures. In this work, we unravel how indium tin oxide (ITO) and indium zinc oxide (IZO) electrodes govern charge transport, trap–ion interactions, and operational stability in fully evaporated CsPbI2Br photodiodes on glass and Si/TiN substrates. On glass, IZO devices exhibit elevated dark currents, transient photocurrent overshoot, and strong field-induced barrier lowering due to oxygen-vacancy-mediated halide ion accumulation at the TiO2/IZO interface. ITO, in contrast, suppresses ionic polarization, enabling higher external quantum efficiency (EQE), responsivity, detectivity, and linear dynamic range (LDR). Low-temperature J–V analysis confirms that below 240 K, ion migration is frozen and both devices shift to trap-assisted tunneling-dominated transport, underscoring that interfacial differences emerge mainly through ionic activity at higher temperatures. Thermal admittance spectroscopy (TAS) reveals electrode-independent deep traps; however, TCO-dependent trap–ion coupling strength explains the divergent leakage behavior. Remarkably, when integrated on conductive Si/TiN substrates, both IZO and ITO devices exhibit suppressed ionic effects, low leakage, rapid response, and stable performance, emphasizing the critical role of substrate engineering. This study establishes electrode and substrate design as decisive strategies for enabling thermally resilient, ion-stable, CMOS-ready perovskite photodetectors.",crossref,0
Constructing FeC x Active Sites Confined within F-Doped Mesoporous Carbon to Enhance Activity and Stability for CO2 Hydrogenation to Light Olefins,https://pubs.acs.org/aamick/article/doi/10.1021/acsami.6c11014/5246572/Constructing-FeCx-Active-Sites-Confined-within-F,ACS Applied Materials & Interfaces: Latest Articles (ACS Publications),2026-08-05 00:00:00 UTC,2026-08-05 00:00:00+00:00,10.1021/acsami.6c11014,Mingyuan Zhu,"Abstract The hydrogenation of CO2 to light olefins is a key route for converting waste carbon into value-added chemicals, and FeCx catalysts exhibit high activity and promising application potential. However, FeCx or Fe0 active sites can be oxidized by H2O generated during the reaction, severely compromising the activity and stability of Fe-based catalysts. Herein, FeCx active species confined within F-doped mesoporous carbon were prepared using a F-functionalized carbon source, constructing a H2O-resistant interface to protect FeCx from oxidation. Under the reaction conditions of 320 °C, 3.0 MPa, H2/CO2 = 3, and GHSV = 6000 mL/gcat/h, the 0.8Fe-0.1K@NMC-0.2F catalyst exhibited a CO2 conversion of 47.24% and a light-olefin selectivity of 52.43%. A light-olefin space−time yield of 36.5 mmol/gcat/h was achieved over 100 h at a high GHSV of 24,000 mL/gcat/h, surpassing the performance of most reported catalysts. The structure−performance relationship and stability enhancement mechanism were investigated using various characterization techniques, revealing that F incorporation enhances the graphitization degree and H2O resistance of the carbon layer, regulates the electron distribution, and promotes the formation of unsaturatedly coordinated Fe5C2 active sites. The F-doped graphene interface modulated the electronic structure of FeCx active sites to enhance CO2 adsorption−dissociation while weakening H2 activation, increasing the surface C/H ratio, and promoting the C−C coupling reaction. Furthermore, the F-functionalized graphene layer suppressed the overcarbonization and H2O-induced oxidation of Fe0 species, boosting the catalytic stability. This work provides a new strategy for the design of high-performance and long-lifetime FeCx catalysts for the cost-effective conversion of CO2 to high-value chemicals and new insights into the stability enhancement mechanism of Fe active sites against H2O generated during the hydrogenation reaction.",crossref,0
"Racialized economic concentration predicts storm-related injuries and deaths in the United States, 2005–2022",https://www.nature.com/articles/s41467-026-76111-4,Earth and environmental sciences : Nature Communications subject feeds,2026-08-05 00:00:00 UTC,2026-08-05 00:00:00+00:00,,Kate Burrows,"Extreme storms across the United States pose substantial and unequally distributed health burdens. We linked 111,252 county-event observations from the US National Oceanic and Atmospheric Administration Storm Events Database (2005–2022) to the Index of Concentration at the Extremes (ICE), a measure of racialized economic concentration reflecting the relative concentration of high-income non-Hispanic White households compared with low-income Black households within U.S. counties, to examine whether ICE predicts storm-related injuries and deaths. Using multilevel zero-inflated negative binomial models with county random intercepts and population offsets, each one-quintile increase in ICE (greater concentration of high-income, non-Hispanic White households relative to low-income Black households) was associated with 52% lower rates of direct injuries (IRR = 0.48, 95% CI: [0.44, 0.53]) and 36% lower rates of direct deaths (IRR = 0.64, 95% CI: [0.59, 0.69]). Associations for indirect outcomes were less precise but directionally consistent (indirect injuries IRR = 0.70, 95% CI: [0.54, 0.91]; indirect deaths IRR = 0.66, 95% CI: [0.48, 0.89]). Spline models suggested elevated risk concentrated in the most disadvantaged counties, with risk flattening in more advantaged areas. County-level maps show that structural disadvantage and storm exposure frequency do not systematically co-locate, suggesting that realized harm is driven by social and infrastructural context rather than exposure alone. These findings identify racialized economic concentration as a structural determinant of disaster harm and support targeting resilience investments toward the most structurally disadvantaged and economically marginalized counties.",nature_html,0
Atomically dispersed Ti on MnOx-Fe2O3 tailors O 2p orbitals for CO oxidation and H2O/SO2 resistance,https://www.nature.com/articles/s41467-026-76406-6,Earth and environmental sciences : Nature Communications subject feeds,2026-08-05 00:00:00 UTC,2026-08-05 00:00:00+00:00,,Tingyu Zhu,"Transition-metal oxides offer a low-cost alternative to precious metals for environmental catalysis, yet CO oxidation under humid and sulfur-laden conditions remains challenging due to rapid poisoning. Herein, we report an atomic dispersion of Ti‑decorated MnOx-Fe2O3 catalyst that achieves high activity and remarkable H2O/SO2 resistance. Atomically dispersed Ti provides electron-accepting 3d states from O 2p orbitals, which redistributes and stabilizes selected O 2p states while modifying their hybridization with neighboring Mn/Fe 3d orbitals. The localized electronic restructuring strengthens CO adsorption and facilitates lattice oxygen activation via a Mars-van Krevelen (MvK)-like mechanism, lowering the apparent activation energy to 64.59 kJ/mol. Simultaneously, Ti-O-Fe interfaces weaken SO2 adsorption (from −1.96 eV to −0.19 eV) and suppress H2O competition, retaining >55% CO conversion under 10 vol% H2O and 10 ppm SO2, far surpassing the parent oxide (",nature_html,0
"Global trade-offs between consumption, carbon prices and equity",https://www.nature.com/articles/s41467-026-75815-x,Earth and environmental sciences : Nature Communications subject feeds,2026-08-05 00:00:00 UTC,2026-08-05 00:00:00+00:00,,Manfred Lenzen,"As the remaining carbon budget continues to dwindle, economic growth strains efforts to limit global warming to 1.5 °C. Reducing unnecessary production and consumption in high-income regions and among the wealthy, and organising production more around human needs and human well-being, may alleviate pressures on technology-driven decarbonisation strategies. We employ a modified integrated assessment model to explore the interaction between converging per-capita consumption, climate policy stringency and equity. Our pathways demonstrate that lower-consumption futures are associated with substantially lower warming, 0.3–1.1 °C across different carbon price trajectories, relative to high-consumption futures. Comparatively, global convergence of incomes between regions has a small influence on global temperature outcomes (",nature_html,0
Regime shifts of AMOC-sea surface temperature relationship,https://www.nature.com/articles/s41467-026-76149-4,Earth and environmental sciences : Nature Communications subject feeds,2026-08-05 00:00:00 UTC,2026-08-05 00:00:00+00:00,,Laifang Li,"The Atlantic Meridional Overturning Circulation (AMOC) plays critical roles in regulating climate, and subpolar North Atlantic sea-surface temperature (SST) patterns are widely used to infer changes in its strength. Yet the stationarity of their relationship remains unclear. Here, using Community Earth System Model simulations spanning various climate states and a multi-model ensemble, we show that this relationship is state-dependent. We identify three distinct regimes: strong AMOC with the typical dipole fingerprint; intermediate AMOC with amplified subpolar SST anomalies; and weak AMOC with muted North Atlantic signals. These regimes arise primarily from changes in atmospheric radiative processes, while ocean processes contribute indirectly through air–sea interactions. The year of peak AMOC–SST sensitivity emerges as a predictor of the transition into the weak-AMOC regime and associated decay of the North Atlantic warming hole, offering a physically-based constraint on model uncertainties in climate projections. Our findings also imply that SST-based AMOC indicators must account for state dependence.",nature_html,0
Synergies and trade-offs for reaching global biodiversity and climate commitments,https://www.nature.com/articles/s41467-026-76324-7,Biological sciences : Nature Communications subject feeds,2026-08-05 00:00:00 UTC,2026-08-05 00:00:00+00:00,,Yang Bai,"The Kunming-Montreal Global Biodiversity Framework strives to expand high-quality protected areas globally, yet faces economic constraints, climate change and human pressures. This requires integrating biological and socio-economic complexity while ensuring equity. We explore multi-target ‘30 by 30’ and ‘50 by 50’ (the ‘Half Earth’) protected area expansion strategies that combine species diversity with carbon storage, quantifying their effectiveness (the represented proportion of global species richness and carbon stocks), connectivity and cost-efficiency. Under near-current and future climates, single-criterion strategies – based on five taxonomic groups (plants, amphibians, birds, mammals, and reptiles) or carbon alone – achieve effectiveness of 42.3 ± 4.10% and 68.8 ± 8.39% for both targets, whereas multi-goal strategies reach 44.07 ± 0.42% and 67.0 ± 0.89%. Multi-goal strategies reduce connectivity by 2.35% but slightly improve cost-efficiency (2.06% lower cost) and individual-metric effectiveness (mean rise 0.76%). Moving from single- to multi-target strategies increases conserved-area coverage in high-latitude, higher-income countries (by 3.14% and 5.59%), with a corresponding decline in low-income countries (7.31% and 12.6%); single-goal strategies targeting threatened species allocate more coverage to the Global South. By rebalancing North-South responsibilities and easing burdens on low-income nations needing financial support or compensation mechanisms, these findings improve conservation affordability and provide equity insights for implementing Global Biodiversity Framework and Paris Agreement.",nature_html,0
Reduced N2 fixation in the tropical Atlantic Ocean during the warm late Pliocene,https://www.nature.com/articles/s41467-026-75846-4,Earth and environmental sciences : Nature Communications subject feeds,2026-08-05 00:00:00 UTC,2026-08-05 00:00:00+00:00,,Alfredo Martínez-García,"Water column denitrification, a major oceanic nitrogen (N) sink, decreased under past warmer-than-present climates, but the response of N2 fixation, the main oceanic N source, remains unresolved. Here we address this gap using foraminifera-bound N isotope records from the tropical Atlantic spanning the warm late Pliocene, a geological analog for projected 21st century warming. Our records show that tropical North Atlantic N2 fixation was reduced during the late Pliocene and had increased markedly by the late Pleistocene, likely due to an increase in water column denitrification, a process that globally engenders N-poor, phosphorus (P)-bearing surface waters. After ~ 2.8 million years ago, as glaciations intensified, our records show that obliquity-paced variations in the intensity of N2 fixation emerged, likely reflecting sea-level controlled changes in continental shelf area and benthic denitrification in the western tropical Atlantic, again through the generation of N-poor, P-bearing surface waters. These findings show that N2 fixation responds to the ocean’s N loss processes both over millions of years and on orbital timescales, suggesting that the global marine fixed N budget may rebalance under warmer climates by reducing both water column denitrification and N2 fixation.",nature_html,0
Nutrient starvation and phosphonate utilization coordinate buoyancy and high-light tolerance in Trichodesmium,https://www.nature.com/articles/s41467-026-76233-9,Earth and environmental sciences : Nature Communications subject feeds,2026-08-05 00:00:00 UTC,2026-08-05 00:00:00+00:00,,Kunshan Gao,"The formation of surface blooms by the diazotrophic cyanobacterium Trichodesmium contributes extensively to carbon and nitrogen cycling. Yet the physiological drivers governing its vertical ascent and subsequent tolerance to high surface irradiance remain obscure. By measuring sinking and floating velocities, analyzing transcriptome responses, and tracking the subcellular distribution of gas vesicles, we show that nutrient starvation is the primary trigger for vertical ascent. Specifically, iron or phosphorus depletion inhibits metabolic ballasting, disrupting the equilibrium with gas vesicle lift and driving Trichodesmium towards surface waters. Moreover, this vertical migration is safeguarded by a light-dependent metabolic “safety brake” that prevents irreversible sinking to the deep ocean. Upon reaching the surface, Trichodesmium shifts to utilizing alternative organic phosphorus sources. Particularly, the utilization of methylphosphonate (MPn) activates a distinct “surface-survival mode” characterized by the downregulation of photosynthetic activity and the relocalization of gas vesicles to form peripheral optical shields. Our findings reveal a coordinated strategy linking nutrient sensing, buoyancy regulation, and photoprotection, explaining how Trichodesmium secures its ecological success under the high irradiance of the oligotrophic surface oceans.",nature_html,0
Dissociating water clusters via polyhydroxy quaternized interface for enhanced water permeation in nanochannels,https://www.nature.com/articles/s41467-026-76291-z,Earth and environmental sciences : Nature Communications subject feeds,2026-08-05 00:00:00 UTC,2026-08-05 00:00:00+00:00,,Jiuhui Qu,"Water clusters with distinct structures in confined nanochannels exhibit unusual transport phenomena such as fast permeation, yet how to functionalize nanochannels to regulate this process and enhance water transport remains elusive. Herein, we report a water transmembrane transport mechanism based on the dissociation of water clusters and, accordingly, develop a highly permeable nanofiltration membrane with polyhydroxy quaternized interface. The results, observed by in situ liquid time-of-flight secondary ion mass spectrometry in combination with molecular dynamics simulation, reveal that the functional groups (-OH and quaternary-N⁺) of membrane pore entrances can enthalpically/entropically favorably dissociate water clusters, i.e., (H2O)5H+, into smaller species, i.e., (H2O)3H+ with higher transport mobility through hydrogen bond interactions based hydration competition, which reduces water transmembrane transport energy barriers and broadens the cross-sectional area available to water molecules, thus improving the water permeance. The polyhydroxy quaternized membrane exhibits high permeability with a membrane flux of 43.01 L m−2 h−1 bar−1, while maintaining favorable divalent salt retention performance and mechanical properties, which effectively improves the selectivity-permeability upper bound of the nanofiltration membrane. Our findings demonstrate an interface-functionalized strategy for regulating the water cluster structure, showing implications for various applications including nanofluidics, desalination, bio-medicine, and energy technology, etc.",nature_html,0
Phase separation of ecDNA condensates establishes in-trans contact domains that boost selective MYC regulatory interactions,https://www.nature.com/articles/s41467-026-76447-x,Biological sciences : Nature Communications subject feeds,2026-08-05 00:00:00 UTC,2026-08-05 00:00:00+00:00,,Mario Nicodemi,"Extrachromosomal DNAs (ecDNAs) are circular DNA elements found in many human cancers, often carrying oncogenes and regulatory elements. In COLO320-DM colorectal cancer cells, MYC-harboring ecDNAs form nuclear clusters associated with oncogene overexpression, but the mechanisms underlying their aggregation and gene upregulation remain unclear. Here, we use a minimal polymer physics model to investigate the interactions between ecDNA BRD4 binding sites and BRD4 molecules at the single-molecule level. The model demonstrates that BRD4 induces phase separation of ecDNAs condensates, forming in-trans associated contact domains (I-TADs) enriched, beyond copy number, in regulatory contacts among specific ecDNA regions, particularly the PVT1-MYC fusions. This explains the preferential transcriptional upregulation of these fusions, while the canonical copy of MYC on the ecDNAs remains unaffected. The formation of I-TADs is validated against independent HiChIP and ChIA-PET data. Regulatory contacts are strongly enriched as soon as half a dozen ecDNAs cluster, then saturate because of steric hindrance, highlighting that even cells with few ecDNAs can experience pathogenic MYC upregulations. The BET inhibitor JQ1 reverses ecDNA phase separation, abolishing I-TADs and reducing MYC transcription in a switch-like manner, as confirmed by RT-qPCR experiments. These findings clarify the role of ecDNA condensates in gene regulation and highlight potential therapeutic strategies targeting BRD4-mediated interactions.",nature_html,0
An entangling gate for dual-rail erasure qubits,https://www.nature.com/articles/s41586-026-10822-y,Nature,2026-08-05 00:00:00 UTC,2026-08-05 00:00:00+00:00,10.1038/s41586-026-10822-y,Robert J. Schoelkopf,"Quantum error correction (QEC) will likely be required to realize the full potential of quantum computing, but comes with daunting hardware overheads and demands low gate errors on the physical qubits1, 2, 3–4. These requirements can be eased by engineering qubits with a strong error hierarchy, in which the most common noise channels are also the easiest to correct. Erasure qubits can achieve this when detectable leakage errors out of the computational subspace dominate over the residual Pauli errors5, 6, 7, 8, 9, 10–11, resulting in higher thresholds and improved scaling with code distance5,12,13. In practice, these advantages come to fruition only if the error hierarchy is preserved as much as possible throughout all gates and operations. Here we design and realize a two-qubit entangling gate for dual-rail cavity qubits, a type of erasure qubit encoded in a pair of superconducting microwave cavities7. Our experimental demonstration confirms that the error hierarchy is largely preserved during the gate. The gate is fast (about 500 ns duration) and shows low erasure rates of approximately 0.5% per gate, remaining Pauli errors below 0.1%, and a strong bias towards dephasing errors, in which bit-flips are practically non-existent at the 10−6 level. These results enable a faster path to error-corrected systems that rapidly suppress errors as they scale; a claim we support with our detailed surface code simulations. A fast, low-error entangling gate for dual-rail cavity erasure qubits preserves a strong error hierarchy, advancing scalable quantum error correction with substantially improved fault-tolerant performance.",semanticscholar,0
Airway administered artificial mitochondria-enriched nanovesicles for efficient and selective mitochondria transfer to intervene in pulmonary fibrosis,https://www.nature.com/articles/s41467-026-76330-9,Biological sciences : Nature Communications subject feeds,2026-08-05 00:00:00 UTC,2026-08-05 00:00:00+00:00,,Tianyuan Zhang,"Mitochondrial transplantation is a promising therapeutic approach involving the transfer of exogenous mitochondria into diseased cells to restore impaired mitochondrial homeostasis. However, its clinical translation is severely limited by the lack of efficient methods for precise and potent mitochondria transfer. Inspired by natural mitochondria-containing vesicles, we develop mesenchymal stem cell-derived biomimetic nanovesicles with high mitochondrial loading capacity and augmented extracellular mitochondrial stability. These nanovesicles exhibit an ability to efficiently and selectively deliver mitochondrial cargo to injured cells, which is potentially ascribed to the specific interaction between very late antigen-5 on the nanovesicle surface and pathologically upregulated fibronectin on injured cells. In a mouse pulmonary fibrosis model, these nanovesicles successfully deliver healthy mitochondria to injured lung epithelial cells through airway administration, resulting in a significant reduction in fibrotic progression. This study introduces a design of mitochondria-enriched biomimetic nanovesicles for effective and targeted mitochondria transfer, offering a nanotechnology-based strategy to advance mitochondrial transplantation therapy.",nature_html,0
A dependency map enhanced with next-generation 3D cancer models,https://www.nature.com/articles/s41586-026-10843-7,Nature,2026-08-05 00:00:00 UTC,2026-08-05 00:00:00+00:00,10.1038/s41586-026-10843-7,Francisca Vazquez,"Despite advances in precision oncology, effective personalized treatments are still lacking for most patients with cancer1. The Cancer Dependency Map (DepMap) accelerates this field by systematically identifying cancer vulnerabilities in diverse preclinical models. Data from over 1,300 cell lines have led to the discovery of new therapeutic strategies across multiple tumour types2. However, mapping cancer vulnerabilities using traditional cell lines has limitations, including insufficient cancer subtype representation and the impact of culture conditions on perturbation responses. Here we perform 147 genome-scale CRISPR screens and multi-omic characterizations of next-generation (NextGen) cancer models (organoids and spheroids) across 10 cancer types. This strategy enables the expansion of DepMap to cover new genomic and molecular subtypes and to identify new biomarker-associated vulnerabilities. These new models also preserve transcriptional programs that are silenced in traditional cell lines and facilitate the discovery of specific gene dependencies associated with these programs. Comparisons of traditional and NextGen cancer models enable further identification of distinct effects of growth format and culture medium on gene essentiality. The integrated dataset combines data from both model types to offer a valuable, expansive resource for exploring cancer vulnerabilities and is accessible via the DepMap portal. Integration of genome-scale CRISPR screening data from traditional cell lines and next-generation cancer models expands the representation of tumour subtypes and genomic alterations in The Cancer Dependency Map.",openalex,0
Upcycling of polyvinyl chloride into polyalphaolefin lubricants,https://www.nature.com/articles/s41586-026-10867-z,Nature,2026-08-05 00:00:00 UTC,2026-08-05 00:00:00+00:00,10.1038/s41586-026-10867-z,Guoliang Liu,"Polyvinyl chloride (PVC) is a thermoplastic used ubiquitously in households and industry owing to its light weight, mechanical strength, durability, low cost and ultraviolet and fire resistance1,2. With a production volume of about 60 million tonnes annually2, post-consumer and post-industrial PVC waste pose marked environmental challenges, such as leaching chlorohydrocarbons and additives, which contaminate groundwater and soil1-4. To address the formidable challenge of recycling PVC and achieving carbon circularity, valorization into high-value products is essential to mitigate the associated costs and offer high financial incentives for reusing plastic waste5-14. Here we report a method for upcycling PVC into high-value lubricants with controllable viscosities. Using AlCl3 at a mild temperature of 70 °C, PVC undergoes dechlorination, alkylation and chain scission, producing vinyl-derived polyalphaolefins (vPAO). PVC serves as an effective template for the alkylation of α-olefins of various chain lengths, producing vPAO with limited short branches in the backbone without the need for metallocene catalysts essential to current PAO technology. The PVC-derived lubricants exhibit tunable molar masses, kinematic viscosities at 100 °C (KV100 ≈ 14.9-26.3 centistokes), a low coefficient of friction (COF ≈ 0.08-0.15) and a high viscosity index (VI up to 130). This work highlights an economical approach to using PVC as a low-cost feedstock to synthesize high-value lubricants with superior tribological properties, meeting the demand for sustainability in both the plastic and lubricant industries.",pubmed,0
Two is company and three is a quantum interface,https://www.nature.com/articles/s41563-026-02674-8,Nature Materials,2026-08-05 00:00:00 UTC,2026-08-05 00:00:00+00:00,10.1038/s41563-026-02674-8,Ioan M. Pop,"Magnetic-field-resilient granular aluminium mediates nonlinear interactions in a microwave cavity–magnon system, enabling tripartite entanglement with implications for quantum transduction and detection.",rss_nature,0
Conversion of CO2 to CO by Solvated Electrons in Molten Salts,https://pubs.acs.org/aelccp/article/doi/10.1021/acsenergylett.6c02141/5243806/Conversion-of-CO2-to-CO-by-Solvated-Electrons-in,ACS Energy Letters: Latest Articles (ACS Publications),2026-08-05 00:00:00 UTC,2026-08-05 00:00:00+00:00,10.1021/acsenergylett.6c02141,Donald R. Sadoway,"Abstract We demonstrate CO2-to-CO conversion in a metal–molten salt solution containing solvated electrons generated by dissolving Ba in molten BaCl2. Rather than being confined to the electrode–electrolyte interface as in conventional electrochemical CO2 reduction, the process occurs throughout the molten salt and is sustained by regeneration of solvated electrons involving electrodeposition of liquid Ba metal followed by its dissolution.",crossref,0
Dual-Polarity Thermoelectric Generation from a Single Polymer-Dopant System,https://pubs.acs.org/aelccp/article/doi/10.1021/acsenergylett.6c01785/5246535/Dual-Polarity-Thermoelectric-Generation-from-a,ACS Energy Letters: Latest Articles (ACS Publications),2026-08-05 00:00:00 UTC,2026-08-05 00:00:00+00:00,10.1021/acsenergylett.6c01785,Guangzheng Zuo,"Abstract Seebeck coefficient sign inversion in highly doped organic semiconductors provides an unconventional route to dual-polarity thermoelectric generation without relying on unstable n-type materials, yet its physical origins remain poorly understood. Here, we demonstrate that systematic chemical doping can induce multiple Seebeck coefficient inversions, enabling access to both p-type and n-type thermoelectric regimes within a single material system. Kinetic Monte Carlo simulations quantitatively reproduce both our experiments and literature data and show that the polarity transitions arise from the interplay between density of states filling and the opening of a Coulomb gap near the Fermi energy. These results establish a unified framework for polarity inversion and identify the conditions required to achieve dual polarity through doping. Guided by this framework, we realize a conductivity-matched dual polarity thermoelectric generator based on a single polymer-dopant system, illustrating the broader potential of polarity control in organic thermoelectrics.",crossref,0
Large Polaron Screening Delays Mobility Roll-Off in Halide Perovskites under High Injection,https://pubs.acs.org/aelccp/article/doi/10.1021/acsenergylett.6c01114/5246483/Large-Polaron-Screening-Delays-Mobility-Roll-Off,ACS Energy Letters: Latest Articles (ACS Publications),2026-08-05 00:00:00 UTC,2026-08-05 00:00:00+00:00,10.1021/acsenergylett.6c01114,Matthew C. Beard,"Abstract The interplay between carrier density regimes and the various scattering processes is fundamental for understanding charge transport efficiency in high-performance semiconductors. Combining ultrafast time-resolved terahertz spectroscopy (TRTS) and transient microwave photoconductivity (TRMC), we measure carrier mobilities over 7 orders of magnitude (1013–1020 carriers cm–3), reaching a regime where carrier–carrier scattering dominates and mobility begins to roll off. We find the Caughey–Thomas model can be effectively employed for transport modeling in 3D metal halide perovskites (MHPs), and the mobility roll-off near ∼1019 cm–3 can be tuned by MHP composition. Carrier lifetime in MHPs starts decreasing at much lower carrier densities due to interband multi-carrier recombination, while intraband carrier mobility remains unchanged as carrier–carrier scattering is screened by the presence of polarons. The validated Caughey–Thomas model provides a practical input for device simulations, prevents overestimation of diffusion length under high injection, and suggests that MHPs are excellent candidates for unipolar device applications under high carrier densities.",crossref,0
Decoupling Sodium Metal Artifacts from Hard Carbon Electrochemistry in Sodium-Ion Batteries,https://pubs.acs.org/aelccp/article/doi/10.1021/acsenergylett.6c01946/5246579/Decoupling-Sodium-Metal-Artifacts-from-Hard-Carbon,ACS Energy Letters: Latest Articles (ACS Publications),2026-08-05 00:00:00 UTC,2026-08-05 00:00:00+00:00,10.1021/acsenergylett.6c01946,Clare P. Grey,"Abstract Hard carbon (HC) is the benchmark anode for commercial sodium-ion batteries, yet widespread misconceptions regarding its electrolyte-dependent kinetics continue to hinder its practical development. Currently, the field champions ether-based electrolytes over conventional carbonates, based almost entirely on conventional Na||HC half-cell testing. Here, we demonstrate that these comparisons may often be flawed due to chemical artifacts originating from the highly reactive Na-metal counter electrode. We establish an artifact-free, symmetric hard carbon (HC||HC) cell geometry to isolate intrinsic HC behavior. Combined with complementary NMR spectroscopy, we investigate the underlying mechanisms of Na-ion storage in HC. Galvanostatic cycling and temperature-dependent impedance analyses reveal that while ether electrolytes initially form a low-impedance solid electrolyte interphase (SEI), progressive degradation limits long-term cycling. Variations in the Na+ storage mechanism cause large solvent-dependent changes in the impedance and activation energy barriers. Thus, while ether electrolytes hold promise for high-rate applications, they suffer from poor long-term cycling. Ultimately, these findings correct misinterpretations in the literature, prompting a re-evaluation for Na storage mechanisms and guiding electrolyte selection for practical Na-ion batteries.",crossref,0
Electrostatic quantum nanocorral for composite charged excitons,https://www.nature.com/articles/s41565-026-02222-0,Nature Nanotechnology,2026-08-05 00:00:00 UTC,2026-08-05 00:00:00+00:00,10.1038/s41565-026-02222-0,Qiong Ma,"A tunable interface between flying photons and stationary quantum states is important for quantum networks. Quantum-confined charged excitons are attractive in this context because they combine single-photon emission with localized charge states. However, realizing nanoscale electrostatic confinement that is reversible, robust and spectroscopically resolvable remains challenging. Here we show luminous, quantum-confined charged excitons in monolayer WSe2 using an electrostatic quantum nanocorral. A quantum corral was first realized using scanning tunnelling microscopy, where individual adatoms are arranged in a ring on a metal surface to confine electronic standing waves. In our approach, monolayer WSe2 is gated through a nanoporous metallic monolayer less than 1-nm thick, which acts as an electric-field mask and defines confinement on ~10-nm length scales. This geometry creates distinct excitonic quasiparticle states inside and outside the nanopore, with ultrabright charged excitons confined by surrounding higher-energy neutral-exciton states. The resulting confinement produces pronounced energy splittings and clear spectroscopic signatures of discrete centre-of-mass modes. The electrostatic barrier is dynamically reconfigurable, allowing a crossover between zero- and two-dimensional excitonic states, while polarization-resolved measurements reveal signatures of fine-structure splitting. These results establish an electrically tunable route to controlling charged excitons for quantum light sources with adjustable brightness, energy and photon statistics.",pubmed,0
A charged cage for excitons,https://www.nature.com/articles/s41565-026-02240-y,Nature Nanotechnology,2026-08-05 00:00:00 UTC,2026-08-05 00:00:00+00:00,10.1038/s41565-026-02240-y,Jonas D. Ziegler,Nanoporous monolayer metal enables 0D quantum confinement of charged quasiparticles in a monolayer semiconductor.,rss_nature,0
"Improving interface-mediated carrier transport for efficient perovskite/Cu(In,Ga)Se2 tandem solar cells",https://www.nature.com/articles/s41560-026-02125-3,Nature Energy,2026-08-05 00:00:00 UTC,2026-08-05 00:00:00+00:00,10.1038/s41560-026-02125-3,Jianmin Li,"The performance of perovskite/Cu(In,Ga)Se2 tandem solar cells is limited by optical and electronic losses at the interfaces between layers. By engineering two of these interfaces, Zeng, Wang, Tang et al. achieve a certified efficiency of 30.57% and improved device stability.",rss_nature,0
Publisher Correction: Progressive plasticity during colorectal cancer metastasis,https://www.nature.com/articles/s41586-026-10963-0,Nature,2026-08-05 00:00:00 UTC,2026-08-05 00:00:00+00:00,10.1038/s41586-026-10963-0,Karuna Ganesh,"In the version of this article republished 9 January 2025, the surname of Francesco Cambuli was misspelled (Cambulli) and is now amended in the HTML and PDF versions of the article.",openalex,0
Junk plastic turns into high-value commodity with chemistry trick,https://www.nature.com/articles/d41586-026-02445-0,Nature,2026-08-05 00:00:00 UTC,2026-08-05 00:00:00+00:00,10.1038/d41586-026-02445-0,Nick Petrić Howe,"Researchers untangle the chemistry behind turning PVC into high-grade motor lubricant — plus, how engineered yeast can help make a cancer drug.",rss_nature,0
An expanded codebook of human transcription factor DNA-binding specificity,https://www.nature.com/articles/s41586-026-10798-9,Nature,2026-08-05 00:00:00 UTC,2026-08-05 00:00:00+00:00,10.1038/s41586-026-10798-9,Timothy R. Hughes,"Abstract
                  
                    Gene expression is regulated by transcription factors (TFs), which recognize specific DNA sequence motifs. Several hundred putative human TFs, identified mainly by an apparent DNA-binding domain, lack known binding motifs
                    1
                    . Furthermore, even for well-characterized TFs, it remains controversial the degree to which motifs accurately reflect binding sites in living cells
                    2
                    . Here we describe a systematic effort (‘Codebook’) to determine the sequence specificity of 332 putative and poorly characterized human TFs. More than 4,000 independent experiments, encompassing multiple in vitro and in vivo assays, produced motifs for just over half (177; 53%) of the TFs, of which most are associated with only a single protein. These results extend the vocabulary of sequence recognition encoded by human TFs by around 130 distinct motifs. Moreover, binding motifs identified in vitro are strongly enriched in cellular binding sites. Collectively, the data reveal tens of thousands of previously unknown, conserved and direct TF-binding sites across the human genome. These sites are concentrated in promoter regions and are predictive of gene expression. In summary, this new codebook provides an important step forward in decoding the human genome.",crossref,0
Ubiquitous Kelvin–Helmholtz instabilities driving plasma mixing on the Sun,https://www.nature.com/articles/s41586-026-10871-3,Nature,2026-08-05 00:00:00 UTC,2026-08-05 00:00:00+00:00,10.1038/s41586-026-10871-3,David A. Boboltz,"The interaction between the magnetic field and turbulent convection in the Sun's photosphere drives the dynamics, evolution and structuring of its magnetized atmosphere. This interaction often takes place at or below the spatial resolution of modern-day observations. Here we report on high-spatial-resolution observations of the solar photosphere acquired using the world's first 4-m class solar telescope, the US National Science Foundation's Daniel K. Inouye Solar Telescope. Time sequence images reveal a far more complex and dynamic solar scene than previously observed. We identify ubiquitous magnetized Kelvin-Helmholtz instabilities at the edges of magnetic flux concentrations and provide experimental confirmation of a long-standing theoretical prediction1,2. The discovery of small-scale magnetized Kelvin-Helmholtz instabilities in the solar photosphere, which can be reproduced by high-resolution numerical simulations, has far-reaching implications for our understanding of the creation and dissipation of magnetic fields exhibiting vortex motion, which can lead to flux braiding. Our results support the picture of disjoint magnetic field concentrations in layers below the visible solar surface that connect to monolithic flux regions visible as facular concentrations and pores in the solar photosphere. Kelvin-Helmholtz instabilities are an efficient mechanism for transporting mass, energy, momentum and magnetic flux in magnetohydrodynamic systems, and they offer transformative insights into processes in magnetically active regions such as the one observed here.",pubmed,0
ZFP36L2 orchestrates stress-adaptive plasticity in regeneration and cancer,https://www.nature.com/articles/s41586-026-10890-0,Nature,2026-08-05 00:00:00 UTC,2026-08-05 00:00:00+00:00,10.1038/s41586-026-10890-0,Karuna Ganesh,"Abstract
                  
                    Phenotypic plasticity is a hallmark of cancer
                    1
                    ; however the molecular switches required for cell-fate reprogramming are poorly understood. During intestinal wound-healing and colorectal cancer (CRC) metastasis, differentiated cells can dynamically dedifferentiate into an intestinal stem cell (ISC) state to drive epithelial regeneration and metastatic outgrowth
                    2–10
                    . Here we show that the RNA-binding protein ZFP36L2, which is mutated in 5–10% of CRC
                    11–15
                    , is a pivotal stress-responsive orchestrator of dynamic dedifferentiation. In mouse colon regeneration models, ZFP36L2 ablation inhibits dedifferentiation, ISC gene expression and function and impairs intestinal regeneration. In human CRC, loss of ZFP36L2 function abrogates metastatic seeding and the outgrowth of LGR5
                    +
                    canonical metastases while promoting lineage plasticity and non-canonical differentiation into heterogeneous cell states. Mechanistically, ZFP36L2 binds to stress-associated mRNAs that contain AU-rich 3′ untranslated regions, which induces the formation of dynamic biomolecular condensates associated with mRNA degradation and termination of the stress response. Together, these data show that ZFP36L2 acts as an important molecular switch that couples stress sensing with phenotypic plasticity. This in turn drives cellular dedifferentiation essential for re-establishing the ISC state during wound healing and metastasis. In ZFP36L2-deficient CRC, the inability to re-enter the LGR5
                    +
                    state during metastatic outgrowth promotes non-canonical lineage plasticity, which is associated with poor clinical outcomes.",crossref,0
In situ particle-to-fibre transformation of hydrogels for 3D printing,https://www.nature.com/articles/s41586-026-10883-z,Nature,2026-08-05 00:00:00 UTC,2026-08-05 00:00:00+00:00,10.1038/s41586-026-10883-z,Liliang Ouyang,"Structural anisotropy is ubiquitous in nature and governs orientation-dependent properties and functions1,2. Recreating biomimetic anisotropy in hydrogels-water-rich soft materials widely used in biomedicine-has proven challenging3. Here we report a phenomenon termed shear-extensional in situ particle-to-fibre transformation (SHIFT) and demonstrate the SHIFT printing of highly aligned hydrogel microfibres (5-30 μm in diameter). In SHIFT, particle-embedded hydrogel is extruded in a controlled manner, in which the discrete particles and surrounding matrix experience opposite phase transitions, concurrently transforming particles into well-aligned subvoxel microfibres. SHIFT establishes a methodology for creating anisotropy from droplets, which is dominated by extensional flow of sol-gel two-phase systems. It constitutes a versatile upstream manufacturing approach that can be readily adapted into three-dimensional printing and microfibre spinning scenarios in a highly accessible manner. The pronounced structural anisotropy enables the formation of exceptionally long myotubes in vitro and accelerates regeneration in volumetric muscle loss. By implementing an in situ subvoxel manufacturing process within flow, SHIFT expands the ability to process soft materials.",pubmed,0
Amygdala astrocyte primary cilium mechanisms contribute to stress behaviours,https://www.nature.com/articles/s41586-026-10874-0,Nature,2026-08-05 00:00:00 UTC,2026-08-05 00:00:00+00:00,10.1038/s41586-026-10874-0,Baljit S. Khakh,"Abstract
                  
                    Understanding how adverse life events trigger stress-related behavioural changes remains an unresolved challenge. The amygdala is integral to emotion and stress responses
                    1
                    and comprises astrocytes, neurons and other cells. Here we show that amygdala astrocytes contribute to stress-related behaviours through signalling mechanisms related to their primary cilia
                    2
                    . Amygdala astrocytes are altered during stress at the protein and gene expression level, display reduced expression of molecules related to primary cilia
                    3,4
                    and have morphologically short primary cilia
                    5,6
                    . G protein-coupled receptors (GPCRs) are central to astrocyte
                    7
                    and primary cilia
                    2,8,9
                    function. Therefore, we speculated that GPCR signalling activation might be beneficial in stress-related behavioural disorders. We identified amygdala astrocyte GPCRs as regulators of responses following stress. Chemogenetics and targeting of native sphingosine-1-phosphate receptor 1 (S1PR1) GPCRs led to the restoration of astrocyte primary cilia length, corrected molecular alterations and improved stress-related behaviours. Cilium-related genes were abundantly expressed in human amygdala astrocytes, with many displaying disrupted expression in stress-related brain disorders. S1PR1 was also highly expressed in amygdala astrocytes from human tissue. Selective genetic disruption of amygdala astrocyte primary cilia in mice altered some stress-related behaviours and gene expression of astrocytes and parenchymal cells. These data confirm that astrocytic cilia have important roles in this brain nucleus. In summary, amygdala astrocytes and their primary cilia are disrupted during stress, and their restoration is accompanied by stress-related molecular and behavioural improvements. Astrocyte primary cilia-related mechanisms may therefore provide new treatment strategies for stress-related and other brain disorders.",crossref,0
Thermally evaporated perovskite/silicon tandems via formamidinium eutectic,https://www.nature.com/articles/s41586-026-10970-1,Nature,2026-08-05 00:00:00 UTC,2026-08-05 00:00:00+00:00,10.1038/s41586-026-10970-1,Yi Hou,"Solution processing remains the dominant route to high-performance perovskite/silicon tandems, but it remains challenging to simultaneously achieve industrial scalability and long-term reliability.1-3 Thermal evaporation is more industrially viable, yet it has not been successfully demonstrated for large-area perovskite/Si tandems, largely due to the thermal degradation of formamidinium iodide (FAI) during high-temperature evaporation. Here, we synthesize a formamidinium-based eutectic (Eu) that lowers the effective evaporation temperature of FAI by an average of 36 °C - below its degradation threshold - thereby enabling stable FAI evaporation without thermal degradation. As a result, the evaporated perovskite films exhibit enhanced crystallinity and atomic-scale compositional homogeneity. Sequentially evaporated perovskite/Si tandems achieve a steady-state efficiency of 31.5% (1 cm2). Benefiting from the uniformity of evaporation, we further demonstrate the first thermally evaporated large-area perovskite/Si tandem on a commercial half-cut G12 wafer, delivering a steady-state efficiency of 30.0% (200 cm2). Scaling the device area from 1 to 200 cm2 incurs only a 3.99% relative efficiency loss, representing the lowest reported efficiency penalty for area scaling in perovskite-based tandems. The Eu-based tandem retains 95% of its initial efficiency after 2000 hours of damp-heat aging (85 °C/85% RH) and exhibits negligible power loss after two months of real-world outdoor operation.",nature_html,0
In Situ Interfacial Reconstruction Enables Sodiophilic and Ion‐Conductive Current Collectors for Anode‐Free Sodium Metal Batteries,https://advanced.onlinelibrary.wiley.com/doi/10.1002/aenm.71390?af=R,Wiley: Advanced Energy Materials: Table of Contents,2026-08-05 06:21:28 UTC,2026-08-05 06:21:28+00:00,10.1002/aenm.71390,Gongkai Wang,"ABSTRACT
                  
                    Anode‐free sodium metal batteries (AFSMBs) are promising for high‐energy‐density storage but are limited by poor Na plating/stripping reversibility on conventional current collectors, where insufficient sodiophilicity and unstable interfacial chemistry induce uneven sodium deposition and rapid sodium inventory loss. Here, an in situ interfacial reconstruction strategy is developed on an Al current collector by introducing SnF
                    2
                    into a PVDF‐HFP layer. A hot‐pressing‐induced redox reaction forms a prefabricated interfacial layer containing metallic Sn and AlF
                    3
                    , which further evolves during initial sodiation into a NaF‐rich organic/inorganic composite interphase. The uniformly distributed metallic Sn sites markedly reduce the Na nucleation barrier and promote high‐density nucleation, while the fluorine‐rich interphase lowers the Na
                    +
                    transport barrier and stabilizes the anode interface. Through the coupled regulation of nucleation behavior, ion transport, and interfacial stability, the reconstructed current collector enables dense and highly reversible Na deposition. As a result, asymmetric cells achieve 450 cycles at 5 mAh cm
                    −2
                    with an average CE of 99.91%, symmetric cells sustain stable cycling for over 1300 h at 90% depth of discharge, and AFSMBs deliver 84% capacity retention and 330 Wh kg
                    −1
                    under a cathode loading of 35.17 mg cm
                    −2
                    . This work offers an effective interfacial engineering strategy for practical AFSMBs.",crossref,0
Progress and Perspectives of In Situ Polymerized Solid‐State Electrolytes for Sodium Batteries,https://advanced.onlinelibrary.wiley.com/doi/10.1002/aenm.71378?af=R,Wiley: Advanced Energy Materials: Table of Contents,2026-08-05 06:22:04 UTC,2026-08-05 06:22:04+00:00,10.1002/aenm.71378,Yong‐Sheng Hu,"ABSTRACT
                  Sodium batteries have attracted considerable attention for large‐scale energy storage because of the abundance and low cost of sodium resources. Conventional liquid electrolytes still face substantial safety concerns. In contrast, solid polymer electrolytes can reduce reliance on volatile liquids but often exhibit limited room temperature ion transport and poor contact with porous electrodes. In situ polymerization offers a route to address these issues due to its compatibility with existing sodium‐ion battery manufacturing processes and its potential for scalable production. This review summarizes the advantages and limitations of in situ polymerization for sodium batteries, polymerization initiation conditions and mechanisms, fabrication strategies, and recent advances in sodium‐based in situ polymerized solid‐state electrolytes (SSEs). The key scientific and technological challenges at the current stage are further identified. Finally, future directions for sodium‐based in situ polymerized SSEs are discussed from the materials to the cell level, along with perspectives on structural design for solid‐state sodium‐ion batteries.",crossref,0
Beyond the Gold Standard: Towards Industrially Viable Electrodes for Durable Perovskite Solar Cells,https://advanced.onlinelibrary.wiley.com/doi/10.1002/aenm.71372?af=R,Wiley: Advanced Energy Materials: Table of Contents,2026-08-05 06:23:42 UTC,2026-08-05 06:23:42+00:00,10.1002/aenm.71372,Henry J. Snaith,"ABSTRACT
                  Perovskite solar cells have achieved high efficiencies but remain limited by instabilities. For the opaque metal rear electrode, Au is commonly used to achieve stable operation but is impractical for scalable photovoltaics due to cost. We investigate the effect of a 5 nm chromium (Cr) interlayer beneath low‐cost metals (Al, Ag, Cu) to inhibit metal interdiffusion. Cr/Al electrodes yield devices with high efficiencies (up to 24.7%) and operational stability comparable to reference devices using Au rear electrodes under heat and light stress, with raw material costs reduced by five orders of magnitude. At the front semi‐transparent electrode, through which sunlight will be incident, we identify indium diffusion from indium tin oxide (ITO) as a key degradation mechanism, revealed via depth‐resolved mass spectrometry. We demonstrate that replacing ITO with fluorine‐doped tin oxide (FTO) substantially improves stability. Combining both improvements, FTO with Cr/Al contacts, produces devices retaining &gt;66% of the initial efficiency after &gt;1000 h ageing at 75 °C under simulated sunlight. These results highlight the critical role of electrode selection on perovskite solar cell durability and provide a practical route toward stable and cost‐effective perovskite photovoltaics.",crossref,0
Dynamic Li+ Releasing‐Pulling Design of Weakly Coordinated Gel Polymer Electrolytes Realizing Practical Wide‐Temperature Lithium Metal Batteries,https://advanced.onlinelibrary.wiley.com/doi/10.1002/aenm.71386?af=R,Wiley: Advanced Energy Materials: Table of Contents,2026-08-05 06:25:50 UTC,2026-08-05 06:25:50+00:00,10.1002/aenm.71386,Haiming Xie,"ABSTRACT
                  
                    Polymer lithium metal batteries are promising for next‐generation high‐safety and high‐energy‐density applications, but their wide‐temperature operation is still limited by poor ion transport and interfacial side reactions. Herein, we develop a dynamic “releasing‐pulling” design for wide‐temperature propylene carbonate (PC)‐based gel polymer electrolytes (NSP‐GPE) featuring with weak Li
                    +
                    ‐polymer and Li
                    +
                    ‐PC coordination, simultaneously. Weak Li
                    +
                    ‐polymer coordination enabled by synergistic delocalized π‐electron transfer from the amide (─NH─CO─) and sulfuryl (O═S═O) groups, endows the NSP‐GPE with dynamic Li
                    +
                    pulling sites and reduced Li
                    +
                    decoupling energy barrier, ultimately delivering fast ion transport; Weak Li
                    +
                    ‐PC coordination established by the ─NH─CO─ group as stationary PC anchors via hydrogen bonding, sequesters PC from the Li
                    +
                    solvation sheath to facilitate Li
                    +
                    release, thereby reducing the Li
                    +
                    desolvation energy barrier and alleviating interfacial side reactions. Ultimately, the assembled Li||NCM811 cells show superior wide‐temperature (‐20∼60°C) electrochemical performances. A stable Ah‐level pouch cell with a high specific energy of 403.26 Wh kg
                    −1
                    and a high power density of 2866.8 W kg
                    −1
                    is also demonstrated, concurrently showing excellent safety under thermal and mechanical abuse. This work demonstrates that rational polymer structure engineering enables precise regulation of the coordination environment in GPEs, overcoming the inherent contradiction between ionic conductivity and interfacial stability.",crossref,0
Fluoride‐Ion Batteries: Unraveling the Fundamental Science for Next‐Generation Energy Storage,https://advanced.onlinelibrary.wiley.com/doi/10.1002/aenm.71391?af=R,Wiley: Advanced Energy Materials: Table of Contents,2026-08-05 06:30:33 UTC,2026-08-05 06:30:33+00:00,10.1002/aenm.71391,Sijiang Hu,"ABSTRACT
                  Fluoride‐ion batteries (FIBs) have recently gained scientific interest, primarily driven by the potential high‐energy‐density advantage. The considerable gap between fundamental knowledge and functional performance stems from unresolved scientific challenges intrinsic to the fluoride shuttle principle. Critical issues such as severe volume expansion in conversion‐type electrodes, poor fluoride‐ion mobility in solid electrolytes, and metastable electrode‐electrolyte interfaces represent critical scientific bottlenecks that limit electrochemical reversibility and cycle life. Moreover, the absence of consensus regarding evaluation methodologies and mechanistic descriptors prevents direct comparability across scientific investigations. In this Review, we discuss the fundamental electrochemistry of fluoride‐ion batteries, with a particular focus on charge‐transfer mechanisms, ion‐transport kinetics, and structural evolution in electrode and electrolyte materials. We further highlight the critical role of advanced characterization techniques in probing underlying reaction pathways and interfacial phenomena. Finally, we consider essential research directions required to establish a reliable knowledge base for this emerging field.",crossref,0
Nanoscale Adhesive Architecture Coordinates With Matrix Stiffness to Regulate Stem Cell Aging via Focal Adhesion‐Mediated Chromatin Remodeling and FOXO1 Activation,https://advanced.onlinelibrary.wiley.com/doi/10.1002/adma.73896?af=R,Wiley: Advanced Materials: Table of Contents,2026-08-05 06:36:27 UTC,2026-08-05 06:36:27+00:00,10.1002/adma.73896,Xiaojing Liu,"ABSTRACT
                  Stem cell aging critically limits the efficacy of regenerative biomaterials, yet how mechanical cues within the microenvironment modulate this process remains insufficiently understood. Here, we reveal that the nanoscale spacing of adhesive ligands imposes stiffness‐dependent effects on mesenchymal stem cell (MSC) senescence. Wider spacing (distance 150 nm) accelerates aging on stiff hydrogels (50 kPa) but mitigates it on soft hydrogels (5 kPa), relative to dense spacing (distance 30 nm). Using a molecular clutch‐based theoretical model, we demonstrate that ligand spacing and matrix stiffness cooperatively regulate cell behaviors through focal adhesion assembly. Enhanced focal adhesion formation amplifies stress fiber‐generated traction forces and nuclear envelope tension, leading to increased chromatin accessibility and transcriptional activation of FOXO1, a central regulator of cellular senescence. These mechanistic insights are further validated in vivo. Collectively, these findings delineate a mechanotransduction mechanism through which nanoscale adhesive architecture and matrix stiffness cooperatively govern stem cell aging.",crossref,0
Bridging In‐Plane Order to Macroscopic Isotropic Ultralight MXene–Graphene Aerogels,https://advanced.onlinelibrary.wiley.com/doi/10.1002/adma.74492?af=R,Wiley: Advanced Materials: Table of Contents,2026-08-05 06:45:36 UTC,2026-08-05 06:45:36+00:00,10.1002/adma.74492,Hai‐Bo Zhao,"ABSTRACT
                  
                    Precise nanosheet organization across length scales remains a challenge in translating the intrinsic properties of two‐dimensional (2D) materials into macroscopic porous architectures. Extending in‐plane nanosheet order to long‐range, three‐dimensional (3D) frameworks without structural collapse has been elusive. Here, we report an ultralight MXene–graphene aerogel that exhibits isotropic nanosheet organization spanning from the nanoscale to macroscopic porous networks. This architecture is realized through alginate‐induced liquid‐crystalline assembly coupled with rapid ice‐nucleation‐driven compaction. The isotropic framework homogenizes capillary stresses during drying, enabling ambient‐pressure fabrication of aerogels with an ultralow density of 9.0 mg cm
                    −
                    3
                    . Continuous long‐range, in‐plane isotropic stacking of nanosheets enables efficient electron transport along the pore walls, resulting in enhanced electromagnetic interference (EMI) shielding performance. This work establishes a general strategy for constructing porous multiscale isotropic nanosheet architectures.",crossref,0
In Situ Visualizing the Electric‐Field‐Driven Assembly of Gradient Carbon Dot Hydrogel Electrolytes for Stable Zinc Battery,https://advanced.onlinelibrary.wiley.com/doi/10.1002/adma.74436?af=R,Wiley: Advanced Materials: Table of Contents,2026-08-05 06:58:22 UTC,2026-08-05 06:58:22+00:00,10.1002/adma.74436,Xiaobo Ji,"ABSTRACT
                  
                    Aqueous zinc‐ion batteries (AZIBs) have seen increasing use of carbon dots (CDs) as functional additives; however, their interfacial regulation mechanisms remain unclear due to the lack of direct in situ visualization under realistic conditions. In this study, we develop an operando electrochemical–confocal coupled platform that enables real‐time tracking of fluorescent CDs under an applied electric field. Using this system, we directly visualize the electrophoretic migration and interfacial enrichment of CDs, providing clear evidence of their roles in electric‐field modulation and Zn
                    2+
                    flux regulation. Guided by this insight, a gradient‐structured poly(vinyl alcohol) (PVA) hydrogel electrolyte (2PVA@CDs) is in situ constructed via electric‐field‐driven assembly. Zn||Zn symmetric cells with 2PVA@CDs exhibit ultralong cycling stability over 6500 h at 1 mA cm
                    −2
                    and 1 mAh cm
                    −2
                    , and stable operation for 900 h at 85% depth of discharge. Combined experiments, finite element simulations, and density functional theory calculations reveal that CDs homogenize the interfacial electric field, regulate Zn
                    2+
                    flux, reduce the nucleation energy barrier, and suppress hydrogen evolution, thereby enhancing interfacial stability and overall electrochemical performance. This work clarifies the mechanistic role of CDs and establishes a general operando visualization strategy for functional additives in metal batteries.",crossref,0
Attention to heterogeneous information sources affects epidemic outcomes,https://www.pnas.org/doi/abs/10.1073/pnas.2604207123?mi=eymic2&af=R&access=on&content=articlesChapters&publication=pnas&sortBy=Earliest&target=default,Proceedings of the National Academy of Sciences: Keyword search for query,2026-08-05 07:00:00 UTC,2026-08-05 07:00:00+00:00,10.1073/pnas.2604207123,Simon A. Levin,"During an epidemic, disease transmission and human behavior are closely related: High infection levels trigger risk awareness and preventive behaviors, which suppress the transmission of disease. While these coupled dynamics have been heavily investigated, both in well-mixed populations and networked populations, less has been done to explore how different ways to establish the awareness of disease affect infection levels. This study presents a mathematical model of two interacting groups (populations) to investigate how epidemic outcomes are affected by the choice of information source, i.e., one’s own group and/or the other group. We demonstrate that for different physical contact patterns the system can undergo a bifurcation from a uniform endemic equilibrium to a nonuniform endemic equilibrium, resulting in a persistent infection level difference between groups that is driven by each group’s choice of its information source. Our results reveal strategies to minimize infection: 1) a group with low infection level benefits by prioritizing information from a group with high infection level thereby overestimating risk and 2) a group with high infection level benefits by accessing information only about its own infection level thereby avoiding underestimation of risk. These results emphasize the need to promote awareness of disease levels in addition to observation of antiepidemic measures. We highlight conditions under which strategies that benefit one group may conflict with strategies that benefit the total infection level of both groups.",crossref,0
RTF2 and CLASPIN localize CHK1 to the replication fork to control S-phase progression,https://www.science.org/doi/abs/10.1126/sciadv.aec3174?af=R,AAAS: Science Advances: Table of Contents,2026-08-05 07:00:00 UTC,2026-08-05 07:00:00+00:00,10.1126/sciadv.aec3174,Agata Smogorzewska,"The essential kinase ataxia telangiectasia and Rad3-related (ATR) monitors the replicative (S) phase of the cell cycle to ensure faithful propagation of genetic material. While much is known about the mechanisms governing ATR activity at replication forks, how its effector checkpoint kinase 1 (CHK1) is regulated to create a localized hub of CHK1 activity at sites of replication remains poorly understood. Here, we report that replication termination factor 2 (RTF2), an essential replisome-associated protein, is necessary for maintaining CHK1 signaling at replication forks. RTF2 interacts with CHK1 and functions alongside the core replicative helicase complex-interacting protein CLASPIN to tether CHK1 to sites of DNA replication, controlling replication rates and preventing premature mitotic entry. These findings uncover how RTF2 and CLASPIN poise CHK1 at replication forks to facilitate its activation by ATR, creating fork-localized CHK1 activity that fuels unperturbed S-phase progression and promotes genome stability by maintaining the intrinsic S-G
                    2
                    checkpoint.",crossref,0
Hybrid spatial organization and evidence for magnitude-independent neural coding of linguistic information during sentence production,https://www.science.org/doi/abs/10.1126/sciadv.aec0518?af=R,AAAS: Science Advances: Table of Contents,2026-08-05 07:00:00 UTC,2026-08-05 07:00:00+00:00,10.1126/sciadv.aec0518,Adeen Flinker,"Humans are the only species with the ability to systematically combine words to convey an unbounded number of complex meanings. This process is guided by combinatorial processes whose underlying neural mechanisms remain obscured by inherent limitations of noninvasive brain measures and a near-total focus on comprehension paradigms. Here, we address these limitations with high-resolution neurosurgical recordings (electrocorticography) and a controlled sentence production experiment. We uncover distinct cortical networks encoding word-level and higher-order information. These networks exhibited a hybrid spatial organization: broadly distributed across traditional language areas but with focal concentrations of sensitivity to semantic and structural contrasts in canonical language regions. In contrast to previous comprehension-based findings, we find that these networks are largely nonoverlapping. Most notably, higher-order linguistic information showed an unexpected dissociation from local activity magnitude. This result establishes an operational dissociation between activity magnitude and information content, pointing toward a potentially distinct neural coding scheme for higher-order language, with important implications for the neurobiology of language.",crossref,0
Sharp nanothorn-equipped ionogel microrobots for targeted periodontitis therapy,https://www.science.org/doi/abs/10.1126/sciadv.aeb6882?af=R,AAAS: Science Advances: Table of Contents,2026-08-05 07:00:00 UTC,2026-08-05 07:00:00+00:00,10.1126/sciadv.aeb6882,Xing Ma,"Periodontitis necessitates targeted therapy due to its high prevalence, progressive tissue destruction, and systemic disease links. Conventional mechanical debridement and pharmacological treatments are limited by complex periodontal barriers, including viscous crevicular fluid and resilient biofilms, which impede bacterial eradication and drug delivery. Here, we engineered magnetically actuated microrobots with gold nanothorns for disrupting biofilms and penetrating mucus barriers. Fabricated by encapsulating curcumin in antibacterial ionogel microspheres with asymmetric magnetic deposition and nanothorn functionalization, these microrobots enabled precise magnetic navigation in viscous media, while penetrating a biomimetic mucus analog, enhancing periodontal retention, and mechanically dislodging biofilms. Furthermore, ethanol-responsive release of curcumin enhanced its bioavailability, thereby scavenging free radicals and modulating macrophage phenotypes to alleviate inflammation. Guided by a toothbrushing-inspired handheld magnetic controller, microrobots evaluated using in vivo murine models demonstrated reduced inflammation, inhibited bone resorption, improved tissue health, and oral microbiota remodeling toward ecological balance, showing promise for targeted periodontitis therapy.",crossref,0
Snow-eater heat waves of the western United States,https://www.science.org/doi/abs/10.1126/sciadv.aeb3361?af=R,AAAS: Science Advances: Table of Contents,2026-08-05 07:00:00 UTC,2026-08-05 07:00:00+00:00,10.1126/sciadv.aeb3361,Andrew D. Jones,"Abrupt snowmelt, triggered by rain-on-snow events or “snow-eater heat waves,” can cause flooding, initiate or accelerate snow drought, and affect water availability. However, the characteristics (e.g., area, duration, and frequency), impacts, and trends of snow-eater heat waves have received little attention. To address this gap, we developed a method to identify snow-eater heat waves and estimate their melt potential using 20th Century Reanalysis version 3 air temperature data, the TempestExtremes algorithm, and an operational snowmelt model (SNOW-17) across 1850–2015. Melt season snow-eater heat waves typically last 3 to 5 days, with three to five events, doubling snowmelt rates. Seven of 11 spring superfloods are shown to coincide with snow-eater heat waves. Since the 1850s, snow-eater heat waves have increased in area and frequency, decreased in duration, and shifted earlier in the melt season. Incorporating snow-eater heat-wave impacts into SNOW-17 enhances extreme melt estimates, improving water management support tools.",crossref,0
"Dynamic prediction of HIV-related incomplete immune reconstitution: A multicenter, large cohort study using advanced joint modeling",https://www.science.org/doi/abs/10.1126/sciadv.aeb2781?af=R,AAAS: Science Advances: Table of Contents,2026-08-05 07:00:00 UTC,2026-08-05 07:00:00+00:00,10.1126/sciadv.aeb2781,Lijun Sun,"Incomplete immune reconstitution (IIR) is a serious complication affecting 10 to 40% of people living with HIV (PLWH) despite effective antiretroviral therapy, leading to increased morbidity and mortality. Current risk prediction models rely on single–time point measurements and lack dynamic assessment capabilities. We developed a dynamic joint prediction system for IIR risk (DJPSIIR) using Bayesian joint modeling to analyze longitudinal data from 21,862 PLWH across 31 Chinese provinces (2003–2024). The system integrates continuous CD4
                    +
                    T cell counts and CD4/CD8 ratios with clinical parameters to generate real-time risk predictions. DJPSIIR demonstrated strong discriminatory performance with area under receiver operating characteristic curves of 0.890 to 0.912 for 5- to 7-year predictions, consistently outperforming expert assessments and 19 machine learning algorithms across multiple validation cohorts. Our dynamic prediction system enables precise identification of high-risk individuals and could transform clinical decision-making by facilitating timely interventions to prevent IIR progression in HIV care.",crossref,0
Escalation dynamics and the severity of wars,https://www.science.org/doi/abs/10.1126/sciadv.aeb1705?af=R,AAAS: Science Advances: Table of Contents,2026-08-05 07:00:00 UTC,2026-08-05 07:00:00+00:00,10.1126/sciadv.aeb1705,Kristian Skrede Gleditsch,"Although very large wars remain an enduring threat in global politics, we lack a clear understanding of how some wars become large and costly, while most do not. There are three possibilities: Large conflicts begin with intense fighting, accumulate severity over a long duration, or escalate in intensity over time. Using detailed within-conflict data on civil and interstate wars (1946–2008), we show that escalation dynamics—variations in fighting intensity within an armed conflict—are the primary mechanism for producing large conflicts. Civil wars, however, tend to deescalate once they become very large, limiting their overall severity, while interstate wars exhibit a persistent risk of continual escalation. Simple models of within-conflict severity dynamics show that this distinction compactly explains the historical size distributions of civil and interstate wars, and unconditioned escalation is a plausible mechanism for Richardson’s law—the power law pattern in the frequency and severity of interstate conflicts. The dynamics of escalation within conflicts have broad implications for conflict theory and risk assessment.",crossref,0
Dual-parameter chiral detection at the single-particle level enabled by surface cosine waves,https://www.science.org/doi/abs/10.1126/sciadv.aeb0500?af=R,AAAS: Science Advances: Table of Contents,2026-08-05 07:00:00 UTC,2026-08-05 07:00:00+00:00,10.1126/sciadv.aeb0500,Xiaocong Yuan,"Accurately probing optical chirality at the single-particle level is essential for chiral molecular sensing, quantum optics, and enantioselective nanophotonic technologies. However, conventional chiroptical techniques rely on ensemble-averaged measurements, obscuring particle-to-particle heterogeneity. Although single-particle circular dichroism spectroscopy has achieved nanoscale resolution, it remains limited to intensity-only detection, omitting essential phase information. Here, we present a dual-parameter chiral sensing platform based on surface cosine waves (SCWs) that simultaneously captures amplitude and phase asymmetries at the single-particle level. SCWs create a polarization-balanced interferometric field comprising equal-amplitude left and right circular components with a built-in π phase offset. When interacting with a chiral scatterer, this symmetry is broken, encoding the structural handedness into two distinct metrics: circular scattering dichroism (CSD) and circular scattering retardance (CSR). Together, these metrics provide a comprehensive electromagnetic characterization of single-particle chirality. This method provides a robust, generalizable framework for high-sensitivity, single-particle chiral sensing, paving the way toward next-generation chiroptical metrology and device development.",crossref,0
Leveraging IGF signaling to improve the spatial organization and regenerative potential of iPSC-derived vascularized liver organoids,https://www.science.org/doi/abs/10.1126/sciadv.aea3814?af=R,AAAS: Science Advances: Table of Contents,2026-08-05 07:00:00 UTC,2026-08-05 07:00:00+00:00,10.1126/sciadv.aea3814,Kyung-Sun Kang,"Liver tissue engineering offers a promising alternative for end-stage liver disease, yet the recreation of functional vasculature remains a major bottleneck to clinical translation. Here, we developed vascularized liver organoids by integrating human induced pluripotent stem cell (iPSC)–derived hepatoblasts and endothelial cells into decellularized scaffolds functionalized with an anti-CD31 aptamer–based vascular coating agent (VCA). This facilitated spatially coordinated organization of vasculature and parenchyma. Spatial transcriptomic profiling and subsequent functional perturbation demonstrated IGF2-IGF1R-AKT/MAPK signaling as a key axis governing spatial organization and functional maturation of the liver organoids. Furthermore, exogenous IGF2 synergized with the VCA to augment the structural and functional refinement of liver organoids, which translated into markedly improved therapeutic outcomes following transplantation into a chronic liver failure mouse model. Collectively, these findings establish a comprehensive framework for generating physiologically relevant liver tissues from iPSCs and demonstrate the utility of spatial transcriptomics for uncovering regenerative mechanisms. This approach advances the feasibility of autologous, transplantable liver grafts for personalized regenerative therapy.",crossref,0
SARS-CoV-2 nucleocapsid induces hyperinflammation and vascular leakage through the Toll-like receptor signaling axis in macrophages,https://www.science.org/doi/abs/10.1126/sciadv.aea2780?af=R,AAAS: Science Advances: Table of Contents,2026-08-05 07:00:00 UTC,2026-08-05 07:00:00+00:00,10.1126/sciadv.aea2780,Melody M. H. Li,"A substantial proportion of hospitalized COVID-19 patients require ICU admission, often associated with an imbalance between antiviral responses and inflammatory signaling leading to uncontrolled cytokine secretion. The SARS-CoV-2 nucleocapsid (N) protein is a known immune antagonist, but its role in macrophage-driven cytokine storms is unclear. We demonstrate that N functions in a stimulus-specific manner, specifically amplifying extracellular and dampening intracellular RNA sensing. Moreover, we show that this is a conserved feature of pathogenic betacoronaviruses through distinct mechanisms. Our interaction networks with SARS-CoV-2 variant N proteins suggest that the Delta variant N drives inflammation through interactions with several proteins, most notably, cGAS. Profiling of secreted cytokines revealed that N disrupts the secretome in a variant-specific manner. Most notably, we found that supernatants from the Delta variant N–expressing macrophages dramatically disrupt heart endothelial barriers, implicating N in COVID-19–associated cardiac complications. Our findings highlight N-mediated immune imbalance as a driver of severe COVID-19 and identify N as a promising therapeutic target to mitigate hyperinflammation.",crossref,0
Early fate diversification of radial glial progenitors during corticogenesis,https://www.science.org/doi/abs/10.1126/sciadv.adw5487?af=R,AAAS: Science Advances: Table of Contents,2026-08-05 07:00:00 UTC,2026-08-05 07:00:00+00:00,10.1126/sciadv.adw5487,Marta Nieto,"Radial glial progenitors (RGPs) generate all projection neurons (PNs) in the cerebral cortex through incompletely understood processes. We combined Mosaic Analysis with Double Markers at embryonic stages (E)12.5 and E13.5 with early postnatal callosal tracing to dissect RGP lineage progression. We find that multipotent RGPs generate all extra-telencephalic (ET) and intra-telencephalic (IT) PNs via parallel sublineages that emerge simultaneously at neurogenesis onset. ET-PN production progresses exclusively via small, self-consuming lineages; IT-PN lineages feature RGPs generating large translaminar outputs. The early emergence of IT-PN–fated RGPs, coinciding with a switch to direct neurogenesis, contributes to the stereotyped population-level progression of the multipotent lineage. We also identify POU3F transcription factors as candidate regulators of IT-PN fate via noncanonical mitotic chromatin binding. The results support a model whereby IT- and ET-PNs arise from an early bifurcation and parallel specification within the multipotent RGP lineage.",crossref,0
Hyperedge approximation for stochastic processes on higher-order networks,https://www.pnas.org/doi/abs/10.1073/pnas.2619078123?mi=eymic2&af=R&access=on&content=articlesChapters&publication=pnas&sortBy=Earliest&target=default,Proceedings of the National Academy of Sciences: Keyword search for query,2026-08-05 07:00:00 UTC,2026-08-05 07:00:00+00:00,10.1073/pnas.2619078123,Joshua B. Plotkin,"Graphs provide a natural framework to describe processes shaped by pairwise interactions among agents. But many dynamical systems involve interactions within groups of three or more agents. Here, we develop the “
                    
                      
                        ℓ
                      
                    
                    -hyperedge approximation,” an analytical framework for stochastic processes on regular hypergraphs, in which each individual belongs to
                    
                      
                        k
                      
                    
                    groups of size
                    
                      
                        ℓ
                      
                    
                    . The framework accommodates both higher-order interactions that determine payoffs and higher-order processes for updating states in response to payoffs. For evolutionary games on hypergraphs, our analysis generalizes the classical
                    
                      
                        
                          b
                          /
                          c
                          &gt;
                          k
                        
                      
                    
                    rule for cooperation to the
                    
                      
                        ℓ
                      
                    
                    -player donation game; and it yields critical benefit-to-cost ratios for the nonlinear
                    
                      
                        ℓ
                      
                    
                    -player public goods game, which remains bounded as the degree grows. Applied to neutral complex contagions, where inheritance of states occurs within hyperedges rather than along parent–offspring edges, the framework gives a closed-form fixation probability, showing how a single complexity parameter governs the spread of rare types. Coupling the two processes produces a unified stochastic model of payoff-biased complex contagions in structured populations. Together, these results extend pair approximation from graphs to hypergraphs, accommodating multiway interactions and group-level inheritance with no pairwise analog.",crossref,0
A transposon-derived transcription factor senses ionic stress through phase separation to govern plant autophagy,https://www.pnas.org/doi/abs/10.1073/pnas.2617665123?mi=eymic2&af=R&access=on&content=articlesChapters&publication=pnas&sortBy=Earliest&target=default,Proceedings of the National Academy of Sciences: Keyword search for query,2026-08-05 07:00:00 UTC,2026-08-05 07:00:00+00:00,10.1073/pnas.2617665123,Jiaqi Sun,"Salt stress severely impairs plant growth through two distinct cellular insults: osmotic stress caused by water limitation and ionic toxicity resulting from excessive Na
                    +
                    accumulation. Although plant osmosensors have been identified, the mechanisms underlying ionic stress perception remain elusive. Salt stress also activates autophagy, a conserved degradation pathway that removes damaged organelles and protein aggregates to promote stress tolerance. In animals, master regulators such as transcription factor EB (TFEB) coordinate this response by activating autophagy genes across the pathway, but no analogous regulator has been identified in plants. Here, we show that MUSTANG4 (MUG4), a transcription factor derived from Mutator-like element (MULE) transposons, functions as an ionic stress sensor and the primary transcriptional driver of salt-induced autophagy in
                    Arabidopsis
                    . MUG4 responds to elevated monovalent cation concentrations, but not chloride anions or osmotic stress, thereby distinguishing ionic from osmotic stress. Ionic stress compacts the intrinsically disordered region (IDR) of MUG4 and drives liquid–liquid phase separation of the full-length protein, as demonstrated by Förster resonance energy transfer–fluorescence lifetime imaging, in vitro assays, and coarse-grained molecular dynamics simulations. Genome-wide in vivo CUT&amp;Tag sequencing and RNA sequencing reveal that MUG4 directly and coordinately activates autophagy genes spanning multiple functional stages of the pathway. IDR deletion abolishes phase separation, reduces autophagy gene activation and autophagic flux, and prevents the truncated protein from rescuing the salt-sensitive phenotype of
                    mug4
                    mutants. These findings identify a dedicated plant ionic stress sensor and establish a mechanistic link between exapted transposable elements, phase separation, and transcriptional stress responses, thereby integrating ionic stress perception with autophagy activation.",crossref,0
Checkpoint-insulated triple-signal artificial antigen-presenting cells drive antigen relay and systemic antitumor immunity,https://www.pnas.org/doi/abs/10.1073/pnas.2604171123?mi=eymic2&af=R&access=on&content=articlesChapters&publication=pnas&sortBy=Earliest&target=default,Proceedings of the National Academy of Sciences: Keyword search for query,2026-08-05 07:00:00 UTC,2026-08-05 07:00:00+00:00,10.1073/pnas.2604171123,Zhiping Zhang,"Dendritic cell (DC) vaccines offer professional antigen presentation but are often limited by suboptimal trafficking to lymphoid tissues, whereas whole tumor cell vaccines preserve antigenic diversity yet frequently lack coordinated activation cues for efficient T cell priming. Here, we report OncoAPC, an inactivated artificial antigen-presenting cell designed around a triple-signal priming logic: MHC-I-mediated antigen presentation (signal 1), CD80-mediated costimulation (signal 2) with checkpoint-insulating capacity, and incorporated IL-12 (signal 3). Mechanistically, OncoAPC directly activated T cells while partially insulating against PD-1 suppression through
                    cis
                    CD80:PD-L1 interactions and simultaneously engaged endogenous DCs to relay tumor antigens via cross-dressing and amplify lymphoid priming. Across multiple tumor models, OncoAPC showed broad therapeutic activity, including marked suppression of metastatic tumor burden and substantial control of established tumors, outperforming conventional DC vaccination. It further retained efficacy beyond the MC38 backbone and remained active when generated from human tumor cells or excised tumor-derived material. These findings establish OncoAPC as a scalable, broad-spectrum cancer vaccine platform that integrates antigenic diversity with DC-like functional precision.",crossref,0
An N-acetylated daropeptide modulates nematode development,https://www.pnas.org/doi/abs/10.1073/pnas.2617449123?mi=eymic2&af=R&access=on&content=articlesChapters&publication=pnas&sortBy=Earliest&target=default,Proceedings of the National Academy of Sciences: Keyword search for query,2026-08-05 07:00:00 UTC,2026-08-05 07:00:00+00:00,10.1073/pnas.2617449123,Qi Zhang,"The symbiotic bacterium
                    Photorhabdus
                    is a rich source of bioactive secondary metabolites that mediate tripartite interactions with nematodes and insect hosts. However, natural products of ribosomal origin remain largely underexplored within this ecological niche. Here, we report the identification of aphotorhaptin A, a darobactin-like peptide (daropeptide) natural product from
                    Photorhabdus asymbiotica
                    , which structurally features an ether crosslink and an N-terminal acetyl unit. Biosynthetic investigation uncovers aphotorhaptin A is matured via an unexpected leader cleavage step, and the subsequent N-terminal acetylation confers metabolic stability that maintains the hexapeptide scaffold integrity. Biochemical and structural studies demonstrate the acetyltransferase PasC exhibits remarkable substrate promiscuity, facilitated by an expansive active-site cavity that accommodates diverse acyl-CoA donors and peptide substrates. Unlike the antimicrobial darobactin, aphotorhaptin A appears to lack antibacterial activity but modulates nematode development, and this activity requires the ether crosslink and the N-terminal acetyl group in the hexapeptide scaffold. These findings expand the chemical and biosynthetic space of ribosomal peptide family and establish its link with nematode development and reproduction.",crossref,0
A structural and mechanistic atlas of NTD antibody neutralization and immune escape across SARS-CoV-2 prototype and its (sub-)variants,https://www.pnas.org/doi/abs/10.1073/pnas.2535385123?mi=eymic2&af=R&access=on&content=articlesChapters&publication=pnas&sortBy=Earliest&target=default,Proceedings of the National Academy of Sciences: Keyword search for query,2026-08-05 07:00:00 UTC,2026-08-05 07:00:00+00:00,10.1073/pnas.2535385123,Qihui Wang,"The N-terminal domain (NTD) of the SARS-CoV-2 spike (S) is a critical antibody target, yet its epitope organization, neutralization mechanisms, and immune evasion strategies remain incompletely resolved. Here, we classify NTD antibodies into nine spatially distinct classes (designated as NTD-1 to NTD-9), including a cryptic epitope defined here (NTD-8). Mechanistic studies reveal that NTD-5 and NTD-9 antibodies neutralize by inducing S1 shedding, thereby extending this mechanism to selected NTD-directed antibodies. Format profiling shows that while most NTD antibodies require bivalency, selected antibodies from NTD-3, NTD-5, and NTD-9 retain neutralizing activity in Fab form. Profiling 41 antibodies across prototype, Delta, and 17 Omicron subvariants defines an epitope-resolved escape landscape and enables dissection of three convergent evasion strategies: contact residue disruption, glycan shielding, and conformational remodeling. Notably, the KP.3.1.1 subvariant uses a dual escape mechanism in which ∆S31 introduces N30 glycosylation and substantially remodels the S27-R34 region, undermining recognition by both NTD-5 and NTD-9 antibodies. These findings provide a structural and mechanistic framework for rational vaccine and antibody design resilient to antigenic drift.",crossref,0
Direct visualization of carrier density modulation effect around individual charged impurities,https://www.pnas.org/doi/abs/10.1073/pnas.2536207123?mi=eymic2&af=R&access=on&content=articlesChapters&publication=pnas&sortBy=Earliest&target=default,Proceedings of the National Academy of Sciences: Keyword search for query,2026-08-05 07:00:00 UTC,2026-08-05 07:00:00+00:00,10.1073/pnas.2536207123,Shuai-Hua Ji,"Charged impurities are one of the dominant sources for carrier scattering in modern electronic devices, and their impact significantly increases as the size of devices approaches atomic limitation, making it essential to understand how carriers scatter off impurities at the atomic level. Despite the importance, the electronic transport behaviors, especially the local electrochemical potential distribution induced by electrical current, around charged impurities have remained experimentally elusive. Here, by using multiprobe scanning tunneling potentiometry, we directly visualize the dipolar potential distribution over a region of several nanometers around individual charged impurities in epitaxial bilayer graphene. The orientations of those dipoles, aligning or antialigning with local current, are dictated by charge polarities of impurities, providing direct evidence of the carrier density modulation effect proposed by Landauer in 1976. By in situ tuning local current directions, we demonstrate the active control of the orientations of these dipoles. Our studies advance the understanding of charged-impurity scattering from ensemble average to the single-impurity level and paves the way to explore more quantum transport phenomena at atomic scale.",crossref,0
Graded oxidation state calcium phosphate graphene oxide modulates the mechanical and biological behavior of bone matrices,https://www.pnas.org/doi/abs/10.1073/pnas.2537761123?mi=eymic2&af=R&access=on&content=articlesChapters&publication=pnas&sortBy=Earliest&target=default,Proceedings of the National Academy of Sciences: Keyword search for query,2026-08-05 07:00:00 UTC,2026-08-05 07:00:00+00:00,10.1073/pnas.2537761123,Cato T. Laurencin,"Calcium phosphate graphene (CaPG) is a promising reinforcement for polymeric bone matrices, yet the impact of graphene oxide (GO) oxidation on CaPG chemistry and matrix performance remains unclear. Our previous work demonstrated that 5 wt% CaPG provides optimal mechanical and biological performance of poly (lactic-co-glycolic acid) (PLGA) matrix. The present study isolates GO oxidation as the sole variable while maintaining a fixed 5 wt% CaPG loading. CaPG was synthesized under three oxidation conditions: Low Phosphate-High Oxygen at 50 °C, High Phosphate-High Oxygen at 100 °C, and High Phosphate-Low Oxygen at 156 °C and incorporated into the PLGA microspheres. Our results have shown that oxidation state regulates oxygen functional group density, calcium phosphate incorporation, hydrophilicity, and hydration behavior, which collectively modulate mechanical properties and osteogenic activity of the matrix. These findings demonstrate that oxidation can serve as a key tunable factor that generates distinct physicochemical and biological profiles, establishing oxidation programming as a practical approach for creating adaptable CaPG-reinforced PLGA matrices for diverse bone regeneration needs.",crossref,0
TPC1-dependent control of endosomal pH and transferrin uptake determines cellular iron status,https://www.pnas.org/doi/abs/10.1073/pnas.2602941123?mi=eymic2&af=R&access=on&content=articlesChapters&publication=pnas&sortBy=Earliest&target=default,Proceedings of the National Academy of Sciences: Keyword search for query,2026-08-05 07:00:00 UTC,2026-08-05 07:00:00+00:00,10.1073/pnas.2602941123,Christian Grimm,"Iron overload is a life-threatening disease. Without early diagnosis and treatment, it can cause severe organ damage and even premature death by irreversibly damaging organs such as the heart, pancreas, spleen, or liver. We report here that a gain-of-function mutation in the endolysosomal two-pore channel TPC1 (TPC1
                    I486T
                    ) causes iron overload in mice, whereas mice lacking TPC1 exhibit the opposite phenotype, iron deficiency. Endolysosomal patch-clamp experiments demonstrated a strong gain in both human and mouse TPC1 mutant channel activity compared to wild-type upon activation with the early endosome (EE) associated endogenous ligand phosphatidylinositol 3-phosphate. Mechanistically, it was found that uptake of iron bound to transferrin/transferrin receptor from the plasma membrane as well as the pH in EE, from where Fe
                    2+
                    is being released via DMT1 in a H
                    +
                    dependent manner strongly depend on TPC1 activity.",crossref,0
Mechanistic insights into mutations that cause diseases of phosphate dysregulation,https://www.pnas.org/doi/abs/10.1073/pnas.2603453123?mi=eymic2&af=R&access=on&content=articlesChapters&publication=pnas&sortBy=Earliest&target=default,Proceedings of the National Academy of Sciences: Keyword search for query,2026-08-05 07:00:00 UTC,2026-08-05 07:00:00+00:00,10.1073/pnas.2603453123,Kelly G. Ten Hagen,"Phosphate plays essential roles within the human body and levels are tightly controlled through conserved feedback loops. FGF23, a phosphate-regulating hormone produced in the bone, is regulated by the glycosyltransferase, GALNT3, whose expression is sensitive to circulating phosphate levels. GALNT3-mediated glycosylation of FGF23 confers protection from inactivating furin cleavage, thus allowing intact FGF23 to modulate phosphate reabsorption in the kidneys. Mutations in either FGF23 or GALNT3 are responsible for diseases of phosphate regulation, which can lead to growth defects, skeletal malformations, soft-tissue calcification, kidney failure, and death. However, the specific effects of many of these mutations remain poorly understood and effective treatments are lacking. Here, we employ an in vivo system that recapitulates the FGF23/GALNT3 axis to demonstrate the functional consequences of 11 GALNT3 patient mutations. We identify certain GALNT3 mutations that affect stability yet retain catalytic activity and thus may be targets for therapeutic approaches that enhance folding/stability. We present evidence that one previously reported pathogenic mutation is not pathogenic. We also demonstrate that two additional members of the GALNT family can glycosylate FGF23 and protect it from furin cleavage in cells. Finally, we examine three patient-derived FGF23 mutations and show they have unique effects on stability or secretion. This study provides detailed mechanistic information regarding patient mutations in both GALNT3 and FGF23 that result in disease and a functional platform for developing new approaches to treat diseases of phosphate dysregulation.",crossref,0
Hydrodynamic phase entrainment drives synchronization of sperm flagella,https://www.pnas.org/doi/abs/10.1073/pnas.2614989123?mi=eymic2&af=R&access=on&content=articlesChapters&publication=pnas&sortBy=Earliest&target=default,Proceedings of the National Academy of Sciences: Keyword search for query,2026-08-05 07:00:00 UTC,2026-08-05 07:00:00+00:00,10.1073/pnas.2614989123,Junhua Yuan,"Synchronization of sperm flagella may enhance reproductive fitness and offers an accessible model for studying biological coordination. However, a fundamental debate persists: while hydrodynamic models predict that fluid coupling alone can synchronize adjacent flagella, experiments on freely swimming sperm suggest that direct mechanical contact is required. This discrepancy likely reflects both idealized theoretical assumptions that neglect physiological heterogeneity and experimental limitations that preclude isolation of the hydrodynamic contribution. To resolve this, we developed a microfluidic trap array that immobilizes pairs of sperm cells while preserving their natural flagellar beating, enabling long-duration, high-precision measurements of phase dynamics under controlled hydrodynamic conditions. By analyzing the synchronization dynamics through the Adler equation—which accommodates the intrinsic frequency detuning of biological oscillators—we reveal that under head-fixed conditions, pure hydrodynamic coupling is sufficient to drive robust flagellar synchronization. Furthermore, we find that the coupling strength decays approximately linearly with interflagellar distance over physiologically relevant scales, and that flagellar phase fluctuations are dominated by low-frequency colored noise, challenging the ubiquitous white-noise approximation in active matter models. Going beyond the conventional phenomenological use of the Adler equation, we derive a phase–response function that traces its coupling term directly to the measured hydrodynamic flow field, thereby grounding the abstract phase dynamics in its physical basis in fluid mechanics. These results reconcile the theoretical–experimental divide regarding flagellar synchronization and establish a transferable framework for investigating collective behavior in diverse systems of nonidentical biological oscillators.",crossref,0
The evolution of the Earth’s surface iron cycle,https://www.pnas.org/doi/abs/10.1073/pnas.2608784123?mi=eymic2&af=R&access=on&content=articlesChapters&publication=pnas&sortBy=Earliest&target=default,Proceedings of the National Academy of Sciences: Keyword search for query,2026-08-05 07:00:00 UTC,2026-08-05 07:00:00+00:00,10.1073/pnas.2608784123,Dalton S. Hardisty,"Formation and burial of pyrite (iron sulfide) in marine sediments exert a fundamental control on atmospheric oxygenation and seawater buffering over geological timescales. However, little is known about how the formation and delivery of its precursor, reactive iron (Fe) oxide minerals, have evolved throughout Earth history. Secular variability in reactive Fe (including Fe oxides and pyrite) preserved in marine sediments is commonly attributed solely to redox changes. Here, we develop an approach to distinguish redox-driven influences from other controls on sedimentary reactive Fe, including the intensity of continental silicate weathering and the transfer of terrigenous particles to the ocean. We apply this framework to a compilation of reactive Fe data spanning 1,200 My of Earth history. Our results reveal persistently low proportions of reactive Fe from the Mesoproterozoic through the Cambrian, followed by a pronounced mid- to late Paleozoic rise and a subsequent decline in the late Cenozoic. This temporal pattern is inconsistent with a purely redox-driven control. Comparison with independent proxies for continental weathering and land-ocean sediment and solute fluxes suggests a strong coupling between reactive Fe burial, oxidative silicate weathering, and tectonically driven erosion. Notably, the mid- to late Paleozoic rise in reactive Fe coincided with the proliferation of land plants and increasing atmospheric oxygen. We propose a positive feedback where Earth-surface Fe cycling was both amplified by atmospheric oxygenation and contributed to it through its influence on pyrite burial in marine sediments.",crossref,0
The dynamics of introgression and parallel adaptation across North American Vitis species,https://www.pnas.org/doi/abs/10.1073/pnas.2607754123?mi=eymic2&af=R&access=on&content=articlesChapters&publication=pnas&sortBy=Earliest&target=default,Proceedings of the National Academy of Sciences: Keyword search for query,2026-08-05 07:00:00 UTC,2026-08-05 07:00:00+00:00,10.1073/pnas.2607754123,Brandon S. Gaut,"Hybridization between species can contribute to parallel adaptive events. However, the prevalence of introgression is rarely measured across multiple species, meaning that it is rarely integrated with landscape-scale processes or connected to adaptive repeatability. Here we analyzed whole-genome resequencing data from 639 accessions representing 48
                    Vitis
                    species.
                    Vitis
                    is notable for the domesticated grapevine (
                    Vitis vinifera
                    ), multiple economically important North American species, and as an example of a temperate adaptive radiation. We reconstructed individual- and species-level phylogenetic frameworks for the genus and performed population genetic analyses for 19 species. The analyses uncovered widespread evidence of introgression, comprising ~14% of the average
                    Vitis
                    genome. Introgression was associated with the geographic distribution between species, and highly admixed individuals were more frequently found near ecological niche margins. Genetic analyses further indicated that previously recognized hybrid taxa,
                    Vitis x doaniana
                    and
                    Vitis x champinii
                    , likely represent ongoing hybrid swarms rather than distinct lineages. We assessed patterns of adaptive repeatability across eight species with denser population sampling. For six of eight species, most detected selective sweeps overlapped with sweeps in other species; on average, more recently diverged species shared more overlapping sweeps. A coalescence-based composite likelihood approach inferred that parallel sweep events were driven mostly by introgression, although a substantial fraction (~40%) was attributed to selection on ancestral standing variation. By integrating population genomic data across many species, this study highlights the central role of shared genetic variation—and the driving force of hybridization—across an adaptive radiation.",crossref,0
Dasatinib reversibly disrupts T cell motility and activation in lymph nodes,https://www.science.org/doi/abs/10.1126/sciadv.aec5951?af=R,AAAS: Science Advances: Table of Contents,2026-08-05 07:00:00 UTC,2026-08-05 07:00:00+00:00,10.1126/sciadv.aec5951,Jens V. Stein,"The tyrosine kinase inhibitor dasatinib is prescribed as a first-line treatment for Philadelphia chromosome–positive leukemias and is increasingly used in other clinical settings. While dasatinib is effective and generally well tolerated, patients often experience a transient lymphocytosis attributable to a dasatinib-induced spleen contraction and an acute mobilization of splenocytes, as we have recently demonstrated in murine models and human patients. In contrast, the impact of dasatinib on lymphocyte surveillance of other secondary lymphoid organs, such as peripheral lymph nodes (LNs), has remained unclear. Here, we report that while dasatinib treatment selectively disrupted in vitro chemotaxis of B but not T cells, it caused a substantial, transient reduction of the in vivo interstitial motility in both subsets. The broad in vivo inhibition of T and B cell motility correlated with dasatinib-induced vasoconstriction of blood vessels and increased hypoxia within LNs. Pharmacological inhibition of the contraction-promoting factor Rho-associated coiled-coil kinase (ROCK) reversed dasatinib-induced LN hypoxia and rescued CD8
                    +
                    T cell motility. Last, dasatinib treatment delayed but did not inhibit dendritic cell–mediated CD8
                    +
                    T cell activation and proliferation within LNs. Overall, our findings uncover a dasatinib-induced transient disruption of the local adaptive immune system, which is distinct from the previously observed spleen contraction. From a clinical point of view, the disruption-recovery cycle of physiological immune surveillance induced by daily dasatinib treatment does not appear to cause a substantial impairment of key pathways underpinning CD8
                    +
                    T cell activation.",crossref,0
Unveiling previously undescribed circadian clock regulators and action mechanisms via TurboID-based profiling of the LWD1 interactome in Arabidopsis thaliana,https://www.pnas.org/doi/abs/10.1073/pnas.2618203123?mi=eymic2&af=R&access=on&content=articlesChapters&publication=pnas&sortBy=Earliest&target=default,Proceedings of the National Academy of Sciences: Keyword search for query,2026-08-05 07:00:00 UTC,2026-08-05 07:00:00+00:00,10.1073/pnas.2618203123,Shu-Hsing Wu,"The synchronization of the internal circadian clock with the external 24-h diel cycle is critical for plant growth and fitness. LIGHT-REGULATED WD proteins (LWDs) are essential for sustaining a precise and robust circadian clock in
                    Arabidopsis
                    [Y. Wang
                    et al.
                    ,
                    Plant Cell
                    23
                    , 486–498 (2011); J. F. Wu
                    et al.
                    ,
                    Nat Commun.
                    7
                    , 13181 (2016)]. However, the action mechanisms by which LWDs orchestrate the expression of clock genes remain largely elusive. We systematically identified 219 LWD1-interacting protein partners at three Zeitgeber times (ZTs) using a TurboID-mediated proximity labeling approach. Selected interacting proteins were experimentally verified as new regulators of the
                    Arabidopsis
                    circadian clock. Our data also support that LWD1-PSEUDO RESPONSE REGULATORS (PRRs)-TOPLESS (TPL) complex represses the morning gene
                    CIRCADIAN CLOCK ASSOCIATED
                    (
                    CCA1
                    ), shaping the expression trough of
                    CCA1
                    in the late afternoon/early evening under diel cycles. Our results revealed a new corepressor role of LWD1, working in conjunction with epigenetic regulators and transcription factors to underpin the precise operation of the circadian clock.",crossref,0
Localized immunomodulation with cytokine-producing cells to mitigate foreign body responses in rodents and a nonhuman primate,https://www.science.org/doi/abs/10.1126/sciadv.aec7053?af=R,AAAS: Science Advances: Table of Contents,2026-08-05 07:00:00 UTC,2026-08-05 07:00:00+00:00,10.1126/sciadv.aec7053,Omid Veiseh,"The efficacy of cell-based therapeutics is often compromised by host immune recognition of implanted cells and biomaterials, resulting in fibrotic encapsulation and loss of function. Here, we address this challenge with an immunomodulatory cell-based therapy, in which alginate-encapsulated retinal pigment epithelial cells continuously secrete cytokines to locally modulate the implant microenvironment. In a healthy rodent model, the localized production of interleukin-10 (IL-10) or IL-12 from encapsulated cytokine-producing cells prevented foreign body response to alginate capsules. Mechanistically, treatment was associated with reduced expression of profibrotic genes and immune shifts consistent with macrophage and T cell regulation, supporting a cytokine-mediated mitigation of foreign body response. In a diabetic murine model (streptozotocin-induced C57BL/6J), coimplantation of human islets with IL-10–producing cells attenuated pericapsular fibrosis, preserved islet viability, and restored normoglycemia for up to 100 days (4.76 times longer than islets alone). Notably, IL-10–producing cells were also effective in enabling the durability and function of encapsulated cells in a healthy nonhuman primate, showing translational feasibility. Collectively, these findings suggest that localized cytokine delivery can reduce fibrotic encapsulation and support durable graft function, offering a path to lessen reliance on systemic immunosuppression in islets transplantation and other implantable biomaterial therapies.",crossref,0
Cohesin facilitates nucleosome invasion by transcription factors,https://www.science.org/doi/abs/10.1126/sciadv.aef1603?af=R,AAAS: Science Advances: Table of Contents,2026-08-05 07:00:00 UTC,2026-08-05 07:00:00+00:00,10.1126/sciadv.aef1603,Lu Bai,"Nucleosomes present a major barrier to transcription factor (TF) binding. However, a subgroup of TFs known as pioneer factors (PFs) can recognize motifs covered by nucleosomes and initiate chromatin opening. PFs also bind nucleosomal substrates with high affinity in vitro, which may facilitate their nucleosome invasion in vivo. Here, we show that LexA, a bacterial TF with poor nucleosome binding in vitro, can rapidly invade into a well-positioned nucleosome from a motif positioned at the dyad when expressed ectopically in yeast. This notable contrast between LexA binding in vitro and in vivo raises the possibility that TFs can exploit nucleosome dynamics in vivo to access occluded sites. Unexpectedly, we find that LexA-mediated chromatin opening can occur in the absence of DNA replication, chromatin remodeling, histone turnover, and a few histone chaperones. Instead, nucleosome invasion by LexA and a native PF, Cbf1, is promoted by the cohesin complex, illustrating an intriguing connection between cohesin and TF binding. Together, our results demonstrate that even nonpioneer TFs like LexA can bind and displace nucleosomes in vivo, through a process facilitated by cohesin.",crossref,0
"SCHEPHERD: A modular, programmable, direct current platform to control cell behavior",https://www.science.org/doi/abs/10.1126/sciadv.aed5802?af=R,AAAS: Science Advances: Table of Contents,2026-08-05 07:00:00 UTC,2026-08-05 07:00:00+00:00,10.1126/sciadv.aed5802,Daniel J. Cohen,"Spanning frogs, fish, and humans, direct current (dc) bioelectric cues play critical roles beyond neuromuscular function, such as modulating morphogenesis, immune response, and healing through electrotaxis—electrically directed cell migration. Harnessing this potential requires dedicated, versatile tools. However, standardized, accessible, and reproducible infrastructure capable of dc stimulation remains a challenge. We present SCHEPHERD: a universal, electrobioreactor integrating eight stimulation channels and modular inserts to enable most electrotaxis assays in one device (cells, monolayers, and 3D spheroids) while enabling powerful, expanded capabilities. SCHEPHERD revealed through parameter sweeps that dc fields act like a “steering wheel and gas pedal” for cell migration. We then used live confocal imaging to observe electrically reprogrammed F-actin dynamics. Last, our multipolar inserts generated complex spatial electrical patterns that reorganize engineered tissue dynamics. By substantially improving accessibility through modularity and an open-source, graphically programmed, stand-alone stimulator, we hope that SCHEPHERD can help broaden the community studying these important dc bioelectric phenomena.",crossref,0
"Bioinspired architected catalyst for efficient water purification: Bridging reactivity, reusability, and catalytic component utilization",https://www.science.org/doi/abs/10.1126/sciadv.aeb0624?af=R,AAAS: Science Advances: Table of Contents,2026-08-05 07:00:00 UTC,2026-08-05 07:00:00+00:00,10.1126/sciadv.aeb0624,Xiaoyan Li,"Achieving highly efficient water purification remains a formidable challenge due to intricate coupling among catalytic efficiency, mechanical robustness, and mass transport. Here, we create a bioinspired architected catalyst featuring microscale shell-based frameworks with atomically dispersed Mn-N
                    4
                    sites, fabricated by digital light processing and ultrasonic decoration. Their synergy—where the starfish- and bone-inspired architecture minimizes stress concentration for reusability and enhances pollutant-site contact for mass transport, while the Mn-N
                    4
                    sites facilitate •OH-mediated oxidation—collectively amplifies overall performance beyond the contributions of either component alone. Compared with conventional pellet catalysts, the architected catalyst exhibits a 22.1-fold increase in strength and a 4.56-fold increase in normalized reaction kinetics, resulting in more than 95% degradation with 0.08% active component consumption. It occupies the previously unattained region in the catalytic efficiency (
                    K
                    value) versus metal utilization (active component content) diagram of reported powder and supported catalysts. This work demonstrates a generalizable strategy for designing catalysts that unite reactivity, reusability, and catalytic component utilization.",crossref,0
Assembly-formed bioorthogonal chimeric artificial receptors enable high-contrast fluorescence imaging of tumors,https://www.science.org/doi/abs/10.1126/sciadv.aed9403?af=R,AAAS: Science Advances: Table of Contents,2026-08-05 07:00:00 UTC,2026-08-05 07:00:00+00:00,10.1126/sciadv.aed9403,Hongwen Liang,"Conventional receptor-targeted fluorescent probes have shown promise in tumor imaging, yet achieving a high tumor-to-normal (T/N) tissue ratio in vivo remains challenging due to limited biomarker density on tumor cell membranes. Here, we present an in situ assembly strategy of bioorthogonal-functionalized chimeric artificial receptors (BCARs) that locally constructs BCARs on tumor surfaces, which amplify fluorescence signals and enable high-contrast imaging. Rapid, selective membrane engineering under physiological conditions increases effective receptor density, enhancing fluorophore binding and tumor visualization. Mechanistic studies reveal that BCARs exhibit exceptional membrane retention and spatial precision, sustaining signal amplification in heterogeneous tumor microenvironments. In air-pouch and orthotopic bladder cancer models, BCARs notably improve the T/N imaging ratio and tumor boundary delineation. Translational validation with surgical specimens from 14 patients with bladder cancer confirms clinical feasibility. This work establishes a versatile platform for on-site receptor reprogramming and signal amplification, offering a powerful tool for high-contrast tumor margin detection.",crossref,0
Intermediate stages in the origin of metabolism at a phosphorylating hydrothermal vent,https://www.science.org/doi/abs/10.1126/sciadv.aef3128?af=R,AAAS: Science Advances: Table of Contents,2026-08-05 07:00:00 UTC,2026-08-05 07:00:00+00:00,10.1126/sciadv.aef3128,William F. Martin,"The origin of life required the emergence of metabolism, an autocatalytic network of enzymatic reactions that synthesize amino acids, nucleotides, and cofactors. At the origin of metabolism, there were no enzymes—how did it start? Empirical studies addressing early metabolic evolution are lacking. Harnessing protein structures for metabolic enzymes, we identify intermediate states in primordial metabolic assembly. We show that enzymatic metabolism in the universal common ancestor was incomplete, undergoing final assembly independently in the lineages leading to bacteria and archaea. Native transition metals—iron, cobalt, nickel, and palladium—served as the catalytic forerunners of both enzymes and cofactors at metabolic origin, while phosphite supplied energy, as it phosphorylates adenosine 5′-monophosphate to adenosine 5′-diphosphate and serine to phosphoserine using native metal catalysts in water. Phosphite and native metals occur in serpentinizing hydrothermal systems, identifying an energy-supplying, catalytic site of metabolic origin. Cofactors liberated nascent metabolism from native metal catalysts, engendering its autocatalytic state.",crossref,0
Multi-component gradients in 3D host frameworks enabled stack-type zinc plating/stripping for highly durable aqueous Zn-ion batteries,https://www.science.org/doi/abs/10.1126/sciadv.aeh4699?af=R,AAAS: Science Advances: Table of Contents,2026-08-05 07:00:00 UTC,2026-08-05 07:00:00+00:00,10.1126/sciadv.aeh4699,Zhong Jin,"Developing dendrite-free zinc metal anodes with high durability poses a great challenge for aqueous zinc-ion batteries. Herein, we propose an in situ constructed 3D restrained host frameworks with multi-component gradients that induces a controllable and rapid stack-type zinc plating/stripping behavior, enabling a unique “first-in/last-out” mode. Typically, hydrophobic amino-functionalized polysilane passivation layer and zincophilic Ag nanoparticles are successively self-assembled on carbon paper scaffold to form opposite concentration gradients, namely
                    g’
                    -Ag/
                    g
                    -PSiO
                    x
                    -NH
                    2
                    /CP. The
                    g
                    -PSiO
                    x
                    -NH
                    2
                    inhibits side-reactions and promotes Zn
                    2+
                    desolvation, meanwhile the
                    g’
                    -Ag guides preferential Zn
                    2+
                    deposition. Consequently, the zinc-deposited
                    g’
                    -Ag/
                    g
                    -PSiO
                    x
                    -NH
                    2
                    /CP electrodes exhibit high Coulombic efficiency and long cyclability, surpassing 5000 hours at 10 mA cm
                    −2
                    /10 mAh cm
                    −2
                    in symmetric cells. The as-assembled Zn||MnO
                    2
                    full batteries deliver a specific capacity of 200.1 mAh g
                    −1
                    with 82.2% retention after 800 cycles. Large-size pouch-type battery with zinc-deposited
                    g’
                    -Ag/
                    g
                    -PSiO
                    x
                    -NH
                    2
                    /CP anode and high-loading MnO
                    2
                    cathode (∼15 mg cm
                    −2
                    ) also exhibit good rate capability and cyclability. This scalable strategy offers a feasible solution to develop high-durability rechargeable metal-based batteries.",crossref,0
Quantitative reconstruction of the Yiwu Jurassic Forest in Northwest China and high forest productivity in the Middle Jurassic,https://www.science.org/doi/abs/10.1126/sciadv.aeh1682?af=R,AAAS: Science Advances: Table of Contents,2026-08-05 07:00:00 UTC,2026-08-05 07:00:00+00:00,10.1126/sciadv.aeh1682,Zhuo Feng,"Forests constitute the dominant terrestrial ecosystems and play a critical role in global carbon cycling. However, the changing structure and function of forests through geological time remain poorly understood due to the scarcity of in situ fossil forests preserving detailed and physiologically important anatomical characters. On the basis of 78 in situ permineralized conifer stumps in the Yiwu Jurassic Forest of Xinjiang, China, we quantitatively reconstruct the forest using paleobotanical observations and ecological analyses. We found that this fossil forest has a random tree distribution with an average density of 126 trees per hectare, showing limited postestablishment competitive thinning; its estimated canopy height ranged from 10.47 to 43.95 meters, stand-level biomass was 276,192 to 386,946 kilograms per hectare, and a notable net primary productivity of 21.11 to 31.9 t/hm
                    2
                    ·a, which is three times higher than that of modern temperate conifer forests. Elevated temperature and atmospheric
                    p
                    CO
                    2
                    in the Middle Jurassic probably contributed to this high productivity. Our study indicates that tree density, canopy height, and biomass equivalent to modern forests had already emerged by the Middle Jurassic and that forests were functioning as major terrestrial carbon sinks.",crossref,0
Dynamic twisting and imaging of moiré crystals,https://www.science.org/doi/abs/10.1126/sciadv.aeg5362?af=R,AAAS: Science Advances: Table of Contents,2026-08-05 07:00:00 UTC,2026-08-05 07:00:00+00:00,10.1126/sciadv.aeg5362,Monica T. Allen,"Moiré superlattices in stacked two-dimensional crystals are powerful platforms for engineering correlated and topological quantum phases, with twisted graphene and transition metal dichalcogenides as prominent examples. Their angle-sensitive band structures enable rich tunability; however, conventional tear-and-stack methods fix the angle at assembly, limiting systematic exploration of angle-dependent phenomena. Here, we present a scanning probe–based manipulation scheme that enables in situ, continuous postfabrication twist control using nanostructured metal rotors. We demonstrate reproducible angle tuning and direct moiré imaging across three platforms: graphene, hexagonal boron nitride, and encapsulated, air-sensitive MoTe
                    2
                    . Quantitative piezoresponse force microscopy analysis confirms subdegree precision with minimal induced heterostrain, preserving sample quality even in the marginally twisted regime. Crucially, the device architecture maintains open access to the active region, allowing optical, scanning probe, and transport measurements. This work enables single-device mapping of the angular phase diagram of moiré material including the minimally twisted regime.",crossref,0
Nucleic acid probe-functionalized self-powered sensor for detection of biomarkers in clinical urine samples,https://www.science.org/doi/abs/10.1126/sciadv.aeg5086?af=R,AAAS: Science Advances: Table of Contents,2026-08-05 07:00:00 UTC,2026-08-05 07:00:00+00:00,10.1126/sciadv.aeg5086,Fan Xia,"Triboelectric nanogenerator (TENG)-based self-powered biosensors can reduce ecological risks from energy storage device disposal and complex electronics manufacturing, offering cost-effective and eco-friendly diagnostic methods. However, in the intricate charge environment of urine, existing devices are difficult to specifically capture targets and produce recognizable changes in surface charge and the resulting electrical signals, leading to insufficient detection specificity and sensitivity. Herein, for the first time, the problem is addressed by a TENG-based self-powered sensor for clinical urine detection. Self-charged nucleic acid probe modification and targeted conformational change induce specific surface charge variation; regulating system ionic strength matches Debye length with probe conformational scale to maximize this variation. A double-electrode device efficiently converts surface charge changes into distinct output signals, boosting sensing performance in intricate charged environments. This sensor achieves sensitive detection of ATP (269 pM) and miR-21 (328 pM) in artificial urine, effectively monitors urinary ATP elevation in cystitis patients, showing potential for low-cost, easy-to-operate home health monitoring, promoting health equity.",crossref,0
Emergent cooperative superstructures via order-disorder kinetics in molecular intercalation superlattices,https://www.science.org/doi/abs/10.1126/sciadv.aeg4785?af=R,AAAS: Science Advances: Table of Contents,2026-08-05 07:00:00 UTC,2026-08-05 07:00:00+00:00,10.1126/sciadv.aeg4785,Naoya Kanazawa,"Molecular intercalation superlattices, formed by inserting organic molecules into van der Waals crystals, create inorganic-organic hybrid interfaces that have enabled a variety of emergent phenomena. Traditionally, the intercalated molecules have been regarded as inactive spacers, while their collective ordering have remained largely unexplored. Here, we report the discovery of a cooperative superstructure phase in molecule-intercalated niobium diselenide (NbSe
                    2
                    ), where ordering of the guest molecules induce a superstructure in the NbSe
                    2
                    host lattice, characterized by a moiré structure due to incommensurability between molecular and inorganic lattices. Thermal-quench measurements show that the transition is governed by slow order-disorder kinetics, contrasting with fast charge or magnetic ordering in inorganic solids. Our findings establish molecular ordering as a route for engineering heterointerfaces, enabling thermally programmable superstructures.",crossref,0
Atomically precise Au24(SR)20 nanoclusters with multiemission,https://www.science.org/doi/abs/10.1126/sciadv.aeg4730?af=R,AAAS: Science Advances: Table of Contents,2026-08-05 07:00:00 UTC,2026-08-05 07:00:00+00:00,10.1126/sciadv.aeg4730,Rongchao Jin,"Atomically precise metal nanoclusters (NCs) offer distinct platforms for exquisite control over photophysics, yet their complex photoluminescence (PL) mechanisms remain elusive. Here, we investigate a correlated series of Au
                    24
                    (SR)
                    20
                    with the same core but different R groups, revealing a unified triple-emission mechanism modulated by the R groups. By integrating cryogenic PL, femtosecond transient absorption and time-resolved electron paramagnetic resonance, we provide the first direct experimental “fingerprint” of short-lived excited triplet state (T
                    1
                    ) of ∼350-nanosecond lifetime at room temperature, resolving the exciton relaxation cascade from the initial singlet state (S
                    1
                    ) to a distorted singlet state with charge-transfer character to a T
                    1
                    . These states contribute to multiemission (600 to 1400 nanometers, visible to near-infrared). Crucially, the R group symmetry of the 3,5-dimethylbenzylthiolate ligand-induced locking increases the kinetic barrier for structural distortion. This rigidity inhibits S
                    1
                    rotational relaxation and decelerates intersystem crossing, yielding enhanced solution fluorescence. This study proposes a paradigm for designing efficient, multiemissive NCs by manipulating the excited-state dynamics and spin character.",crossref,0
Renoprotective effects of tubular glucagon receptor activation mediated by V-ATPase,https://www.science.org/doi/abs/10.1126/sciadv.aeg2534?af=R,AAAS: Science Advances: Table of Contents,2026-08-05 07:00:00 UTC,2026-08-05 07:00:00+00:00,10.1126/sciadv.aeg2534,Hongting Zheng,"Recent clinical trials have shown that dual GLP-1R/GCGR agonists, including mazdutide and cotadutide, provide kidney benefits in patients with type 2 diabetes and CKD, suggesting a potential contribution of GCGR activation to these renal effects. However, whether GCGR directly confers renoprotection and the underlying mechanisms remain unclear. Here, using tubule-specific GCGR loss- and gain-of-function mouse models and human kidney samples, we show that tubular GCGR signaling exerts an important renoprotective role in DKD. Tubular GCGR expression is reduced in humans and mice with DKD and correlates with worse kidney function and increased renal injury. Genetic ablation of tubular GCGR markedly exacerbates DKD and induces pronounced phospholipid accumulation within enlarged lysosomes. Mechanistically, GCGR loss disrupts its association with the V-ATPase V1A subunit ATP6V1A, compromises V1-V0 assembly, and thereby impairs lysosomal acidification. This defect leads to impaired phospholipid hydrolysis and protease maturation, blockade of autophagic flux, and ultimately tubular cell injury. In vivo, ATP6V1A overexpression markedly reverses GCGR deficiency-induced lysosomal dysfunction and DKD progression. Consistently, re-expression of tubular GCGR via AAV9 restores lysosomal function, reduces phospholipid accumulation, and mitigates renal injury in DKD. Together, these findings provide genetic evidence for the renoprotective role of tubular GCGR in DKD, delineate a kidney-intrinsic GCGR-ATP6V1A-lysosome axis that protects tubular integrity, and extend prior GCGR-in-kidney observations into a more concrete GCGR-lysosome mechanism.",crossref,0
Development of a structurally distinct TopBP1 inhibitor that enhances PARP blockade and reverses osimertinib resistance,https://www.science.org/doi/abs/10.1126/sciadv.aeg1996?af=R,AAAS: Science Advances: Table of Contents,2026-08-05 07:00:00 UTC,2026-08-05 07:00:00+00:00,10.1126/sciadv.aeg1996,Weei-Chin Lin,"Therapeutic resistance remains a major challenge in cancer treatment, driven by compensatory signaling and stress response pathways that sustain tumor survival. Topoisomerase IIβ-binding protein 1 (TopBP1), a multifunctional scaffold protein with nine BRCT domains, integrates replication stress signaling with oncogenic networks and is frequently overexpressed in aggressive cancers. Its BRCT7/8 domains mediate critical interactions with E2F1, mutant p53, MIZ1, PLK1, and CIP2A, making TopBP1-BRCT7/8 an attractive therapeutic target. Using docking-guided screening and structure-activity relationship–driven optimization, we developed CS18 as a potent and selective BRCT7/8 inhibitor that disrupts oncogenic TopBP1 complexes without interfering with DNA replication. CS18 suppresses MYC transcriptional programs, restores E2F1-mediated apoptosis, and induces mitotic catastrophe. It exhibits broad-spectrum anticancer activity and synergizes with poly(ADP-ribose) polymerase (PARP) inhibitors in multiple cancer types and enhances osimertinib sensitivity in
                    EGFR
                    -mutated non–small cell lung cancer (NSCLC) cells. CS18 demonstrates efficacy in patient-derived breast cancer xenografts and overcomes osimertinib resistance in refractory NSCLC in vivo. These findings establish CS18 as a chemically distinct TopBP1 inhibitor with translational potential to overcome therapeutic resistance and advance precision oncology.",crossref,0
Artificial Neptune balls: Superadhesive biomimetic networks for broad-size microplastics capture and removal,https://www.science.org/doi/abs/10.1126/sciadv.aeg0819?af=R,AAAS: Science Advances: Table of Contents,2026-08-05 07:00:00 UTC,2026-08-05 07:00:00+00:00,10.1126/sciadv.aeg0819,Orlin D. Velev,"The cleanup of persistent microplastics (MPs) from aquifers requires the capture and removal of a broad range of MP sizes and shapes. Conventional methods such as filtration and centrifugation are inefficient in removing such a broad range of particle sizes. We designed a class of biomimetic cleaners inspired by natural systems—including “
                    Sargassum
                    rafts” that trap MPs within their branched thalli and “Neptune balls” formed from seagrass. The cleaners are in the form of porous meshes and balls made of biopolymers such as alginate and chitosan. The biopolymers are reprocessed morphologically into soft dendritic colloids (SDCs). The SDCs are consolidated in a honeycomb-like internal network surrounded by a hierarchically fibrillar outer layer. This mesh architecture enables adsorption of nano- and microscale particles via van der Waals and electrostatic interactions while physically trapping millimeter-scale particles into the net openings. Similar cleaners from architected sustainable materials could serve as scalable systems for efficient removal of diverse MPs from aquatic environments.",crossref,0
A biodegradable piezoelectric vertebral implant for programmable electro-neuromodulation in spinal cord injury,https://www.science.org/doi/abs/10.1126/sciadv.aeg0515?af=R,AAAS: Science Advances: Table of Contents,2026-08-05 07:00:00 UTC,2026-08-05 07:00:00+00:00,10.1126/sciadv.aeg0515,Wanru Duan,"Spinal cord stimulation has emerged as a promising therapeutic strategy for spinal cord injury (SCI), yet conventional electronic implants remain limited by surgical risk and long-term safety concerns. We introduce a biodegradable piezoelectric cryogel (Piezo Gel) that enables programmable electro-neuromodulation without implanted electronics. Engineered to replicate spinal column mechanics, Piezo Gel converts physiological motion into localized bioelectrical signals; externally applied ultrasound (US) further amplifies this output, enabling non-invasive, on-demand neuromodulation. In acute severe SCI rats, US-activated Piezo Gel markedly improved locomotor recovery, elevated Basso–Beattie–Bresnahan (BBB) scores, and promoted bladder functional remodeling. In mild contusion rats, a phase-adaptive neuromodulation strategy shifted from US-triggered stimulation during the acute immobilization phase to motion-driven stimulation during subacute rehabilitation, dynamically matching the evolving pathological microenvironment after SCI. This sequential electrostimulation paradigm produced marked restoration of coordinated gait. Together, these findings establish an electronic-free platform for programmable electro-neuromodulation that integrates US and physiological motion, offering a clinically translatable strategy for SCI repair.",crossref,0
Skeletal muscle H3K18 lactylation inhibits hepatic gluconeogenesis through IL-6 mediated interorgan communication,https://www.science.org/doi/abs/10.1126/sciadv.aed5600?af=R,AAAS: Science Advances: Table of Contents,2026-08-05 07:00:00 UTC,2026-08-05 07:00:00+00:00,10.1126/sciadv.aed5600,Yan Li,"The mechanisms underlying the dynamic interplay between skeletal muscle and systemic glucose homeostasis in type 2 diabetes remain elusive. Increased lactate level has long been noticed in diabetes, however, whether the elevated lactate is a cause or consequence of impaired glucose metabolism is unclear. Here, we found that elevated circulating lactate levels originated from skeletal muscle with high expression of lactate dehydrogenase A (
                    Ldha
                    ), and both metrics correlated strongly with hyperglycemia in both hyperglycemic mouse models and human subjects. Paradoxically, ablation of
                    Ldha
                    in skeletal muscle (LDHA mKO) disrupted whole-body glucose homeostasis, primarily via augmented hepatic gluconeogenesis. Mechanistically, lactate deficiency in muscle epigenetically activated NF-κB signaling through H3K18 lactylation (H3K18la)-mediated transcriptional control of IκBα, which then promoted the transcription of IL-6, thereby reshaping hepatic gluconeogenesis. Lastly, we showed that loss of
                    Ldha
                    in skeletal muscle enhanced hepatic gluconeogenesis and aggravated hyperglycemia in high-fat high-sucrose diet-fed mice. Collectively, our study provides evidence that in glucose intoxication contexts, skeletal muscle-derived lactate acts as the signal to provide negative feedback for hepatic gluconeogenesis, which induces skeletal muscle H3K18la acting as a negative regulator of IL-6 to sustain suppression of hepatic gluconeogenesis, while dysregulation of this network contributes to unrestrained gluconeogenesis in diabetes.",crossref,0
Global patterns and drivers of extinction risk in island endemic terrestrial vertebrates,https://www.science.org/doi/abs/10.1126/sciadv.aef9781?af=R,AAAS: Science Advances: Table of Contents,2026-08-05 07:00:00 UTC,2026-08-05 07:00:00+00:00,10.1126/sciadv.aef9781,Yanping Wang,"Island endemic terrestrial vertebrates, shaped by long-term isolation and ecological specialization, are particularly vulnerable to extinction pressure in the Anthropocene. However, cross-taxon extinction patterns and their drivers remain poorly understood. Here, we compiled a global dataset of 31,865 terrestrial vertebrates, including more than 7500 island endemic species, to evaluate the patterns and drivers of extinction risk in island endemics, in comparison with continent endemics and dual-range species. We found that island endemics face significantly higher extinction risk than non-island endemics, with 3.1% extinct and 34% currently threatened since 1500 CE. Extinction risk among island endemics is unevenly distributed and taxonomically structured, tightly linked to invasive species, overexploitation, and climate change. Compared with continent endemics and dual-range species, their elevated risk is closely associated with small range size and habitat specialization, while biological traits, climate, and anthropogenic pressures also exert taxon-specific effects. These findings explain the unique vulnerability of island endemic vertebrates and inform conservation priorities across island ecosystems.",crossref,0
Anisotropic variable negative-Poisson-ratio metamaterials for tunable multispectral camouflage and electromagnetic energy harvesting,https://www.science.org/doi/abs/10.1126/sciadv.aef7205?af=R,AAAS: Science Advances: Table of Contents,2026-08-05 07:00:00 UTC,2026-08-05 07:00:00+00:00,10.1126/sciadv.aef7205,Renchao Che,"Adaptive electromagnetic compatibility, camouflage, and energy conversion raises challenge in the swiftly responsive modulation. Herein, we designed pixelated negative-Poisson-ratio metamaterials that enable fast control over structural anisotropy and thus electromagnetic properties. One-dimensional conductors are highly oriented in each pixel through sequential shear, stretch, and alignment processes. The uniaxial anisotropy leads to the highest conductive ratio of 2.8 × 10
                    6
                    among different directions. This enables the angle-dependent electromagnetic compatibility across transparency–absorption–shielding regions. The meta-framework realizes strain-reliant anisotropic tunability. The deformation continuously adjusts electromagnetic wave absorbance from 0.2 to 0.9 (reflection loss from −0.8 to −17 decibels). Through chess-like assembly, the framework can also maintain deformation-insensitive absorbance beyond 0.9. The proof-of-concept devices harvest environmental electromagnetic energy to electricity. The generator outputs more than 0.5 volts and the cell generate a peak power of 0.75 milliwatt. Besides, the devices demonstrate tunable camouflage in microwave, infrared, and visible spectra.",crossref,0
A clinical and experimental investigation of liraglutide effects on the brain-kidney axis,https://www.science.org/doi/abs/10.1126/sciadv.aef4951?af=R,AAAS: Science Advances: Table of Contents,2026-08-05 07:00:00 UTC,2026-08-05 07:00:00+00:00,10.1126/sciadv.aef4951,David Murphy,"Glucagon-like peptide-1 receptor agonists elicit diuresis and natriuresis in humans and rodents. However, little is known about their interactions with the bodies hormonal systems that control fluid homeostasis. We performed a single center, open-label, before-and-after study and discovered that liraglutide reduces plasma arginine vasopressin (AVP) levels in healthy humans. By quantitative proteomic and phosphoproteomic investigation of the rat pituitary gland, we detail time- and sex-dependent modifications to synaptic proteins mediated by liraglutide. We developed an in vitro AVP luciferase assay to assess the impact of synaptic protein phosphorylation on AVP secretion. We used this assay to identify synaptic protein phosphosites that influence AVP release and liraglutide-mediated sex differences in AVP release. Investigation of AVP downstream signaling pathways in the kidney revealed posttranslational changes to the crucial AVP-regulated water channel aquaporin 2. Thus, glucagon-like peptide-1 receptor agonist modulation of AVP release may be responsible for cardiovascular and renal changes observed in patients.",crossref,0
Assessing pedestrian responses to autonomous and personal mobility robots in crowded public spaces,https://www.science.org/doi/abs/10.1126/sciadv.aef2576?af=R,AAAS: Science Advances: Table of Contents,2026-08-05 07:00:00 UTC,2026-08-05 07:00:00+00:00,10.1126/sciadv.aef2576,Diego Paez-Granados,"Robots increasingly share spaces with people, supporting delivery services and mobility for the aging populations, yet their ability to share space comfortably lacks understanding and benchmarks for designers and policy-makers. We compared human-robot (HRI) and human-human (HHI) interactions across four real-world crowd datasets spanning Europe, North America, and Asia, using a unified pipeline to detect interactions, stratify by crowd density, and model pedestrian behavior. Local motion patterns (speed, acceleration, and jerk) remained closely matched between HRI and HHI across all densities. In contrast, proxemics diverged, with effects that grew approximately linearly with robot speed and weakened under higher crowding: In the dataset with the faster navigating robot, pedestrians maintained about 0.23 meters more clearance around the robot than around other pedestrians under less crowded conditions and about 0.05 meters more under more crowded conditions, while in the dataset with the predominantly stationary robot, the corresponding differences were small and inconsistent across crowding levels. The main conclusions were robust to parameter variations and remained stable across a broad range of motion-processing and interaction-labeling settings. Our findings provide density- and speed-aware benchmarks for proxemics in social robot navigation and empirically grounded targets for design, evaluation, and modeling across robotics and urban mobility.",crossref,0
Population genomics reveals ginseng domestication and ginsenoside biosynthesis,https://www.pnas.org/doi/abs/10.1073/pnas.2535250123?mi=eymic2&af=R&access=on&content=articlesChapters&publication=pnas&sortBy=Earliest&target=default,Proceedings of the National Academy of Sciences: Keyword search for query,2026-08-05 07:00:00 UTC,2026-08-05 07:00:00+00:00,10.1073/pnas.2535250123,Wei Li,"Ginseng (
                    Panax ginseng
                    ), a valuable medicinal plant, is cultivated for the bioactive ginsenosides with cardiovascular protective effects that are abundant in its roots. However, the genetic basis of its domestication and ginsenoside variation is not fully understood. In this study, we resequenced 287 ginseng accessions and, through population genetic analyses, identified five clades associated with geographic regions and fruit color. Selective sweep analysis revealed genes related to adaptation and growth as well as triterpene biosynthesis. The profiling of 169 ginsenosides across these accessions revealed domestication-driven shifts in ginsenoside abundance between groups. A metabolite genome-wide association study identified 12,676 significant single nucleotide polymorphisms associated with ginsenosides. Based on these loci, we identified and functionally analyzed two key glycosyltransferases, PgUXT and PgURT, that govern xylosylation and rhamnosylation of polysaccharidic ginsenosides and significantly influence the accumulation of over half of the ginsenosides within the population. The genotype distribution of these two glycosyltransferases and their related ginsenoside divergence among the groups suggest that they are key candidate branch-point regulators for the population-level diversification of ginsenosides. Considering the identified genetic variants, we applied a machine learning–based genomic predictive model to predict ginsenoside abundance in individual plants for germplasm resource evaluation. Overall, this study elucidates the genomic foundations of domestication and ginsenoside diversification in ginseng and lays a foundation for the metabolite-directed improvement of this important medicinal plant.",crossref,0
What is happening at the atomic level during the seed-mediated growth of copper on gold?,https://www.science.org/doi/abs/10.1126/sciadv.aee8346?af=R,AAAS: Science Advances: Table of Contents,2026-08-05 07:00:00 UTC,2026-08-05 07:00:00+00:00,10.1126/sciadv.aee8346,Younan Xia,"Bimetallic nanocrystals obtained via seed-mediated growth are typically analyzed using conventional electron microscopy and many interesting features at the atomic level are often missed. Here we report the seed-mediated growth of copper (Cu) on gold (Au) nanospheres for the synthesis of Au-Cu bimetallic nanocrystals enclosed by a Janus surface comprised of an ordered intermetallic phase and a disordered alloy. Initially, the abundant Cu(II) precursor enables uniform Cu deposition, followed by inter-diffusion to generate an ultrathin shell made of intermetallic Au
                    1
                    Cu
                    1
                    . The growth subsequently evolves into an asymmetric mode, where Cu deposition preferentially proceeds at one activated site to generate Au
                    x
                    Cu
                    y
                    alloy with a graded composition. When tested for nitrate reduction, the Janus nanocrystals show 100% Faradaic efficiency across a wide potential range and a high ammonia yield rate.",crossref,0
A temporal differentiation program after birth delineates γδ T cell immunity,https://www.science.org/doi/abs/10.1126/sciadv.aee6790?af=R,AAAS: Science Advances: Table of Contents,2026-08-05 07:00:00 UTC,2026-08-05 07:00:00+00:00,10.1126/sciadv.aee6790,Vasileios Bekiaris,"Type 1 and type 3 γδ T cells develop in the embryonic thymus, yet it is not known whether they continue to differentiate after birth in tissues. Here, we show that in the first week of life, intestinal γδ T cells up-regulated many T cell activation and type 3 genes, while the postweaning period was dominated by induction of genes related to effector function, type 1 immunity, and cytotoxicity. During this period, γδ T cells protected the gut from fungal infection. In the adult intestine, type 3 interleukin-17–producing γδ T cells (γδT17 cells) had a distinct phenotype, a Tbet-dependent type 1 immune profile and enhanced T cell receptor (TCR) signaling. Last, we found a γδT17 cell–like population in the neonatal human gut. Collectively, our data suggest that γδ T cells continue to mature after they leave the thymus and, upon localization to the gut, a dynamic temporal differentiation program reshapes type 3 cells into Tbet
                    +
                    type 1 effectors with heightened TCR activity.",crossref,0
A metabolite morphogen coordinates multicellular development in Bacillus subtilis,https://www.science.org/doi/abs/10.1126/sciadv.aee6610?af=R,AAAS: Science Advances: Table of Contents,2026-08-05 07:00:00 UTC,2026-08-05 07:00:00+00:00,10.1126/sciadv.aee6610,Kumaran S. Ramamurthi,"The transition from unicellular to multicellular growth requires diversification of cellular functions within genetically identical populations. In
                    Bacillus subtilis
                    , biofilm formation is historically viewed as a developmental precursor to sporulation along a linear pathway. Here, we show that biofilm formation and sporulation instead diverge along a branched pathway. A subpopulation that first initiates sporulation catabolizes lipoteichoic acid through the sequential action of the enzymes ShfP (Sporulation heterogeneity factor Poison) and PhoA (alkaline phosphatase A), leading to the release of millimolar concentrations of glycerol. This glycerol impedes sporulation by disrupting cell wall synthesis and cytoplasmic pH, necessitating counteraction by another protein, ShfA (Sporulation heterogeneity factor Antidote). The extracellular glycerol, however, acts as a morphogen that directs neighboring cells to initiate biofilm formation, which we directly visualize in developing populations of cells. Thus,
                    B. subtilis
                    multicellularity emerges through a branched developmental program in which sporulating cells generate the cue that creates the biofilm-producing lineage via cell-cell communication through repurposing of a canonical intracellular metabolite.",crossref,0
Dopamine depletion in Parkinson’s increases directed but not random exploration,https://www.science.org/doi/abs/10.1126/sciadv.aee6556?af=R,AAAS: Science Advances: Table of Contents,2026-08-05 07:00:00 UTC,2026-08-05 07:00:00+00:00,10.1126/sciadv.aee6556,Matthias Guggenmos,"We investigated how patients with Parkinson’s disease (PD) manage the explore-exploit trade-off in a structured reward-learning task. Patients were tested either on (
                    n
                     = 34) or off (
                    n
                     = 34) dopaminergic medication (levodopa), with age-matched polyneuropathy patients serving as controls (
                    n
                     = 35). Behaviorally, patients off medication showed marked learning and decision-making deficits, characterized by overexploration (excessive sampling of novel options) and insufficient exploitation (re-selection of previously rewarding options). To clarify the underlying mechanisms, we applied a Gaussian process–upper confidence bound (GP-UCB) model that combines generalization across spatially similar options with uncertainty-directed exploration (targeted sampling of uncertain options) and random exploration (undirected choice variability). Modeling results showed that patients off medication exhibited increased uncertainty-directed exploration compared to both controls and patients with PD on medication, whereas random exploration did not differ across groups. Relative to controls, patients off medication also showed reduced generalization. In contrast, directed exploration and generalization in patients on medication were comparable to the control group. Our findings highlight how dopamine depletion in PD affects reward learning under uncertainty, suggesting a key role of dopamine in exploration and generalization.",crossref,0
Unlock lasing in two-dimensional metal halide perovskites by tuning ns2 lone pairs,https://www.science.org/doi/abs/10.1126/sciadv.aee5631?af=R,AAAS: Science Advances: Table of Contents,2026-08-05 07:00:00 UTC,2026-08-05 07:00:00+00:00,10.1126/sciadv.aee5631,Yongping Fu,"Despite the proliferation of lasing reports in three-dimensional (3D) lead halide perovskites, robust lasing in their single-layer two-dimensional (2D) counterparts, (LA)
                    2
                    PbX
                    4
                    (LA = spacer cation; X = halide), has remained elusive. Here, we uncover the critical role of metal ns
                    2
                    -lone-pair stereochemistry in modulating excitonic properties and enabling lasing in these materials. Using a library of (LA)
                    2
                    BI
                    4
                    [B = Pb (lead), Sn (tin), or Ge (germanium)], we identify key structural descriptors that link lone pair activity to exciton-phonon coupling and exciton-exciton annihilation. Within a given B-cation series, rigid frameworks with shorter B─I bonds suppress lone pair activity and favor free exciton emission, while enhanced lone pair activity—tuned by the spacer and B-cation—can localize excitons, increase dielectric screening, and suppress exciton-exciton annihilation at high excitation fluences. By balancing these effects through cation selection, we demonstrate lasing in a newly synthesized Pb-based (2FBMZ)
                    2
                    PbI
                    4
                    (2FBMZ = 5,6-difluoro-1
                    H
                    -benzimidazole cation) and achieve the most thermally stable lasing in its Sn-based analog. These insights provide design principles for high-brightness 2D perovskite photonic devices.",crossref,0
Steppe productivity decline contributed to smallpox outbreak and the collapse of the last nomadic empire in the 1750s,https://www.science.org/doi/abs/10.1126/sciadv.aee4285?af=R,AAAS: Science Advances: Table of Contents,2026-08-05 07:00:00 UTC,2026-08-05 07:00:00+00:00,10.1126/sciadv.aee4285,Fahu Chen,"The collapse of the Dzungar Khanate in the 1750s marked the end of the world’s last nomadic empire and reshaped Eurasian geopolitics. However, whether environmental and societal factors interplayed and contributed to its collapse remains unclear. Here, we reconstructed steppe productivity variability across the Dzungar heartland since 1625 using 441 tree-ring series based on an extreme growth ratio. Our record shows that the Khanate’s collapse coincided with the lowest steppe productivity in the past four centuries during 1751–1761. The weakening societal resilience approaching a tipping point intensified the effects of the rapid steppe productivity decline, which cascaded into famine, conflict, and trade breakdown. Smallpox then reemerged and escalated into a catastrophic epidemic, transforming the environmental crisis into the collapse of the Dzungar Khanate. Our findings underscore the urgent need to strengthen pastoral resilience and epidemic surveillance in steppe regions as climate stress intensifies and cross-border epidemic threats escalate.",crossref,0
Biophysical reprogramming of immunosuppressive neutrophils by cold atmospheric plasma reinvigorates antitumor immunity,https://www.science.org/doi/abs/10.1126/sciadv.aee2483?af=R,AAAS: Science Advances: Table of Contents,2026-08-05 07:00:00 UTC,2026-08-05 07:00:00+00:00,10.1126/sciadv.aee2483,Weiqiang Jing,"Neutrophils are increasingly recognized as key orchestrators of the immunosuppressive tumor microenvironment, yet their intrinsic plasticity, short lifespan and resistance to genetic manipulation have impeded therapeutic targeting. Here, we report a non-pharmacological, biophysical immunomodulatory strategy based on cold atmospheric plasma (CAP) to reprogram tumor-associated neutrophils and restore antitumor immunity. We show that CAP simultaneously delivers reactive oxygen species and redox cues that inhibit mitophagy, thereby restoring mitochondrial membrane potential and oxidative metabolism in neutrophils. This metabolic reinstatement drives a shift from immunosuppressive to immunostimulatory phenotypes. In both syngeneic and humanized bladder cancer models, intravesical CAP reshapes the myeloid landscape, enhances T cell infiltration, suppresses tumor progression, and sensitizes tumors to PD-1 blockade. These findings establish CAP as a locoregional, drug-free biophysical modality capable of overcoming neutrophil-mediated immune suppression and provide a materials-based framework for modulating innate immunity in solid tumors.",crossref,0
Failed metabolic adaptation to stress contributes to epidermal cell adhesion defects in Darier disease,https://www.science.org/doi/abs/10.1126/sciadv.aee1599?af=R,AAAS: Science Advances: Table of Contents,2026-08-05 07:00:00 UTC,2026-08-05 07:00:00+00:00,10.1126/sciadv.aee1599,Kathleen J. Green,"Congenital pathogenic gene variants may not elicit symptoms until later in life, highlighting the importance of identifying extra-genetic factors influencing the onset and severity of heritable diseases. We explored this in Darier disease (DD or
                    ATP2A2
                    -nEDD), an autosomal dominant skin disorder arising from heterozygous
                    ATP2A2
                    variants leading to haploinsufficiency of the endoplasmic reticulum (ER) calcium pump, SERCA2. Metabolic analysis of epidermal keratinocytes from confirmed patients with DD revealed abnormalities in the pentose phosphate pathway responsible for regenerating antioxidants like glutathione, accompanied by diminished free glutathione and increased glutathione-based, oxidative modifications of SERCA2. Induction of oxidative stress weakened intercellular adhesion, a defining characteristic of DD, which antioxidant treatment improved. Treatment with antioxidants or SERCA activators also diminished glutathionylation, consistent with SERCA2 haploinsufficiency giving rise to oxidative stress and placing residual SERCA2 at risk of oxidation. We posit that partial loss of protein activity primes cells for stress-induced loss of the remaining activity, a mechanism that may drive disease flares in other haploinsufficiencies.",crossref,0
Vimentin remodeling in response to oxidants and electrophiles is modulated by pH,https://www.science.org/doi/abs/10.1126/sciadv.aed9655?af=R,AAAS: Science Advances: Table of Contents,2026-08-05 07:00:00 UTC,2026-08-05 07:00:00+00:00,10.1126/sciadv.aed9655,Dolores Pérez-Sala,"Vimentin is critical for cell mechanosensing, cytoskeletal cross-talk, and stress responses and is finely tuned by posttranslational modifications. Vimentin single cysteine, C328, is a modification hotspot, essential for filament remodeling by oxidants and electrophiles. With a p
                    K
                    a
                    near physiological pH, C328 reactivity could depend on cellular pH fluctuations. Here, we show that C328 modifications and vimentin reorganization by thiol-reactive agents are modulated by pH variations in vitro and in cells. Intracellular acidification prevents, whereas alkalinization aggravates, vimentin network disruption by oxidative and electrophilic species, which requires C328. Chemogenetic and optogenetic pH modulation allow spatiotemporal control of vimentin remodeling by oxidants. Moreover, vimentin disassembly at cell edges of migrating fibroblasts and lamellipodia formation are attenuated upon intracellular acidification or expression of a vimentin C328H mutant, which blunts cell migration. Thus, C328 behaves as a coincidental pH- and redox-responsive element, finely tuning vimentin assembly, and supporting the pH dependence of cysteine-mediated redox signaling.",crossref,0
Triggering charge redistribution–induced oxygen spillover mechanism in VOx-supported IrSn alloy toward industrial water electrolysis,https://www.science.org/doi/abs/10.1126/sciadv.aef7481?af=R,AAAS: Science Advances: Table of Contents,2026-08-05 07:00:00 UTC,2026-08-05 07:00:00+00:00,10.1126/sciadv.aef7481,Qing Li,"Developing advanced iridium (Ir)–based oxygen evolution reaction (OER) catalysts is critical for proton exchange membrane water electrolyzers (PEMWEs). Unfortunately, conventional adsorbate evolution mechanism (AEM) and lattice oxygen mechanism (LOM) pathways suffer from an activity-stability trade-off, posing substantial challenges for catalyst design. Here, we report a charge-redistribution-induced oxygen (O) spillover strategy by designing amorphous VO
                    
                      x
                    
                    -supported iridium-tin (IrSn) alloy OER catalysts, which can effectively transfer the poisoning oxygenated intermediates and maintain Ir valence stability (+2.5) during the dynamic OER to enhance activity and stability. In particular, the IrSn-VO
                    
                      x
                    
                    –based PEMWE anode can deliver a current density of 3.0 amperes per square centimeter @ 1.798 volts (0.4 milligrams of platinum and Ir per square centimeter), surpassing the US Department of Energy (DOE) 2026 targets. A 25–square centimeter PEMWE operates stably for 5000 hours at industrial currents (≥25 amperes) with an exceptionally low degradation rate of 5.6 microvolts per hour, representing one of the best OER catalysts reported for practical PEMWEs. Theoretical calculations predict that the charge redistribution within IrSn-VO
                    
                      x
                    
                    could reduce the kinetic energy barrier for *O spillover (from Ir to VO
                    
                      x
                    
                    ) by 69% relative to O-O coupling, thus triggering the O spillover against the Ir overoxidation/dissolution. Consequently, IrSn–VO
                    x
                    follows a support-involved LOM pathway with a reduced rate-determining-step barrier (0.37 electron volts) relative to IrSn following AEM (0.66 electron volts). In addition, Sn doping in IrSn-VO
                    
                      x
                    
                    can further promote the regeneration of VO
                    
                      x
                    
                    lattice O and improve stability.",crossref,0
3D epigenomic landscape of the human retinal pigment epithelium,https://www.pnas.org/doi/abs/10.1073/pnas.2526200123?mi=eymic2&af=R&access=on&content=articlesChapters&publication=pnas&sortBy=Earliest&target=default,Proceedings of the National Academy of Sciences: Keyword search for query,2026-08-05 07:00:00 UTC,2026-08-05 07:00:00+00:00,10.1073/pnas.2526200123,Zai-Long Chi,"The retinal pigment epithelium (RPE) is crucial for visual function, and its dysfunction contributes to retinal diseases such as age-related macular degeneration. Despite the translational potential of iPSC-derived RPE (iPSC-RPE) in cell replacement therapy, the functional visual gains achieved to date are modest. A key challenge is that the molecular and epigenomic signatures underlying functional RPE are yet to be fully elucidated. By integrating multiomics data, we systematically benchmarked the 3D epigenomic landscapes of primary human RPE (hRPE), iPSC-RPE, and the immortalized ARPE-19 cell line. Our analysis reveals that iPSC-RPE exhibits a mixed molecular state. iPSC-RPE recapitulates hRPE-like transcription and chromatin looping, but its histone modification states remain incompletely matured, and its chromatin accessibility and higher-order chromatin organization do not fully converge to hRPE. Furthermore, we found that hRPE exhibits strong extracellular matrix (ECM) organization driven by enhancer-mediated long-range chromatin interactions and enriched RUNX1 motifs, while iPSC-RPE retains key developmental-related transcriptional signatures, marked by factors such as HAND1, OTX2, and PAX6. These findings establish a multiomics benchmark for RPE maturity, pinpoint key regulatory nodes like ECM organization and RUNX1 for therapeutic targeting, and provide a roadmap for optimizing differentiation protocols and scaffold design in retinal regenerative medicine.",crossref,0
Mid-infrared long-range surface polaritons in two-dimensional van der Waals materials,https://www.science.org/doi/abs/10.1126/sciadv.aed2198?af=R,AAAS: Science Advances: Table of Contents,2026-08-05 07:00:00 UTC,2026-08-05 07:00:00+00:00,10.1126/sciadv.aed2198,Andrea Alù,"The discovery of graphene plasmons (GPs) and hyperbolic phonon polaritons (HPhPs) in two-dimensional (2D) van der Waals (vdW) materials has enabled extreme light confinement and enhanced light-matter interactions, holding the promise for miniaturized mid-infrared (mid-IR) photonic devices. However, GPs and HPhPs suffer from limited propagation lengths, hindering their impact in various applications. Here, we demonstrate long-range surface polaritons (LRSPs) in 2D vdW materials, featuring much longer propagation lengths and faster group velocities, which may offer complementary opportunities for high-speed on-chip photonic applications in the mid-IR regime. The demonstrated LRSPs are supported by deep-subwavelength heterostructures consisting of a hexagonal boron nitride (h-BN) flake, a high-index germanium (Ge) layer, and a gold (Au) film. Within such geometry, we experimentally demonstrate propagation distances exceeding 80 micrometers crossing an entire h-BN flake without substantial decay. A theoretical prediction of ∼925-micrometer propagation length is obtained. These polaritons may be ideally suited for realizing polaritonic interconnects that bridge different components of compact and planar photonic systems, enabling mid-IR information transport and seamless integration with other vdW material–based mid-IR photonic devices.",crossref,0
Spatiotemporally Controlled Lysosomal Membrane Permeabilization Amplifies STING‐Driven Antitumor Immunity in Prostate Cancer,https://advanced.onlinelibrary.wiley.com/doi/10.1002/adma.74477?af=R,Wiley: Advanced Materials: Table of Contents,2026-08-05 09:11:32 UTC,2026-08-05 09:11:32+00:00,10.1002/adma.74477,Ji Zheng,"ABSTRACT
                  Prostate cancer (PCa) remains a major clinical challenge due to therapeutic resistance and immunologically cold tumor microenvironment. Lysosomal membrane permeabilization (LMP)–induced lysosome‐dependent cell death offers an alternative route to eliminate resistant tumor cells and initiate immunogenic cell death, yet its efficacy is often limited by insufficient spatiotemporal control and immune activation. Here, we report a spatiotemporally programmable supramolecular nanoplatform (Cu‐P‐MSA) that integrates lysosome‐targeted sonodynamic therapy with tumor‐confined innate immune activation for PCa treatment. Cu‐P‐MSA is a modular self‐assembling peptide incorporating a PSMA‐targeting ligand, morpholine moiety, and cathepsin B–cleavable linker, enabling tumor‐selective uptake and in situ formation of fibrous sonosensitizer depots within lysosomes. Upon ultrasound irradiation, a glutathione‐responsive open‐shell sonosensitizer induces controlled LMP, simultaneously activating ferroptosis and pyroptosis and promoting immunogenic cell death. Meanwhile, tumor‐specific release of a STING agonist MSA‐2 elicits robust type I interferon responses, driving dendritic cell maturation and cytotoxic T‐cell infiltration. This coordinated lysosomal disruption–immune amplification strategy effectively reprograms the tumor immune microenvironment and suppresses both primary and distant tumors, with inhibition rates reaching 84.3% and 77.5%, respectively. Overall, this work establishes a spatiotemporally controlled supramolecular approach that integrates lysosomal disruption with innate immune activation to overcome therapeutic resistance and immunosuppression in PCa.",crossref,0
Mechanical Metamaterials with Reprogrammable Sequential Deformation for Analog‐to‐Digital Encoding and Computing,https://advanced.onlinelibrary.wiley.com/doi/10.1002/adma.74376?af=R,Wiley: Advanced Materials: Table of Contents,2026-08-05 09:16:24 UTC,2026-08-05 09:16:24+00:00,10.1002/adma.74376,Chang Qing Chen,"ABSTRACT
                  The integration of computational logic into mechanical metamaterials enables the development of matter with intelligence that can sense and respond to environmental stimuli. While recent advances have demonstrated diverse mechanical logic systems, a challenge is bridging the gap between continuous physical inputs and discrete digital outputs. In this study, we propose a mechanical metamaterial capable of nearly arbitrary digital encoding and computing of continuous stimuli through reprogrammable sequential deformation. The metamaterial is built upon an engineered multistable architecture that supports a series of snap‐through events under uniaxial compression. Using an inverse design strategy, the deformation sequence can be tuned across a broad design space by tailoring the stiffness distribution of constituent units. Selective activation or deactivation of specific units in the metamaterial enables in situ reprogramming of the sequence without the need for remanufacturing. Experiments demonstrate that the inverse design and reprogramming allow a single material system to perform mechanical analog‐to‐digital conversion, signal processing, and field‐programmable gate array (FPGA)‐like logic operations. These capabilities open a new way for material‐based computing, showing a promising route toward intelligent mechanical metamaterials.",crossref,0
Breaking the Permeability–Selectivity Trade‐Off With Irreversible‐Knot Rubbery Organic Frameworks,https://advanced.onlinelibrary.wiley.com/doi/10.1002/adma.74483?af=R,Wiley: Advanced Materials: Table of Contents,2026-08-05 09:18:00 UTC,2026-08-05 09:18:00+00:00,10.1002/adma.74483,Yan Wang,"ABSTRACT
                  
                    The permeability–selectivity trade‐off fundamentally constrains polymeric membranes, rooted in the dichotomy between chain flexibility and precise molecular sieving. The emerging concept of rubbery organic frameworks (ROFs) aims to bridge this gap, yet its reliance on reversible covalent chemistry inherently compromises structural stability. Here, we introduce an irreversible‐chemistry paradigm by programming
                    β
                    ‐ketoenamine “irreversible knots” into flexible polydimethylsiloxane (PDMS) networks via enol–keto tautomerization. This approach synergistically co‐programs crosslinking density and chain rigidity, yielding a stabilized and optimized microstructure. The resulting membrane transcends the classic trade‐off, delivering a record‐high flux of 5.4 kg m
                    −2
                    h
                    −1
                    for ethanol/water separation—three times higher than conventional PDMS—while maintaining a separation factor of 9.2. The “rigidity‐programming” strategy demonstrates remarkable versatility, achieving top‐tier performance across diverse separations spanning representative organic/water and gas‐pair systems. Beyond performance, the membranes exhibit scalable fabrication, robust anti‐swelling stability, and long‐term operational durability, highlighting their practical potential for industrial deployment. This work establishes irreversible chemistry as a general paradigm for polymer network design, providing a robust platform to overcome traditional limitations from molecular separation to flexible functional materials.",crossref,0
Submillimeter‑Scale Untethered Magnetic Actuators Enabling on‑Demand Manipulation and In Situ Viscosity Sensing,https://advanced.onlinelibrary.wiley.com/doi/10.1002/adma.202516790?af=R,Wiley: Advanced Materials: Table of Contents,2026-08-05 09:22:35 UTC,2026-08-05 09:22:35+00:00,10.1002/adma.202516790,Shengli Mi,"ABSTRACT
                  Untethered magnetic actuators offer a promising platform for minimally invasive surgery due to their compact size, mechanical compliance, multifunctionality, and remote controllability. However, the structural simplicity imposed by current construction strategies limits their operational versatility to leverage established surgical paradigms, and systematic studies of locomotion across the variable viscosities of bodily fluids remain scarce. Herein, we introduce an interference‐fit assembly strategy that couples stereolithographic 3D‐printed microstructures with customized magnetic pixels to fabricate submillimeter‐scale untethered magnetic actuators. Theoretical and experimental analyses in model‐fluid environments spanning physiologically relevant viscosity ranges demonstrate that, once above the critical magnetic flux density required for stable motion, the locomotion velocity scales linearly with the driving frequency. The velocity‐frequency slope exhibits a hyperbolic dependence on ambient viscosity, enabling semi‐quantitative viscosity sensing concurrently with motion and functional execution. Furthermore, we showcase multifunctional on‐demand manipulation capabilities: enhanced diffusion and directional transport with qualitative viscosity sensing; in situ quantitative viscosity measurement inspired by a rotational viscometer; mechanical fragmentation via continuous rotation; and a rigid‐soft synergistic magnetic gripper for targeted cargo capture and delivery. Collectively, this strategy establishes a versatile and scalable paradigm for designing multifunctional, untethered, submillimeter‑scale magnetic actuators with prospective potential for biomedical applications.",crossref,0
Stromal Cells Recruitment by Sono‐Piezoelectric/Pyroelectric Peptide Hydrogels Promotes Bone Regeneration After Postsurgical Osteosarcoma Recession: A Real‐World‐Matched Study,https://advanced.onlinelibrary.wiley.com/doi/10.1002/adma.74522?af=R,Wiley: Advanced Materials: Table of Contents,2026-08-05 09:27:56 UTC,2026-08-05 09:27:56+00:00,10.1002/adma.74522,Kun Zhang,"ABSTRACT
                  
                    Currently, the elimination of postsurgical osteosarcoma (OS) and defect repair are still separately explored, which is unlike real‐world clinical scenarios. Inadequate bone marrow stromal cells (BMSCs) compromise their repair and antitumor efficiencies. Here, PFSSTKT (PFS)‐functionalized KLD‐12 peptide hydrogels (KLD‐PFS) have been engineered and integrated with 2D BiOIO
                    3
                    nanosheets to obtain the injectable sono‐piezoelectric/pyroelectric peptide hydrogels (KLD‐PFS@BiOIO
                    3
                    ) featuring a supramolecular peptide nanofiber (SMPNF) structure. Differing from the dominant BaTiO
                    3
                    in sono‐piezoelectric dynamic therapy (SPDT) of cancer, BiOIO
                    3
                    nanosheets can produce ROS through sono‐piezoelectric and pyroelectric catalytic processes under ultrasound irradiation, thus enabling the combination of SPDT with pyroelectric dynamic therapy against residual OS. More significantly, PFS as a bone marrow homing peptide enables KLD‐PFS to capture and recruit more BMSCs, and the inherent SMPNF structure, direct ultrasound‐induced current stimuli, sono‐piezoelectricity/pyroelectricity‐induced current stimuli and ROS birth expedite BMSCs differentiation and bone regeneration. These multifaceted actions follow the signaling pathways associated with calcium flux and cancer–neuron communication disruptions and metabolic dysfunction rectification. They have been successfully validated to repress residual OS and favor bone regeneration in a clinical scenarios‐matched postsurgical osteosarcoma and bone defect model. This study offers a promising strategy for comprehensive osteosarcoma management.",crossref,0
Dynamically Activating Inert Ti4+ Sites to Redirect the Oxygen Evolution Pathway Toward Practical PEM Water Electrolysis,https://advanced.onlinelibrary.wiley.com/doi/10.1002/adma.74457?af=R,Wiley: Advanced Materials: Table of Contents,2026-08-05 09:33:04 UTC,2026-08-05 09:33:04+00:00,10.1002/adma.74457,Jing Gu,"ABSTRACT
                  
                    Developing highly active and durable non‐iridium electrocatalysts for the acidic oxygen evolution reaction (OER) is critical for scalable proton exchange membrane water electrolyzers (PEMWE). Here, we report an acid‐dissolution inverse‐doping strategy to synthesize Ti‐doped RuO
                    2
                    (Ti‐RuO
                    2
                    ) with atomic‐level uniformity. This induces compressive lattice strain and a unique 3d–2p–4d orbital hybridization, dynamically activating traditionally inert Ti
                    4+
                    sites into highly active centers for direct water molecule activation while lowering the rate‐determining step barrier. Operando spectroscopy and theoretical calculations reveal a cooperative interaction between Ti and Ru sites via a Ti–O–O–Ru bridged intermediate, shifting the mechanism from the conventional adsorbate evolution mechanism (AEM) to a Ti–Ru dual‐site oxide path mechanism (OPM). Furthermore, activated Ti sites optimize interfacial water structure, accelerating proton transfer and suppressing lattice oxygen oxidation, thereby enhancing the catalyst's stability. Consequently, Ti‐RuO
                    2
                    achieves an overpotential of 218 mV at 10 mA cm
                    −2
                    and operates stably for over 800 h. In a practical PEMWE device, it delivers 3 A cm
                    −2
                    at 1.787 V, exceeding the US DOE 2026 target, and operates over 400 h at 1 A cm
                    −2
                    with a minimal voltage degradation. This work introduces a promising non‐iridium catalyst and a general strategy for dynamic dopant activation.",crossref,0
Emergent equilibrium-like yields from nonequilibrium cascade dynamics,http://link.aps.org/doi/10.1103/sl9z-4glr,Recent Articles in Phys. Rev. C,2026-08-05 10:00:00 UTC,2026-08-05 10:00:00+00:00,10.1103/sl9z-4glr,Takeshi Fukuyama,"Author(s): Takeshi FukuyamaI study nonequilibrium cascades in which fragile bound or coherent structures are formed through intermediate states rather than by direct equilibration. Motivated by light-nuclei production in relativistic heavy-ion collisions and by Bose-Einstein condensation in cosmological settings, I analyze su…[Phys. Rev. C 114, 024602] Published Wed Aug 05, 2026",rss_description,0
Strongly Enhanced Charge-Density Waves and Correlated Insulating State in Atomically Thin $1T\text{−}{\text{TaS}}_{2}$,http://link.aps.org/doi/10.1103/pxpf-6bsv,Recent Articles in Phys. Rev. Lett.,2026-08-05 10:00:00 UTC,2026-08-05 10:00:00+00:00,10.1103/pxpf-6bsv,Xiaoxiang Xi,"Author(s): Gan Liu, Yulu Liu, Qiling Luo, Zhentao Huang, Kenji Watanabe, Takashi Taniguchi, Meiyu Wang, Jinsheng Wen, Yi Lu, and Xiaoxiang XiA combination of Raman spectroscopy and transport measurements shows that approaching the 2D limit markedly enhances the charge density wave order and the associated correlated insulating state in 1T-TaS2.[Phys. Rev. Lett. 137, 066502] Published Wed Aug 05, 2026",rss_description,0
Orbital Accumulation Induced by Chiral Phonons,http://link.aps.org/doi/10.1103/2yqn-cyzg,Recent Articles in Phys. Rev. Lett.,2026-08-05 10:00:00 UTC,2026-08-05 10:00:00+00:00,10.1103/2yqn-cyzg,Aurelien Manchon,"Author(s): Tetsuya Sato, Takeo Kato, and Aurelien ManchonWe theoretically investigate orbital accumulation driven by chiral phonons via orbital-dependent electron-lattice coupling. We derive a formula for the orbital accumulation induced by classical lattice dynamics or nonequilibrium phonons, emphasizing the rectified second-order response of the orbital…[Phys. Rev. Lett. 137, 066302] Published Wed Aug 05, 2026",rss_description,0
Dynamical Orbital Angular Momentum Induced by Circularly Polarized Phonons,http://link.aps.org/doi/10.1103/mnth-3g9n,Recent Articles in Phys. Rev. Lett.,2026-08-05 10:00:00 UTC,2026-08-05 10:00:00+00:00,10.1103/mnth-3g9n,Shuichi Murakami,"Author(s): Dapeng Yao, Dongwook Go, Yuriy Mokrousov, and Shuichi MurakamiWe show that the orbital angular momentum (OAM) of electrons is dynamically induced by circularly polarized phonons. The induced OAM originates from the adiabatic evolution in which electrons acquire Berry phase formulated in terms of the Berry curvature encoded in phonon displacement space. By intr…[Phys. Rev. Lett. 137, 066301] Published Wed Aug 05, 2026",rss_description,0
AI-Boosted Rare Event Sampling to Characterize Extreme Weather,http://link.aps.org/doi/10.1103/b1gc-9c2q,Recent Articles in Phys. Rev. Lett.,2026-08-05 10:00:00 UTC,2026-08-05 10:00:00+00:00,10.1103/b1gc-9c2q,Jonathan Weare,"Author(s): Amaury Lancelin, Alexander Wikner, Laurent Dubus, Clément Le Priol, Dorian S. Abbot, Freddy Bouchet, Pedram Hassanzadeh, and Jonathan WeareA new algorithm combines AI weather forecasts with a physics-based climate model to efficiently characterize rare and dangerous weather events.[Phys. Rev. Lett. 137, 064201] Published Wed Aug 05, 2026",rss_description,0
Search for the double poles of the scattering matrix in light nuclei,http://link.aps.org/doi/10.1103/ykjr-796z,Recent Articles in Phys. Rev. C,2026-08-05 10:00:00 UTC,2026-08-05 10:00:00+00:00,10.1103/ykjr-796z,Nicolas Michel,"Author(s): David Cardona Ochoa, Marek Płoszajczak, and Nicolas MichelExceptional points (EPs) are non-Hermitian degeneracies at which two eigenvalues and their eigenvectors coalesce, producing a defective Hamiltonian and a double pole of the $S$-matrix. Using the coupled-channel Gamow shell model with the $ℓ=1$ spin-orbit strengths as control parameters, we locate an…[Phys. Rev. C 114, 024311] Published Wed Aug 05, 2026",rss_description,0
Ferroelectric Dipole‐Driven Solid‐Electrolyte Interphase Passivation for High‐Voltage Lithium Metal Batteries,https://advanced.onlinelibrary.wiley.com/doi/10.1002/adma.74496?af=R,Wiley: Advanced Materials: Table of Contents,2026-08-05 10:45:36 UTC,2026-08-05 10:45:36+00:00,10.1002/adma.74496,Weifeng Wei,"ABSTRACT
                  
                    High‐voltage lithium (Li) metal batteries (LMBs) are regarded as strong candidates for next‐generation high‐specific‐energy storage devices. However, interfacial side reactions (ISRs) (particularly the often‐overlooked chemical corrosion) and Li dendrite lead to severe depletion of active Li and even pose safety hazards, significantly hindering the practical applications of LMBs. Herein, an oxygen‐vacancy‐engineered BaTiO
                    3
                    pre‐adsorbed with NO
                    3
                    −
                    (BTOVN) layer is integrated onto a polypropylene separator to selectively lower the energy level of target anion via ferroelectric dipoles, thus passivating the anode/electrolyte interface and improving the long‐term storage and cycle stability of LMBs. Combining cryo‐electron microscopy with multi‐scale spectroscopies, we reveal that the ferroelectric BTOVN layer targets NO
                    3
                    −
                    to the interface and promotes the reductive decomposition of both NO
                    3
                    −
                    and PF
                    6
                    −
                    to form a thinner and tougher solid‐electrolyte interphase (SEI) rich in inorganic Li
                    2
                    O, Li
                    3
                    N, and LiF, which effectively suppresses persistent ISRs and Li dendrite proliferation while enhancing Li
                    +
                    transport kinetics and interfacial stability. As a result, high‐voltage Li metal full cells delivery a substantially enhanced capacity retention of 89.1% after 500 cycles, and remarkably, even after long‐term resting, they maintain exceptionally stable operation. The work provides a novel perspective on precisely engineering SEI chemistry through targeting anionic species into the interphase layer.",crossref,0
Mediator Design for Coupled Electrochemical‐Chemical Reaction,https://advanced.onlinelibrary.wiley.com/doi/10.1002/adma.74490?af=R,Wiley: Advanced Materials: Table of Contents,2026-08-05 10:47:05 UTC,2026-08-05 10:47:05+00:00,10.1002/adma.74490,Buxing Han,"ABSTRACT
                  Electrochemical synthesis exploits electrode‐supplied electrons or holes as tunable redox equivalents. However, conventional electrocatalytic processes require electron transfer, substrate activation, and subsequent chemical conversion to all occur within the same electrode/electrolyte interfacial region. This interface‐confined paradigm increasingly restricts complex molecular synthesis, as multistep transformations require precise kinetic coupling unsustainable at a single interface. Coupled electrochemical–chemical reaction (CECR) systems overcome this limitation by employing redox mediators that functionally decouple electrode electron input from downstream substrate conversion. In these systems, the electrode generates, regenerates, or modulates active mediator states that relay charge, direct radical reactivity, or serve as electrophilic/nucleophilic units, forming target products via chemical steps away from the electrode surface. This review proposes a mediator‐centric paradigm for the rational design of CECR. We first examine the prerequisites for efficient CECR operation from thermodynamic, kinetic, and mediator‐design perspectives, focusing on driving force redistribution, rate‐space coordination, and the required properties of mediator molecules. Subsequently, based on the dominant role of the mediator in key transformations, we classify CECR mechanisms into three primary modes: electron‐transfer mediation, radical‐relay processes, and electrophilic/nucleophilic activation. This review aims to shift CECR from empirical reaction discovery toward mechanism‐guided electrosynthesis, enabling the preparation of high‐value chemicals.",crossref,0
A Metabo‐Reprogramming Niche Remodeling System Halts Osteoarthritis by Restoring the FGF21‐Arginine Axis,https://advanced.onlinelibrary.wiley.com/doi/10.1002/adma.74404?af=R,Wiley: Advanced Materials: Table of Contents,2026-08-05 10:48:12 UTC,2026-08-05 10:48:12+00:00,10.1002/adma.74404,Jian Xiao,"ABSTRACT
                  Osteoarthritis (OA), a global leading cause of chronic pain and disability, lacks disease‐modifying osteoarthritis drugs (DMOADs) targeting its core pathogenesis. scRNA‐seq of human OA cartilage showed marked depletion of a high‐arginine‐metabolism chondrocyte subpopulation driving cartilage degeneration, with its key upstream regulator FGF21, significantly downregulated in OA cartilage. Mechanistically, FGF21 rescues IL‐1β‐induced chondrocyte dysfunction via ASS1/ASL ‐mediated arginine biosynthesis, an effect abrogated by ASS1 knockdown, confirming the FGF21‐arginine pathway's role and FGF21 as a therapeutic target. Guided by this mechanism, we engineered a hydrogel‐based bioinspired metabo‐reprogramming niche remodeling system (MetaRemod) to achieve precise and efficient delivery of FGF21 to OA chondrocytes. In a mouse OA model, MetaRemod effectively halted OA progression by sustaining targeted delivery of bioactive FGF21, restoring chondrocyte arginine metabolism, preserving cartilage structure and joint space, restoring subchondral bone integrity, and mitigating synovitis. Critically, scRNA‐seq of treated cartilage confirmed the restoration of the depleted “high‐arginine‐metabolism” chondrocyte subpopulation, directly validating that MetaRemod reverses OA's core metabolic defect. This study establishes the FGF21‐arginine metabolic axis as a key therapeutic target for OA and validates MetaRemod as a promising strategy that synergizes targeted FGF21 delivery and metabolic reprogramming, laying a solid foundation for the clinical translation of metabolic reprogramming‐based DMOADs.",crossref,0
Highly Crystallized Transparent Composite for Cooperative Imaging,https://advanced.onlinelibrary.wiley.com/doi/10.1002/adma.74454?af=R,Wiley: Advanced Materials: Table of Contents,2026-08-05 10:48:16 UTC,2026-08-05 10:48:16+00:00,10.1002/adma.74454,Shifeng Zhou,"ABSTRACT
                  
                    Highly crystallized glass composites rarely retain high optical transparency while supporting efficient near‐infrared (NIR) emission and strong x‐ray response. Here, a highly crystallized Cr
                    3+
                    ‐doped transparent glass composite is reported that breaks this conventional compromise, delivering an optical transmittance exceeding 80% and a near‐unity internal quantum efficiency of 98.5%. Under x‐ray excitation, the glass composite exhibits a radioluminescence (RL) intensity five times that of Bi
                    4
                    Ge
                    3
                    O
                    12
                    and shows thermally enhanced RL, reaching 105% of its room‐temperature intensity at 150°C. This functionality is further extended to fiber form, where NIR glass composite fibers are realized. High‐resolution x‐ray imaging is achieved with a spatial resolution of 27 lp mm
                    −1
                    , while integration of optical and x‐ray excitation pathways further enables cooperative dual‐modal imaging with complementary contrast and enhanced information depth. These results demonstrate a viable strategy for integrating optical transparency, NIR emission and x‐ray response within a single material platform, supporting advanced photonic and imaging applications.",crossref,0
Bio‐Inspired Gating‐Controlled Electronic Skin for Ultrafast Liquid Recognition and Precise Droplet Sliding Sensing in Robotic Intelligence,https://advanced.onlinelibrary.wiley.com/doi/10.1002/adma.74482?af=R,Wiley: Advanced Materials: Table of Contents,2026-08-05 10:49:32 UTC,2026-08-05 10:49:32+00:00,10.1002/adma.74482,Luquan Ren,"ABSTRACT
                  Endowing intelligent robots with the ability to perceive and analyze complex liquid environments is essential for autonomous decision‐making. However, conventional liquid‐sensing technologies remain constrained by a fundamental trade‐off between transient response and recognition accuracy, a limitation stemming from the sluggish kinetics of interfacial charge transfer and complex analytical procedures. Herein, we present a bionic liquid‐sensing electronic skin (BLSE) inspired by the gating‐controlled signal transduction mechanism of ion channels on the surface of biological sensory cells. By emulating the transient signal transduction of ion channels, BLSE achieves instantaneous reconstruction of electronic pathways triggered by the contact between low‐impedance droplets and the high‐impedance sensing array. This design enables an ultrafast response and recovery time of 1.8 ms. To ensure stability in complex liquid environments, a superhydrophobic coating with a contact angle of 159° is integrated, minimizing interfacial adhesion to allow instantaneous functional recovery and stable cyclic sensing. By coupling a multi‐layer interlaced electrode network with deep learning algorithms for multi‐channel feature extraction, BLSE demonstrates a liquid recognition accuracy of 99.58% and the ability to precisely detect droplet sliding. This gating‐inspired sensing paradigm offers a versatile strategy for liquid recognition, paving the way for developing intelligent autonomous systems capable of human‐like environmental awareness.",crossref,0
Acid‐Base Complexation Induced Dipole Engineering for Durable Inverted Perovskite Photovoltaics,https://advanced.onlinelibrary.wiley.com/doi/10.1002/adma.74438?af=R,Wiley: Advanced Materials: Table of Contents,2026-08-05 10:53:17 UTC,2026-08-05 10:53:17+00:00,10.1002/adma.74438,Zhigang Zang,"ABSTRACT
                  
                    Thermally unstable buried interfaces hinder the commercialization of inverted perovskite solar cells (PSCs). Although self‐assembled monolayers (SAMs) serve as promising hole‐selective contacts, their inadequate coverage and weak thermal anchoring cause energy loss and structural degradation. Here, we introduce a dipole‐engineering strategy by incorporating 4‐aminopyridine (4‐AP) into the Me‐4PACz matrix to form a robust electrostatic complex via acid‐base complexation. This approach suppresses aggregation, ensures uniform coverage, enables a vertical molecular orientation, and enhances the interfacial dipole moment from 1.64 to 8.34 Debye, thereby improving hole extraction. The resulting small‐area (0.09 cm
                    2
                    ) inverted PSC achieves a power conversion efficiency (PCE) of 27.06% and an open‐circuit voltage (
                    V
                    OC
                    ) of 1.194 V. This approach also enables large‐area modules (655.2 cm
                    2
                    ) with an efficiency of 20.3% (certified 20.11%) and a fill factor of 79.9%. Additionally, the devices demonstrate exceptional thermal stability, retaining 90.1% and 89.3% of their initial PCE after 1000 h at 85°C and 200 thermal cycles, respectively. This work provides a generalizable pathway toward durable and high‐performance perovskite photovoltaics by leveraging supramolecular interactions for interfacial dipole engineering.",crossref,0
Suppressing Electrode Diffusion With a PMMA Metal‐Capture Mesh Enables Stable Conventional Organic Photovoltaics,https://advanced.onlinelibrary.wiley.com/doi/10.1002/adma.74521?af=R,Wiley: Advanced Materials: Table of Contents,2026-08-05 10:56:10 UTC,2026-08-05 10:56:10+00:00,10.1002/adma.74521,Pei Cheng,"ABSTRACT
                  
                    Conventional organic photovoltaics (OPVs) often suffer from premature failure because top‐electrode metals diffuse into the organic stack under thermal stress, generating interfacial traps and leakage pathways. Here, we identify severe aging‐driven Ag diffusion as a critical failure pathway in high‐efficiency conventional architectures. To suppress this without compromising charge extraction, we introduce polymethyl methacrylate (PMMA) that self‐assembles into a discontinuous, mesh‐like network on the PDINN layer, functioning as both a physical diffusion barrier and a chemical metal‐capture mesh. Spectroscopic analyses reveal that PMMA carbonyl groups coordinate with Ag through Ag‐O interactions, providing chemical immobilization that complements the physical barrier in blocking thermally activated, concentration‐gradient‐driven migration. Therefore, PMMA‐modified devices deliver a power conversion efficiency (PCE) of 20.2% with markedly enhanced stability: they retain &gt;80% of the initial PCE after 3,574 h under ISOS‐D‐1I shelf storage, show a
                    T
                    80
                    of 105 h under ISOS‐D‐2I thermal aging at 85°C, compared with only 10 h for control devices, and retain 70.1% after 94 h under ISOS‐L‐3 conditions (1 sun, 65°C, 50% relative humidity), versus 51.4% for controls. This strategy also improves the thermal stability of Cu‐ and Au‐based devices, establishing a broadly applicable interfacial concept for mitigating electrode‐diffusion‐induced failure in high‐efficiency conventional OPVs.",crossref,0
Zinc Reverse Diffusion‐Induced Uniform Lithium Deposition in Composite Metal Anodes for High‐Performance Lithium Metal Pouch Batteries,https://advanced.onlinelibrary.wiley.com/doi/10.1002/aenm.71393?af=R,Wiley: Advanced Energy Materials: Table of Contents,2026-08-05 11:05:21 UTC,2026-08-05 11:05:21+00:00,10.1002/aenm.71393,Chunnian He,"ABSTRACT
                  
                    Lithium‐metal batteries are promising for overcoming the energy‐density limitations of conventional lithium‐ion batteries, but dendrite growth and interfacial instability hinder their practical application. Traditional static control strategies struggle to maintain lithiophilicity at the advancing deposition front during high‐areal‐capacity plating. Here, we construct a bulk‐homogeneous Li/LiZn–Li
                    2
                    O composite anode using a scalable in situ metallurgical strategy, in which one‐dimensional LiZn forms a continuous transport/support network, while nanoscale Li
                    2
                    O provides dispersed polar lithiophilic sites. Theoretical calculations show that the LiZn surface lowers the Li surface‐migration barrier to 0.25 eV, whereas Li
                    2
                    O thermodynamically anchors Li species and promotes uniform nucleation. Moreover, Zn species migrate toward the growth front during deposition, continuously replenishing lithiophilic sites and enabling dynamic interfacial regulation. The Li/LiZn–Li
                    2
                    O composite anode enables near‐theoretical dense Li deposition, with a thickness expansion rate of only 5.09 µm (mAh cm
                    −2
                    )
                    −1
                    , and sustains stable cycling for over 1210 h at 6 mA cm
                    −2
                    and 6 mAh cm
                    −2
                    . It can be roll‐processed into an ultrathin 20 µm foil and delivers 476.6 Wh kg
                    −1
                    in a 3 Ah‐level pouch cell with a high‐loading NCM811 cathode. This work offers a route to high‐performance Li‐metal anodes with dynamically adaptive interfaces.",crossref,0
A Hydro–Organo Biphasic Gel Electrolyte for Decoupled Interfacial Stability and Fast Ion Transport in Zinc Metal Batteries,https://advanced.onlinelibrary.wiley.com/doi/10.1002/adma.74466?af=R,Wiley: Advanced Materials: Table of Contents,2026-08-05 12:09:11 UTC,2026-08-05 12:09:11+00:00,10.1002/adma.74466,Guihua Yu,"ABSTRACT
                  
                    Organic and aqueous electrolytes offer complementary advantages in electrochemical stability and ion transport, but integrating both within a single electrolyte remains challenging. In this study, it is discovered that a distinct interphase can be spontaneously formed between the aqueous and organic phases through the synergy of amphiphilic monomers, Hofmeister effects, and phase partitioning. This aqueous–organic, mixed‐solvent region boosts ion transfer by smoothing solvation change across phases, resulting in an order‐of‐magnitude increase in overall conductivity over biphasic counterparts without such an interphase. Meanwhile, compartmentalized organo‐ and hydrogel domains decouple anodic and cathodic interfacial chemistries. Demonstrated in zinc metal batteries, this biphasic gel electrolyte thermodynamically stabilizes zinc metal anodes and inhibits parasitic ion crossover, while also enabling high‐rate operation comparable to aqueous systems. Accordingly, Zn||Zn symmetric cells demonstrate &gt;3,600 h stable cycling at 5 mA cm
                    −2
                    and 5 mAh cm
                    −2
                    , and MnO
                    2
                    ||Zn full cells show high capacity retention after &gt;3,000 cycles at 10 A g
                    −1
                    . Overall, the findings establish organizing phase and solvation chemistry as a general materials design principle toward advanced electrolyte systems for high‐power, long‐duration electrochemical energy storage.",crossref,0
Laser‐Induced Synthesis and Passivation of Intrinsically Antioxidative Nano‐Copper for Durable Electronics,https://advanced.onlinelibrary.wiley.com/doi/10.1002/adma.74511?af=R,Wiley: Advanced Materials: Table of Contents,2026-08-05 12:10:49 UTC,2026-08-05 12:10:49+00:00,10.1002/adma.74511,Kaichen Xu,"ABSTRACT
                  The ever‐increasing costs, along with rigorous storage requirements, are the primary obstacles to the sustainable development of pure metallic inks for advanced electronics. The chemically reductive conversion of copper (Cu) from its much cheaper oxides offers a comparable alternative, whereas suffering from the intrinsic oxidation issues that lead to conductivity failures. Here, we report laser‐induced synthesis and passivation of robust nano‐Cu, achieving superior durability under harsh humid‐thermal conditions (190°C and 90°C, 90% RH) in the absence of additional encapsulations. Through selective and controllable metallization, the nascent Cu is equipped with well‐defined dual‐ligand barriers at interface, which are functionalized by formate crystallographic coordination and oleylamine hydrophobization. Such surface modification imparts the as‐formed Cu with limited resistance increase over prolonged humid‐thermal fluctuations. As demonstrations, we create conformal and wearable sensor systems with passivated Cu interconnects that withstand humid‐thermal erosion and provide signal alerts. This laser technology bridges the gap between high‐performance Cu nanomaterials and cost‐effectiveness, empowering endurable electronics for real‐life extremes.",crossref,0
Strategic Acceleration of Reverse Intersystem Crossing in Multi‐Resonance TADF Emitters,https://advanced.onlinelibrary.wiley.com/doi/10.1002/adma.74485?af=R,Wiley: Advanced Materials: Table of Contents,2026-08-05 12:14:12 UTC,2026-08-05 12:14:12+00:00,10.1002/adma.74485,Lin‐Song Cui,"ABSTRACT
                  
                    Advanced multi‐resonance‐induced thermally activated delayed fluorescence (MR‐TADF) materials offer intrinsically narrowband emissions and excellent luminescent efficiencies, making them promising emitters for next‐generation organic light‐emitting diodes (OLEDs). However, their development remains hindered by slow reverse intersystem crossing (RISC) rates, which cause severe efficiency roll‐off at high luminance and limit their application in high‐performance OLEDs. Here, we propose an effective approach for designing blue MR‐TADF molecules by integrating a crumpled and asymmetric heptagonal dibenzodiazepine building block, rather than conventional planar donors, which not only promotes efficient triplet‐to‐singlet RISC processes but also preserves narrowband emission. The proof‐of‐concept emitter AzBN2 exhibits a bright deep‐blue emission centered at 462 nm with a full‐width at half‐maximum of 19 nm and CIE coordinates of (0.13, 0.067), accompanied by a more than twofold increase in the RISC rate. As a result, TADF OLEDs based on AzBN2 achieved a record maximum external quantum efficiency (EQE) of up to 35.7%. Moreover, ascribed to the improved RISC rates of AzBN2, the device exhibits an extremely low efficiency roll‐off; notably, the EQE remains at 29.8% under a high luminance of 1000 cd m
                    −2
                    , representing state‐of‐the‐art performance for MR‐TADF OLEDs.",crossref,0
A Fourier Optoelectronic Synapse with Single‐Wavelength Modulation,https://advanced.onlinelibrary.wiley.com/doi/10.1002/adma.74518?af=R,Wiley: Advanced Materials: Table of Contents,2026-08-05 12:17:59 UTC,2026-08-05 12:17:59+00:00,10.1002/adma.74518,Changjin Wan,"ABSTRACT
                  Analyzing spatial frequency domain features is essential for capturing diverse in‐depth features of targets, thereby enhancing the adaptability to unstructured environments for embodied intelligence. Digital approaches suffer from limited efficiency due to frequent data transfer, while neuromorphic ones lack dedicated frequency‐domain processing hardware. Here, we report a Fourier neuromorphic visual (FIVE) system integrating a Fourier optical system and Fourier optoelectronic synapses (FOSs). The FIVE system extracts frequency‐domain cues optically with negligible time latency and computational energy consumption, and these cues are then filtered based on nonlinearity to the light intensity of FOSs. Furthermore, such a FOS device exhibits multilevel memory tunability by light intensity of single‐wavelength. This property enables the implementation of multilayer perceptron for further classification of frequency domain features. The FIVE system achieves a high accuracy of ∼90% in the image noise classification task and outperforms convolutional neural network (CNN)‐based approaches by orders of magnitude in parameter count.",crossref,0
Metal–Organic Framework‐Preserved Thermostable Microneedle Patch for Minimally Invasive Detection and Monitoring of Kidney Dysfunction,https://advanced.onlinelibrary.wiley.com/doi/10.1002/adma.74423?af=R,Wiley: Advanced Materials: Table of Contents,2026-08-05 12:20:41 UTC,2026-08-05 12:20:41+00:00,10.1002/adma.74423,Srikanth Singamaneni,"ABSTRACT
                  Early and decentralized biomarker detection and monitoring is essential for timely diagnosis and intervention, particularly in kidney disorders that often progress asymptomatically until irreversible damage has occurred. Here, we present a thermally resilient metal‐organic framework encapsulated microneedle (MOF@MN) sensing platform that integrates minimally invasive dermal interstitial fluid (ISF) sampling and on‐needle detection with MOF‐based biostabilization of the sensing interface. A thin zeolitic imidazolate framework‐8 (ZIF‐8) shell is grown in situ on antibody‐functionalized microneedles, preserving the bioactivity of immobilized antibodies after 4 weeks of thermal cycling up to 50°C and maintaining full analytical performance after prolonged unrefrigerated shipment. This interfacial encapsulation strategy enables quantitative detection of neutrophil gelatinase‐associated lipocalin (NGAL), an early biomarker of kidney injury, directly from dermal ISF over a broad clinically relevant range. In a mouse model and human subjects, MOF@MN‐derived NGAL measurements closely mirror blood NGAL concentrations, precede changes in conventional renal function markers, and correlate well with histopathological injury severity, highlighting their potential for subclinical monitoring. Collectively, this study establishes conformal MOF encapsulation as a simple and highly effective strategy for engineering environmentally resilient sensing interfaces and provides a scalable route to cold‐chain‐independent, minimally invasive biosensing for decentralized and at‐home health monitoring.",crossref,0
Engineering the Assembly Freedom of Donor–Acceptor Type Self‐Assembled Monolayers Toward Efficient and Stable Flexible Perovskite Photovoltaics,https://advanced.onlinelibrary.wiley.com/doi/10.1002/adma.74486?af=R,Wiley: Advanced Materials: Table of Contents,2026-08-05 12:24:56 UTC,2026-08-05 12:24:56+00:00,10.1002/adma.74486,Wallace C. H. Choy,"ABSTRACT
                  Flexible perovskite solar cells (f‐PSCs) are promising contenders for portable and wearable photovoltaics, yet developing f‐PSCs that simultaneously achieve high power conversion efficiency (PCE) and superior operational stability, including mechanical robustness, remains challenging. Herein, we propose a strategy of modulating the assembly freedom of donor–acceptor type self‐assembled monolayers (SAMs) to address this issue. The newly designed 2FMPA‐BT‐PPA (PPA) SAMs exhibit higher assembly freedom on flexible ITO substrates compared to the previously reported 2FMPA‐BT‐BA (BA) SAMs, delivering two key benefits: first, they enable the formation of a higher‐quality monolayer via improved conformational adaptability and strengthened π–π stacking, which facilitates efficient carrier transport. Second, the SAMs’ conformational adaptability and uniformly tilted orientations can effectively dissipate interfacial strain under external mechanical loads, thereby enhancing the mechanical robustness of flexible devices. These synergies yield f‐PSCs with a champion PCE of 25.3% (26.3% for rigid device), alongside exceptional operational stability. Crucially, PPA‐based devices retain 98% initial PCE after 10 000 multidirectional bending cycles (3 mm radius) with no observable structural damage, outperforming BA‐based devices and all reported SAMs‐based f‐PSCs. This work offers donor‐acceptor SAMs design experiences for efficient, robust f‐PSCs, revealing assembly freedom's key role in interfacial carrier extraction and mechanical robustness.",crossref,0
Noise‐Tunable Memristor Enabling Programmable Probabilistic Neurons for Frequency‐Selective Time‐Series Signal Encoding,https://advanced.onlinelibrary.wiley.com/doi/10.1002/adma.74529?af=R,Wiley: Advanced Materials: Table of Contents,2026-08-05 12:26:12 UTC,2026-08-05 12:26:12+00:00,10.1002/adma.74529,Kyung Min Kim,"ABSTRACT
                  
                    Memristors exhibit tunable resistance, which has been widely exploited in non‐volatile memory, in‐memory computing, and neuromorphic computing. They can also serve as an entropy source due to their inherent instability, making them attractive for security devices and probabilistic computing. When these two characteristics are coupled, memristors can act as tunable entropy sources; however, this direction remains largely unexplored. Here, we propose a spiking‐rate‐programmable probabilistic neuron that leverages the tunable noise characteristics of a Ru/TaO
                    x
                    /Pt memristor. In this memristor, the conduction mechanism varies across resistance states, leading to distinct noise behaviors and signal‐to‐noise ratios that depend on the programmed resistance. This noise can be harnessed to realize frequency‐selective, frequency‐domain probabilistic neural encoding. By integrating these probabilistic neurons, an identical network architecture can process input signals spanning a wide frequency range, achieving around 95% classification performance on both low‐frequency human activity data (UCI HAR, 0.4–25 Hz) and high‐frequency speech data (Audio MNIST, 20 Hz–8 kHz). These results highlight a new direction that leverages the intrinsic properties of memristors for compact, adaptive, and energy‐efficient time‐series encoding.",crossref,0
Hierarchical SiO2@Cellulose Nanofiber Aerogels With Synergistic Optical–Thermal Regulation for High‐Performance Passive Cooling,https://advanced.onlinelibrary.wiley.com/doi/10.1002/adma.74505?af=R,Wiley: Advanced Materials: Table of Contents,2026-08-05 12:31:09 UTC,2026-08-05 12:31:09+00:00,10.1002/adma.74505,Bowen Cheng,"ABSTRACT
                  
                    Passive radiative cooling offers a sustainable pathway for thermal management by minimizing solar absorption while maximizing mid‐infrared (MIR) emission through the atmospheric transparency window. However, parasitic heat gain substantially compromises its net cooling efficiency. Here, we report a reversible xanthation‐mediated strategy to fabricate hierarchical SiO
                    2
                    @cellulose nanofiber aerogels that synergistically integrate broadband solar reflectivity, high MIR emissivity, and low thermal conductivity. The xanthation chemistry enables uniform, in situ anchoring of ∼300 nm SiO
                    2
                    nanospheres along nanofibers, creating a distinctive ‘pearl‐necklace’ morphology, while directional ice‐templating further constructs lamellar hierarchical porous networks that suppress nonradiative heat transfer. The optimized aerogel exhibits an average solar reflectance of 95.6%, a MIR emissivity of 95.3% within the 8–13 µm atmospheric window, and an ultralow thermal conductivity of 0.028 W m
                    −1 
                    K
                    −1
                    . Under 1000 W m
                    −2
                    solar irradiance, it achieves a time‐averaged subambient cooling of 3.7°C and a net temperature reduction of 24.9°C compared to polystyrene foam, while extending refrigeration thermal cycling by 47.3%. This work provides a scalable material design framework for monolithic integration of optical selectivity and thermal insulation, offering a promising sustainable solution for energy‐efficient buildings, cold‐chain logistics, and next‐generation thermal management systems.",crossref,0
Ion Diffusion‐Induced Multi‐Interface Reconstruction for High‐Resolution Perovskite X‐Ray Flat‐Panel Detectors,https://advanced.onlinelibrary.wiley.com/doi/10.1002/adma.74479?af=R,Wiley: Advanced Materials: Table of Contents,2026-08-05 12:32:25 UTC,2026-08-05 12:32:25+00:00,10.1002/adma.74479,Xiaoming Li,"ABSTRACT
                  
                    A critical challenge with state‐of‐the‐art perovskite x‐ray flat‐panel detectors (FPDs) is their limited spatial resolution, primarily due to the presence of multiple poorly integrated interfaces. In this study, we report high‐resolution perovskite FPDs that achieve a record modulation transfer function (MTF) among polycrystalline perovskite direct‐conversion x‐ray FPDs of 6.2 line pairs per millimetre (lp mm
                    −1
                    ) with a large imaging area of 8.5 × 8.5 cm
                    2
                    through an interface reconstruction strategy specifically tailored for perovskites. We reveal that Fick's law‐guided ion diffusion across hundreds of microns‐thick perovskites contributes to a reconstructed x‐ray sensing layer with highly integrated interfaces and a gradient energy band alignment. As such, we have realized an ultrasensitive x‐ray detection with a leading sensitivity‐to‐dark current ratio (2.61 × 10
                    11
                    µC Gy
                    air
                    −1
                    A
                    −1
                    ) and outstanding stability under ambient conditions over 5760 h. The prototype perovskite FPDs exhibit a detective quantum efficiency (76.9%) and enable high‐resolution x‐ray imaging at a low dosage (0.98 µGy
                    air
                    ), substantially lower than previous polycrystalline perovskite FPDs. Our multi‐interface reconstruction strategy successfully addresses long‐standing issues in perovskite FPDs, advancing their progress from laboratory prototypes to commercial applications in digital radiography and industrial inspection.",crossref,0
Durable Interphase Engineering on SiOx Anodes Through Interfacial‐Enrichment‐Facilitated Polymerization,https://advanced.onlinelibrary.wiley.com/doi/10.1002/adma.74536?af=R,Wiley: Advanced Materials: Table of Contents,2026-08-05 12:35:50 UTC,2026-08-05 12:35:50+00:00,10.1002/adma.74536,Luyi Yang,"ABSTRACT
                  
                    Constructing a robust solid electrolyte interphase (SEI) is a proven strategy to enhance the performance of Si‐based anodes by accommodating severe volume swings and suppressing interfacial side reactions. However, existing strategies that rely solely on either chemical coating or electrochemical formation struggle to reconcile SEI uniformity and long‐term stability. Here, we propose a synergistic strategy that integrates the interfacial modification with in situ regulated electrolyte decomposition. A conformal layer composed of LiF and Li
                    3
                    PO
                    4
                    is pre‐formed on SiO
                    
                      x
                    
                    anodes, where LiF serves as a stable mechanical framework for the inorganic‐rich SEI, and Li
                    3
                    PO
                    4
                    selectively adsorbs fluoroethylene carbonate (FEC), favoring the polymerization of FEC‐derived species via interfacial enrichment to form the high‐molecular‐weight organic species. These electrochemically generated SEI components effectively compensate for the damage to the initial coating caused by volume expansion, enabling the SEI to possess both structural integrity and resilience. Consequently, the modified SiO
                    
                      x
                    
                    anode exhibits benchmark electrochemical performance, delivering excellent cycling stability (1086 mA h g
                    −1
                    , 81% capacity retention for 300 cycles at 0.8 A g
                    −1
                    ) and high‐rate capability (1010 mAh g
                    −1
                    at 2.4 A g
                    −1
                    ). This work establishes a precedent for the dynamic repair interphase design paradigm for high‐capacity anodes.",crossref,0
An On‐Skin Visually Monitorable Gel‐Matrix Zinc–Ion Battery for Electrically Stimulated Wound Healing,https://advanced.onlinelibrary.wiley.com/doi/10.1002/adma.74480?af=R,Wiley: Advanced Materials: Table of Contents,2026-08-05 12:38:52 UTC,2026-08-05 12:38:52+00:00,10.1002/adma.74480,Wenlong Cai,"ABSTRACT
                  
                    Aqueous zinc‐ion batteries (ZIBs) feature intrinsic safety, low cost, and environmental compatibility, making them attractive for untapped cutting‐edge applications, such as the biomedicine area. Particularly, wearable medical power sources require stable electrical output, mechanical flexibility, and high biocompatibility. Herein, a stable and flexible gel‐matrix aqueous ZIB was designed as an on‐skin power source for electrically stimulated wound healing. The elaborately designed graded porous framework hydrogel electrolyte (GPF‐HGE) obtains high ionic conductivity (17.19 mS cm
                    −1
                    ) and improved mechanical deformation tolerance (46 kPa and 205 J m
                    −2
                    ) due to the porous framework formed in the solvent exchange process. Its transparency property, combined with an annular ring‐shaped electrode that generates an electric field aligned with the endogenous wound electric field, enables direct application to wound sites and real‐time visual monitoring. The assembled Zn|GPF‐HGE|I
                    2
                    @AC full cells show superior long‐term cycling stability accompanied by slight capacity fading, ensuring a steady energy supply for electrical stimulation (ES). Benefiting from its robust electrochemical stability and excellent biocompatibility, the obtained ES device can provide reliable electrical signals and promote wound healing through synergistic antibacterial and anti‐inflammatory effects. This work highlights the potential of aqueous ZIBs as advanced biomedical power sources beyond conventional energy storage applications.",crossref,0
Cu‐Pd Dual Single Atoms Promoting Selective CO2 Photoreduction to C2 Products in Seawater,https://advanced.onlinelibrary.wiley.com/doi/10.1002/adma.74420?af=R,Wiley: Advanced Materials: Table of Contents,2026-08-05 12:41:53 UTC,2026-08-05 12:41:53+00:00,10.1002/adma.74420,Jingrun Ran,"ABSTRACT
                  
                    The solar‐powered CO
                    2
                    conversion via the photocatalysis route offers a sustainable pathway toward carbon neutrality while mitigating energy/environmental pressure. Nevertheless, the selective and efficient conversion of CO
                    2
                    via photoreduction to C
                    2
                    products remains a formidable challenge. Here, we engineered a dual‐single‐atom photocatalyst by controllably embedding Pd and Cu single atoms into a TiO
                    2
                    matrix. The optimized catalyst (Cu
                    0.5
                    Pd
                    0.5
                    /TiO
                    2
                    ) exhibits the outstanding yield (119.2 µmol/g
                    cat
                    ) and selectivity (84.8%) for acetic acid production from CO
                    2
                    photoreduction, performed in seawater and in a photothermal‐aided reactor. Various in situ/ex situ characterizations were employed to investigate atomic‐level structure‐performance correlation and reaction mechanism in practical condition. In situ x‐ray photoelectron spectroscopy, in situ atomic force microscopy‐Kelvin probe force microscopy, transient‐state surface photovoltage, and in situ electron paramagnetic resonance (EPR) collectively indicate that loading Pd and Cu single atoms onto TiO
                    2
                    apparently accelerates charge kinetics. This modification results in increased photogenerated electrons for CO
                    2
                    reduction, facilitating C─C coupling and hydrogenation reactions. Additionally, in situ infrared (IR) spectroscopy and theoretical computations affirm the pivotal function of Pd single atoms for lowering the energy barrier to form the
                    *
                    OCCO intermediate, apparently improving selectivity for acetic acid production. Overall, our work presents an innovative approach to tackle kinetic and thermodynamic challenges for light‐induced CO
                    2
                    ‐to‐C
                    2
                    conversion.",crossref,0
Unconventional‐Phase Pd20Te7 Octahedra With High‐Index Facets for Oxygen Reduction,https://onlinelibrary.wiley.com/doi/10.1002/anie.9215475?af=R,Wiley: Angewandte Chemie International Edition: Table of Contents,2026-08-05 13:18:39 UTC,2026-08-05 13:18:39+00:00,10.1002/anie.9215475,Xiaoqing Huang,"ABSTRACT
                  
                    The high surface energy leads to a significant challenge in the chemical synthesis of high‐index faceted nanomaterials. While the preparation of unconventional‐phase palladium (Pd)‐based nanocrystals with high‐index facets is largely unexplored. Herein, we introduce ethylene glycol as the morphology and size controller for unconventional‐phase Pd
                    20
                    Te
                    7
                    nano‐octahedra (NOs) enclosed by {300}, {20}, and {23} high‐index facets. These facets endow Pd
                    20
                    Te
                    7
                    NOs with excellent electrocatalytic activity for alkaline oxygen reduction reaction. Their high mass activity of 1.91 A mg
                    Pd
                    −1
                    at 0.90 V (vs. RHE) demonstrates a 1.89‐fold enhancement relative to Pd
                    20
                    Te
                    7
                    nanoparticles (NPs). More importantly, the Pd
                    20
                    Te
                    7
                    NOs‐based membrane electrode assembly (MEA) achieves a peak power density of 0.59 W cm
                    −2
                    and a mass activity of 14.33 A mg
                    PGM
                    −1
                    (PGM: platinum group metals), measured in H
                    2
                    ‐O
                    2
                    fuel cells at an internal resistance‐corrected voltage of 0.65 V, corresponding to a 1.22‐fold and 2.47‐fold enhancement compared to Pd
                    20
                    Te
                    7
                    NPs (0.49 W cm
                    −2
                    and 5.81 A mg
                    PGM
                    −1
                    ). Furthermore, the Pd
                    20
                    Te
                    7
                    NOs‐based MEA demonstrates stable operation at 0.4 A cm
                    −2
                    for nearly 1440 min under an ultralow Pd loading of 0.022 mg cm
                    −2
                    on the cathode. This work offers a new avenue to rationally design and construct high‐index faceted nanocrystals for high‐efficiency catalytic applications.",crossref,0
Supramolecular Protection–Deprotection for Switching Pore‐Surface Functionality in a Crystalline Porous Organic Salt,https://onlinelibrary.wiley.com/doi/10.1002/anie.1547062?af=R,Wiley: Angewandte Chemie International Edition: Table of Contents,2026-08-05 13:18:50 UTC,2026-08-05 13:18:50+00:00,10.1002/anie.1547062,Norimitsu Tohnai,"ABSTRACT
                  
                    The precise installation of highly interactive functional groups on pore surfaces remains a central challenge in crystalline porous materials since such groups often interfere with framework formation. In this study, supramolecular protection–deprotection was performed in a porous organic salt that temporally separated framework construction from the emergence of pore‐surface functionality. During crystallization, the phenolic OH groups were protected by hydrogen bonding with dimethyl sulfoxide (DMSO), enabling the formation of a crystalline framework based on charge‐assisted hydrogen bonds. Stepwise removal of DMSO induced a two‐step single‐crystal‐to‐single‐crystal phase transition, affording first a dormant state (Form II), in which the OH groups remained protected, and subsequently an active state (Form III), in which the OH groups were exposed on the pore surface together with the emergence of porosity. The dormant state was re‐formed by exposure to DMSO or
                    N
                    ,
                    N
                    ‐dimethylacetamide vapor, whereas other solvents failed to induce the same structural response. In contrast, the active state showed markedly enhanced NH
                    3
                    uptake relative to the dormant state and preferential adsorption of NH
                    3
                    over CO
                    2
                    , N
                    2
                    , H
                    2
                    , and O
                    2
                    under the investigated conditions. These results demonstrate that supramolecular protection–deprotection provides a useful strategy for temporally controlling pore‐surface functionality in dynamic crystalline porous materials.",crossref,0
Shape‐Complementary DNA Scaffold for Programmable Functionalization of Symmetric Protein Assemblies,https://onlinelibrary.wiley.com/doi/10.1002/anie.5457420?af=R,Wiley: Angewandte Chemie International Edition: Table of Contents,2026-08-05 13:21:51 UTC,2026-08-05 13:21:51+00:00,10.1002/anie.5457420,Yonggang Ke,"ABSTRACT
                  The precise programming of bond valency, interaction strength, and spatial positioning within protein assemblies represents a significant step toward addressable functionalization, affording refined control over pattern recognition, cooperative behavior, and structural self‐organization. Here, we introduce a generalizable strategy to regulate the valency of symmetric protein assemblies through a shape‐complementary DNA scaffold. We demonstrate the controlled transfer of streptavidin–DNA conjugates from a ring‐shaped DNA nanostructure to a recombinant tobacco mosaic virus (TMV) disk. This mechanism specifies the number, sequence identity, and spatial arrangement of DNA motifs along the disk periphery, thereby enabling site‐specific addressability for DNA‐mediated binding and functional labeling. Leveraging the intrinsic programmability of DNA nanostructures, this strategy establishes a versatile platform for high‐fidelity valency engineering across diverse protein modules, with potential applications in biomedical and bioengineering.",crossref,0
Operando Reconstruction of NiB Precatalyst Into Adaptive Heterointerfaces for CO2 Photoreduction via Tandem Hydrogen Relay,https://onlinelibrary.wiley.com/doi/10.1002/anie.3187911?af=R,Wiley: Angewandte Chemie International Edition: Table of Contents,2026-08-05 13:23:04 UTC,2026-08-05 13:23:04+00:00,10.1002/anie.3187911,Fan Dong,"ABSTRACT
                  
                    Photocatalytic CO
                    2
                    reduction is a transformative carbon neutrality technology, yet the electronic competition between water‐derived proton generation and CO
                    2
                    activation over intrinsic sites leads to parasitic H
                    2
                    evolution over a static catalytic surface. Here we demonstrate that crystalline nickel boride (NiB) precatalyst, previously unexplored for photocatalysis, undergoes spontaneous operando reconstruction under illumination to form adaptive Ni/B
                    2
                    O
                    3
                    /NiB heterointerfaces as the genuine catalytically active phases. The reaction‐driven reconstructed interfaces enable a tandem hydrogen relay across the NiB→Ni→B
                    2
                    O
                    3
                    interface, in which hydrogen species evolve sequentially from H
                    2
                    O to H
                    2
                    and are subsequently converted into surface‐active hydrogen (H
                    2
                    O→H
                    2
                    →H*) via Ni‐mediated dissociation and hydrogen spillover. The H* species assist CO
                    2
                    activation and hydrogenation on the electron‐deficient B
                    2
                    O
                    3
                    domains. This dynamic process progressively redirects the reaction pathway from water‐splitting‐dominated activity to highly efficient CO
                    2
                    ‐to‐CO conversion, achieving a CO evolution rate of 4.5 mmol·g
                    −1
                    ·h
                    −1
                    with promoted utilization of in situ formed hydrogen species, thus presenting an order‐of‐magnitude enhancement over reported photocatalytic systems. This work unlocks crystalline transition‐metal borides as an untapped material platform for photocatalytic CO
                    2
                    reduction and demonstrates that reaction‐driven interfacial reconstruction can establish adaptive hydrogen‐relay pathways to mitigate multi‐reaction competition in solar‐to‐chemical conversion.",crossref,0
Generalizable Strategies for the Synthesis of Cereblon‐Recruiting PROTAC Prodrugs,https://onlinelibrary.wiley.com/doi/10.1002/anie.3238473?af=R,Wiley: Angewandte Chemie International Edition: Table of Contents,2026-08-05 13:25:25 UTC,2026-08-05 13:25:25+00:00,10.1002/anie.3238473,Jeremiah A. Johnson,"ABSTRACT
                  Cereblon (CRBN)‐recruiting PROTACs (proteolysis‐targeting chimeras) are among the most clinically advanced degraders but remain challenging to chemically modify for translation to prodrug‐based delivery strategies. Here, we report three orthogonal approaches—triazole quaternization, tertiary‐amine alkylation, and installation of a hydroxyl linker—that enable chemoselective, high‐yielding syntheses of CRBN‐recruiting PROTAC prodrugs. These strategies allow incorporation of self‐immolative linkers whose cleavage kinetics can be predictably tuned to release the parent PROTAC, which is demonstrated in the context of PEGylated macromonomer and bottlebrush prodrug macromolecular scaffolds. In multiple myeloma models, representative PROTAC‐bottlebrush prodrugs (PROTAC‐BPDs) induce cellular potency profiles that follow the designed PROTAC release rates, confirming that the observed protein degradation and cytotoxicity arise from effective prodrug linker cleavage. Collectively, this work establishes generalizable approaches for constructing prodrugs of CRBN‐based PROTACs, expanding the synthetic space for targeted protein degradation and providing new design principles for controlling degrader activation, selectivity, and in vivo delivery.",crossref,0
Remote Desaturation of Unprotected Amines and C─H Amination of Alkanes by Polarity‐Matched N‐Radical Cations,https://onlinelibrary.wiley.com/doi/10.1002/anie.4933839?af=R,Wiley: Angewandte Chemie International Edition: Table of Contents,2026-08-05 13:26:24 UTC,2026-08-05 13:26:24+00:00,10.1002/anie.4933839,David A. Nagib,"ABSTRACT
                  A CuCl‐catalyzed strategy enables practical, selective, and efficient δ desaturation of unprotected amines. These bifunctional molecules allow rapid conversion of simple amines to privileged heterocycles in medicine. The key radical relay mechanism is an interrupted Hofmann–Löffler–Freytag (HLF) reaction, which may now be carried out without protecting groups. Based on ‘radical polarity matching’ analysis, we show here that N‐radical cations are ideal intermediates for facilitating efficient and selective 1,5‐H‐atom transfer (HAT) of unprotected amines. Mechanistic probes illustrate the scope, rate, selectivity, and utility of these distal amino alkenes. Computational studies compare the importance of kinetic (radical polarity) over thermodynamic (bond strength) factors in predicting HAT reactivity. Extension to an intermolecular variant allows the direct, desaturative C─H amination of alkanes in a net triple C─H functionalization.",crossref,0
Natural Sunlight IR‐Driven Highly Efficient Synthesis of Acetaldehyde From Bioethanol Over Cu/Fe2O3,https://onlinelibrary.wiley.com/doi/10.1002/anie.9513626?af=R,Wiley: Angewandte Chemie International Edition: Table of Contents,2026-08-05 13:30:51 UTC,2026-08-05 13:30:51+00:00,10.1002/anie.9513626,Junwang Tang,"ABSTRACT
                  
                    Using renewable biomass to synthesize valuable chemicals can reduce fossil fuel dependence and achieve carbon neutrality. Here, for the first time an infrared light‐driven catalyst, Cu/Fe
                    2
                    O
                    3
                    , was designed to convert bioethanol to valuable acetaldehyde, accompanied by green hydrogen as a by‐product, under both indoor IR light and natural sunlight. It achieves an initial acetaldehyde yield of 237 mmol g
                    −1
                    h
                    −1
                    under indoor IR irradiation and 205 mmol g
                    −1
                    h
                    −1
                    under real sunlight, with exceptional selectivity (97.7%) and nearly stoichiometric H
                    2
                    byproduct production. Notably, the turnover number and initial turnover frequency surpass those of IR‐driven systems by at least one order of magnitude and perform competitively with leading energy‐intensive UV–vis‐driven and thermocatalytic ethanol conversion processes operated up to 573 K. This high performance is attributed to: i) the construction of an efficient IR photons‐to‐phonons energy conversion channel within the ps timescale to drive localized thermocatalysis; and ii) the synergistic effect on the in situ formed of Cu/Fe
                    2
                    O
                    3
                    interface, where Fe
                    3+
                    sites promote dissociative ethanol adsorption, and Cu
                    0
                    sites facilitates C─H bond cleavage.",crossref,0
Light‐Induced Electron‐Rich Gold Directs Nitrate Reduction to Dinitrogen,https://onlinelibrary.wiley.com/doi/10.1002/anie.7025212?af=R,Wiley: Angewandte Chemie International Edition: Table of Contents,2026-08-05 13:31:02 UTC,2026-08-05 13:31:02+00:00,10.1002/anie.7025212,Hui Cheng,"ABSTRACT
                  
                    Electrocatalytic nitrate reduction reaction (NO
                    3
                    RR) provides a controllable route for nitrate conversion, while nitrate purification requires directing the reaction endpoint toward inert N
                    2
                    instead of soluble reactive nitrogen species. Here, we establish operating‐state electron enrichment as a design principle for directing NO
                    3
                    RR toward N
                    2
                    and construct a Cu‐induced electronically reconfigured Au (ER‐Au) interface that enters an electron‐rich state under illumination. Electrochemical in situ interfacial characterization and theoretical calculations show that this electron‐rich environment transforms *NO‐related intermediates from isolated adsorption states into N‐N coupling reactive configurations, selectively enabling the NO
                    3
                    −
                    to N
                    2
                    branch. Consistent with this branch regulation mechanism, ER‐Au selectively converts NO
                    3
                    −
                    to N
                    2
                    with 90.84% Faradaic efficiency at pH = 1, as confirmed by product analysis and isotope‐labeling experiments, and further maintains stable operation for 100 h under illuminated acidic NO
                    3
                    RR conditions. The high N
                    2
                    Faradaic efficiency shows competitive performance among representative NO
                    3
                    RR electrocatalysts reported in the literature, especially considering the challenge of directing nitrate reduction toward the inert N
                    2
                    endpoint. More broadly, these findings identify operating‐state electron enrichment as a key mechanism and design principle for endpoint‐selective NO
                    3
                    RR.",crossref,0
Isotopic Engineering of Water Reactivity for Stable Aqueous Iron‐Metal Batteries,https://onlinelibrary.wiley.com/doi/10.1002/anie.5007458?af=R,Wiley: Angewandte Chemie International Edition: Table of Contents,2026-08-05 13:33:44 UTC,2026-08-05 13:33:44+00:00,10.1002/anie.5007458,Hanfeng Liang,"ABSTRACT
                  
                    The development of aqueous iron‐metal batteries (AIBs) is critically hindered by the severe parasitic hydrogen evolution reaction (HER) at the anodes and the resulting structural degradation of the cathode. Moving beyond conventional additive‐based approaches, this work presents a kinetically targeted strategy to suppress HER and enhance overall cell stability through an isotope‐engineered deuterated water (D
                    2
                    O)‐based electrolyte. Leveraging the intrinsic differences in zero‐point energy between deuterium and hydrogen, D
                    2
                    O features a substantially higher activation energy barrier for water dissociation, effectively taming the reactivity of the problematic Fe anode. Concurrently, control experiments in Fe metal‐free configurations reveal that this isotope effect extends a vital secondary stabilization to the cathode host, establishing a cooperative, dual‐side protection mechanism. Consequently, the D
                    2
                    O‐based electrolyte enables a highly reversible iron anode with an average Coulombic efficiency of 99.6% and grants Fe||MoS
                    2
                    full cells a stable lifespan of 2000 cycles with an 87.6% capacity retention at 0.5 A g
                    −1
                    . This work highlights the potential of isotopic modulation as a targeted, high‐efficacy strategy for stabilizing high‐performance aqueous batteries.",crossref,0
Open‐Shell Guest Acceptors Manipulate Charge‐Transfer Spin Dynamics in Organic Solar Cells,https://onlinelibrary.wiley.com/doi/10.1002/anie.2691122?af=R,Wiley: Angewandte Chemie International Edition: Table of Contents,2026-08-05 13:35:37 UTC,2026-08-05 13:35:37+00:00,10.1002/anie.2691122,Ming Shao,"ABSTRACT
                  
                    Non‐radiative energy loss in high‐efficiency organic solar cells (OSCs) is closely associated with triplet‐mediated recombination involving triplet charge‐transfer (
                    3
                    CT) states. Here, rather than suppressing this pathway solely through excited‐state energetic engineering, we explore a spin‐manipulation strategy using intrinsically open‐shell non‐fullerene acceptors (NFAs) as spin‐active guest acceptors in OSC blends. Two (thio)barbituric acid‐terminated open‐shell NFAs, MAZ‐1 and MAZ‐2, were incorporated into D18:N3 solar cells. Electron spin resonance (ESR), variable‐temperature ESR, and variable‐temperature
                    1
                    H NMR measurements confirm their open‐shell character and thermally accessible triplet states. Upon MAZ incorporation, the ternary devices exhibit weakened high‐field magneto‐photocurrent responses and accelerated decay of long‐lived CT states, consistent with modulated CT‐state spin evolution and suppressed triplet‐related recombination. Consequently, the non‐radiative energy loss is reduced by up to ∼20 meV, accompanied by enhanced charge transport, improved morphology, and a power conversion efficiency increase from 18.52% to 20.23%. This work establishes open‐shell guest acceptors as an intrinsic spin‐active platform for manipulating CT‐state spin dynamics and reducing non‐radiative recombination losses in OSCs.",crossref,0
CO2‐to‐CO Electrochemical Conversion With an Fe(I) Porphyrin Complex in Water,https://onlinelibrary.wiley.com/doi/10.1002/anie.7585384?af=R,Wiley: Angewandte Chemie International Edition: Table of Contents,2026-08-05 13:36:40 UTC,2026-08-05 13:36:40+00:00,10.1002/anie.7585384,Mun Hon Cheah,"ABSTRACT
                  
                    Iron porphyrin complexes constitute a well‐established and versatile class of molecular electrocatalysts for the reduction of CO
                    2
                    to CO. In both organic and aqueous media, the reaction mechanism is typically proposed to involve the interaction of CO
                    2
                    with a formally defined [(porphyrin)Fe
                    0
                    ] intermediate. In this work, we performed a mechanistic investigation of CO
                    2
                    reduction using the water‐soluble complex [(
                    p
                    TMA)Fe
                    III
                    Cl]Cl
                    4
                    under aqueous conditions. In situ scanning spectroelectrochemistry was employed, enabling the synchronized acquisition of UV–vis or IR spectra during cyclic voltammetry experiments. Our results provide strong evidence for CO
                    2
                    binding to the electrogenerated [(
                    p
                    TMA)Fe
                    I
                    ]
                    3+
                    species, followed by reductive C─O bond cleavage to yield a stable [(
                    p
                    TMA)(Cl)Fe
                    II
                    ‐CO]
                    3
                    +
                    complex. This process corresponds to an overall two‐electron reduction per iron center. This mechanism, which has not been previously considered for molecular iron porphyrins in CO
                    2
                    reduction, is proposed to be facilitated by the charged porphyrin periphery and the hydrogen‐bonding network of the aqueous medium. These features may open new avenues toward achieving CO
                    2
                    reduction at lower overpotentials in water.",crossref,0
Supramolecular Strategies for Modulating Excited‐State Properties of Photosensitizers in Photodynamic Therapy,https://onlinelibrary.wiley.com/doi/10.1002/anie.4560740?af=R,Wiley: Angewandte Chemie International Edition: Table of Contents,2026-08-05 13:37:48 UTC,2026-08-05 13:37:48+00:00,10.1002/anie.4560740,Qing‐Zheng Yang,"ABSTRACT
                  The performance of photosensitizers (PSs) in photodynamic therapy (PDT) is determined not only by their intrinsic molecular structures but also by their spatial organization and environmental interactions. Supramolecular assembly enables precise control over molecular packing, local microenvironments, and intermolecular electronic coupling without altering the chromophore scaffold, thereby offering a versatile approach to modulate the photophysical and photochemical behavior of PSs through noncovalent interactions. In this Minireview, we summarize recent advances in supramolecular strategies for modulating the excited‐state properties of PSs in PDT. We focus on two central aspects: promoting intersystem crossing to enhance triplet‐state formation, and modulating excited‐state deactivation pathways to regulate ROS generation and bias Type‐I or Type‐II photodynamic processes. Representative examples are discussed to illustrate how supramolecular assembly can reduce singlet‐triplet energy gaps, introduce charge‐transfer (CT) mediators, suppress nonproductive decay, and facilitate electron or hydrogen atom transfer (HAT) reactions. Finally, we highlight the remaining challenges in mechanistic understanding, structural stability, and translational implementation, and outline future opportunities in bioadaptive assembly, simplified system design, and mechanism‐guided development of next‐generation supramolecular PSs.",crossref,0
Decouple H2O2 Electrosynthesis From Microenvironmental Decomposition via Atomic Site Density Engineering,https://onlinelibrary.wiley.com/doi/10.1002/anie.8125244?af=R,Wiley: Angewandte Chemie International Edition: Table of Contents,2026-08-05 13:40:05 UTC,2026-08-05 13:40:05+00:00,10.1002/anie.8125244,Xiaoguang Duan,"ABSTRACT
                  
                    Electrocatalytic H
                    2
                    O
                    2
                    production through two‐electron oxygen reduction reaction (2e
                    −
                    ‐ORR) offers a promising route to decentralised chemical synthesis and water purification. However, Faradaic efficiency typically falls short of intrinsic selectivity due to competing H
                    2
                    O
                    2
                    reduction reaction (HPRR) and disproportionation reaction (HDR). Here, we show that active atomic density engineering governs this microenvironmental loss and can secure the net H
                    2
                    O
                    2
                    output. Using a series of defect‐rich Co‐N
                    2
                    O
                    2
                    single‐atom catalysts (SACs), closely spaced sites induce inter‐site electronic coupling and broaden the d‐band, which promotes further reaction with the freshly produced H
                    2
                    O
                    2
                    toward reduction and disproportionation. Isolating the sites at an optimal Co loading of 0.84 wt.% (Co/NOC‐0.8) effectively suppresses side reactions by increasing the thermodynamic barrier to OH*/O* formation, protecting H
                    2
                    O
                    2
                    from secondary dissociation. The resulting catalyst reduces secondary H
                    2
                    O
                    2
                    consumption by up to 79% and closes the gap between intrinsic selectivity (86.5%) and practical Faradaic efficiency (78.7%). When integrated into a flow‐through bilayer electrified membrane reactor, the optimised catalyst combines convection‐enhanced mass transport with rapid product release at the isolated sites, achieving over 90% single‐pass removal of aniline for more than 72 h. These results define a site‐density principle for balancing product formation and product preservation in single‐atom electrocatalysis.",crossref,0
Light‐Defined Reaction Fields via Topochemical Control for Single‐Shot Projection Photoprinting,https://onlinelibrary.wiley.com/doi/10.1002/anie.7872986?af=R,Wiley: Angewandte Chemie International Edition: Table of Contents,2026-08-05 13:45:10 UTC,2026-08-05 13:45:10+00:00,10.1002/anie.7872986,Jincai Zhao,"ABSTRACT
                  A central challenge in three‐dimensional (3D) photoprinting lies in the absence of a deterministic translation from optical fields into volumetric chemical reaction fields. Here, we establish a photoprinting strategy in which light acts not merely as a trigger, but as a programmable input that defines a spatial chemical reaction field enabled by molecular spatial homogeneity and topochemical control. Within this light‐defined reaction field, topochemical reactions are spatially confined and propagated along the depth direction, generating continuous reaction gradients that deterministically translate optical projections into 3D chemical transformations. We realize this concept using a large‐area ADCA‐based single‐cocrystalline photoresist film, in which well‐defined molecular packing supports efficient cascade reactions. The resulting light‐defined spatial reaction field enables low‐power (µW), millimeter‐scale projection photoprinting, producing 3D nanostructures with a sub‐diffraction‐limited lateral resolution of 153 nm and an axial resolution of 3.5 nm. By integrating a home‐built projection system with computational modeling, arbitrary graphic inputs can be directly compiled into programmable 3D chemical reaction fields and rapidly translated into nanoarchitectures within seconds. These results establish topochemical reaction‐field‐guided projection photoprinting as a powerful strategy for rapid, high‐resolution three‐dimensional fabrication in ADCA‐based single‐cocrystalline photoresists and suggest a broader molecular‐design principle for future co‐crystalline photoprinting materials.",crossref,0
Local Antiaromaticity‐Mediated Chiral Donor–Acceptor Strategy for Efficient Circularly Polarized Luminescence,https://onlinelibrary.wiley.com/doi/10.1002/anie.6690121?af=R,Wiley: Angewandte Chemie International Edition: Table of Contents,2026-08-05 13:46:49 UTC,2026-08-05 13:46:49+00:00,10.1002/anie.6690121,Hao‐Li Zhang,"ABSTRACT
                  
                    Achieving highly efficient circularly polarized luminescence in organic light‐emitting diodes remains a fundamental challenge, because conventional chiral‐perturbation strategies are intrinsically limited by weak electronic coupling between chiral units and the emissive center. To address this limitation, a local antiaromaticity‐mediated chiral donor‐acceptor strategy is introduced. By integrating a locally antiaromatic chiral donor with one or two electron‐accepting triazine units, donor–acceptor and acceptor–donor–acceptor architectures are constructed that exhibit hybridized local and charge‐transfer excited states and enable hot‐exciton channels. Unlike conventional designs, the antiaromatic chiral donor directly contributes to the frontier molecular orbitals and excited‐state spin density distribution, inducing pronounced helical charge redistribution at the emissive center during charge‐transfer excitation. The localized antiaromatic character further strengthens the magnetic transition dipole moment, providing a synergistic amplification of circularly polarized emission. As a result, the optimized emitter ABH‐2TRZ affords deep‐blue circularly polarized electroluminescence with a dissymmetry factor of +7.4 × 10
                    −3
                    , a maximum external quantum efficiency of 6.38%, and color coordinates of (0.154, 0.089), close to the deep‐blue display standard. This work establishes antiaromatic chiral donors as an effective platform for high‐performance circularly polarized optoelectronic materials.",crossref,0
Unlocking n‐Propanol Electrosynthesis From CO2 via Constructing *CO─H2O Reaction Microregion,https://onlinelibrary.wiley.com/doi/10.1002/anie.4139411?af=R,Wiley: Angewandte Chemie International Edition: Table of Contents,2026-08-05 13:50:20 UTC,2026-08-05 13:50:20+00:00,10.1002/anie.4139411,Chun‐Hua Yan,"ABSTRACT
                  
                    Selective electroreduction of CO
                    2
                    (CO
                    2
                    RR) to
                    n
                    ‐propanol represents a promising route for low‐carbon chemical synthesis. However, achieving high selectivity at industrially relevant current densities remains challenging due to inefficient *CO utilization and strong competition from C
                    2
                    products. Herein, we demonstrate that a Cu
                    2
                    O/CeO
                    2
                    interfacial catalyst overcomes these limitations by constructing a *CO─H
                    2
                    O reaction microregion that facilitates selective C
                    1
                    ─C
                    2
                    coupling. Isotope‐competitive in situ differential electrochemical mass spectrometry (DEMS) reveals that the CeO
                    2
                    ‐induced interfacial structure shifts protonation pathway of activated CO
                    2
                    from adsorbed hydrogen to solvent hydrogen, thereby generating high local *CO flux. Under CO
                    2
                    RR conditions, the *CO─H
                    2
                    O reaction microregion arises from non−covalent interaction between high‐density *CO and loosely H‐bonded water molecules. Time‐resolved pulsed spectroscopy and theoretical calculations confirmed that this microregion dynamically confines *CO and reduces their molecular orbital degeneracy, enhancing *CO availability for C─C coupling reaction. Site‐specific kinetics isotope effect experiments further indicate the reaction microenvironment promotes *CO attack on the α carbon of *C
                    2
                    intermediates, effectively steering reaction pathway toward
                    n
                    ‐propanol. As a result, the catalyst achieves
                    n
                    ‐propanol Faradaic efficiency (FE) of 26.1%. These findings underscore the significance of non‐covalent interactions between intermediates and electrolyte in controlling proton‐related surface reaction, offering opportunities for steering electrocatalytic pathways toward valuable products.",crossref,0
Unprotected C‐Aryl Glycosides From Native Sugars via Glycosyl Sulfonyl Hydrazides: A Thermal Cap‐and‐Glycosylate Strategy,https://onlinelibrary.wiley.com/doi/10.1002/anie.2385204?af=R,Wiley: Angewandte Chemie International Edition: Table of Contents,2026-08-05 13:55:54 UTC,2026-08-05 13:55:54+00:00,10.1002/anie.2385204,Xiang‐Guo Hu,"ABSTRACT
                  
                    We report a thermal cap‐and‐glycosylate strategy for the direct, protecting‐group‐free synthesis of unprotected aryl C‐glycosides from native sugars, employing glycosyl sulfonyl hydrazides as glycosyl radical precursors under redox‐neutral nickel catalysis. This two‐step process avoids photoirradiation, chromatography, and external redox agents. 11 Unprotected monosaccharides react with high 1,2‐
                    trans
                    selectivity, tolerating diverse functional groups and heteroarenes. The utility is showcased by two‐step assembly of gliflozin drugs, their analogues and Neopetrosin C. This platform positions glycosyl sulfonyl hydrazides as a versatile radical source and a scalable alternative to photoinduced C‐glycosylation.",crossref,0
Mitigating Stress‐Induced Nonphotoactive Phase Transition Through Sodium Sulfonate Engineering for Stable and Efficient Perovskite Solar Cells,https://onlinelibrary.wiley.com/doi/10.1002/anie.2425823?af=R,Wiley: Angewandte Chemie International Edition: Table of Contents,2026-08-05 13:58:53 UTC,2026-08-05 13:58:53+00:00,10.1002/anie.2425823,Alex K. Y. Jen,"ABSTRACT
                  
                    Formamidinium lead triiodide (FAPbI
                    3
                    ) perovskite solar cells (PSCs) have attracted significant attention due to their outstanding optoelectronic properties. However, their long‐term stability remains limited by lattice strain‐induced transition from the photoactive α‐phase to the nonphotoactive δ‐phase. In this work, first‐principles calculations reveal that the incorporation of Na
                    +
                    into interstitial sites between adjacent FA
                    +
                    cations significantly reduces the formation energy of the α‐phase, thereby promoting its thermodynamic stabilization. Then, experimental results confirm that the introduction of 2 mol% Na
                    +
                    effectively alleviates lattice strain while simultaneously suppressing δ phase. Moreover, the accompanying sulfonate groups interacting with PbI
                    2
                    can regulate the crystallization and improve film quality. As a result, the optimized PSC achieved power conversion efficiency (PCE) as high as 26.67% (certificated 26.44%), ranking among the highest reported for the n‐i‐p structured devices. Notably, the bare device without encapsulation retained over 90% of its initial efficiency after continuous heating at 85°C for 1200 h and maintained 80% after 800 h continuous illumination. This study demonstrates that metal cation doping is an effective strategy for stabilizing the perovskite lattice and enhancing long‐term operational stability of perovskite‐based optoelectronic devices.",crossref,0
Anisotropic Masked Mycobacterium Potentiates Amplified Antitumor Trained Immunity via Spleen Targeting and Myelopoiesis Conversion,https://advanced.onlinelibrary.wiley.com/doi/10.1002/adma.74513?af=R,Wiley: Advanced Materials: Table of Contents,2026-08-05 13:59:43 UTC,2026-08-05 13:59:43+00:00,10.1002/adma.74513,Yong Taik Lim,"ABSTRACT
                  Cancer progression involves systemic immune suppression and tumor recurrence facilitated by increased splenic protumoral myelopoiesis. To address this clinical challenge, we developed an engineered Trojan Mycobacterium as a trained immunity (TI)‐mediated splenic myelopoiesis converter (t‐SMC). This design provides an intravenously injectable anisotropic TI inducer with an aspect ratio of 3.6 for preferential spleen targeting and cellular uptake via a Mycobacterium “peeling‐off and masking‐up” strategy with human serum albumin incorporating an enzyme‑activatable Toll‑like receptor 7/8 agonist that boosts TI activation. t‐SMC induces antitumoral myelopoiesis with metabolic and epigenetic reprogramming in splenic macrophages. This shift toward antitumoral myelopoiesis markedly enriches the tumor microenvironment with inflammatory myeloid effectors in an E.G7‐OVA model, and the adoptive transfer of splenic myeloid cells confirmed the TI‐driven antitumor effect. Furthermore, comparative analysis revealed that the bacterial scaffold (alb‐Mycobac) initiates myeloid reprogramming, but only the integrated TLR7/8 agonist (t‐SMC) crosses the therapeutic threshold for tumor regression. In the MC38 surgical recurrence model, preoperative t‐SMC combined with standard adjuvant αPD‐L1 plus oxaliplatin achieved complete inhibition of recurrence in 50% of treated mice (3 of 6) with 62.5% long‐term survival, establishing TI priming as a translation‐ready preoperative adjuvant that converts immune‐checkpoint non‐responders into responders.",crossref,0
Hydrophobic MFI‐Type Zeolites via Alkali‐Cation‐Induced Defect Healing: Implications for Adsorbent and Catalyst Design,https://advanced.onlinelibrary.wiley.com/doi/10.1002/adma.74455?af=R,Wiley: Advanced Materials: Table of Contents,2026-08-05 14:01:21 UTC,2026-08-05 14:01:21+00:00,10.1002/adma.74455,Manuel Moliner,"ABSTRACT
                  
                    Here, we demonstrate that sub‐stoichiometric amounts of alkali cations (Na
                    +
                    and K
                    +
                    ) critically govern defect formation during the synthesis of Silicalite‐1 (MFI), enabling precise control over framework integrity and surface properties after calcination. Combining systematic synthesis studies with density functional theory (DFT) calculations and high‐resolution microscopy, we reveal a defect‐healing mechanism in which in situ generated NaOH or KOH species promote Si–O–Si bond rearrangement and enhance the mobility of Si(OH)
                    4
                    units. This process facilitates the effective healing of T‐site vacancies, yielding highly ordered, defect‐free MFI frameworks. The resulting Silicalite‐1 exhibits markedly enhanced hydrophobicity and superior selectivity in butanol/water separation, underscoring the decisive role of defect control in modulating adsorption and interfacial properties. Importantly, these insights are successfully extended to the synthesis of defect‐free TS‐1, affording highly hydrophobic Lewis acid catalysts with improved activity and selectivity in the epoxidation of 1‐hexene. This environmentally friendly, straightforward, scalable approach offers a versatile pathway to produce defect‐free zeolites with precisely tuned physicochemical properties, enabling the development of advanced catalytic and separation materials, especially for applications involving water or polar compounds.",crossref,0
Machine‐Learning‐Guided Polarization‐Lattice Decoupling Enables Ultrahigh Energy Storage in Lead‐Free Dielectric Ceramics,https://advanced.onlinelibrary.wiley.com/doi/10.1002/adma.73801?af=R,Wiley: Advanced Materials: Table of Contents,2026-08-05 14:02:31 UTC,2026-08-05 14:02:31+00:00,10.1002/adma.73801,Daniel Q. Tan,"ABSTRACT
                  
                    Achieving ultrahigh energy storage in lead‐free dielectric ceramics is fundamentally constrained by the intrinsic trade‐off between large polarization and high dielectric breakdown strength. Here, we establish an interpretable machine‐learning‐guided design framework that quantitatively links ionic descriptors with polarization behavior in ABO
                    3
                    ‐based dielectric matrices, enabling the rational identification of compositions with intrinsically high polarization potential. Guided by this strategy, a (Bi
                    0.275
                    Na
                    0.2255
                    K
                    0.0495
                    Ba
                    0.3
                    )(Ti
                    0.985
                    Hf
                    0.015
                    )O
                    3
                    ‐0.15(La
                    0.5
                    Sm
                    0.5
                    )
                    2
                    Ti
                    2
                    O
                    7
                    (BNBT‐3) composition is discovered that exhibits an exceptional maximum polarization of 50.19 µC cm
                    −2
                    . When processed via a viscous polymer process, the resulting BNBT‐3‐VPP capacitors achieve an ultrahigh breakdown strength of 1400 kV cm
                    −1
                    and a recoverable energy density of 25.1 J cm
                    −3
                    with high efficiency, placing them among the best‐performing lead‐free dielectric ceramics reported to date. Structural characterization combined with phase‐field simulations reveals that the outstanding performance originates from polarization‐lattice decoupling, where nanoscale polarization clusters and multiphase coexistence suppress long‐range ferroelectric order while enabling reversible polarization rotation. This work establishes a generalizable strategy that integrates interpretable machine learning with physically grounded materials design, providing a powerful route for discovering high‐performance dielectric energy storage materials.",crossref,0
Key Drivers of Activity and Selectivity in Cu‐Based Catalysts for Methanol Synthesis From CO2: Insights From Atomically Dispersed Promoters,https://onlinelibrary.wiley.com/doi/10.1002/anie.2693293?af=R,Wiley: Angewandte Chemie International Edition: Table of Contents,2026-08-05 14:04:01 UTC,2026-08-05 14:04:01+00:00,10.1002/anie.2693293,Atsushi Urakawa,"ABSTRACT
                  
                    The synergistic Cu–metal oxide (Cu–MO
                    x
                    ) interface is critical for selective CO
                    2
                    hydrogenation to methanol, yet its mechanistic function, the central, long‐debated feature of industrial Cu/ZnO/Al
                    2
                    O
                    3
                    , remains ambiguous. Using
                    operando
                    transient DRIFTS‐SSITKA, we elucidate the roles of M
                    +
                    sites (Zn
                    2+
                    , Ga
                    3+
                    , and In
                    3+
                    ) on model Cu─M/SiO
                    2
                    catalysts prepared by surface organometallic chemistry (SOMC). X‐ray absorption spectroscopy reveals that these promoters restructure from alloys after reduction to cationic species at the interface under reaction conditions. We find the promoter's electronic effect on formate bond strengths provides quantitative descriptors for both activity and selectivity. All catalysts follow a common formate spillover mechanism, with methoxy hydrogenation/desorption as the rate‐limiting step. The intrinsic CH
                    3
                    OH formation rate follows a Sabatier‐type volcano with C─O bond strength, while selectivity correlates linearly with C─H bond strength (a proxy for the formate decomposition barrier). Cu─Ga/SiO
                    2
                    shows the fastest spillover, suppressing CO formation and yielding the highest selectivity; Cu─Zn/SiO
                    2
                    has optimal binding for the highest activity; In
                    3+
                    binds formate too strongly, creating a kinetic trap on the strong‐binding side of the volcano. These findings bring mechanistic clarity to the debated Cu─Zn(O) synergy, showing selectivity is governed by a balance of electronic stabilization and spillover dynamics.",crossref,0
Programmable Functional Silicification of DNA Origami Nanostructures,https://advanced.onlinelibrary.wiley.com/doi/10.1002/adma.74516?af=R,Wiley: Advanced Materials: Table of Contents,2026-08-05 14:07:28 UTC,2026-08-05 14:07:28+00:00,10.1002/adma.74516,Amelie Heuer‐Jungemann,"ABSTRACT
                  The silicification of DNA origami nanostructures offers a powerful strategy for enhancing their mechanical stability and resistance against detrimental environmental conditions. In the past years, several studies have investigated key aspects of the silicification process, resulting in a variety of established protocols. However, until now, the silica coating generally served as a passive protective layer or as the base for the further deposition of inorganic materials, but it did not carry any additional functionality itself. Here, we introduce two complementary, programmable approaches for the direct fabrication of functionalized silica coatings of DNA origami nanostructures. First, we synthesized a fluorescein‐bearing silica precursor which imparts fluorescence to the silica coating of both individual DNA origami nanostructures and crystals, enabling intracellular tracking of silica‐stabilized structures. Second, we employed a silica precursor containing a disulfide bridge to generate a redox responsive silica coating that degrades in a reducing environment. By introducing functionality at the precursor level, our approach establishes silicification as a modular platform for constructing responsive and traceable DNA‐based hybrid materials. These strategies expand the chemical scope of DNA nanotechnology and facilitate future applications in drug delivery and advanced materials science.",crossref,0
Modulating Local Coordination in Single‐Atom Catalysts: From Fundamental Concepts to Emerging Breakthroughs in Electrocatalysis,https://onlinelibrary.wiley.com/doi/10.1002/anie.3059499?af=R,Wiley: Angewandte Chemie International Edition: Table of Contents,2026-08-05 14:08:16 UTC,2026-08-05 14:08:16+00:00,10.1002/anie.3059499,Harun Tüysüz,"ABSTRACT
                  Single‐atom catalysts (SACs) have attracted significant interest due to their maximized atom efficiency, structural precision, and unique catalytic properties. While the central metal atom in SACs serves as the primary active site, its catalytic behavior is strongly influenced by the surrounding environment. The local coordination sphere plays a critical role in modulating the electronic structure and reaction pathway, thereby governing the overall activity, selectivity, and stability of SACs. Consequently, precise regulation of this coordination environment through rational engineering strategies is essential for optimizing the performance of SACs. Despite growing interest, comprehensive reviews systematically analyzing local coordination environments and metal‐support interactions via electronic descriptors remain scarce, unlike synthesis/application‐focused ones. In this review article, we provide an atomic‐level, descriptor‐driven analysis of coordination effects on the electrocatalytic performance of SACs, emphasizing the synergistic interplay between central metal atoms and their coordination spheres in activating key intermediates in reactions such as water splitting and oxygen/carbon dioxide reduction. We also highlight the unique features of advanced synthetic strategies for SACs, alongside the critical role of spectroscopic and microscopic techniques in elucidating structure–activity relationships, with particular focus on integrating operando investigations and theoretical calculations. Finally, recent advances, remaining challenges, and future opportunities in coordination‐regulated SAC electrocatalysis are discussed.",crossref,0
Direct Growth of 2D Bilayers on Au(111) for Low‐Coercive Sliding Ferroelectricity,https://advanced.onlinelibrary.wiley.com/doi/10.1002/adma.74537?af=R,Wiley: Advanced Materials: Table of Contents,2026-08-05 14:08:40 UTC,2026-08-05 14:08:40+00:00,10.1002/adma.74537,Thuc Hue Ly,"ABSTRACT
                  
                    Two‐dimensional (2D) semiconductors directly grown on metal substrates can enable pristine and low‐defect interfaces that are difficult to achieve through transfer‐based fabrication. Although monolayer transition metal dichalcogenides (TMDs) have been widely synthesized on metals, controllable bilayer growth remains challenging owing to distinct thermodynamics and kinetics of second‐layer growth on inert first‐layer surfaces—a significant hurdle given their importance for interlayer‐coupled functionalities like sliding ferroelectricity. Low‐symmetry rhenium dichalcogenides (ReX
                    2
                    , X = S, Se) are especially attractive because their weak interlayer coupling and multiple thermodynamically stable stacking configurations support low sliding barriers. Here, by optimizing precursor flux and growth kinetics, we achieved controlled chemical vapor deposition (CVD) growth of bilayer ReS
                    2
                    with well‐defined parallel and antiparallel stacking directly on Au(111). As‐grown parallel‐stacked bilayers exhibit a large piezoelectric response (effective
                    d
                    33, eff
                    = 9.84 pm V
                    −1
                    ) and sliding ferroelectricity with an ultralow coercive voltage of approximately 2 V. Tip‐defined ferroelectric tunnel junction and ferroelectric field‐effect transistor measurements further support the ferroelectric interpretation. Comparative studies of as‐grown, transferred, and exfoliated bilayers reveal that the cleaner, more conformal interface of the as‐grown bilayers is associated with a lower coercive bias. This work establishes a scalable route for stacking‐specific bilayer TMD growth on metal toward low‐coercive sliding ferroelectricity.",crossref,0
From Berzelius to Hyperspace: Previously Unrecognized Network of Reactivity in Textbook Brominations,https://onlinelibrary.wiley.com/doi/10.1002/anie.9132891?af=R,Wiley: Angewandte Chemie International Edition: Table of Contents,2026-08-05 14:09:32 UTC,2026-08-05 14:09:32+00:00,10.1002/anie.9132891,Bartosz A. Grzybowski,"ABSTRACT
                  Chemical reactions are traditionally depicted as linear equations optimized toward a single product, with other outcomes treated as minor side products. However, advances in reaction automation now allow systematic exploration of reaction “hyperspaces”—that is, multidimensional landscapes of conditions—showing that even archetypal transformations can yield previously unrecognized dominant products. Using the Robowski robotic platform with low‐cost NMR detection, we scanned nearly 1000 conditions for the bromination of 1,1‐diphenylethylene (DPE) and benzylideneacetone (BDA). These maps revealed new major products, condition‐dependent switchovers between addition and substitution pathways, and novel substitution patterns with potential for derivatization into biologically active scaffolds. In turn, correlations and anticorrelations in product distributions across the hyperspace facilitated reconstruction of mechanistic networks connecting different outcomes. Together, our findings show that even foundational reactions, long considered mechanistically complete, harbor hidden complexity and behave as dynamic, switchable networks embedded in conditions’ space.",crossref,0
Manganese Capture‐and‐Release Vesicles for Cancer Immunotherapy,https://advanced.onlinelibrary.wiley.com/doi/10.1002/adma.74498?af=R,Wiley: Advanced Materials: Table of Contents,2026-08-05 14:10:43 UTC,2026-08-05 14:10:43+00:00,10.1002/adma.74498,Yumiao Zhang,"ABSTRACT
                  
                    Manganese activates the stimulator of interferon genes (STING) pathway, and its sequestration by the TssS micropeptide of
                    Yersinia pseudotuberculosis
                    is an immune evasion tactic. Inspired by this, we developed
                    MnCARS
                    ,
                    Mn CA
                    pture‐and‐
                    R
                    elease vesicles with
                    S
                    TING adjuvant MSA‐2, which capture endogenous manganese ions and release them in cancer cells. Constructed from engineered
                    E. Coli
                    outer membrane vesicles (OMVs), the system integrates surface‐displayed TssS to accumulate endogenous Mn
                    2+
                    , with a von Hippel–Lindau (VHL) PROTAC degradation motif that triggers Mn
                    2+
                    release via ubiquitin‐proteasome‐mediated cleavage of TssS upon cellular uptake, rather than non‐specific degradation by lysosomal proteases. The surface‐anchored STING agonist MSA‐2 synergizes with the released Mn
                    2+
                    to potentiate cGAS‐STING activation and reverse the immunosuppressive tumor microenvironment. In vitro, MnCARS enriched Mn
                    2+
                    and triggered dendritic cell maturation. In vivo, they elicited antitumor immunity, inhibiting the growth of subcutaneous CT26 tumors and improving survival in an orthotopic pancreatic cancer model. To demonstrate platform versatility and enable tumor targeting, a tumor‐tropic
                    
                      P
                    
                    eptide was inserted in CAR instead of MSA‐2, yielding MnCARP that enables monitoring Mn
                    2+
                    release and STING activation with contrast‐enhanced magnetic resonance imaging (MRI). Overall, MnCARs represent a versatile biological nanoplatform to redirect endogenous metal ions for cancer therapy with inherent imaging capabilities.",crossref,0
Competitive Adsorption and Structural Reinforcement Synergy Stabilizes High‐Voltage Quasi‐Solid‐State Batteries,https://onlinelibrary.wiley.com/doi/10.1002/anie.4447296?af=R,Wiley: Angewandte Chemie International Edition: Table of Contents,2026-08-05 14:11:33 UTC,2026-08-05 14:11:33+00:00,10.1002/anie.4447296,Yun Zheng,"ABSTRACT
                  
                    Quasi‐solid‐state batteries (QSSBs) employing high‐voltage cathodes promise high energy density and safety, yet suffer from unstable cathode/electrolyte interfaces and cathode degradation. Here, we propose a competitive adsorption and structural reinforcement synergy (CASR) strategy to address these challenges. Specifically, a Cu‐centered self‐adsorption molecule is incorporate into the polymer electrolyte, which preferentially adsorbs at the cathode/electrolyte interface through competitive adsorption against solvent molecules, thereby reducing the solvent content on the cathode surface while promoting anion enrichment. This process induces the formation of a uniform F‐rich cathode/electrolyte interphase with a LiF‐rich outer layer and an inner layer containing Cu─F bonds, thereby effectively suppressing cathode degradation. Cathode structural stability is further reinforced through dynamic Cu doping into TM‐deficient lattice sites during cycling. Under low‐loading coin‐cell conditions (2.0 mg cm
                    −2
                    ), the resulting Li||LiNi
                    0.8
                    Co
                    0.1
                    Mn
                    0.1
                    O
                    2
                    QSSBs retain 80% of their initial capacity after 400 cycles at 4.6 V, and achieve 80% capacity retention over 1000 cycles under 10C and 4.5 V. A 1 Ah‐level pouch‐cell tested under 4.3 V and 1C charge/0.5C discharge conditions supports the potential of the CASR strategy. This work provides a promising pathway for synchronously stabilizing cathode/electrolyte interface and cathode structure in high‐voltage QSSBs.",crossref,0
Orthosteric Control of Acidity Through Sulfate Binding in a Neutral Cyclo[8]pyrrole,https://onlinelibrary.wiley.com/doi/10.1002/anie.2275817?af=R,Wiley: Angewandte Chemie International Edition: Table of Contents,2026-08-05 14:13:36 UTC,2026-08-05 14:13:36+00:00,10.1002/anie.2275817,Marcin Stępień,"ABSTRACT
                  
                    Acid–base equilibria can be shifted when binding events alter the local electrostatic and hydrogen‐bonding environment of an ionizable site. Implementing such binding‐linked acidity changes in a discrete synthetic system would enable regulation of proton activity without changing molecular composition or solvent. Here we describe a new naphthalimide‐fused analogue of cyclo[8]pyrrole in which anion recognition dramatically shifts protonation equilibria. Whereas established cyclo[8]pyrroles preferentially form globally aromatic dications, the electron‐deficient macrocycle shows an unusual preference for a persistent neutral redox state, while simultaneously revealing exceptionally high Brønsted acidity in organic solvents. The neutral macrocycle retains key anion‐recognition characteristics of dicationic cyclo[8]pyrroles, including strong sulfate affinity. Sulfate binding increases the effective first p
                    K
                    a
                    in DMSO by roughly four units, providing an orthosteric, anion‐actuated acid switch and expanding the design space of switchable acidity beyond host–guest p
                    K
                    a
                    shifts and light‐addressable photoacids.",crossref,0
Asymmetric Conjugated Molecule Co‐Deposition for High‐Performance HTL‐Free Carbon‐Based Perovskite Solar Cells,https://onlinelibrary.wiley.com/doi/10.1002/anie.3883037?af=R,Wiley: Angewandte Chemie International Edition: Table of Contents,2026-08-05 14:13:41 UTC,2026-08-05 14:13:41+00:00,10.1002/anie.3883037,Yaowen Li,"ABSTRACT
                  
                    Planar hole‐transport‐layer (HTL)‐free carbon‐based perovskite solar cells (C‐PSCs) show great promise due to their chemical stability and cost‐effectiveness. However, the power conversion efficiency (PCE) of HTL‐free C‐PSCs remains limited by severe interfacial nonradiative recombination and inefficient charge extraction. Herein, we designed an asymmetric D−A−D'−A' conjugated molecule 2BCz‐BD and employed a co‐deposition strategy by incorporating 2BCz‐BD into the perovskite precursor solution during film fabrication. The coordination ability of 2BCz‐BD regulates perovskite crystallization and passivates surface defects, thereby suppressing interfacial non‐radiative recombination. The favored
                    p
                    ‐type semiconducting characters also optimize energy‐level alignment to enhance charge extraction. Additionally, the large dipole moment of 2BCz‐BD induces an ordered orientation on the perovskite surface, serving as a template for controlled carbon electrode deposition and enabling high‐quality electrode fabrication. As a result, small‐area (0.062 cm
                    2
                    ) and large‐area (1.004 cm
                    2
                    ) devices achieved remarkable PCEs of 23.24% and 22.09%, respectively. The unencapsulated devices retained over 90.4% of their initial PCE after 3100 h of operation.",crossref,0
"Azobenzene's Cross‐Scale Optics and Photonics: Molecular Photoswitching, Mesoscopic Material Motions, and Adaptive Devices",https://advanced.onlinelibrary.wiley.com/doi/10.1002/adma.202522702?af=R,Wiley: Advanced Materials: Table of Contents,2026-08-05 14:14:31 UTC,2026-08-05 14:14:31+00:00,10.1002/adma.202522702,Seungwoo Lee,"ABSTRACT
                  
                    Azobenzene is a widely studied molecular photoswitch that converts light absorption into reversible
                    E/Z
                    isomerization and, when embedded in soft or ordered media, into optical, mechanical, thermal, transport, and bioadaptive functions. This review examines azobenzene optics and photonics through a cross‐scale structure‐property‐function framework. We first summarize the mechanistic landscape of
                    trans–cis
                    isomerization, including π–π* and n–π* excitation, ultrafast relaxation pathways, and molecular design rules that tune absorption wavelength, quantum yield, photostationary state (PSS), and
                    cis‐
                    state lifetime. We then connect single‐molecule switching to collective responses in azobenzene‐containing materials, including photoalignment and all‐optical poling, stress‐driven surface patterning in amorphous polymers, photomechanics in liquid‐crystalline polymer networks (LCNs) and liquid crystal elastomers (LCEs), and phase‐transition‐based responses. On this basis, we organize applications according to their dominant device functions: information processing and reconfigurable photonics, dynamic liquid crystals (LCs) and adaptive optical devices, molecular solar thermal (MOST) energy storage, mechanical motion and soft robotics, mechanically enabled processing, bioadaptive transport, and opto/iontronic interfaces. The Review emphasizes quantitative links between molecular orientation, stress generation, and macroscopic deformation, and highlights how modeling and materials design can improve visible/red‐light operation, fatigue resistance, penetration depth, manufacturability, and device integration. We close by outlining challenges and opportunities for durable, scalable, and multifunctional azobenzene‐based adaptive photonic matter.",crossref,0
Reply to the Correspondence on “Can Charge Transfer Across C–H···O Hydrogen Bonds Stabilize Oil Droplets in Water?”,https://onlinelibrary.wiley.com/doi/10.1002/anie.6163267?af=R,Wiley: Angewandte Chemie International Edition: Table of Contents,2026-08-05 14:14:54 UTC,2026-08-05 14:14:54+00:00,10.1002/anie.6163267,Teresa Head‐Gordon,"Water-to-oil charge transfer (CT) across weak C-H···O hydrogen bonds is localized for hexane and hexadecane, and is too small to explain oil-droplet stability and electrokinetic experiments. Collective intraphase density rearrangements should not be confused with interfacial CT. Spectroscopic evidence cannot simultaneously imply weak CT for the C-H blue shift and large CT for the O-H/D red shift. A weakness of the C-H···O CT mechanism is that it can't explain other oil emulsion chemistry without this specific chemical motif.",pubmed,0
Breaking the Energy Storage Trade‐off in Antiferroelectrics via Bi3+‐Driven Atomic‐Nanoscale Synergy,https://advanced.onlinelibrary.wiley.com/doi/10.1002/adma.74475?af=R,Wiley: Advanced Materials: Table of Contents,2026-08-05 14:18:29 UTC,2026-08-05 14:18:29+00:00,10.1002/adma.74475,Shujun Zhang,"ABSTRACT
                  
                    Achieving superior energy storage in antiferroelectric ceramics is limited by a fundamental compromise: realxor behavior comes at the cost of sacrificing polarization strength. This directly leads to a mutually restrictive balance between recoverable energy density (
                    W
                    rec
                    ) and energy storage efficiency (
                    η
                    ). To overcome this, we develop a Bi‐induced local bonding modulation strategy in Pb
                    0.92‐1.5
                    
                      x
                    
                    Sr
                    0.08
                    Bi
                    
                      x
                    
                    Zr
                    0.49
                    Sn
                    0.5
                    Ti
                    0.01
                    O
                    3
                    ceramics that simultaneously strengthens the AFE framework and refines polarization response. This approach elevates both the breakdown strength and the AFE‐FE transition field, allowing the material to withstand higher electric fields and release greater stored energy. The optimized composition achieves a record‐high
                    W
                    rec
                    of 15.6 J cm
                    −3
                    with ∼90% efficiency under 600 kV cm
                    −1
                    , alongside ultrafast discharge (
                    t
                    0.9
                    ∼64.5 ns) and excellent thermal/frequency stability. Atomic‐scale characterization reveals a coexistence of robust long‐range AFE order and local polar heterogeneity, which collectively smooths the field‐induced transition path and suppresses early breakdown. This work provides a generalizable design principle for dielectric capacitors by strategically decoupling polarization enhancement from relaxor behavior, paving the way for high‐energy, high‐efficiency pulsed‐power systems.",crossref,0
Hydrogen Radicals Enable an Alternative Kinetic Pathway for H2O2 Photosynthesis through Dual Redox Site Regulation of Proton‐Coupled Electron Transfer,https://advanced.onlinelibrary.wiley.com/doi/10.1002/adma.74500?af=R,Wiley: Advanced Materials: Table of Contents,2026-08-05 14:25:13 UTC,2026-08-05 14:25:13+00:00,10.1002/adma.74500,Xiaoqiang Cui,"ABSTRACT
                  
                    Artificial photosynthesis offers a sustainable route for hydrogen peroxide (H
                    2
                    O
                    2
                    ) production, yet its efficiency is fundamentally limited by the kinetic decoupling of proton‐coupled electron transfer (PCET) during oxygen reduction. Here, we demonstrate that hydrogen radicals (H•) enable an alternative kinetic pathway for H
                    2
                    O
                    2
                    formation by accelerating the conversion of *OOH intermediates. This mechanism is realized through dual redox site regulation in Cu and O co‐modified Zn
                    3
                    In
                    2
                    S
                    6
                    (denoted as O/Cu‐ZIS). The introduction of Cu dopants increases hole density in the Zn─S layers, accelerating water oxidation kinetics and facilitating interfacial proton availability for oxygen reduction, while oxygen incorporation modulates the electronic structure of the In–S layer to promote electron transport, enhance O
                    2
                    activation, and weaken the interaction between protons and S sites. Quenching experiments and electron paramagnetic resonance spectroscopy support the participation of H• in the conversion of *OOH intermediates, providing an additional kinetic channel beyond conventional PCET. Finally, O/Cu‐ZIS achieves a H
                    2
                    O
                    2
                    production rate of 167.1 µmol g
                    −1
                    min
                    −1
                    from pure H
                    2
                    O and O
                    2
                    , markedly exceeds most state‐of‐the‐art photocatalysts. This work establishes H• as active intermediates in photocatalytic H
                    2
                    O
                    2
                    evolution and provides a strategy for regulating PCET via dual redox site design.",crossref,0
Synergy Between Photon‐to‐Phonon Pathway and Active Lattice Oxygen Enables Efficient and Stable Syngas Synthesis,https://onlinelibrary.wiley.com/doi/10.1002/anie.9236832?af=R,Wiley: Angewandte Chemie International Edition: Table of Contents,2026-08-05 14:25:22 UTC,2026-08-05 14:25:22+00:00,10.1002/anie.9236832,Yang Lan,"ABSTRACT
                  
                    Light‐driven dry reforming of methane (DRM) offers a promising route for syngas synthesis while simultaneously mitigating greenhouse gas emissions of CO
                    2
                    and CH
                    4
                    . However, the attractive mild‐temperature operating window imposes kinetic constraints on C─H/C═O activation and promotes thermodynamic tendencies for coke formation, resulting in limited efficiency and stability. Herein, manganese oxide (MnO
                    x
                    ) is employed as a multifunctional support to integrate the classic Rh catalytic center, establishing a new benchmark photothermo catalyst for DRM. The system achieves record‐high syngas production rates (H
                    2
                    : 948 mmol g
                    −1
                    h
                    −1
                    ; CO: 992 mmol g
                    −1
                    h
                    −1
                    ) without external heating, alongside exceptional long‐term stability (∼500 h). These production rates and stability also surpass conventional thermocatalysts in similar temperature ranges, with stability exceeding most thermocatalysts by an order of magnitude. Under a separate low‐conversion, high‐gas hourly space velocity (GHSV) protocol, a light‐to‐chemical efficiency (29.5%) can also be reached. MnO
                    x
                    functions as a broadband light harvester, generating a localized thermal field at the micrometre‐scale via an efficient photon‐to‐phonon pathway to facilitate C─H bond activation on Rh. Concurrently, its active lattice oxygen enables a dynamic O
                    L
                    ‐O
                    V
                    cycle for timely removal of C* intermediates and C═O activation. This work underscores the critical role of support engineering in advancing light‐driven DRM.",crossref,0
Electronic‐Geometric Pre‐Compensation Enables Intermetallic RhSb Bimetallenes for Efficient Nitrite Electroreduction,https://onlinelibrary.wiley.com/doi/10.1002/anie.9586956?af=R,Wiley: Angewandte Chemie International Edition: Table of Contents,2026-08-05 14:29:34 UTC,2026-08-05 14:29:34+00:00,10.1002/anie.9586956,Yu Chen,"ABSTRACT
                  
                    Sustainable electrochemical synthesis aims to produce high‐value chemicals under mild conditions, but its advancement is hindered by electrocatalyst deactivation caused by the strong adsorption of poisoning intermediates. Strategies that mitigate deactivation by weakening the adsorption of poisoning intermediates are constrained by the linear scaling relationships of adsorption energies, which simultaneously reduce the binding of other key reactive species, leading to insufficient catalytic performance or demanding reaction conditions. In this study, we propose and validate a pre‐compensation strategy between electronic structure and geometric structure specifically toward Rh active sites to mitigate *NO poisoning in the nitrite electroreduction reaction (NO
                    2
                    ERR). In the fabricated intermetallic RhSb bimetallenes (RhSb IMMs), Sb boosts the adsorption capacity of Rh toward reactants by modulating the electronic structure, compensating for the geometrically constrained weak adsorption configuration imposed by the ordered alloy structure. Consequently, RhSb IMMs operate stably for over 880 h with an outstanding Faradaic efficiency of over 90% at −0.3 V (vs. RHE) and achieve an average ammonia (NH
                    3
                    ) yield rate of 107.5 g h
                    −1
                    g
                    cat
                    −1
                    for NO
                    2
                    ERR at a current density exceeding 0.45 A cm
                    −2
                    . This compensation strategy provides a rational design principle for reconciling fundamental trade‐offs in catalysis and beyond.",crossref,0
Organic Molecules in Zeolites for Long‐Lifetime Afterglow,https://onlinelibrary.wiley.com/doi/10.1002/anie.8988152?af=R,Wiley: Angewandte Chemie International Edition: Table of Contents,2026-08-05 14:30:45 UTC,2026-08-05 14:30:45+00:00,10.1002/anie.8988152,Jihong Yu,"ABSTRACT
                  
                    Organic afterglow materials based on host–guest assembly have recently attracted extensive attention for their promising applications in photobiology and optoelectronics, as well as their simple and versatile preparation. However, the poor stability of the host matrix limits their actual applications. In this study, a new class of long afterglow materials with AlPO
                    4
                    ‐5 zeolite as the host matrix and various aromatic acids (terephthalic acid, 2‐naphthoic acid, and 1‐pyrenecarboxylic acid) as guest molecules has been developed. The prepared composites exhibit tunable afterglow emissions across the visible spectrum from blue to green to red, with lifetimes of 919, 1540, and 74 ms and intensities approximately 42, 579, and 29 times higher than those of the corresponding pure organic molecular solid powders. Studies reveal that the efficient afterglow emission primarily stems from the effective dispersion and strong adsorption of organic molecules by the zeolite matrix, as well as the host–guest coordination interactions. Remarkably, the zeolite matrix endows the composites with excellent stability against radiation, solvents, acids, alkalis, and heat, together with potential for multimodal applications. Such a combination of properties is challenging to achieve with other matrix materials. This work establishes a novel strategy for developing long afterglow materials that integrate efficient emission, robustness, and multifunctionality.",crossref,0
Single‐Atom C‐to‐N Editing Unlocks Bright NIR‐II J‐Aggregates for Imaging Lymphatic Metastasis,https://onlinelibrary.wiley.com/doi/10.1002/anie.5207784?af=R,Wiley: Angewandte Chemie International Edition: Table of Contents,2026-08-05 14:32:07 UTC,2026-08-05 14:32:07+00:00,10.1002/anie.5207784,Wei Chen,"ABSTRACT
                  
                    The development of near‐infrared II (NIR‐II) J‐aggregates is hindered by a lack of rational design guidelines. Here we show that single‐atom C‐to‐N skeletal editing in hemicyanine dyes precisely regulates intramolecular charge distribution and intermolecular packing, thereby allowing efficient formation of bright NIR‐II J‐aggregates. Systematic acceptor engineering reveals clear structure‐assembly‐property relationships governing J‐aggregate formation and fluorescence brightness. The optimized dye
                    HZOE9
                    forms stable J‐aggregates with emission beyond 1000 nm and a quantum yield surpassing most reported cyanine‐based NIR‐II fluorophores. Mechanistic studies further elucidate that phenolic hydroxyl modification can tune J‐aggregation and NIR‐II emission, highlighting its key role in modulating supramolecular excitonic coupling. Encapsulation into biocompatible nanoparticles enables high‐resolution lymphatic imaging, real‐time metastasis visualization, fluorescence‐guided surgery, and therapeutic monitoring in vivo. This work establishes a single‐atom skeletal editing strategy for developing hemicyanine‐based NIR‐II fluorophores and provides a conceptual framework for the future development of activatable NIR‐II fluorophores via controllable supramolecular assembly.",crossref,0
Ferromagnetic Coupling in Dual‐Atom Nanozymes Enables Spin‐Favorable Catalase‐Like Catalysis for Rheumatoid Arthritis Therapy,https://onlinelibrary.wiley.com/doi/10.1002/anie.1653347?af=R,Wiley: Angewandte Chemie International Edition: Table of Contents,2026-08-05 14:37:27 UTC,2026-08-05 14:37:27+00:00,10.1002/anie.1653347,Hui Wang,"ABSTRACT
                  
                    Iron dual‐atom (Fe DA) nanozymes, structurally analogous to natural catalase, exhibit promising catalase‐like (CAT‐like) activity, yet further improving their catalytic performance and elucidating the underlying mechanism remain major challenges. Herein, we developed a cascade strategy integrating vacancy induction and electrostatic adsorption to construct two representative Fe DA nanozymes, pr‐Fe‐DA and py‐Fe‐DA, with coordination environments dominated by pyrrolic‐N and pyridinic‐N, respectively. The resulting py‐Fe‐DA exhibits an exceptionally high CAT‐like activity of 100 U mg
                    −1
                    , which is 2.4 times that of pr‐Fe‐DA (42 U mg
                    −1
                    ), representing the highest value reported to date. Mechanistic studies and density functional theory calculations reveal that modulating the nitrogen coordination environment from pyrrolic‐N to pyridinic‐N promotes an antiferromagnetic‐to‐ferromagnetic transition in the magnetic coupling between Fe sites. This transition enables spin‐favorable H
                    2
                    O
                    2
                    activation through parallel spin alignment of the oxygen atoms in adsorbed H
                    2
                    O
                    2
                    , thereby accelerating O─H bond cleavage and O
                    2
                    generation while decreasing the Gibbs free energy change of the rate‐determining step from 0.84 to 0.08 eV. Moreover, py‐Fe‐DA effectively alleviates oxidative stress and inflammation in rheumatoid arthritis models. These findings identify magnetic coupling as a key descriptor of CAT‐like activity and establish magnetic‐coupling engineering as a powerful strategy for designing high‐performance nanozymes.",crossref,0
Rigidochromic Fluorophores Identify Single Monomer Mutation on Synthetic Macromolecular Chain,https://onlinelibrary.wiley.com/doi/10.1002/anie.7533991?af=R,Wiley: Angewandte Chemie International Edition: Table of Contents,2026-08-05 14:40:32 UTC,2026-08-05 14:40:32+00:00,10.1002/anie.7533991,Weiguo Huang,"ABSTRACT
                  Efficient detection of monomer mutations along polymer chains is critically important for functional materials, particularly for biomacromolecules, yet remains highly challenging. Here, we present an optical strategy capable of recognizing a single monomer mutation within a polymer chain or cluster containing up to 1000 repeating units. This approach relies on a rigidochromic fluorophore that interacts with polymer chains through polar–π interactions to form a charge‐transfer complex (CTC), resulting in red‐shifted emission relative to the intrinsic fluorescence of the fluorophore. Monomer mutations alter intra‐ and interchain interactions, modulate through‐space conjugation (TSC) along the polymer backbone, and consequently change the molecular orbital energy bandgap, leading to distinct emission variations of the CTC. Leveraging this mechanism, we achieve visual discrimination among random copolymers (poly(A‐r‐B)), block copolymers (poly(A‐b‐B)) with identical A/B ratios and molecular weights, and corresponding blends of homopolymers (poly A + poly B)—a task that is inaccessible to conventional characterization methods. This strategy provides a powerful platform for high‐throughput polymer screening during synthesis and modification, as well as for real‐time monitoring of polymer structural evolution.",crossref,0
A Highly General Potential‐Gating Strategy for Electrocatalytic Upcycling of Waste Polyester Plastics,https://onlinelibrary.wiley.com/doi/10.1002/anie.1623834?af=R,Wiley: Angewandte Chemie International Edition: Table of Contents,2026-08-05 14:42:33 UTC,2026-08-05 14:42:33+00:00,10.1002/anie.1623834,Jianlin Shi,"ABSTRACT
                  
                    Electrocatalytic upcycling of waste polyester plastics driven by renewable electricity offers a sustainable route for resource utilization, yet its practical implementation is hampered by the poor selectivity control stemming from the inherent complex monomer of polyesters. Herein, we propose a potential‐gating principle for the selectivity‐controllable upcycling of α,ω‐diols and hydroxy acids—the most pivotal monomers of polyester—and design a potential‐gated PVP‐Pd‐Ni(OH)
                    2
                    ‐CV/NF catalyst. This catalyst enables precise manipulation of product distribution simply by switching the applied potential without the need for catalyst replacement, while demonstrating broad applicability to seven polyesters. Moreover, the composite catalyst exhibits a sevenfold activity enhancement over the Pd/NF benchmark. Mechanistic investigations reveal that the adsorption behavior of hydroxy acid intermediates is the key selectivity‐determining step. Sequential electrolysis of real post‐consumer polyester hydrolysates over four stages for 198 h retains high target product selectivity (84%–98%), thus showcasing a general and sustainable route for plastic waste recycling.",crossref,0
Molecular Segments Reorganization Strategy Coupled With Retrosynthetic Analysis for Designing Sustainable Alternatives to Alkylphenol Ethoxylates,https://onlinelibrary.wiley.com/doi/10.1002/anie.2280699?af=R,Wiley: Angewandte Chemie International Edition: Table of Contents,2026-08-05 14:44:21 UTC,2026-08-05 14:44:21+00:00,10.1002/anie.2280699,Jinxiang Dong,"ABSTRACT
                  
                    Alkylphenol ethoxylates is an important fine chemical that has been used in industrial cleaning, textile manufacture, and emulsion polymerization. However, their petrochemical origin and adverse health effects, particularly xeno‐oestrogenic activity, pose a challenge for sustainability and have been almost banned globally. Herein, we report a novel bio‐based cyclohexyl fatty alcohol ethoxylates (CyCC
                    
                      n
                    
                    E
                    9
                    ) by applying molecular segments reorganization strategy and retrosynthetic analysis method. By constructing acid‐base bifunctional Zn‐based single‐atom catalyst, we achieved efficient synthesis of CyCC
                    
                      n
                    
                    E
                    9
                    . These bio‐based CyCC
                    
                      n
                    
                    E
                    9
                    displayed outstanding defoaming ability, super‐wettability, and better emulsification ability. More excitingly, the primary degradation products of CyCC
                    
                      n
                    
                    E
                    9
                    demonstrated markedly reduced toxicity toward zebrafish embryos and larvae, suggesting superior biocompatibility. The CyCC
                    
                      n
                    
                    E
                    9
                    showed excellent low‐temperature cleaning performance toward stains of various metallic surfaces. This work paves new ways to create sustainable alternative of alkylphenol ethoxylates using renewable biomass resources, as well as provide inspiring insights for the transformative revolution of other petroleum‐based restricted products.",crossref,0
J‐Aggregated Macrocyclic Photocatalysts Enable Nitric Oxide (NO)‐Enhanced Near‐Infrared Photocatalytic Tumor Therapy,https://onlinelibrary.wiley.com/doi/10.1002/anie.8769084?af=R,Wiley: Angewandte Chemie International Edition: Table of Contents,2026-08-05 14:44:26 UTC,2026-08-05 14:44:26+00:00,10.1002/anie.8769084,Jinming Hu,"ABSTRACT
                  
                    Photocatalytic therapy (PCT) has emerged as a promising strategy for tumor therapy by disrupting mitochondrial redox homeostasis through NADH/NAD
                    +
                    oxidation. However, its broader application is limited by insufficient light penetration, rapid catalyst deactivation under biological conditions, and insufficient catalytic pathways under hypoxia. Here, we develop a near‐infrared (NIR)‐activated photocatalytic platform based on a donor–acceptor conjugated macrocyclic photocatalyst that enables coupled NADH oxidation and nitric oxide (NO) release. The photocatalyst self‐assembles into J‐aggregates within micellar nanostructures, enabling efficient photocatalytic NADH oxidation under 808 nm light irradiation. Simultaneous encapsulation of an
                    N
                    ‐nitrosamine‐based NO donor offers an oxygen‐independent electron acceptor, sustaining the photocatalytic cycle under hypoxia and enabling controlled NO release. Mechanistically, photocatalytic NADH depletion suppresses electron flux through the mitochondrial respiratory chain, while NO further impairs mitochondrial respiration, synergistically aggravating mitochondrial dysfunction and amplifying PCT efficacy. Moreover, this bioenergetic collapse downregulates heat shock protein (HSP)‐mediated stress responses, thereby sensitizing tumor cells to mild photothermal therapy (mPTT) mediated by the same J‐aggregated photocatalyst. This NO‐amplified PCT–mPTT strategy not only induces potent tumor ablation but also remodels the immunosuppressive tumor microenvironment, effectively inhibiting both primary and distant tumor growth in vivo.",crossref,0
An Associative Pathway Enables Highly Controlled Ring‐Opening Polymerization of Cyclosiloxane with ppm‐Level Organocatalyst,https://onlinelibrary.wiley.com/doi/10.1002/anie.4619641?af=R,Wiley: Angewandte Chemie International Edition: Table of Contents,2026-08-05 14:47:44 UTC,2026-08-05 14:47:44+00:00,10.1002/anie.4619641,Junpeng Zhao,"ABSTRACT
                  
                    Precise control over molar mass and structure of polysiloxane is critical for its applications. Here, we report ring‐opening polymerization (ROP) of cyclotrisiloxane using anionized 1,3‐diphenylurea (UA1) as the catalyst. With a bulky tetra‐
                    n
                    ‐butylammonium counterion, UA1 shows significantly higher activity than the one with an alkali metal counterion. Almost 100% monomer conversion can be reached in minutes at catalyst loadings of 5–100 ppm (TOF up to 52,000 h
                    −1
                    for D
                    3
                    ). The obtained polydimethylsiloxane has well‐defined structure, controlled molar mass (2 to 140 kg mol
                    −1
                    ), and low dispersity (1.06–1.18). Calculations reveal that both silanol species and the monomer are hydrogen‐bonded with the catalyst. The dominance of this associative pathway facilitates ring opening and prevents the formation of overly active (dissociated) silanolate anion, thus ensuring high efficiency and selectivity. The catalyst is also applicable to the ROP of non‐strained cyclotetrasiloxane (D
                    4
                    ), with molar mass reaching as high as 1,660 kg mol
                    −1
                    . This study paves the route for efficient and controlled synthesis of polysiloxane materials using minimum amount of simple organocatalyst.",crossref,0
Induced‐Fit for Oxygen Adsorption: Flexible Conjugated Microporous Polymers With Self‐Adaptive Active Sites for H2O2 Photosynthesis,https://onlinelibrary.wiley.com/doi/10.1002/anie.5802081?af=R,Wiley: Angewandte Chemie International Edition: Table of Contents,2026-08-05 14:53:12 UTC,2026-08-05 14:53:12+00:00,10.1002/anie.5802081,Hanjun Sun,"ABSTRACT
                  
                    Photocatalytic hydrogen peroxide (H
                    2
                    O
                    2
                    ) synthesis via oxygen reduction reaction (ORR) offers a sustainable alternative to energy‐intensive anthraquinone processes. However, its efficiency is hindered by poor selectivity and instability stemming from reactive superoxide intermediates through the two‐step two‐electron (2e
                    −
                    ) route. Herein, inspired by the “induced‐fit” mechanism of enzymes, a strategy of self‐adaptive active sites modulation using flexible conjugated polymers engineered with nonplanar linking units was proposed. The flexible conjugated microporous polymers facilitated a transition of O
                    2
                    adsorption from Pauling‐type to Yeager‐type. Among the designed polymers, CMP‐B4, which was constructed from 4,4′‐position‐coupled bipyridine units, exhibited optimal geometric matching capability for O
                    2
                    activation. Specifically, upon the approach of O
                    2
                    , the interaction between the lone‐pair electrons of nitrogen atoms in flexible bipyridine unit and π* orbitals of O
                    2
                    induced a dihedral rotation (e.g., approximately 10° in CMP‐B4), playing a key role in promoting the one‐step 2e
                    −
                    ORR pathway, thus overcoming the limitations of poor adaptability to diverse O
                    2
                    adsorption modes and restricted versatility of dual‐nitrogen units in the rigid nitrogen‐rich polymers. Such configuration of CMP‐B4 suppressed the formation of *OOH intermediates and achieved an excellent photocatalytic H
                    2
                    O
                    2
                    production rate of 6.21 mmol g
                    −1
                    h
                    −1
                    under continuous‐flow photocatalytic conditions over 24 h.",crossref,0
2‐CF2H(D)‐Imidazolium Salts: A Reagent Platform for Bis(Deuterio)Difluoromethylation of Alkenes Under Copper/Photoredox Dual Catalysis,https://onlinelibrary.wiley.com/doi/10.1002/anie.4947785?af=R,Wiley: Angewandte Chemie International Edition: Table of Contents,2026-08-05 14:53:20 UTC,2026-08-05 14:53:20+00:00,10.1002/anie.4947785,Zhikun Zhang,"ABSTRACT
                  
                    The difluoromethyl group (–CF
                    2
                    H) has emerged as a privileged motif in modern drug design due to its ability to modulate lipophilicity and metabolic stability. Its deuterated analogue, the (deuterio)difluoromethyl group (–CF
                    2
                    D), offers further potential for enhancing metabolic stability and enabling distinct intermolecular interactions. Molecules bearing vicinal difluoromethyl or (deuterio)difluoromethyl groups can serve as potential bioisosteres of pharmacologically important vicinal diols and amino alcohols. Consequently, the direct and simultaneous installation of two difluoromethyl and (deuterio)difluoromethyl groups across alkenes represents an important synthetic target. To address current limitations, we herein introduced 2‐CF
                    2
                    H(D)‐imidazolium salts as a robust, user‐friendly reagent platform for both bis(difluoromethylation) and bis(deuterio)difluoromethylation of a broad range of alkenes, including aryl‐substituted and less reactive alkyl derivatives. The synthetic utility of this method is demonstrated through late‐stage functionalization and gram‐scale synthesis of complex molecules. Preliminary mechanistic studies revealed their distinct behavior in copper and photoredox catalysis. As such, this work establishes these reagents as a versatile platform for the simultaneous formation of C─CF
                    2
                    H and C─CF
                    2
                    D bonds, representing a significant advance in the synthesis of valuable fluorinated and deuterated compounds.",crossref,0
Tunable Oxygen Connectivity in Carbaporphyrinoid Polymers on Metal Surfaces,https://onlinelibrary.wiley.com/doi/10.1002/anie.9635327?af=R,Wiley: Angewandte Chemie International Edition: Table of Contents,2026-08-05 14:58:00 UTC,2026-08-05 14:58:00+00:00,10.1002/anie.9635327,José I. Urgel,"ABSTRACT
                  Controlling oxygen‐mediated connectivity at metal surfaces offers a powerful route to engineer covalent and metal–organic architectures with atomic precision. Here, we demonstrate tunable oxygen‐based connectivity in carbaporphyrinoid polymers on Au(111) under ultrahigh vacuum (UHV) conditions. Initial thermal activation of hydroxyl‐functionalized dicarbahemiporphyrazine precursors induces carbon–carbon coupling via a [3+3] cycloaromatization, affording one‐dimensional polymers equipped with hydroxyl‐terminated units. From this intermediate two distinct oxygen‐based linkages can be achieved: further annealing induces dehydrogenative coupling of adjacent polymers through the hydroxyls groups to yield dibenzo‐p‐dioxane (O‐heterocyclic) bridges that covalently connect the carbaporphyrinoid macrocycles, whereas dosing cobalt produces extended metal–organic networks stabilized by two‐fold O···Co···O coordination motifs accompanied by cobalt‐metalated macrocycles. Scanning tunneling microscopy (STM) and non‐contact atomic force microscopy (nc‐AFM) directly resolve both the coordinated networks and the O‐heterocyclic bridging motifs. Complementary DFT and Free energy calculations elucidate the reaction pathways, while x‐ray photoelectron spectroscopy (XPS) reveals characteristic chemical shifts that account for C–O–C formation and suggest Co···O coordination. This controllable oxygen‐based connectivity provides a versatile platform to tune structure and electronic properties in porphyrinoid‐based polymers.",crossref,0
Visible‐Light‐Induced Carbon–Hydrogen Phosphonylation of Conjugated Polymers via Electron Donor–Acceptor Complex Activation,https://onlinelibrary.wiley.com/doi/10.1002/anie.4746176?af=R,Wiley: Angewandte Chemie International Edition: Table of Contents,2026-08-05 15:00:33 UTC,2026-08-05 15:00:33+00:00,10.1002/anie.4746176,Shinsuke Inagi,"ABSTRACT
                  Electron donor–acceptor (EDA) complexation has emerged as a sustainable strategy for visible‐light‐driven reactions. Although numerous EDA‐based transformations have been applied to small aromatic molecules, conjugated polymers (CPs) have not yet been explored as substrates for EDA‐mediated functionalization. Polymer‐based EDA complexes comprise extended π‐conjugation systems that reduce exciton‐binding energy and facilitate red‐shifted absorption, thereby enabling efficient visible‐light harvesting. These characteristics are expected to intrinsically promote photoinduced functionalization. Here, we demonstrate the photochemical phosphonylation of poly(9,9‐dioctylfluorene) (PFO) induced via the visible‐light activation of its EDA complex. Compared with a monomeric model compound, the reaction of PFO proceeded more efficiently, indicating that CPs are promising substrates for EDA‐excitation‐initiated photochemical transformations. Phosphonylation predominantly proceeded at the 4‐position of the fluorene units, thereby preserving the effective π‐conjugation length of the polymer backbone. Furthermore, density functional theory calculations revealed that the greater stability of the intermediate species and the lower excitation energy required for 4‐position substitution favored that pathway over 3‐position substitution. This study establishes a new platform for integrating CPs into EDA‐mediated photochemical reactions, offering a facile and sustainable route for the synthesis of versatile functional polymer materials.",crossref,0
"Dual‐Domain Coupling‐Driven Interface Remodeling Enables Ultra‐Dilute Flame‐Retardant Electrolytes for High‐Voltage, Wide‐Temperature Batteries",https://onlinelibrary.wiley.com/doi/10.1002/anie.8321379?af=R,Wiley: Angewandte Chemie International Edition: Table of Contents,2026-08-05 15:02:25 UTC,2026-08-05 15:02:25+00:00,10.1002/anie.8321379,Xing‐Long Wu,"ABSTRACT
                  
                    The paradigm shift in electrolyte research is a critical driver for performance breakthroughs in sustainable batteries under extreme conditions. Ultra‐dilute electrolytes (UDEs) have attracted extensive attention due to their remarkable cost advantages and broad application prospects, yet excess free solvents cause trade‐offs among high‐voltage stability, wide‐temperature adaptability, longevity, and safety. In this work, we propose a dual‐domain coupling‐driven interface remodeling strategy to tailor bulk solvation and interfacial microenvironments via integrating hierarchically‐solvated carbonate ester, ether, and fluorinated cyclophosphazene. The designed UDE (0.05 M) features a more flexible solvation configuration with less restricted ion transport; concurrently, electric double layers on both electrode surfaces are regulated through molecular competitive adsorption and decomposition under electric field induction. Consequently, cross‐scale microenvironment remodeling is realized to essentially overcome the existing performance limitations. The UDE not only exhibits intrinsic flame retardancy but also significantly improves electrode compatibility (phosphate and oxide cathodes, metal anode) through a bidirectional interface stabilization mechanism. Remarkably, Na
                    0.67
                    Ni
                    0.33
                    Mn
                    0.67
                    O
                    2
                    cathode achieves desirable durability over a wide temperature range (−40∼70°C). Furthermore, this strategy is extended to potassium‐ion batteries, enabling stable operation of KVPO
                    4
                    F cathode at 4.95 V. This work establishes a universal framework for multi‐scale interfacial molecular engineering, offering a promising advancement in extreme energy storage technologies.",crossref,0
In Situ Explosion Induced “Stress + Defect” Structure for Enhanced Hydrogen Evolution Reaction,https://onlinelibrary.wiley.com/doi/10.1002/anie.4584169?af=R,Wiley: Angewandte Chemie International Edition: Table of Contents,2026-08-05 15:04:52 UTC,2026-08-05 15:04:52+00:00,10.1002/anie.4584169,Siping Pang,"ABSTRACT
                  
                    The rational integration of lattice strain and carrier defect offers strategy to adjust the electronic structure of heterogeneous catalysts, yet remains synthetically difficult. We present an explosive‐driven approach to construct Pt nanoparticle–decorated UiO‐66 (Pt
                    NP
                    /UiO‐66) catalysts with tunable tensile lattice strain and defect‐engineered metal–MOF interfaces. By precisely controlling the explosive dosage, Pt nanoparticle with different degrees(0.229 nm) of lattice strain are generated in situ and anchored onto defect‐rich UiO‐66, leading to the formation of interfacial Schottky junctions. The acidic HER is selected as a representative model system to elucidate the correlation between structure and catalytic activity. Among the obtained catalysts, Pt
                    NP‐10
                    /UiO‐66, possessing the highest lattice tensile strain, delivers an overpotential of 16 mV. In situ x‐ray absorption fine structure (XAFS) measurements reveal the continuous variation of the local coordination structure of Pt throughout the HER process. Complementary spectroscopic characterizations combined with density functional theory (DFT) calculations further show that explosive‐induced lattice strain systematically modulates the adsorption strength of the H* intermediate.",crossref,0
Host Dearomatization for Prolonging Room‐Temperature Phosphorescence,https://onlinelibrary.wiley.com/doi/10.1002/anie.6451405?af=R,Wiley: Angewandte Chemie International Edition: Table of Contents,2026-08-05 15:05:03 UTC,2026-08-05 15:05:03+00:00,10.1002/anie.6451405,Xiang Ma,"ABSTRACT
                  Host–guest doping has emerged as a powerful platform for constructing organic room‐temperature phosphorescence (RTP) materials, owing to its structural tunability and facile fabrication. However, molecular design has largely focused on guest molecules, while host screening lacks systematic theoretical guidance. Here, we propose a host dearomatization strategy that prolongs the afterglow of doped systems. By converting the benzene ring into a cyclohexane structure in the host, the RTP lifetimes of the doped systems are significantly prolonged, with the maximum enhancement reaching a 58.65‐fold increase. Mechanistic studies indicate that the extended lifetime arises from enhanced triplet‐triplet energy transfer and electronic coupling, enabled by the reduced intermolecular distance upon dearomatization. This strategy exhibits universality across diverse host and guest systems. These doped systems are further applied in time‐resolved information encryption systems and switchable adhesive materials. Starting from the host molecular framework, this study provides a universal and efficient strategy for the rational design of organic RTP materials.",crossref,0
An ELISA‐Inspired Self‐Propagating Click‐Fluoresce‐and‐Release Assay for the Ultrasensitive Detection of CD13 in Lung Cancer Patient Plasma,https://onlinelibrary.wiley.com/doi/10.1002/anie.5574366?af=R,Wiley: Angewandte Chemie International Edition: Table of Contents,2026-08-05 15:09:14 UTC,2026-08-05 15:09:14+00:00,10.1002/anie.5574366,Xingyue Ji,"ABSTRACT
                  Reaction‐based fluorescent probes often suffer from limited sensitivity in biomarker detection due to slow reaction kinetics and inherent stoichiometric constraints. Inspired by the decoupling of capture and detection in the enzyme‐linked immunosorbent assay (ELISA), we developed a click fluoresce and release (CFR) system, which is a two‐step detection platform comprising a capture probe and a detection probe. The capture probe converts the detection of an enzyme biomarker into the detection of tetrazine, which is then specifically recognized by the detection probe through a fluorogenic click reaction. Importantly, this click reaction simultaneously regenerates a molecule of tetrazine, establishing a self‐propagating cycle for signal amplification. CFR demonstrates superior detection limits and enhanced ability to discriminate low biomarker levels compared to conventional reaction‐based fluorescent probes, as validated by ultrasensitive detection of CD13 in complex biofluids. Notably, with this strategy, we found that plasma CD13 levels are significantly elevated in advanced lung cancer patients compared with early‐stage patients and healthy participants. Given its modular design, CFR can be readily adapted for the sensitive detection of various biomarkers by simply replacing the capture probe.",crossref,0
Silver‐Catalyzed Vinylogous C(sp3)–C(sp3) Coupling of Bicyclo[1.1.0]Butanes With Vinylcarbenes,https://onlinelibrary.wiley.com/doi/10.1002/anie.1425075?af=R,Wiley: Angewandte Chemie International Edition: Table of Contents,2026-08-05 15:11:01 UTC,2026-08-05 15:11:01+00:00,10.1002/anie.1425075,Xihe Bi,"ABSTRACT
                  
                    Owing to the intrinsically high reactivity of the carbenoid center, the vinylogous reactivity of metallovinylcarbenes—specifically the selective construction of quaternary alkyl–allyl bonds—remains largely underexplored in organic synthesis. We herein describe the first silver‐catalyzed vinylogous C(sp
                    3
                    )–C(sp
                    3
                    ) cross‐coupling of bicyclo[1.1.0]butanes (BCBs) with in situ‐generated vinylcarbenes from vinyl triftosylhydrazones. This reaction proceeds under mild conditions, furnishing diverse allyl‐substituted cyclobutenes containing a quaternary carbon center with high yields, excellent regioselectivity, and diastereoselectivity. Further derivatization of the cyclobutene derivatives verifies their role as versatile synthetic linchpins for various downstream synthetic operations. Mechanistic studies combined with DFT calculations clarify an unprecedented γ‑addition of BCBs to silver vinylcarbene, followed by a 1,5‐proton transfer pathway, revealing the fundamental basis for the exclusive regio‐ and diastereoselectivity of this transformation.",crossref,0
Narrowband Hydrocarbon Emitters Enabled by Stereo‐Locked Through‐Space Interactions,https://onlinelibrary.wiley.com/doi/10.1002/anie.1534079?af=R,Wiley: Angewandte Chemie International Edition: Table of Contents,2026-08-05 15:12:47 UTC,2026-08-05 15:12:47+00:00,10.1002/anie.1534079,Haoke Zhang,"ABSTRACT
                  
                    High‐purity emitters with a narrowband emission are a critical requirement for next‐generation displays and lighting, yet it remains a formidable challenge for purely organic materials, particularly in the pure‐violet region. Herein, a general molecular design strategy based on the “stereo‐lock” concept, represented by diarylbenzene derivatives solely from carbon and hydrogen, is presented. This strategy effectively suppresses intramolecular C─C/C─H stretching and attenuates vibronic coupling via intramolecular through‐space interactions between two aryl groups, yielding a record full width at half maximum (FWHM) of merely 6 nm at 80 K from a single molecule. In the solid state, their aggregates with intermolecular positive exciton coupling induce quantum interference that selectively quenches the
                    v
                    0‐0
                    transition, resulting in an FWHM of 17 nm at room temperature. Leveraging this synergy, diarylbenzene‐based OLED devices with pure‐violet electroluminescence with an 18 nm FWHM and a CIE coordinate of (0.165, 0.022) are achieved. This stereo‐lock architecture circumvents the fundamental limitation of vibronic coupling in pure hydrocarbons and addresses the absence of high‐color‐purity violet OLEDs, establishing a powerful and versatile design paradigm for narrowband emitters.",crossref,0
Dynamic Bifunctional Sites on a COF Enable Efficient Immobilization and Conversion of Iodine Species Toward Li‐Iodine Batteries,https://onlinelibrary.wiley.com/doi/10.1002/anie.2534734?af=R,Wiley: Angewandte Chemie International Edition: Table of Contents,2026-08-05 15:13:43 UTC,2026-08-05 15:13:43+00:00,10.1002/anie.2534734,Xian‐He Bu,"ABSTRACT
                  
                    The thermodynamic instability of iodine cation (I
                    +
                    ) and shuttle effect of polyiodide in the two‐electron Li‐iodine (Li‐I
                    2
                    ) batteries remain an unresolved bottleneck. The design and preparation of an advanced cathode capable of effectively anchoring and activating iodine species is a desirable but highly challenging target to overcome these issues. In this study, we strategically synthesized a pyridine‐functionalized COF (BPY‐COF‐HI) cathode that enables highly reversible multivalent transition of iodine (I
                    −
                    /I
                    0
                    /I
                    +
                    ) within Li‐I
                    2
                    batteries. The pyridine sites reversibly switch between protonated state (NH
                    +
                    ) and neutral state (N), allowing them to anchor I
                    3
                    −
                    via electrostatic interactions and activate I
                    +
                    via halogen bonding, respectively. Benefiting from this dynamic bifunctional regulation driven by the single pyridine site, a carbon‐nanotube‐integrated composite cathode (BPY‐COF@CNT‐HI) delivers a high‐voltage discharge plateau at 3.58 V corresponding to the reversible I
                    +
                    /I
                    0
                    redox and achieves a gravimetric energy density of 642 Wh kg
                    I
                    −1
                    at 0.3 A g
                    −1
                    . Remarkably, the cathode maintains ultralong cycling stability over 8000 cycles at 2.0 A g
                    −1
                    with an exceptionally low capacity fade of 0.0055% per cycle. This result widens perspectives for designing high‐performance cathodes for Li‐I
                    2
                    batteries with two‐electron redox chemistry.",crossref,0
Reversed Quantum‐Well Engineering Unlocks Large Ultraviolet Chiral Nonlinear Optical Response in a Water‐Resistant 2D Hybrid Fluorozirconate,https://onlinelibrary.wiley.com/doi/10.1002/anie.7041180?af=R,Wiley: Angewandte Chemie International Edition: Table of Contents,2026-08-05 15:17:13 UTC,2026-08-05 15:17:13+00:00,10.1002/anie.7041180,Wen Zhang,"ABSTRACT
                  
                    Two‐dimensional (2D) chiral organic–inorganic hybrid metal halides (OIHMHs) are promising for chiroptical applications. However, conventional Ge/Sn/Pb‐based systems remain limited by narrow bandgaps and poor moisture stability. In this work, we report the first 2D chiral hybrid fluorozirconate, (
                    R/S
                    ‐MBA)ZrF
                    5
                    (MBA = methylbenzylammonium), addressing these limitations through reversed quantum‐well engineering enabled by a high‐valent Zr─F framework. It features a unique reversed Type‐I quantum‐well electronic structure, where the [ZrF
                    5
                    ] inorganic layer acts as a dielectric barrier and the band‐edge states are localized on the organic MBA cations. This structure yields a wide bandgap of 4.60 eV, a short UV cutoff edge of 265 nm, and a high laser‐induced damage threshold exceeding 1251.58 GW/cm
                    2
                    , providing a broad transparency window toward the UV region. Furthermore, (
                    R/S
                    ‐MBA)ZrF
                    5
                    exhibits a large SHG circular dichroism (SHG‐CD) response with an anisotropy factor of 1.05. More importantly, it overcomes the typical moisture‐sensitivity of OIHMHs, maintaining its structural stability and SHG‐CD response after a 7‐day water immersion. Structural analysis and theoretical calculations reveal this unusual water resistance is mainly attributed to the robust Zr─F framework and an effective cavity volume of 3.6%. This work highlights reversed quantum‐well engineering as a novel way to synthesize water‐stable and wide bandgap chiral nonlinear optical materials.",crossref,0
Beyond PXRD Pattern Matching: Toward Rigorous Structure Determination in Covalent Organic Frameworks,https://onlinelibrary.wiley.com/doi/10.1002/anie.2132280?af=R,Wiley: Angewandte Chemie International Edition: Table of Contents,2026-08-05 15:20:38 UTC,2026-08-05 15:20:38+00:00,10.1002/anie.2132280,Ha L. Nguyen,"ABSTRACT
                  Widespread reliance on qualitative powder x‐ray diffraction (PXRD) pattern matching has led to systematic overinterpretation of covalent organic framework (COF) structures. As a result, structure–property relationships are often obscured, mechanistic conclusions can be misleading, and reported performance is not always reproducible. In this Perspective, we take a closer look at common weaknesses in current practice, focusing on mismatches between proposed structural models and the characterization data used to support them. Through representative case studies, we show how these inconsistencies arise and why they matter. We argue that more rigorous, evidence‐based approaches, achieved via complementary characterization techniques, are needed for reliable structure determination. We also emphasize the importance of transparent data reporting and deposition, and introduce a practical checklist to help authors, reviewers, and editors assess the strength of structural claims in COFs.",crossref,0
Deciphering Kinetic Principles of Dual‐Anion Electrolytes for Extreme Fast‐Charging Lithium‐Ion Batteries,https://onlinelibrary.wiley.com/doi/10.1002/anie.5861510?af=R,Wiley: Angewandte Chemie International Edition: Table of Contents,2026-08-05 15:21:37 UTC,2026-08-05 15:21:37+00:00,10.1002/anie.5861510,Zheng Chen,"ABSTRACT
                  
                    Tailoring Li
                    +
                    solvation coordination has been recognized as a strategy to enhance the electrochemical performance of lithium‐ion batteries (LIBs) under extreme fast‐charging (XFC) conditions. Beyond weakening Li
                    +
                    solvation, increased Li–anion pairing plays a crucial role in the formation of anion‐derived, inorganic‐rich electrode–electrolyte interfaces (EEIs). In this study, we propose an anion‐screening guideline leveraging transport in bulk electrolyte, desolvation energy and interfacial kinetics. We investigated mechanisms governed by dual‐anion electrolytes in both carbonate‐ and ester‐based solvents, aiming to address key challenges such as interfacial instability, lithium plating, and structural degradation. Integrated computational and experimental studies reveal that optimized dual‐anion systems create partially ion‐paired solvation structures and robust anion‐derived EEI on both electrodes, enabling principal merits of improved kinetics under XFC conditions. In LiNi
                    0.6
                    Mn
                    0.2
                    Co
                    0.2
                    || graphite pouch cells, the optimized dual‐anion formulation, PF
                    6
                    −
                    /TFSI
                    −
                    , in dimethyl carbonate‐based electrolyte retains over 85% of its original capacity and 94% retention after 500 cycles at 4C, while the ester‐based variant in methyl propionate achieves 94%/83% retention after 500/1000 cycles at 4C. These improvements are attributed to reduced charge‐transfer impedance with enriched inorganic fluorides and sulfates interface. Overall, this work provides a framework for anion regulations and offers a promising pathway to realizing fast‐charging, high‐energy‐density LIBs.",crossref,0
Enhancing the Versatility of Polyethylene Terephthalate (PET) Through Strategic Biomolecular Functionalization,https://onlinelibrary.wiley.com/doi/10.1002/anie.202526115?af=R,Wiley: Angewandte Chemie International Edition: Table of Contents,2026-08-05 15:25:55 UTC,2026-08-05 15:25:55+00:00,10.1002/anie.202526115,Chayasith Uttamapinant,"ABSTRACT
                  As biocatalytic strategies for PET recycling reach maturation, insights gained from PET hydrolase research can be leveraged to inform the design of proteins and surface‐functionalization strategies that promote stable association of functional proteins with PET surfaces, enabling the development of functional protein‐plastic hybrid materials. Herein, we examine recent developments in biofunctionalization strategies of PET and related materials, with a focus on chemical biology approaches that offer more precise control of the orientation of proteins on PET and related materials. Biophysical insights from protein‐polymer interface chemistry studies can inform protein selection, design, and engineering approaches to minimize denaturation and maximize function of proteins upon attachment to surfaces. Finally, we highlight applications of protein‐functionalized PET and related synthetic polymers, including for biomedical applications and scalable biocatalysis, showcasing the potential of integrating biological activity into durable synthetic polymers.",crossref,0
A Polyzwitterionic “Ion‐Sponge” Interphase via In Situ Self‐Polymerization for Ultradurable Zinc Batteries,https://onlinelibrary.wiley.com/doi/10.1002/anie.5417029?af=R,Wiley: Angewandte Chemie International Edition: Table of Contents,2026-08-05 15:31:23 UTC,2026-08-05 15:31:23+00:00,10.1002/anie.5417029,Shi Wang,"ABSTRACT
                  
                    Aqueous zinc batteries hold great potential for grid storage applications; however, their practical deployment is severely limited by parasitic side reactions and uncontrollable dendrite formation. Herein, we design a polyzwitterionic “ion‑sponge” interphase via an in‑situ self‑polymerization strategy. Specifically, under electric‑field induction, zwitterion monomers polymerize into an ultrathin polyzwitterion layer that electrostatically enriches anions (OTf
                    −
                    , SO
                    4
                    2
                    −
                    ) and excludes water at the interface. This unique microenvironment enables the in‑situ reductive conversion of anions into ZnF
                    2
                    and ZnS. The resulting polyzwitterion–ZnF
                    2
                    /ZnS hybrid SEI enhances both the uniformity of Zn
                    2
                    +
                    deposition and the Zn
                    2
                    +
                    migration rate. The interfacial Zn
                    2
                    +
                    diffusion coefficient reaches 1.9 × 10
                    −
                    4
                    cm
                    2
                    s
                    −
                    1
                    (100 times higher than the bulk). Consequently, Zn||Zn symmetric cells stably cycle for over 1000 h at 5 mA cm
                    −
                    2
                    and 5 mAh cm
                    −
                    2
                    , and also for over 5500 h at −20 °C. Full cells with V
                    2
                    O
                    5
                    cathode achieve a high average capacity of 339 mAh g
                    −
                    1
                    and 99.9% Coulombic efficiency over 1900 cycles, along with stable low‑temperature operation. This polyzwitterionic “ion‑sponge” interphase concept provides in‑depth insights into interfacial ion transport regulation for high‑performance aqueous zinc batteries.",crossref,0
Correction to “Rabies Virus‐Inspired Metal–Organic Frameworks (MOFs) for Targeted Imaging and Chemotherapy of Glioma”,https://onlinelibrary.wiley.com/doi/10.1002/anie.3806134?af=R,Wiley: Angewandte Chemie International Edition: Table of Contents,2026-08-05 16:47:52 UTC,2026-08-05 16:47:52+00:00,10.1002/anie.3806134,,,,0
"Ambiphilic Ligand Stabilization of Aluminum(I) Fragments: Halides, Cations, and a Hydride",https://onlinelibrary.wiley.com/doi/10.1002/anie.6333732?af=R,Wiley: Angewandte Chemie International Edition: Table of Contents,2026-08-05 16:49:15 UTC,2026-08-05 16:49:15+00:00,10.1002/anie.6333732,Philipp Dabringhaus,"ABSTRACT
                  Z‐type ligands have been highly successful in stabilizing transition‐metal fragments in unique coordination geometries and in enabling novel reactivities. However, examples of the use of these ligands in stabilizing elusive main‐group metal fragments are scarce. In this study, we present the stabilization of aluminum (I) halides by an ambiphilic tris(phosphine)borane ligand. Unlocking unprecedented coordination chemistry at aluminum, the unique electronic structure of the novel compounds is analyzed in detail experimentally and computationally. Successful post‐functionalization via coordination of Lewis bases to the Al atom enables isolation of elusive Al cations with the metal in a low redox state. In addition, the Al(I)Br transfer onto 2,2′‐bipyridine ligands is presented.",crossref,0
Modifying Surfactants Within Divergent Pores of Cluster‐Based Metal‐Organic Frameworks for Syngas Electrosynthesis,https://onlinelibrary.wiley.com/doi/10.1002/anie.3694976?af=R,Wiley: Angewandte Chemie International Edition: Table of Contents,2026-08-05 16:51:20 UTC,2026-08-05 16:51:20+00:00,10.1002/anie.3694976,Chunying Duan,"ABSTRACT
                  
                    The electrochemical reduction of CO
                    2
                    to syngas (CO and H
                    2
                    ) provides a potential pathway for synthesizing fuels, but the ability to modulate the syngas composition across a wide range using a catalyst of invariant composition faces considerable difficulties. Herein, we report a new strategy to incorporate ammonium (R
                    4
                    N
                    +
                    ) surfactants into the divergent pores of cluster‐based metal‐organic frameworks (MOFs) to regulate the electrocatalytic CO
                    2
                    and H
                    2
                    O reduction for efficient syngas production. Two divergent clusters, including a symmetric Cu
                    6
                    S
                    6
                    cluster and an asymmetric Cu
                    8
                    S
                    6
                    cluster on MOFs, allow the formation of two types of well‐defined pores that selectively accommodate cationic quaternary ammonium surfactants and their anionic counterions, respectively, for modifying the interface of the cluster. The surfactants with longer alky chains sufficiently occupy the inner pore of MOFs, and suppress proton reduction and enhance CO
                    2
                    reduction, resulting in tunable syngas compositions, with CO/H
                    2
                    ratios ranging from 0.01 to 4.31. Through careful validation of host‐guest interactions between the surfactants and the pores of coordination polymer
                    via
                    co‐crystallization results, the structure‐activity relationship between the surfactants and the catalytic sites was elucidated in depth, providing new insights into the rational regulation of electro‐catalytic pathways via a supramolecular approach.",crossref,0
Modulating Lewis Acidity of Covalent Organic Frameworks to Boost Li+ Transport,https://onlinelibrary.wiley.com/doi/10.1002/anie.6421920?af=R,Wiley: Angewandte Chemie International Edition: Table of Contents,2026-08-05 16:54:21 UTC,2026-08-05 16:54:21+00:00,10.1002/anie.6421920,Hong Guo,"ABSTRACT
                  
                    Solid polymer electrolytes offer a promising route to safer lithium metal batteries, but strong Li
                    +
                    –TFSI
                    –
                    coupling and insufficient salt dissociation limit their room‐temperature conductivity. Introducing Lewis acidic sites to competitively bind TFSI
                    –
                    can release Li
                    +
                    , yet the relationship between local Lewis acid–base regulation and ion transport remains unclear. Here, we tune the local Lewis acid–base environment of olefin‐linked pyridinium ionic covalent organic frameworks by exchanging counteranions from Br
                    –
                    to BF
                    4
                    –
                    , PF
                    6
                    –
                    , and TFSI
                    –
                    . Comprehensive results show that charge‐delocalized, weakly coordinating counteranions reduce screening of pyridinium cations, enhancing effective Lewis acidity and weakening Li
                    +
                    –TFSI
                    –
                    coupling. Consequently, ICOF‐TFSI@PVDF‐HFP achieves an ionic conductivity of 9.1 × 10
                    –
                    4
                    S·cm
                    –
                    1
                    together with a Li
                    +
                    transference number of 0.81. The electrolyte enables stable Li||Li cycling over 6500 h, retaining 84.3% capacity after 650 cycles at 1 C in Li||LFP cells and 81.7% after 400 cycles at 1 C in Li||NCM90. Molecular dynamics, Raman spectroscopy, and operando characterizations confirm enhanced salt dissociation, regulated interfacial chemistry, dendrite suppression, and mitigated microcracking in high‐Ni cathodes. This study defines local Lewis acid–base regulation as a molecular design strategy for SPEs featuring fast Li
                    +
                    transport and robust interfacial stability.",crossref,0
Axial N Disrupt d–π Conjugation of Asymmetric Fe─Cu Dual‐Atom Enhances CO2 Electroreduction,https://onlinelibrary.wiley.com/doi/10.1002/anie.1880625?af=R,Wiley: Angewandte Chemie International Edition: Table of Contents,2026-08-05 16:55:40 UTC,2026-08-05 16:55:40+00:00,10.1002/anie.1880625,Zhan'ao Tan,"ABSTRACT
                  
                    Precise spin‐polarization modulation of electronic structures in dual single‐atomic sites (DSAS) is critical yet challenging for boosting electrocatalytic CO
                    2
                    reduction reaction (CO
                    2
                    RR). Here, we report a Fe 3
                    d
                    ‐orbital spin‐polarization regulation strategy through constructing an axial N‐bridge bond and adjacent Cu–N
                    4
                    on hollow bilayer Fe–Cu dual single‐atom catalysts (HFeCu–N–C DSACs). Experimental and theoretical evidence demonstrate that the axial N‐bridge bond disrupts the D
                    4h
                    symmetry of the Fe–N
                    4
                    active center, resulting in the rearrangement of Fe 3
                    d
                    electrons and thereby breaking the surface
                    d
                    –π conjugate structure (Fe–N–C). Meanwhile, the Jahn‐Teller effect of the adjacent Cu–N
                    4
                    sites is inferred to potentially regulate the spin state of Fe sites, which facilitates the transition from low‐spin (
                    ↓↑
                    ,
                    ↓↑
                    ,
                    ↑
                    , _, _) to high‐spin (
                    ↑
                    ,
                    ↑
                    ,
                    ↑
                    ,
                    ↑
                    ,
                    ↑
                    ). Therefore, the increased population of unpaired electrons on
                    
                      d
                      xz
                    
                    , and
                    
                      d
                      yz
                    
                    orbitals is pivotal for stabilizing the π
                    
                      *
                    
                    orbitals of CO
                    2
                    and activating CO
                    2
                    , thus enhancing the intrinsic reaction activity of HFeCu–N–C DSACs. The as‐made HFeCu–N–C DSACs present a superior faraday efficiency (FE) of a highly selective CO product, 99.32% @ −0.5 V (vs. RHE), and long‐term durability. This work provides a new strategy for tuning the electronic spin state of DSACs to boost CO
                    2
                    RR electrocatalytic performance.",crossref,0
Numerical investigation of helium ash transport in CFETR steady state scenario,https://iopscience.iop.org/article/10.1088/1741-4326/ae8e8e,Nuclear Fusion - latest papers,2026-08-05 23:00:00 UTC,2026-08-05 23:00:00+00:00,10.1088/1741-4326/ae8e8e,Jiale Chen,"In magnetic confinement fusion plasmas, the main product of deuterium-tritium fusion is energetic alpha particles, which transfer energy to the background plasma by collisions and become thermalized helium ash. Helium ash accumulation would cause fuel dilution and reduce plasma confinement performance and fusion gain. In this work, the transport of helium ash in China fusion engineering test reactor (CFETR) is simulated by the advanced transport solver TGYRO, which invokes the NEO and TGLF codes to compute neoclassical and turbulent transport, respectively. By analyzing the neoclassical and turbulent transport of helium ash, it is found that ITG turbulence is dominant for helium ash transport in CFETR. In addition, with low helium ash fractions, the redistributed helium ash density profile is higher than the initial setting profile because the source rate exceeds the outward transport, while at high helium ash fractions it becomes lower than the initial profile. Inside the internal transport barrier, ITG turbulence is suppressed, leading to a significant reduction in the outward transport of helium ash. The transport process of helium ash can also affect micro-instabilities. In particular, an increase in helium ash concentration may stabilize ITG turbulence. Redistributed energetic alpha particles due to Alfvén eigenmodes affect the helium ash transport by modifying the helium ash source profile, but they do not significantly alter the helium ash distribution. Our work advances the understanding of the dominant physical mechanism governing helium ash transport in future fusion devices.",rss_description,0
Hierarchical Titania Nanotube-Graphene Oxide-Arginine Interfaces for Tunable Drug Release and Enhanced Antibiofilm Performance,https://pubs.acs.org/aamick/article/doi/10.1021/acsami.6c08409/5247122/Hierarchical-Titania-Nanotube-Graphene-Oxide,ACS Applied Materials & Interfaces: Latest Articles (ACS Publications),2026-08-06 00:00:00 UTC,2026-08-06 00:00:00+00:00,10.1021/acsami.6c08409,Rajendran Nallaiyan,"Abstract Implant-associated infections (IAIs) driven by multidrug-resistant pathogens, such as Methicillin-resistant Staphylococcus aureus (MRSA) and Staphylococcus epidermidis (S. epidermidis), are two of the most challenging organisms responsible for recurrent implant failures. To mitigate this problem, we have developed broad-spectrum, efficient antibiofilm coatings for the titanium implant surface, which is modified with titania nanotube arrays (TNTA) via electrochemical methods. The resulting TNTA loaded with vancomycin (V-TNTA) and coated with polycaprolactone (PCL) fibers incorporating functionalized graphene oxide (GO) and l-arginine (VPGOA-TNTA) to restrict biofilm formation during the early four-week post-implantation. Spectroscopic and microscopic characterization techniques were performed to confirm the loading of vancomycin and successful coating of GO and l-arginine, including high-resolution scanning electron microscopy (HR-SEM) with energy-dispersive X-ray spectroscopy (EDS), transmission electron microscopy (TEM), X-ray diffraction (XRD), attenuated total reflectance and Fourier transform infrared (ATR-FTIR) spectroscopy, and wettability analyses. Next, in vitro antibacterial investigations revealed significant antibacterial and antibiofilm efficacy of VPGOA-TNTA-modified surfaces against MRSA and S. epidermidis, as evidenced by growth curves, CFU/mL, and relative biofilm reduction on the implant surface. Reactive oxygen species (ROS) analysis confirmed the enhanced antibacterial activity of VPGOA-TNTA. Further, the VPGOA-TNTA demonstrated significant cell viability with MG63 cells. Notably, VPGOA-TNTA-modified surfaces also exhibited excellent hemocompatibility. Furthermore, a scratch assay with 3T3 fibroblasts demonstrated remarkable wound-healing activity. In addition, the Alzarin Red S (ARS) staining assay confirmed osteoblastic mineralization on VPGOA-TNTA, showing substantial calcium deposition in MG63 cells. Overall, our findings indicate that VPGOA-TNTA is a promising orthopedic implant material for eradicating the MRSA and S. epidermidis infections while promoting osseointegration.",crossref,0
When do consumers lose from variable electricity pricing?,https://www.sciencedirect.com/science/article/pii/S0301421526004088?dgcid=rss_sd_all,ScienceDirect Publication: Energy Policy,2026-08-06 00:00:00 UTC,2026-08-06 00:00:00+00:00,10.1016/j.enpol.2026.115474,Saurabh Amin,,,0
"Toward intelligent and resilient green hydrogen production: Digital twin technologies for AWE, AEM, PEMWE, and SOEC electrolysis systems and future perspectives",https://www.sciencedirect.com/science/article/pii/S0306261926012031?dgcid=rss_sd_all,ScienceDirect Publication: Applied Energy,2026-08-06 00:00:00 UTC,2026-08-06 00:00:00+00:00,10.1016/j.apenergy.2026.128547,Amine Alaoui Belghiti,,,0
Electricity market reform proposals through the lens of the energy trilemma: A state-of-the-art review,https://www.sciencedirect.com/science/article/pii/S0306261926012237?dgcid=rss_sd_all,ScienceDirect Publication: Applied Energy,2026-08-06 00:00:00 UTC,2026-08-06 00:00:00+00:00,10.1016/j.apenergy.2026.128567,Dolores Furió,,,0
Economy-oriented resilient tube-based MPC for load frequency control of gas-electricity coupling systems under wind uncertainty and DoS attacks,https://www.sciencedirect.com/science/article/pii/S0306261926011712?dgcid=rss_sd_all,ScienceDirect Publication: Applied Energy,2026-08-06 00:00:00 UTC,2026-08-06 00:00:00+00:00,10.1016/j.apenergy.2026.128515,Shi Chen,,,0
Driving condition feature driven collaborative energy conversion and management strategy for electric commercial vehicles with the dual-motor coupled powertrain system,https://www.sciencedirect.com/science/article/pii/S0306261926012481?dgcid=rss_sd_all,ScienceDirect Publication: Applied Energy,2026-08-06 00:00:00 UTC,2026-08-06 00:00:00+00:00,10.1016/j.apenergy.2026.128592,Cheng Lin,,,0
"Self-Healable Anti-Corrosion Coating under High Impacting via Integrating Shear Thinning, Shear Thickening Effects, and Transfer Self-Healing Ability",https://pubs.acs.org/aamick/article/doi/10.1021/acsami.6c06333/5247118/Self-Healable-Anti-Corrosion-Coating-under-High,ACS Applied Materials & Interfaces: Latest Articles (ACS Publications),2026-08-06 00:00:00 UTC,2026-08-06 00:00:00+00:00,10.1021/acsami.6c06333,Yawen Huang,"Abstract The preparation of anti-corrosive coatings with durability under impacting still remains a big challenge. In this work, polyureas (BPUB) with the shear hardening effect (SHE) were prepared by introducing B–O dynamic bonds. Besides, the transfer self-healing effect was realized by integrating a bottom fast self-healing coating. The two-layered polymer coating was found to combine fast self-healing toward large-size scratch (∼5 h) and high impact resistance (&gt;20 J/mm). Multi-layered anti-corrosive coating can repair damage by impacting and preserve high impedance (1.32 × 1010 Ω·cm2) after 250 d. The prepared anti-corrosive coating system has high impact resistance, long-term durability, and room temperature autonomous fast self-healing ability, which provides a broad application prospect for impact-resistant anti-corrosive applications.",crossref,0
An online safety-aware deep reinforcement learning-based method for flexible support of distributed energy resources in distribution networks,https://www.sciencedirect.com/science/article/pii/S030626192601233X?dgcid=rss_sd_all,ScienceDirect Publication: Applied Energy,2026-08-06 00:00:00 UTC,2026-08-06 00:00:00+00:00,10.1016/j.apenergy.2026.128577,Hongbin Sun,,,0
Imbalance-robust retired battery sorting via semi-supervised contrastive representation learning,https://www.sciencedirect.com/science/article/pii/S030626192601250X?dgcid=rss_sd_all,ScienceDirect Publication: Applied Energy,2026-08-06 00:00:00 UTC,2026-08-06 00:00:00+00:00,10.1016/j.apenergy.2026.128594,Shengxiang Yang,,,0
A pattern-based heliostat field layout generation method with gradient-weighted azimuthal compression and inter-row optical avoidance,https://www.sciencedirect.com/science/article/pii/S0306261926011761?dgcid=rss_sd_all,ScienceDirect Publication: Applied Energy,2026-08-06 00:00:00 UTC,2026-08-06 00:00:00+00:00,10.1016/j.apenergy.2026.128520,Caitou He,,,0
Physics-aware visual prompting for ultra-short-term photovoltaic forecasting: A multimodal fusion method based on satellite imagery,https://www.sciencedirect.com/science/article/pii/S0306261926012419?dgcid=rss_sd_all,ScienceDirect Publication: Applied Energy,2026-08-06 00:00:00 UTC,2026-08-06 00:00:00+00:00,10.1016/j.apenergy.2026.128585,Jin Su,,,0
"An air-cooled PEMFC with closed-cathode air intake design: independent cathode airflow regulation to achieve better output performance, environmental adaptability and durability",https://www.sciencedirect.com/science/article/pii/S0306261926012547?dgcid=rss_sd_all,ScienceDirect Publication: Applied Energy,2026-08-06 00:00:00 UTC,2026-08-06 00:00:00+00:00,10.1016/j.apenergy.2026.128598,Xiaojun Yan,,,0
Demand affordability-concerned resilience planning under investment cost uncertainties,https://www.sciencedirect.com/science/article/pii/S0306261926011931?dgcid=rss_sd_all,ScienceDirect Publication: Applied Energy,2026-08-06 00:00:00 UTC,2026-08-06 00:00:00+00:00,10.1016/j.apenergy.2026.128537,Zhifang Yang,,,0
Phase-change-material-enhanced thermal management for stable solar hydrogen production: Mechanism and operational behaviour,https://www.sciencedirect.com/science/article/pii/S0306261926012420?dgcid=rss_sd_all,ScienceDirect Publication: Applied Energy,2026-08-06 00:00:00 UTC,2026-08-06 00:00:00+00:00,10.1016/j.apenergy.2026.128586,Jinzhi Zhou,,,0
Joint optimization of electric bus operation and battery charging considering renewable microgrid interactions,https://www.sciencedirect.com/science/article/pii/S0306261926012444?dgcid=rss_sd_all,ScienceDirect Publication: Applied Energy,2026-08-06 00:00:00 UTC,2026-08-06 00:00:00+00:00,10.1016/j.apenergy.2026.128588,Zhiyuan Jiang,,,0
Cultural heritage as a structural modifier of rooftop solar deployment: A building-level framework for heritage-constrained urban decarbonisation,https://www.sciencedirect.com/science/article/pii/S0306261926012663?dgcid=rss_sd_all,ScienceDirect Publication: Applied Energy,2026-08-06 00:00:00 UTC,2026-08-06 00:00:00+00:00,10.1016/j.apenergy.2026.128610,Damjana Gantar,,,0
Embedded efficiency surrogate model-based day-ahead joint bidding for energy and frequency regulation of vanadium redox flow batteries,https://www.sciencedirect.com/science/article/pii/S0306261926011797?dgcid=rss_sd_all,ScienceDirect Publication: Applied Energy,2026-08-06 00:00:00 UTC,2026-08-06 00:00:00+00:00,10.1016/j.apenergy.2026.128523,Alexandre Zh. Grebenkov,,,0
Decarbonization potential and limits of e-fuel policies in the EU,https://www.sciencedirect.com/science/article/pii/S0301421526004635?dgcid=rss_sd_all,ScienceDirect Publication: Energy Policy,2026-08-06 00:00:00 UTC,2026-08-06 00:00:00+00:00,10.1016/j.enpol.2026.115529,Íñigo Capellán-Pérez,,,0
"Geography, not geology: Testing the empirical foundations of the EU critical raw materials act",https://www.sciencedirect.com/science/article/pii/S0301421526004672?dgcid=rss_sd_all,ScienceDirect Publication: Energy Policy,2026-08-06 00:00:00 UTC,2026-08-06 00:00:00+00:00,10.1016/j.enpol.2026.115533,Diego Solar,,,0
"Strait of Hormuz disruption, geopolitical dispute intensity and Brent-based hedging effectiveness in European fuel markets: Empirical evidence from DCC-GARCH approach",https://www.sciencedirect.com/science/article/pii/S0301421526004556?dgcid=rss_sd_all,ScienceDirect Publication: Energy Policy,2026-08-06 00:00:00 UTC,2026-08-06 00:00:00+00:00,10.1016/j.enpol.2026.115521,Zaiba Ali,,,0
Environmental taxation and biofuel production in the EU: Heterogeneous effects across producer scales,https://www.sciencedirect.com/science/article/pii/S0301421526004593?dgcid=rss_sd_all,ScienceDirect Publication: Energy Policy,2026-08-06 00:00:00 UTC,2026-08-06 00:00:00+00:00,10.1016/j.enpol.2026.115525,Monica Auteri,,,0
High-Entropy Flexible Ferroelectric Thin Film with Large Polarization for Nonvolatile Memory,https://pubs.acs.org/aamick/article/doi/10.1021/acsami.6c04917/5249660/High-Entropy-Flexible-Ferroelectric-Thin-Film-with,ACS Applied Materials & Interfaces: Latest Articles (ACS Publications),2026-08-06 00:00:00 UTC,2026-08-06 00:00:00+00:00,10.1021/acsami.6c04917,Jie Wang,"Abstract The rapid advancement of flexible electronics has created an urgent demand for high-performance nonvolatile memory. However, conventional ferroelectric films face an intrinsic trade-off between performance and reliability in flexible applications. In this work, a high-entropy Pb0.9Ba0.1Ti0.25Hf0.25Zr0.25Sn0.25O3 (PBTHZS) ferroelectric thin film is successfully fabricated on a flexible mica substrate. Based on entropy engineering, we introduced multiple cation solid solutions to induce structural local disorder and lattice distortion at the atomic scale. This leads to a rearrangement of electron distribution in the system, and the coupling with lattice expansion enhances macroscopic polarization. As a result, the PBTHZS thin film exhibits outstanding ferroelectric properties (remnant polarization of Pr ∼62.2 μC/cm2 and maximum polarization of Pm ∼131.5 μC/cm2), stable fatigue endurance up to 108 switching cycles, minimal polarization variation across a broad temperature range of 25–120 °C, and a frequency range of 0.5–10 kHz. Furthermore, there is no apparent variation in polarization characteristics under different bending conditions. This study demonstrates that the high-entropy strategy effectively enhances the polarization performance in ferroelectric nonvolatile memory, offering a pathway for the development of next-generation flexible electronic devices.",crossref,0
MoO3− x Incorporated Covalent Organic Framework Nanocomposite as an Advanced Anode Material for Li-Ion Batteries: Elucidating Structure−Activity Relationships,https://pubs.acs.org/aamick/article/doi/10.1021/acsami.6c12562/5249195/MoO3-x-Incorporated-Covalent-Organic-Framework,ACS Applied Materials & Interfaces: Latest Articles (ACS Publications),2026-08-06 00:00:00 UTC,2026-08-06 00:00:00+00:00,10.1021/acsami.6c12562,Shatabdi Porel Mukherjee,"Abstract MoO3 serves as a promising anode material for lithium-ion batteries (LIBs) because of its high theoretical capacity of 1117 mAh g−1 and its layered structure. However, MoO3 has inherently low electronic conductivity and experiences significant volume expansion during the charge−discharge cycles, which limits its ability to achieve substantial capacity and cyclability for practical applications. Generally, oxygen vacancies in MoO3 are considered effective in enhancing conductivity and expanding the lattice distance. On the other hand, covalent organic frameworks (COFs) have recently been used as organic anode materials for LIBs because of their abundance of active sites, large conjugated structures, high surface area, and accessible Li+ transport channels. Despite the several advantages of COF-based nanomaterials, critical issues like poor structural stability and a limited number of redox-active sites impede the extensive use of these nanomaterials in LIBs. In this study, we present a novel nanomaterial design strategy that incorporates oxygen-deficient MoO3−x in the TA COF architecture, fabricated using a simple mechanochemical synthesis procedure. To the best of our knowledge, MoO3−x-TA COF nanocomposites (NCs) as anode materials have been evaluated for LIBs for the first time. The assembled LIBs demonstrate exceptional performance, achieving a specific capacity of 517 mAh g−1 at a current of 0.1 A g−1 and showing cyclic stability of 1100 cycles with roughly 100% retention. A density functional theory (DFT) investigation was conducted, and the results indicate that molybdenum trioxide preferentially binds near the keto site while preserving the overall structure of TA-COF. Furthermore, this modification enhances Li adsorption, as the keto-modified TA-COF remains structurally less distorted and energetically more stable at higher Li loadings compared to the pristine TA-COF. Thus, this strategy of introducing transition metal oxides paves the way for regulating the valence, lattice structure, and even the composition of electrode materials through COF-based nanocomposite preparation. This approach equips these materials with desirable features and offers an alternative solution to meet the demands of energy storage systems.",crossref,0
An Injectable Dual Bacterial-Trapping Nanozyme Composite Hydrogel for Synergistic Antibacterial/Anti-Inflammatory Therapy of Endophthalmitis,https://pubs.acs.org/aamick/article/doi/10.1021/acsami.6c06038/5249715/An-Injectable-Dual-Bacterial-Trapping-Nanozyme,ACS Applied Materials & Interfaces: Latest Articles (ACS Publications),2026-08-06 00:00:00 UTC,2026-08-06 00:00:00+00:00,10.1021/acsami.6c06038,Chao Yang,"Abstract Bacterial endophthalmitis (BE) is characterized by severe intraocular bacterial infection and sustained inflammation. Current therapeutic efficacy is compromised by the passive diffusion-dominated drug release kinetics of conventional carriers, leading to inadequate bacterial clearance and frequent invasive injections. Herein, an injectable hydrogel is engineered to achieve a synergistic “trap-and-kill” and immunomodulatory therapy. The hydrogel matrix is constructed via dynamic Schiff base crosslinking between quaternized chitosan and oxidized dextran, providing excellent injectability and biocompatibility. The hydrogel integrates boronic acid-decorated cerium metal-organic frameworks (Ce-MOFs) within this dynamic polysaccharide network, possessing dual bacterial-trapping attributed to boronic acid-mediated bacterial surface covalent binding to surface cis-diols and electrostatic attraction. This “bacterial enrichment” effect overcomes the diffusion barrier, markedly enhancing the bactericidal efficiency of the encapsulated vancomycin, resulting in a reduction in the dosage to as low as 14–20% of the clinical amount, yet the effect remains comparable. Furthermore, leveraging the catalase- and superoxide dismutase-mimicking activities of Ce-MOFs, the hydrogel functions as a therapeutic nanozyme to scavenge excessive reactive oxygen species (ROS) and downregulate pro-inflammatory cytokines. Validated by comprehensive in vitro and in vivo models, this integrated platform demonstrates superior bacterial eradication and inflammation resolution, which presents an active, robust therapeutic strategy for those deep-seated implant-associated infections.",crossref,0
Exploring Multi-Transition-Metal NASICON Frameworks as High-Performance Cathodes for Sodium-Ion Batteries,https://pubs.acs.org/aamick/article/doi/10.1021/acsami.6c11510/5249728/Exploring-Multi-Transition-Metal-NASICON,ACS Applied Materials & Interfaces: Latest Articles (ACS Publications),2026-08-06 00:00:00 UTC,2026-08-06 00:00:00+00:00,10.1021/acsami.6c11510,Gopalakrishnan Sai Gautam,"Abstract The search for sustainable, high-performance cathodes has driven a growing interest in sodium superionic conductor (NASICON)-type phosphate compounds for sodium-ion batteries (SIBs). To identify promising NASICON compositions containing earth-abundant transition metals (TMs) and to systematically examine the role of multiple TMs in influencing the various properties of NASICON cathodes, we employ density functional theory calculations in this work to investigate nine NASICON compositions containing Mn, Cr, and/or Fe, spanning unary, binary, and ternary combinations. Our calculations reveal that unary systems, in terms of their Na intercalation phase behavior, exhibit well-defined stabilization at intermediate Na contents (x in NaxTM2(PO4)3), while binary and ternary systems display more complex phase behavior, with some systems showing a shift of thermodynamic minima from x = 3 to x = 2. Intercalation voltages highlight the dominant role of Fe4+/Fe3+ redox activity in elevating average voltages (∼4.0 V), while Mn and Cr introduce intermediate-to-low voltage redox activity, respectively. Electronic structure data demonstrate nonsystematic changes in the band gap, especially in systems containing multiple TMs. Na+ mobility results identify mixed-TM frameworks as favorable, achieving Na+ migration barriers in the 0.3–0.4 eV range. Importantly, we identify NaxMnFe0.5Cr0.5(PO4)3 to be a promising ternary composition for subsequent experimental validation, offering an optimal intersection of phase stability, voltages, thermodynamic (meta)stability, and Na+ migration barriers. Together, our study provides fundamental insights into the interplay between compositional complexity, thermodynamic stability, electronic structure, and ionic transport in NASICON cathodes, and offers actionable design principles for utilizing multi-TM NASICONs as high performance cathode materials in SIBs.",crossref,0
Kinetic-Controlled Dissolution-Diffusion-Recrystallization of Hollow Two-Dimensional Conductive Metal-Organic Frameworks@MXene Heterojunctions for High-Performance Lithium Storage,https://pubs.acs.org/aamick/article/doi/10.1021/acsami.6c04962/5246705/Kinetic-Controlled-Dissolution-Diffusion,ACS Applied Materials & Interfaces: Latest Articles (ACS Publications),2026-08-06 00:00:00 UTC,2026-08-06 00:00:00+00:00,10.1021/acsami.6c04962,Junbo Gong,"Abstract Two-dimensional conductive metal-organic frameworks (2D c-MOFs) hold great promise as anodes for next-generation high-energy density devices, yet their practical application is hindered by insufficient exposure of the active site caused by layer stacking and limited specific capacity attributed to non-redox-active ligands. Herein, 2D c-MOF@MXene (M-HHTP@MX) heterojunction with hollow structures is synthesized for the first time via in situ ligand exchange using ZIF precursors. By unraveling the dissolution-diffusion-recrystallization kinetic mechanism, precise control over the formation and morphology of the hollow architectures is achieved. Unlike the limitations of conventional solvothermal methods, the adoption of room-temperature conditions and the Ti3C2Tx introduction endow the heterojunction with high crystallinity, low defects and good mechanical properties. Furthermore, M-HHTP@MX possesses a hierarchical pore structure with characteristic sizes of 1.87 nm and 37.72 nm, which are conducive to sufficient electrolyte penetration and the active site exposure. Notably, Co-HHTP@MX delivers a superior reversible capacity of 972.19 mAh·g−1 at 100 mA·g−1, along with excellent long-term cycling stability with a 90.7% capacity retention at 2000 mA·g−1 after 2000 cycles. This work provides a novel strategy for high-performance anodes through constructing hollow 2D c-MOF heterojunctions via ligand exchange that enhance cycling stability and promote lithium migration.",crossref,0
A High-Performance Conformal Metamaterial for 1.5 T Wrist Magnetic Resonance Imaging,https://pubs.acs.org/aamick/article/doi/10.1021/acsami.6c09276/5249770/A-High-Performance-Conformal-Metamaterial-for-1-5,ACS Applied Materials & Interfaces: Latest Articles (ACS Publications),2026-08-06 00:00:00 UTC,2026-08-06 00:00:00+00:00,10.1021/acsami.6c09276,Qian Zhao,"Abstract Improving the signal-to-noise ratio (SNR) is crucial for enhancing image quality and diagnostic reliability in magnetic resonance imaging (MRI). However, traditional methods that rely on increasing the number of coil channels are approaching their physical and engineering optimization limits. In recent years, wireless, passive metamaterials have been explored for local magnetic field enhancement via radiofrequency field modulation, offering a new pathway to improve SNR. However, the regular configurations of most existing metamaterial structures hinder their conformance to anatomical contours, thereby limiting the spatial filling factor and preventing further SNR enhancement, while anatomically conformal designs often result in nondegenerate orthogonal modes. This study presents a conformal elliptical cylindrical metamaterial designed to achieve uniform magnetic-field enhancement and restore orthogonal-mode degeneracy in a non-axisymmetric geometric configuration. This is achieved through cross-sectional gradient impedance design and end-ring impedance tuning. Additionally, nonlinear response control is introduced to eliminate interference with the radiofrequency transmit field. Experimental results show that, when used in various clinical imaging sequences, the metamaterial yields wrist MR images with an SNR more than 4 times that obtained with a commercial flexible coil. This work provides a general design methodology for the synergistic regulation of field distributions and modal characteristics in asymmetric electromagnetic structures, establishing a robust technical foundation for the development of high-performance, anatomically conformal clinical MRI hardware.",crossref,0
"The Modulation Strategies, Applications, and Future Directions of Polyoxometalates in Perovskite-Based Materials: A Review",https://pubs.acs.org/aamick/article/doi/10.1021/acsami.6c09864/5249729/The-Modulation-Strategies-Applications-and-Future,ACS Applied Materials & Interfaces: Latest Articles (ACS Publications),2026-08-06 00:00:00 UTC,2026-08-06 00:00:00+00:00,10.1021/acsami.6c09864,Xiuxun Han,"Abstract Perovskite materials are core candidates for next-generation optoelectronic devices due to their outstanding light absorption capability and tunable electronic structures. Polyoxometalates (POMs), a typical class of inorganic anionic metal-oxide clusters, are renowned for their stable frameworks, tunable redox properties, low preparation costs, and good environmental compatibility, making them valuable in energy conversion and environmental management. When incorporated into perovskite-based devices, POMs can precisely modulate the electrical and optical properties of perovskites and optimize the overall performance by adjusting functional layers, such as charge transport layers. Through this interaction, the two materials complement and synergize with each other in both functionality and performance, providing new research perspectives for improving perovskite device performance and expanding their applications across multiple fields. This review systematically summarizes the recent progress in the synergistic application of perovskites and POMs, focusing on their innovative roles and mechanisms in perovskite solar cells, photocatalytic degradation and synthesis, and sensors as well as fluorescence photo-switching systems. Additionally, potential interdisciplinary development directions are explored, and the design of POM-based materials with customized functions is proposed. By adopting diverse synergistic strategies with perovskites, these hybrid systems hold promise for continuous performance optimization, thereby advancing the construction and application of novel functional materials.",crossref,0
Author Correction: Black phosphorus nanosheets boost mitochondrial oxidative phosphorylation improving immunotherapy outcomes,https://www.nature.com/articles/s41565-026-02248-4,Nature Nanotechnology,2026-08-06 00:00:00 UTC,2026-08-06 00:00:00+00:00,10.1038/s41565-026-02248-4,Yong Sun,,,0
Radial nanochannel-array carbon enables high-performance intermetallic fuel cell catalysts,https://www.nature.com/articles/s41565-026-02244-8,Nature Nanotechnology,2026-08-06 00:00:00 UTC,2026-08-06 00:00:00+00:00,10.1038/s41565-026-02244-8,Gang Wu,Hollow nanocarbon spheres containing an ordered radial nanochannel array were used as supports to design high-performance intermetallic nanoparticle fuel cell catalysts. They overcome the trade-off between the degree of ordering in the intermetallic phase and nanoparticle dispersion.,rss_nature,0
Spectral biophysical cytometry with nanosensors reveals remodelling of immune cells in atherosclerosis,https://www.nature.com/articles/s41565-026-02236-8,Nature Nanotechnology,2026-08-06 00:00:00 UTC,2026-08-06 00:00:00+00:00,10.1038/s41565-026-02236-8,Erdinc Sezgin,"Abstract
                  The biophysical properties of cells determine cellular physiology. Leveraging these properties for biomedical applications demands the ability to measure multiple parameters simultaneously across millions of cells and diverse cell types. However, current technologies are limited by throughput and low dimensionality. Here we introduce spectral biophysical cytometry (SBC), a high-throughput platform that integrates environment-sensitive nanosensors with spectral flow cytometry to resolve multiparametric biophysical properties of immune cells at single-cell resolution. By using fluorescent nanosensors that report membrane order, mitochondrial potential and membrane potential, SBC enables simultaneous quantification of key cellular physical states across diverse immune cell populations. When applied to peripheral blood mononuclear cells, SBC reveals cell-type-specific biophysical heterogeneity and identifies distinct remodelling signatures associated with atherosclerosis. In particular, T-cell subsets exhibit substantial alterations in membrane order and mitochondrial depolarization, reflecting coordinated changes in lipid composition and metabolic pathways. Integration with lipidomics and transcriptomics demonstrates that the nanosensors can detect biophysical shifts that correlate with dysregulated lipid metabolism and mitochondrial function, providing mechanistic insight into immune dysfunction in disease. Importantly, SBC achieves rapid, label-efficient profiling using commercially available instrumentation, enabling scalable biomarker discovery directly from blood samples and establishing a powerful strategy for linking biophysical phenotypes to immune cell function.",crossref,0
Scientists up in arms about cuts to UK physics and astronomy,https://www.nature.com/articles/d41586-026-02460-1,Nature,2026-08-06 00:00:00 UTC,2026-08-06 00:00:00+00:00,10.1038/d41586-026-02460-1,Elizabeth Gibney,Funding is being terminated for projects including a future CERN experiment and the iconic Lovell Telescope.,rss_nature,0
AI agents are checking the scientific literature — and spotting decades-old errors,https://www.nature.com/articles/d41586-026-02235-8,Nature,2026-08-06 00:00:00 UTC,2026-08-06 00:00:00+00:00,10.1038/d41586-026-02235-8,Chris Stokel-Walker,The technology is proving adept at finding faults in decades-old papers and reference databases.,rss_nature,0
When diversification fails: Geopolitical contagion and hidden vulnerabilities in Europe’s energy transition,https://www.sciencedirect.com/science/article/pii/S0301421526004544?dgcid=rss_sd_all,ScienceDirect Publication: Energy Policy,2026-08-06 00:00:00 UTC,2026-08-06 00:00:00+00:00,10.1016/j.enpol.2026.115520,Jules Sadefo Kamdem,,,0
Tailored Mn2+-Activated Zinc Halides for Enhanced X-ray Imaging via Ligand Modulation,https://pubs.acs.org/aamick/article/doi/10.1021/acsami.6c09694/5249772/Tailored-Mn2-Activated-Zinc-Halides-for-Enhanced-X,ACS Applied Materials & Interfaces: Latest Articles (ACS Publications),2026-08-06 00:00:00 UTC,2026-08-06 00:00:00+00:00,10.1021/acsami.6c09694,Omar F. Mohammed,"Abstract Lead-free organic–inorganic metal halides have emerged as promising candidates for X-ray imaging applications owing to their intrinsic radioluminescence, solution processability, and economic viability. However, their development remains largely empirical, with limited understanding of the structure–property relationships governing radioluminescence efficiency and stability. Herein, we address this challenge using two zero-dimensional (0D) mixed-metal Mn-Zn bromide systems with distinct organic spacers (T = C9H14BrN and D = C6H12N2), enabling controlled modulation of organic spacer length and metal–metal separation. Although both systems exhibit near-unity photoluminescence quantum yields (PLQYs), they display markedly different scintillation responses. The larger metal–metal separation in Mn0.5Zn0.5Br4T, induced by the longer organic cation T, suppresses nonradiative interactions, leading to enhanced radioluminescence efficiency and operational stability. The optimized system, Mn0.5Zn0.5Br4T, achieves a high light yield of 76,000 photons MeV–1, excellent stability, and an ultralow detection limit of 112 nGy s–1—approximately 50 times lower than standard medical diagnostic dose rate (5.5 μGy s–1). Flexible large-area scintillators further demonstrate high-resolution X-ray imaging capability. This work establishes a structure–property relationship linking organic spacer modulation, mixed-metal composition, and scintillation efficiency, enabling a rational design framework for scalable, high-performance X-ray scintillators.",crossref,0
Spatial Configuration-Directed Screening of Isomer-Derived Carbon Dots for Highly Selective Sensing of Nitrite in Food and In Vivo Imaging,https://pubs.acs.org/aamick/article/doi/10.1021/acsami.6c12261/5249677/Spatial-Configuration-Directed-Screening-of-Isomer,ACS Applied Materials & Interfaces: Latest Articles (ACS Publications),2026-08-06 00:00:00 UTC,2026-08-06 00:00:00+00:00,10.1021/acsami.6c12261,Zhong Zhang,"Abstract Fluorescence sensing technology based on carbon quantum dots (CDs) has garnered significant attention due to its high sensitivity and operational simplicity. However, research on regulating CDs' performance and sensing mechanisms through spatial configuration control of precursors remains relatively underdeveloped. This study employed three isomers of benzidine as carbon sources, synthesizing corresponding CDs via a solvothermal method. The size distribution and band structure of the CDs were significantly different due to isomer-induced polymerization differences, as validated by both experimental characterization and density functional theory calculations. Among these, MPD-CDs synthesized from m-phenylenediamine exhibited the most favorable comprehensive performance. A fluorescence sensor based on MPD-CDs achieved highly sensitive detection of NO2– in food, with a detection limit of 0.22 µM, primarily through diazotization−coupling reactions between MPD-CDs and NO2– causing static fluorescence quenching. Furthermore, cell viability exceeded 80% after incubation with 100 µg/mL MPD-CDs, enabling successful application in mouse in vivo imaging. This study provides theoretical and experimental foundations for screening and designing high-performance CD-based fluorescent sensing platforms, offering broad application prospects in food safety detection and bioimaging analysis.",crossref,0
Terrace-Mediated Growth of WS2 Using Molecular Beam Epitaxy: Impact on Lattice Orientation and Grain Boundary Formation,https://pubs.acs.org/aamick/article/doi/10.1021/acsami.6c03330/5249779/Terrace-Mediated-Growth-of-WS2-Using-Molecular,ACS Applied Materials & Interfaces: Latest Articles (ACS Publications),2026-08-06 00:00:00 UTC,2026-08-06 00:00:00+00:00,10.1021/acsami.6c03330,Chih-Kang Shih,"Abstract Sulfur-based transition metal dichalcogenides (TMDs) such as WS2 exhibit a lattice mismatch with graphene, in contrast to the more commensurate behavior of Se-based compounds like MoSe2 and WSe2. This registry makes epitaxial WS2 on graphene, without transition metal substrates, an ideal platform for exploring the underlying interfacial phenomena. However, its controlled synthesis with molecular beam epitaxy (MBE) remains a formidable challenge. Here, we demonstrate the epitaxial growth of WS2 on highly oriented pyrolytic graphite (HOPG) and epitaxial bilayer graphene on SiC using a two-step method under ultra-high vacuum (UHV). Scanning tunneling microscopy and spectroscopy (STM/S) reveal pronounced moiré periodicities—in this work at 3 and 19.1° twist angles—along with terrace-mediated grain boundary formation at small angles. On epitaxial graphene, we demonstrate the growth of highly oriented WS2 films. These findings establish a robust strategy for epitaxial WS2 growth, opening avenues for investigating the formation mechanisms and emergent properties of lattice-mismatched two-dimensional heterostructures.",crossref,0
The significance of a polarization curve - analysis of a 60-cell polymer electrolyte water electrolysis stack,https://www.sciencedirect.com/science/article/pii/S0306261926011943?dgcid=rss_sd_all,ScienceDirect Publication: Applied Energy,2026-08-06 00:00:00 UTC,2026-08-06 00:00:00+00:00,10.1016/j.apenergy.2026.128538,Martin Müller,"The objective of this study is to demonstrate the diversity of information encapsulated within a polarization curve and its operational boundary conditions. To this end, a polymer electrolyte membrane water electrolysis stack comprising 60 cells with an active cell area of 1024 cm 2 has been constructed and characterized. The performance data such as the average cell voltage of 1.88 V ( η L H V = 66.6 % ) at the maximum applied current density of 3 A cm − 2 and a minimum specific power requirement of 4.01 kWh m N , H 2 − 3 at standard conditions at partial load ( 0.6 A cm − 2 , η L H V = 77.5 % ) were extracted from the polarization curve. In addition, the current-dependent single cell voltage distributions, the pressure and temperature differences for the anode and cathode sides could be determined, as well as the Faraday and voltage efficiency. The maximum Faraday efficiency recorded, was 97.6 % . A significant finding was the measurement of an H 2 in O 2 concentration of 0.11 % vol at 0.6 A cm − 2 which is far below the critical concentration of 4 % vol . Stack parameters and the begin-of-life state are determined based on the polarization curve and the supporting sensors.",openalex,0
Aqueous Rechargeable Magnesium Battery with a High Output Voltage Using a Hydrated Eutectic Electrolyte,https://pubs.acs.org/aamick/article/doi/10.1021/acsami.6c09896/5249764/Aqueous-Rechargeable-Magnesium-Battery-with-a-High,ACS Applied Materials & Interfaces: Latest Articles (ACS Publications),2026-08-06 00:00:00 UTC,2026-08-06 00:00:00+00:00,10.1021/acsami.6c09896,Yuping Wu,"Abstract Rechargeable magnesium batteries offer safe and cost-effective energy storage but are constrained by narrow electrochemical stability windows, interfacial instability, and sluggish Mg2+ transport. To address these issues, a multi-component hydrated eutectic electrolyte was designed, composed of Mg(ClO4)2, acetamide, caprolactam, and H2O (DM11). This electrolyte reconstructs the hydrogen-bonding network and lowers H2O activity; thereby, the electrochemical stability window is broadened to 4 V. Moreover, acetamide and caprolactam adsorb on the Mg surface and undergo interfacial reactions. This process forms an organic–inorganic hybrid layer that isolates Mg from H2O and reduces corrosion. Benefiting from these synergistic effects, a symmetric Mg//Mg cell with the DM11 electrolyte demonstrated stable cycling for over 500 h, while a Mg//Mg-MnO2 full battery delivered a reversible capacity of 300 mA h g–1 at 0.1 A g–1 with an output voltage of 1.8 V and stable cycling for more than 500 cycles at 0.5 A g–1. This study highlights a viable strategy for engineering hydrated eutectic electrolytes to enhance the stability and electrochemical performance of magnesium batteries.",crossref,0
Hierarchical coordination optimization for grid-interactive hybrid energy systems with hydrogen and battery storage,https://www.sciencedirect.com/science/article/pii/S0306261926011852?dgcid=rss_sd_all,ScienceDirect Publication: Applied Energy,2026-08-06 00:00:00 UTC,2026-08-06 00:00:00+00:00,10.1016/j.apenergy.2026.128529,Jinqing Peng,,,0
A solar distributed low-carbon energy system for urban buildings: design and multi-objective optimization for favorable 3E performance,https://www.sciencedirect.com/science/article/pii/S0306261926012195?dgcid=rss_sd_all,ScienceDirect Publication: Applied Energy,2026-08-06 00:00:00 UTC,2026-08-06 00:00:00+00:00,10.1016/j.apenergy.2026.128563,Qibin Liu,,,0
"Can Italy decarbonise without raising bills? A scenario-based assessment of renewable, flexibility and adequacy policies on power system costs through 2035",https://www.sciencedirect.com/science/article/pii/S0306261926012080?dgcid=rss_sd_all,ScienceDirect Publication: Applied Energy,2026-08-06 00:00:00 UTC,2026-08-06 00:00:00+00:00,10.1016/j.apenergy.2026.128552,Francesco Marghella,"This paper assesses the potential evolution of the Italian electricity market under two alternative policy configurations: long-term Contracts for Difference (CfD), reflecting recent reforms, and pure merchant investment under the System Marginal Pricing (SMP) regime. Motivated by recent energy price volatility and investment uncertainty, we investigate whether Italy’s policy shift can achieve key objectives: supporting decarbonisation, enhancing energy security and ensuring affordability. We employ the NET model — a system-dynamics framework calibrated on national data and policy targets — extended to incorporate CfD auctions, the MACSE storage-procurement mechanism, capacity-remuneration tools and Terna’s planned grid upgrades. Using 12-year Monte Carlo simulations (2024–2035), we compare outcomes in terms of renewable energy deployment, system-cost efficiency and consumer-price dynamics, and test robustness via sensitivity analyses. Our results demonstrate that renewables reduce consumer bills and narrow future price volatility, yet neither CfD nor SMP alone meets the National Energy and Climate Plan’s 2030 decarbonisation target — a shortfall driven by low ceiling prices in CfD auctions and moderate fossil-fuel price forecasts under SMP. While electricity price differences between the two market designs remain modest, beyond a certain RES penetration threshold, CfD is more effective at containing price spikes, whereas SMP facilitates faster long-term price declines via accelerated RES investment. These findings imply that policymakers should periodically recalibrate CfD auction parameters — particularly ceiling prices — to maintain alignment with evolving market conditions. Conversely, relying solely on merchant initiatives risks subjecting policy targets to uncontrolled fossil-fuel price fluctuations.",openalex,0
Adaptive Halide Binding with Anion Size: Triggering Chiral D3 to Trigonal Prism Changes in a Molecular Cage,https://pubs.acs.org/jacsat/article/doi/10.1021/jacs.6c11035/5247480/Adaptive-Halide-Binding-with-Anion-Size-Triggering,Journal of the American Chemical Society: Latest Articles (ACS Publications),2026-08-06 00:00:00 UTC,2026-08-06 00:00:00+00:00,10.1021/jacs.6c11035,Timothy S. Zwier,"Abstract We report the IR spectroscopy and structural analysis of the halide ions F–, Cl–, and Br– bound inside a bicyclic amide-based cryptand cage (1) under cryo-cooled conditions in the gas phase. We record infrared spectra of the cryo-cooled gas-phase ions in the hydride stretch and fingerprint regions using IR-UV double resonance methods. The IR spectra in the NH and CH stretch regions are remarkably simple, reflecting highly symmetric structures for all three 1·X– complexes. We compare the experimental spectra with calculated candidate structures using first-principles predictions of the infrared spectra in the NH, CH, and fingerprint regions. We assign the 1·F– complex to a 9-coordinate, D3 symmetry structure that contains six NH···F– and three aromatic CH···F– H-bonds, much as it does in the crystalline solid, with a trigonal twist angle α = 35°. While the gas-phase and X-ray structures of 1·F– are similar, the crystal structure is compressed by its surroundings, with the distance between the two bridgehead tertiary amines that is 0.58 Å shorter than our assigned gas-phase structure. In contrast, the 1·Cl– and 1·Br– complexes are uniquely assigned based on their infrared spectra to C3h symmetry structures in which the six amide N’s form a 6-coordinate trigonal prism (α = 0°) binding pocket, while the two tertiary N’s form caps on the prism’s triangular faces. To accommodate these larger halide ions, the three aromatic rings rotate so that their closest CH groups are nearly tangential to the spherical halide ion at the cage’s center.",crossref,0
Bidentate Hydrogen Bonds Accelerate Interfacial Proton-Coupled Electron Transfer Kinetics by Reshaping Dynamic Water Networks on Zero-Valent Iron Interfaces,https://pubs.acs.org/jacsat/article/doi/10.1021/jacs.6c12004/5249273/Bidentate-Hydrogen-Bonds-Accelerate-Interfacial,Journal of the American Chemical Society: Latest Articles (ACS Publications),2026-08-06 00:00:00 UTC,2026-08-06 00:00:00+00:00,10.1021/jacs.6c12004,Tong Zhang,"Abstract Proton-coupled electron transfer (PCET) at the solid–liquid interface is crucial for addressing the efficiency reduction of zerovalent iron (ZVI) materials in environmental pollution control, which stems from hindered iron cycling. In this study, we report a tannic acid-modified ZVI (TA-ZVI) that accelerates PCET by engineering an interfacial hydrogen-bonding network at the outer Helmholtz plane (OHP). Grafting ortho-phenolic hydroxyl groups onto ZVI reconstructs the interfacial water network, increases the fraction of weakly bound/free water, and enhances interfacial solvation/polarization relaxation, thereby lowering the kinetic barrier for PCET and promoting the generation and utilization of H*. The H* is subsequently delivered through the interfacial hydrogen-bonding network via a thermodynamically favorable Grotthuss-like pathway to the Fe(III) sites, thereby accelerating the iron cycle and enhancing the activity of the surface-bound Fe(II)-mediated 2e– ORR-Fenton reaction. Mechanistic investigations using phenolic analogues identify that ortho-phenolic hydroxyl groups are uniquely effective relative to para-/meta-configurations, owing to the formation of bidentate hydrogen bonds that confine and stabilize H*. Using sulfamethazine (SMT) as a model contaminant, TA-ZVI achieves 85% removal, substantially outperforming pristine ZVI, which removes only 19.8%. TA-ZVI also maintains effective and continuous SMT removal in real wastewater matrices and sustains stable operation for 1000 min in a continuous-flow membrane reactor. This work establishes dynamic hydrogen-bond-network engineering as a molecular strategy for regulating interfacial PCET and enhancing ZVI-based oxidative remediation.",crossref,0
The Catalytic Enantioselective Sommelet–Hauser Rearrangement,https://pubs.acs.org/jacsat/article/doi/10.1021/jacs.6c04476/5249654/The-Catalytic-Enantioselective-Sommelet-Hauser,Journal of the American Chemical Society: Latest Articles (ACS Publications),2026-08-06 00:00:00 UTC,2026-08-06 00:00:00+00:00,10.1021/jacs.6c04476,Andrew D. Smith,"Abstract The Sommelet–Hauser rearrangement of ammonium ylides incorporates a dearomatizing [2,3]-sigmatropic rearrangement of a (hetero)aromatic substituent, followed by tautomerization (rearomatization), to generate (hetero)benzylic amine derivatives. Despite widespread interest in this process, asymmetric variants have previously relied upon stoichiometric chiral auxiliary or chirality transfer strategies to induce stereocontrol. In this manuscript, the organocatalytic enantioselective Sommelet–Hauser rearrangement of ammonium ylides bearing heteroaromatic substituents is demonstrated using a Lewis basic isothiourea catalyst, providing a series of unnatural α-heteroaryl α-amino acid derivatives with high to excellent enantioselectivity (up to 98:2 er). The developed process tolerates cyclic and acyclic ammonium salt precursors with indolyl and benzofuranyl substituents. A range of pronucleophiles was employed that lead to amide, ester, and alcohol products. Computational analysis revealed that a stepwise process (involving initial C–N bond cleavage to generate an ion pair, followed by a barrierless C–C bond formation) is favored over a concerted [2,3]-rearrangement, with distortion-interaction analysis providing insight into the factors that govern the mechanism. Crossover experiments, including the use of isotopologue salt derivatives to minimize chemical differentiation of substrates, showed no scrambling. The totality of accumulated computational and experimental evidence suggests a stepwise rearrangement involving a near-instantaneous second recombination step such that the overall process is indistinguishable from, and effectively, a concerted asynchronous rearrangement.",crossref,0
Site-Specific and Mode-Specific Photodissociation of OH bonds in a Pentapeptide by Laser-Driven Tunneling through a Conical Intersection,https://pubs.acs.org/jacsat/article/doi/10.1021/jacs.6c12616/5249618/Site-Specific-and-Mode-Specific-Photodissociation,Journal of the American Chemical Society: Latest Articles (ACS Publications),2026-08-06 00:00:00 UTC,2026-08-06 00:00:00+00:00,10.1021/jacs.6c12616,Timothy S. Zwier,"Abstract The prospect of using lasers to selectively break chemical bonds in molecules is often thwarted by the intrinsic anharmonic mixing of the vibrational levels that lead to dissociation with a dense manifold of other vibrational states that do not. Using an ultraviolet-infrared (UV-IR) double resonance excitation scheme, we demonstrate both site- and mode-selective photodissociation of the O–H bond in either of the two tyrosine chromophores (Tyr, Y) in a cryogenically cooled, gas phase protonated pentapeptide ion [YGGYL+H]+ with 231 vibrational modes. The two tyrosine’s have unique UV absorptions with electronic origins separated from one another by 324 cm–1, enabling site-specific electronic excitation of the 1ππ* state of the Y1 or Y4 chromophore. Isotopic substitution of 18OH on one of the two tyrosine’s phenol moiety (forming Y(18O)GGYL or YGGY(18O)L) produces a shift in the infrared absorption frequency of the OH stretch fundamental of −11 cm–1. Since the OH stretch fundamental shifts by −72 cm–1 in the 1ππ* state relative to the ground state, UV-IR spectra as a function of IR-UV time delay map out the excited state IR spectra and provides a means for promoting either OH group to OH(v = 1) in their 1ππ* excited state. Using UV-IR excitation at short IR-UV delay times, we observe site-selective and mode-selective loss of the OH hydrogen atom, which is efficiently lost only when both UV and IR excitation are on the same Tyr chromophore, with a mode-selectivity of greater than 100:1. No other combination of UV and IR excitation produces any measurable H atom loss. Since the OH stretch coordinate is the reaction coordinate for H atom loss, we identify tunneling underneath the 1ππ*/1πσOH* conical intersection (CI) as responsible for the mode-selectivity of the photofragmentation, and argue that tunneling through the CI following OH(v = 1) excitation is fast enough that it competes favorably over vibrational energy scrambling, making it possible to selectively fragment either OH bond in this large molecule with high fidelity.",crossref,0
Core/Shell HgCdTe/HgCdSe Quantum Dots for Wave Function Engineering with Infrared Band Gaps,https://pubs.acs.org/jacsat/article/doi/10.1021/jacs.6c09034/5249672/Core-Shell-HgCdTe-HgCdSe-Quantum-Dots-for-Wave,Journal of the American Chemical Society: Latest Articles (ACS Publications),2026-08-06 00:00:00 UTC,2026-08-06 00:00:00+00:00,10.1021/jacs.6c09034,Andrew M. Smith,"Abstract Semiconductor quantum dots (QDs) are a class of nanomaterials with tunable electronic structure that enables precise control of light–matter interactions for diverse optoelectronic applications. Mercury cadmium chalcogenides are an emerging QD composition for infrared photonic applications, and their heterostructures are expected to expand functionality. Here, we introduce core/shell HgCdTe/HgCdSe QDs with bandgap energies in the infrared and charge carrier wave functions controlled by domain dimensions and the radial distribution of mercury and cadmium. As prepared via mercury cation exchange of core/shell CdTe/CdSe QDs, mercury can be selectively concentrated in either the core or shell, and can fully deplete cadmium to generate HgTe/HgSe QDs. Different alloying regimes shift band offsets between type-I and type-II alignments, in which the electron and hole are colocalized or separated, respectively. Broad bandgap tunability across the infrared spectra with long-term stability in air addresses problems of the constituent QD homostructures of HgTe and HgCdTe with low chemical stability and HgSe and HgCdSe with n-type doping. The photophysical features and oscillator strengths are reported as figures of merit and compared with quantum mechanical calculations. An optical metrology method based on ultraviolet E1 critical-point features is also introduced for assaying cation distributions, which is otherwise difficult in small core/shell QDs. These small-bandgap QDs with controllable charge carrier wave functions offer new opportunities to investigate photoluminescence, excited-state photophysics, and light–matter interactions at infrared wavelengths.",crossref,0
"Design and Elucidation of a Strain-Relief-Driven Ring Opening Mechanism of Inactivation of Ornithine Aminotransferase by (1 S ,3 R ,5 R )-3-Amino-6,6-difluorobicyclo[3.1.0]hexane-1-carboxylic Acid",https://pubs.acs.org/jacsat/article/doi/10.1021/jacs.6c11041/5249753/Design-and-Elucidation-of-a-Strain-Relief-Driven,Journal of the American Chemical Society: Latest Articles (ACS Publications),2026-08-06 00:00:00 UTC,2026-08-06 00:00:00+00:00,10.1021/jacs.6c11041,Richard B. Silverman,"Abstract Human ornithine aminotransferase (hOAT) is a pyridoxal 5′-phosphate (PLP)-dependent enzyme that has been implicated in several cancers due to the essential role in the synthesis of glutamine and proline. Inhibition of hOAT may provide a novel method to treat a variety of cancers. In recent years, selective inhibition of hOAT through mechanism-based inactivation has shown promise in the treatment of hepatocellular carcinoma. Inspired by the recently reported hOAT-selective δ-deprotonation and previously proposed ring-strain mediated mechanisms of inactivation, we designed, synthesized, and evaluated (1S,3R,5R)-3-amino-6,6-difluorobicyclo[3.1.0]hexane-1-carboxylic acid (5), a time-dependent inhibitor of hOAT. Structural and mechanistic studies validated the proposed mechanism of 5, which undergoes a ring-opening mechanism to form a PLP-inactivator adduct that is tightly bound in the active site of hOAT. Intact protein mass spectrometry, 19F NMR spectroscopy, transient-state kinetic studies, X-ray crystallography, and QM calculations were used to determine the final adduct and explore the mechanism of inactivation of 5. This is the first report of a ring-opening event in the active site of hOAT.",crossref,0
Asymmetric Total Synthesis of Venezuelaene A via TEMPO+BF4–-Mediated Oxidative Nazarov Cyclization and Cascade Metathesis,https://pubs.acs.org/jacsat/article/doi/10.1021/jacs.6c09948/5249793/Asymmetric-Total-Synthesis-of-Venezuelaene-A-via,Journal of the American Chemical Society: Latest Articles (ACS Publications),2026-08-06 00:00:00 UTC,2026-08-06 00:00:00+00:00,10.1021/jacs.6c09948,Jing Xu,"Abstract The first and asymmetric total synthesis of venezuelaene A, a rare [5–5–6–7] tetracyclic diterpenoid featuring a highly strained trans-fused [5–5] bicyclic motif alongside a densely functionalized cyclopentane ring and six contiguous stereogenic centers, is reported. Our approach highlights (1) a TEMPO+BF4–-mediated oxidative Nazarov cyclization that rapidly assembles the hydrindane core bearing the key C15-quaternary center; (2) a Stoltz decarboxylative allylic alkylation to highly diastereoselectively install the adjacent C3-quaternary center; (3) a strategic intramolecular carbon atom transfer that overcomes formidable challenges of both homologation and stereochemical control encountered with conventional approaches; and (4) an ene-yne-ene cascade metathesis that efficiently forges the [5–7] bicyclic system and ultimately the entire tetracyclic skeleton, representing the first example of constructing a highly strained trans-fused [5–5] bicyclic ring system via a metathesis reaction.",crossref,0
Ultrasound-Driven Reductive Deoxygenation of N -Oxides for Spatiotemporally Controlled Prodrug Activation,https://pubs.acs.org/jacsat/article/doi/10.1021/jacs.6c07122/5249671/Ultrasound-Driven-Reductive-Deoxygenation-of-N,Journal of the American Chemical Society: Latest Articles (ACS Publications),2026-08-06 00:00:00 UTC,2026-08-06 00:00:00+00:00,10.1021/jacs.6c07122,Zhaohui Tang,"Abstract Spatiotemporally controlled, tumor-selective activation of N-oxide prodrugs within tumors remains a longstanding challenge in cancer therapy. Herein, we report a broadly applicable strategy driven by clinical ultrasound for the reductive deoxygenation of N-oxides, enabling externally controlled prodrug activation via a riboflavin tetrabutyrate (TBR)/NADPH redox-relay system. Under mild, clinically translatable ultrasound (1 MHz, 2.0 W/cm2, 50% duty cycle), this platform promotes efficient N–O bond cleavage through single-electron transfer and hydrogen-atom transfer. Density functional theory calculations support that all ground-state steps are thermodynamically favorable with negative Gibbs free-energy changes (ΔG), supporting the feasibility of sonochemical N-oxide reduction. This method exhibits broad substrate generality toward diverse N-oxide compounds, including the clinically investigated hypoxia-activated prodrug banoxantrone (AQ4N), quinoline N-oxide, 8-hydroxyquinoline N-oxide, clozapine N-oxide, and olanzapine N-oxide. In hypoxic tumor cells, the ultrasound/TBR system enhances intracellular AQ4 formation significantly and reduces the IC50 of AQ4N from 35.0 to 2.8 mg/L. In vivo, the combination of AQ4N, TBR, and ultrasound increased intratumoral AQ4 formation by approximately 24.1-fold and achieved a tumor inhibition rate of 113.7%, outperforming AQ4N monotherapy (82.3%). This sonochemically triggered activation platform bypasses the heterogeneity of tumor-microenvironment stimuli and offers a versatile, externally controlled framework for precision prodrug chemotherapy with deep tissue penetration and clinical translatability.",crossref,0
Surface Phonon-Mediated Molecular Diffusion via Vibration–Phonon Coupling at the Single-Molecule Level,https://pubs.acs.org/jacsat/article/doi/10.1021/jacs.6c03768/5249644/Surface-Phonon-Mediated-Molecular-Diffusion-via,Journal of the American Chemical Society: Latest Articles (ACS Publications),2026-08-06 00:00:00 UTC,2026-08-06 00:00:00+00:00,10.1021/jacs.6c03768,Yousoo Kim,"Abstract Understanding the underlying mechanisms that induce molecular motion on solid surfaces is essential for elucidating elementary surface processes such as molecular diffusion and reactions. To date, several excitation pathways using electrons, heat, and light have been shown to induce the vibrational excitation of molecular adsorbates on surfaces. However, the contribution of substrate phonons to the behaviors of adsorbates has been underexplored despite its ubiquitous importance in various chemical processes. Here, we present evidence that surface phonons can actively induce molecular diffusion, as revealed by investigating the diffusion mechanism of CO on an ultrathin MgO film epitaxially grown on Ag(100). Using action spectroscopy with a scanning tunneling microscope and density functional theory calculations, we reveal a novel diffusion pathway mediated by surface phonons, along with the conventional vibrational excitation of the CO stretching mode. This newly observed diffusion pathway is identified as the Fuchs-Kliewer phonon mode of MgO, coupled with the CO-substrate stretching motion. These findings provide direct mechanistic insight into surface phonon-mediated molecular motion at the single-molecule level, offering a well-defined framework for understanding the vibration–phonon coupling in surface molecular dynamics.",crossref,0
Independent and Efficient Pyridone Scaffold: Universal Afterglow Chemiluminescence Platform for High-Contrast Bioimaging,https://pubs.acs.org/jacsat/article/doi/10.1021/jacs.6c09236/5249634/Independent-and-Efficient-Pyridone-Scaffold,Journal of the American Chemical Society: Latest Articles (ACS Publications),2026-08-06 00:00:00 UTC,2026-08-06 00:00:00+00:00,10.1021/jacs.6c09236,Caixia Yin,"Abstract Organic afterglow chemiluminescence imaging holds great promise for high-contrast biomedical applications owing to its elimination of real-time excitation light and low biotoxicity. However, conventional molecular design strategies face significant challenges. Both integrated molecules and multicomponent physical hybrid systems suffer from inherent drawbacks, such as irreversible substrate consumption, emission blue-shift and inefficient energy transfer, which ultimately limit their performance and applications. To address these issues, we report an independent and efficient pyridone scaffold for constructing afterglow molecules. 2-pyridone was employed as a stable, nonconsumable substrate to prevent depletion and blue-shift, while covalent linkage with the relay unit ensured efficient intramolecular energy transfer. Based on this scaffold, a series of afterglow chemiluminescent molecules (RB-Py, BDP-Py, HC-Py, CS-Py, Cy-Py) were constructed. Upon encapsulation with Pluronic F127 to form nanoparticles, these molecules demonstrated excellent afterglow performance in PBS. An activatable afterglow chemiluminescence probe (HFO-NPs) was developed, which can simultaneously activate fluorescence and afterglow signals in the presence of peroxynitrite (ONOO–). Furthermore, we successfully applied it for the precise diagnosis of APAP-induced early liver injury and the visualization of ONOO– levels. Together, these findings establish a new paradigm for organic afterglow molecules and provide a powerful new platform for precise molecular sensing and disease diagnosis.",crossref,0
Electron Push–Pull Effect Drives Reversible Six-Electron Redox Reaction in Aqueous Zinc–Dual Halogen Batteries,https://pubs.acs.org/jacsat/article/doi/10.1021/jacs.6c08547/5247104/Electron-Push-Pull-Effect-Drives-Reversible-Six,Journal of the American Chemical Society: Latest Articles (ACS Publications),2026-08-06 00:00:00 UTC,2026-08-06 00:00:00+00:00,10.1021/jacs.6c08547,Liang Zhang,"Abstract Four-electron aqueous zinc–iodine (Zn–I2) batteries with I–/I0/I+ conversion could achieve high energy density, but the development is largely impeded by I+ hydrolysis and sluggish redox kinetics. Here, by introducing 1-ethylpyridine hydrobromide (EB) as an electrolyte additive, we designed aqueous zinc–dual halogen (iodine–bromine) batteries to address these issues, which enable reversible six-electron conversion with high capacity and long-term cycling stability. In situ X-ray absorption spectroscopy, Raman spectroscopy, and theoretical calculations reveal that the donor–acceptor interactions within I–Br interhalogen compounds induce an electron push–pull effect, enabling a kinetically enhanced four-electron pathway (I–/I2Br–/IBr2–) followed by an activated two-electron pathway of bromine (IBr2–/IBr3–) upon charging, while partial IBr3– undergoes an I+/Br0 co-reduction reaction with enhanced bromine utilization during discharge, leading to asymmetric yet overall reversible six-electron conversion. In addition, the cation groups of EB reconstruct the H-bond network of bulk water and electrostatically anchor IBr2– and IBr3– species, thereby reducing the water activity and stabilizing the interhalogen compounds. These synergistic effects enable zinc–dual halogen batteries to achieve a remarkable capacity of 656 mAh g–1 at 0.5 A g–1 and sustained cycling stability with a high initial capacity of 436.8 mAh g–1 over 2200 cycles at 10 A g–1. This work extends the application of interhalogen chemistry for constructing high-energy-density aqueous batteries with multielectron redox reactions.",crossref,0
Palladium-Catalyzed Asymmetric Remote Hydroamination of Internal Alkenes,https://pubs.acs.org/jacsat/article/doi/10.1021/jacs.6c09592/5247115/Palladium-Catalyzed-Asymmetric-Remote,Journal of the American Chemical Society: Latest Articles (ACS Publications),2026-08-06 00:00:00 UTC,2026-08-06 00:00:00+00:00,10.1021/jacs.6c09592,Guosheng Liu,"Abstract Asymmetric catalytic hydroamination of alkenes represents one of the most efficient strategies for constructing chiral N-heterocycles. Herein, we realize the asymmetric intramolecular remote hydroamination of internal cis-alkenes via palladium catalysis. The reaction proceeds through sequential alkene aminopalladation, palladium migration, and reduction of terminal alkyl-palladium intermediates. The corresponding nitrogen-containing heterocycles are furnished in good yields with high enantioselectivity, offering a straightforward and robust route to the synthesis of piperidone, pyrrolidone, and oxazolidin-2-one scaffolds. Detailed mechanistic studies disclose that the stereochemical outcome and reversibility of aminopalladation are strongly solvent-dependent. Furthermore, the reduction of the alkyl–Pd(II) bond is highly susceptible to steric hindrance, which enables the achievement of remote asymmetric hydroamination.",crossref,0
Copper-Catalyzed Enantioselective Vinylogous Hydroxylation with Nitrosobenzene,https://pubs.acs.org/jacsat/article/doi/10.1021/jacs.6c14390/5249635/Copper-Catalyzed-Enantioselective-Vinylogous,Journal of the American Chemical Society: Latest Articles (ACS Publications),2026-08-06 00:00:00 UTC,2026-08-06 00:00:00+00:00,10.1021/jacs.6c14390,Liang Yin,"Abstract Catalytic asymmetric vinylogous hydroxylation remains a largely uncharted transformation. This limitation mainly arises from two inherent obstacles: selectivity issues (regio- and enantioselectivities) and the oxidative reactivity of common oxygen donors, both of which severely compromise overall catalytic efficiency. Against this backdrop, we herein disclose a novel synthetic route enabled by copper catalysis. The procedure proceeds through an enantioselective vinylogous nitroso aldol addition, followed by copper-mediated cleavage of the N–O bond. This unified protocol provides a general, efficient approach to enantioenriched γ-hydroxy-α,β-(E)-unsaturated carbonyl scaffolds, tolerating a wide range of alkyl substrates decorated with diverse functional substituents. Mechanistically, a critical reaction intermediate was isolated and fully characterized via HRMS, 1H NMR, and 13C NMR spectroscopy. These unambiguous spectroscopic data firmly corroborate a stepwise reaction manifold, including initial C–O bond formation and subsequent N–O bond fragmentation. The synthetic practicability of our method is underscored by its implementation in the asymmetric formal syntheses of four bioactive natural products, including (+)-α-conhydrine, botcinin E, botcinin F, and (−)-kunstleramide. Finally, four downstream derivatizations of the target products further demonstrate the broad synthetic versatility of this copper-catalyzed vinylogous hydroxylation strategy.",crossref,0
Nonequilibrium-Induced Defect-Rich Bifunctional Heterojunctions for Highly Selective Paired Electrosynthesis of Ammonium Formate,https://pubs.acs.org/jacsat/article/doi/10.1021/jacs.6c08564/5247344/Nonequilibrium-Induced-Defect-Rich-Bifunctional,Journal of the American Chemical Society: Latest Articles (ACS Publications),2026-08-06 00:00:00 UTC,2026-08-06 00:00:00+00:00,10.1021/jacs.6c08564,Jieshan Qiu,"Abstract Paired electrosynthesis that couples nitrate electroreduction (NO3RR) with polyethylene terephthalate (PET) upcycling offers a promising route to close nitrogen and carbon cycles, yet its implementation is hindered by the lack of bifunctional catalysts capable of operating efficiently under high-current conditions. Here, we report a defect-engineered LD-VO-CoO/Co3O4@C heterojunction catalyst synthesized via flash Joule heating, a nonequilibrium strategy that kinetically stabilizes abundant oxygen vacancies and pronounced lattice distortion. LD-VO-CoO/Co3O4@C achieves an outstanding ammonia yield rate of 78.94 mg h–1 cm–2 with a Faradaic efficiency (FE) of 97.14%, together with excellent stability over 300 h, surpassing all reported monometallic cobalt-based catalysts, as well as efficient oxidation of ethylene glycol to formate (98% of FE). In an integrated configuration, the bifunctional LD-VO-CoO/Co3O4@C catalyst enables stable ampere-level paired synthesis (2 A cm–2 @1.86 V, 180 h at 1 A cm–2). An in situ downstream extension strategy is proposed for the first time, enabling ammonium formate production via direct mixing of anodic and cathodic products, and demonstrating a scalable, high-current paired electrosynthesis platform. Techno-economic evaluation highlights a striking overall profit margin of this configuration (75.7%), along with a substantial reduction in carbon footprint, thereby reversing the long-term dilemma of negative profits for ammonia electrosynthesis.",crossref,0
Strategic timing for the decarbonization contributions by China’s photovoltaic manufacturers in global energy transition,https://www.nature.com/articles/s41467-026-76424-4,Earth and environmental sciences : Nature Communications subject feeds,2026-08-06 00:00:00 UTC,2026-08-06 00:00:00+00:00,,Xiang Gao,"Photovoltaic (PV) technology is central to clean electricity and the Sustainable Development Goals. However, China’s PV manufacturing industry, which accounts for nearly two-thirds of global capacity, is often criticized for its high carbon emissions. Existing studies typically assign emission responsibility to manufacturers while attributing decarbonization benefits to power generation, overlooking upstream producers’ contributions. Here we propose a Producer Decarbonization Contribution framework to quantify these long-overlooked contributions at national and global scales. We show that China’s PV manufacturers contribute 31.4%-73.8% of total PV decarbonization in China and 27.9%-45.4% globally. We further identify a strategic timing, defined as the point at which the PV’s decarbonization contributions reach their maximum, occurring around 2035 in China under the Announced Pledges Scenario and 2030 globally under the Net Zero Emissions Scenario proposed by the International Energy Agency. These findings suggest maintaining supportive policies for China before 2035, while adopting more stringent measures globally after 2030 to avoid overproduction. The proposed framework that enables adaptive industrial policy design can be extended to other renewable energy technologies.",nature_html,0
Select earthquake forecasting models demonstrate consistency with prospective decadal observations in California,https://www.nature.com/articles/s41467-026-76243-7,Earth and environmental sciences : Nature Communications subject feeds,2026-08-06 00:00:00 UTC,2026-08-06 00:00:00+00:00,,Maximilian J. Werner,"Earthquake forecasting systems are now operationalized by agencies in several countries, providing situational awareness to at-risk communities. To ensure that forecasts follow the best science available, the underlying models require rigorous testing against prospective data and benchmarking. Between August 2007 and August 2018, 27 forecasting models, including the types used for operational earthquake forecasting, were prospectively operated as part of a multi-institutional project by the Collaboratory for the Study of Earthquake Predictability, generating 51,625 next-day Mw ≥ 3.95 seismicity forecasts for California. Here, we comprehensively evaluate their predictive skills against 597 Mw ≥ 3.95 earthquakes using community-vetted statistical methods. We show that approximately 95%, two-thirds, and 95% of the models produced forecasts consistent with the number, locations, and magnitudes of observed earthquakes, respectively. Individually, select versions of well-established, operational-type models demonstrated sustained consistency with prospective observations. We provide detailed recommendations, software tools, and benchmarking data to support the development of operational earthquake forecasting systems worldwide.",nature_html,0
Interfacial Polydentate Complexation with Phytic Acid Enables Oxidation-Resistant Liquid Metal Nanoparticles,https://pubs.acs.org/aamick/article/doi/10.1021/acsami.6c09157/5247119/Interfacial-Polydentate-Complexation-with-Phytic,ACS Applied Materials & Interfaces: Latest Articles (ACS Publications),2026-08-06 00:00:00 UTC,2026-08-06 00:00:00+00:00,10.1021/acsami.6c09157,Tao Deng,"Abstract Liquid metal nanoparticles (LM NPs) hold great promise for applications in catalysis, soft robotics, electronics, microfluidics, and biomedicine. Their practical utilization, however, is often hindered by inevitable oxidation and dealloying of LM NPs during preparation, storage, and application. To overcome the challenges, we develop a green stabilization strategy using phytic acid (PA), a natural ligand with six strong electron-donating phosphate groups. Each PA molecule provides six anchor sites that strongly coordinate with gallium ions (Ga3+), forming a robust chemical passivation film on the nanoparticle surface. By tuning the concentration of PA solution, we can control the thickness of the passivation film and nanoparticle size of PA-complexed LM NPs (PA/LM NPs), resulting in prolonged aqueous stability for up to two months. Besides, PA/LM NPs exhibit enhanced photothermal stability compared with bare LM NPs. As a proof of concept, we demonstrate the application of PA/LM NPs in the photothermal therapy of bone tumors, where the PA-mediated polydentate complexing strategy improves both biocompatibility and bone affinity of nanoparticles. In vitro experiments confirm efficient photothermal ablation of osteosarcoma cells. This polydentate complexing strategy helps stabilize LM NPs, enabling their application in more demanding environments.",crossref,0
"Unexpected Reactivity of 1,3,4-Thiadiazole- N -oxides with Strained Alkynes Enables Enhanced Antibody Loading",https://pubs.acs.org/jacsat/article/doi/10.1021/jacs.6c09261/5247684/Unexpected-Reactivity-of-1-3-4-Thiadiazole-N,Journal of the American Chemical Society: Latest Articles (ACS Publications),2026-08-06 00:00:00 UTC,2026-08-06 00:00:00+00:00,10.1021/jacs.6c09261,Victor Goncalves,"Abstract Protein bioconjugates are at the forefront of precision medicine, enabling the design of highly selective drugs for diagnostic and therapeutic applications. While increasing the number of payloads attached to a protein is a proven strategy to enhance the potency of a bioconjugate, the introduction of additional conjugation sites often risks compromising the protein’s targeting properties. In this study, we investigate the potential of 1,3,4-thiadiazole-N-oxides (TNO), a heterocyclic scaffold exhibiting excellent stability in biological media. We demonstrate that this reactive partner undergoes an unprecedented double addition reaction with bicyclo[6.1.0]non-4-yne derivatives. This unique reactivity is harnessed to achieve the site-specific attachment of two probes per conjugation site on a monoclonal antibody. Importantly, this strategy preserves antibody targeting properties, as confirmed by in vivo imaging studies. These findings establish TNO and the Strain-Promoted Alkyne-1,3,4-Thiadiazole-N-Oxide coupling (SPATOC) reaction as valuable new tools in the bioconjugation arsenal, expanding the possibilities for precise and efficient protein modification.",crossref,0
Pre-trip energy consumption prediction for battery electric vehicles via long-tail-aware cost-sensitive ensemble learning,https://www.sciencedirect.com/science/article/pii/S0306261926012729?dgcid=rss_sd_all,ScienceDirect Publication: Applied Energy,2026-08-06 00:00:00 UTC,2026-08-06 00:00:00+00:00,10.1016/j.apenergy.2026.128616,Jie Hu,,,0
Total Synthesis and Structural Confirmation of Curcusone I,https://pubs.acs.org/jacsat/article/doi/10.1021/jacs.6c13015/5249686/Total-Synthesis-and-Structural-Confirmation-of,Journal of the American Chemical Society: Latest Articles (ACS Publications),2026-08-06 00:00:00 UTC,2026-08-06 00:00:00+00:00,10.1021/jacs.6c13015,Chuang-Chuang Li,"Abstract The first asymmetric total synthesis of curcusone I, an unusual Euphorbiaceae diterpenoid, has been accomplished, unambiguously confirming its true structure, as previously revised by computational studies. The common [5–7–6] tricyclic core, which is found in rhamnofolane-type curcusones as well as in daphnane and tigliane diterpenes, was efficiently and diastereoselectively assembled via a Rh-catalyzed selenium-involved [2,3]-sigmatropic rearrangement cascade and an additive-controlled SmI2-mediated cyclization. The oxabicyclo[3.2.1]octane framework of curcusone I was successfully constructed by a unique transannular 5-endo-trig oxa-Michael addition. All eight desired stereocenters were installed diastereoselectively.",crossref,0
Persistence of Arctic Ocean acidification under negative emissions,https://www.nature.com/articles/s41558-026-02715-9,Nature Climate Change,2026-08-06 00:00:00 UTC,2026-08-06 00:00:00+00:00,10.1038/s41558-026-02715-9,James C. Orr,"Changes in the Earth system may persist long after atmospheric CO2 levels decline. This study examines ocean acidification and how it will persist in ocean regions globally, with the Arctic identified as the area that experiences relief from acidification the latest under negative emissions.",rss_nature,0
Reducing energy not supplied in islanded operation mode of microgrids via optimal load prioritization in distribution expansion planning,https://www.sciencedirect.com/science/article/pii/S0306261926012055?dgcid=rss_sd_all,ScienceDirect Publication: Applied Energy,2026-08-06 00:00:00 UTC,2026-08-06 00:00:00+00:00,10.1016/j.apenergy.2026.128549,Gevork B. Gharehpetian,,,0
A computationally efficient physics-based equivalent circuit model for real-time simulation of electrochemical-thermal behavior in lithium-ion batteries,https://www.sciencedirect.com/science/article/pii/S030626192601264X?dgcid=rss_sd_all,ScienceDirect Publication: Applied Energy,2026-08-06 00:00:00 UTC,2026-08-06 00:00:00+00:00,10.1016/j.apenergy.2026.128608,Jongsup Hong,,,0
A self-supervised constraint-embedded neural network for AC optimal power flow,https://www.sciencedirect.com/science/article/pii/S0306261926012407?dgcid=rss_sd_all,ScienceDirect Publication: Applied Energy,2026-08-06 00:00:00 UTC,2026-08-06 00:00:00+00:00,10.1016/j.apenergy.2026.128584,Gareth P. Harrison,,,0
Resilience quantification and enhancement of typhoon-affected distribution system with virtual power plant,https://www.sciencedirect.com/science/article/pii/S0306261926012596?dgcid=rss_sd_all,ScienceDirect Publication: Applied Energy,2026-08-06 00:00:00 UTC,2026-08-06 00:00:00+00:00,10.1016/j.apenergy.2026.128603,Jing Jiang,,,0
Huber-CVaR-based distributionally robust bilevel optimization for energy hubs integrating heterogeneous flexibility resources,https://www.sciencedirect.com/science/article/pii/S0306261926012432?dgcid=rss_sd_all,ScienceDirect Publication: Applied Energy,2026-08-06 00:00:00 UTC,2026-08-06 00:00:00+00:00,10.1016/j.apenergy.2026.128587,Yijia Cao,,,0
Atomically engineered hierarchical porous biomass carbon: from multiscale design to advanced energy storage and fundamentals,https://www.sciencedirect.com/science/article/pii/S0306261926012298?dgcid=rss_sd_all,ScienceDirect Publication: Applied Energy,2026-08-06 00:00:00 UTC,2026-08-06 00:00:00+00:00,10.1016/j.apenergy.2026.128573,Xingye An,,,0
"Sustainable energy management for hybrid electric ships: Multi-energy architectures, lifecycle degradation, MVDC stability, and deployment pathways",https://www.sciencedirect.com/science/article/pii/S0306261926011591?dgcid=rss_sd_all,ScienceDirect Publication: Applied Energy,2026-08-06 00:00:00 UTC,2026-08-06 00:00:00+00:00,10.1016/j.apenergy.2026.128503,Zhenyu Li,,,0
Cantilevered piezoelectric energy harvesting for road transportation energy systems: From vibration-structure coupling to circuit adaptation and field deployment,https://www.sciencedirect.com/science/article/pii/S0306261926011773?dgcid=rss_sd_all,ScienceDirect Publication: Applied Energy,2026-08-06 00:00:00 UTC,2026-08-06 00:00:00+00:00,10.1016/j.apenergy.2026.128521,Zhenguo Ma,,,0
Assessment of microbial hydrogen technologies over the last decade: is it a future-ready technology?,https://www.sciencedirect.com/science/article/pii/S0306261926011669?dgcid=rss_sd_all,ScienceDirect Publication: Applied Energy,2026-08-06 00:00:00 UTC,2026-08-06 00:00:00+00:00,10.1016/j.apenergy.2026.128510,Arpita Nandy,,,0
Heat waves have killed millions. Here’s how scientists tally lives lost,https://www.nature.com/articles/d41586-026-02430-7,Nature,2026-08-06 00:00:00 UTC,2026-08-06 00:00:00+00:00,10.1038/d41586-026-02430-7,,Two very different methods are used to estimate the human toll of heatwaves such as those now hitting parts of Asia and Europe.,rss_nature,0
How a steady drip-drip can erode the hardest stone,https://www.nature.com/articles/d41586-026-02360-4,Nature,2026-08-06 00:00:00 UTC,2026-08-06 00:00:00+00:00,10.1038/d41586-026-02360-4,,Measuring the deformation of a surface hit by a falling droplet offers insights into water’s erosive power.,rss_nature,0
Pumas are drivers’ guardian angels,https://www.nature.com/articles/d41586-026-02429-0,Nature,2026-08-06 00:00:00 UTC,2026-08-06 00:00:00+00:00,10.1038/d41586-026-02429-0,,Vehicles are less likely to smash into deer on the road where the big cats are on patrol.,rss_nature,0
Operational Tropical Cyclone Forecasting with AI,https://www.nature.com/articles/s41586-026-10953-2,Nature,2026-08-06 00:00:00 UTC,2026-08-06 00:00:00+00:00,10.1038/s41586-026-10953-2,Peter Battaglia,"Tropical cyclones are among the most dangerous and costly weather phenomena, yet forecasting them remains a profound scientific challenge. Here, we introduce WeatherNext Cyclones (WN-C), an AI operational weather model producing state-of-the-art ensemble forecasts for track, intensity, and size of tropical cyclones worldwide. Trained on a combination of global analysis data1 and a global database of historical tropical cyclones2,3, WN-C generates large ensembles of possible global weather and cyclone scenarios extending 15 days into the future. Evaluated on tropical cyclones from 2023–2025, the track, intensity and wind radii predictions from WN-C offer an average of a day or more of lead time advantage over leading operational models, an improvement in accuracy comparable to the progress seen over the last decade of operational development. We achieved these results using inputs orders of magnitude coarser than regional models, suggesting that high resolution is not a strict prerequisite for state-of-the-art intensity forecasting and that this coarser atmospheric data contains more intensity signal than previously recognised. Including predictions from WN-C in a weighted-average consensus ensemble substantially improves its skill. The scalability of WN-C enables up to 1,000-member ensembles which better capture rare events over conventional 50-member ensembles. By providing state-of-the-art operational ensemble guidance to human forecasters, this work represents a step-change towards more reliable and timely forecasts and warnings that can help protect lives and mitigate the devastating impacts of tropical cyclones.",nature_html,0
A global atlas of soil microbial genetic resources exposes protection shortfalls,https://www.nature.com/articles/s41893-026-01914-8,Nature Sustainability,2026-08-06 00:00:00 UTC,2026-08-06 00:00:00+00:00,10.1038/s41893-026-01914-8,Manuel Delgado-Baquerizo,"Soil microbiomes harbour diverse genetic resources that underpin their capacity to provide crucial ecosystem services (for example, nutrient cycling). Here the authors map global hotspots of soil microbial genetic resources from 1,609 soil metagenomes to inform actionable targets for their protection.",rss_nature,0
Impacts of multitrophic biological loop on soil carbon sequestration,https://academic.oup.com/nsr/advance-article/doi/10.1093/nsr/nwag475/8753260?rss=1,National Science Review Advance Access,2026-08-06 00:00:00 UTC,2026-08-06 00:00:00+00:00,10.1093/nsr/nwag475,Jiabao Zhang,"Interactions among soil viruses, microbes and soil fauna form a unified soil biological loop that shapes microbial necromass and controls soil carbon storage. This work extends the microbial carbon pump theory by introducing the virus-mediated microbial carbon pump, offering a new framework to explain soil carbon sequestration under global change.",crossref,0
Microdroplets jam together to mimic soft tissues,https://www.nature.com/articles/s41563-026-02701-8,Nature Materials,2026-08-06 00:00:00 UTC,2026-08-06 00:00:00+00:00,10.1038/s41563-026-02701-8,Yujia Zhang,Densely packed emulsions compartmentalized by droplet interface bilayers enable high-throughput production and printing of biomimetic synthetic tissues.,rss_nature,0
Hydraulic traits govern opposing range shifts of montane trees under warming,https://www.nature.com/articles/s41558-026-02726-6,Nature Climate Change,2026-08-06 00:00:00 UTC,2026-08-06 00:00:00+00:00,10.1038/s41558-026-02726-6,Tim Rademacher,"The authors integrate dendrochronological records with range shifts to show that shifts in montane tree species are tightly linked to tree hydraulic properties. While climate-sensitive species track warming to higher elevations, stress-resistant species expand downslope.",rss_nature,0
Twisting light the Weyl way,https://www.nature.com/articles/s41563-026-02709-0,Nature Materials,2026-08-06 00:00:00 UTC,2026-08-06 00:00:00+00:00,10.1038/s41563-026-02709-0,M. Orlita,"The application of a magnetic field to a Mn(Bi,Sb)2Te4 alloy induces concurrent magnetic and topological phase transitions, giving rise to unexpectedly strong circular dichroism in the infrared range.",rss_nature,0
Levitating sensor for magnetic fields could detect ultrafaint brain activity,https://www.nature.com/articles/d41586-026-02458-9,Nature,2026-08-06 00:00:00 UTC,2026-08-06 00:00:00+00:00,10.1038/d41586-026-02458-9,Dhruv Shenai,The device’s simple design could rival much more complex alternatives in biophysics research — and could even be used to search for dark matter.,rss_nature,0
A central role for dietary sugars in human evolution,https://www.science.org/doi/abs/10.1126/science.aed8437?af=R,AAAS: Science: Table of Contents,2026-08-06 06:00:12 UTC,2026-08-06 06:00:12+00:00,10.1126/science.aed8437,Les Copeland,"What did our ancestors eat? Current understanding of diet in human evolution is predicated on abundant animal foods and mastery of fire, both unlikely for early hominins. Using multiple lines of evidence, including the metabolic requirements of an enlarging brain and reproduction, we model macronutrient distribution across 4 million years of evolution. Before cooking made starch easily digestible, the sugars in fruit and honey provided glucose, the brain’s preferred fuel. Modeling suggests that sugars provided &gt;25% of dietary energy, fulfilling obligatory glucose demand. Pounding and cooking released glucose specifically, not merely energy. The evolution of a bigger brain is therefore a story of carbohydrate foods as much as animal foods: from sweet sugars to cooked starch, from chewing to processing, and from wadging to advanced nutrient extraction.",crossref,0
In Science Journals,https://www.science.org/doi/abs/10.1126/science.ael1780?af=R,AAAS: Science: Table of Contents,2026-08-06 06:00:12 UTC,2026-08-06 06:00:12+00:00,10.1126/science.ael1780,David Cortez,"Highlights from the
                    Science
                    family of journals",crossref,0
A harrowing tour of Earth’s sacrificial lands,https://www.science.org/doi/abs/10.1126/science.aei8513?af=R,AAAS: Science: Table of Contents,2026-08-06 06:00:12 UTC,2026-08-06 06:00:12+00:00,10.1126/science.aei8513,Rasoul Sorkhabi,Extreme examples of environmental harm feature prominently in a writer’s indictment of industrial extraction,crossref,0
Change comes for science publishing paradigms,https://www.science.org/doi/abs/10.1126/science.aej0108?af=R,AAAS: Science: Table of Contents,2026-08-06 06:00:12 UTC,2026-08-06 06:00:12+00:00,10.1126/science.aej0108,Beth Montague-Hellen,"A pair of insiders cast recent efforts to increase access to research as problems, not progress",crossref,0
The climate benefits of retiring a fully operational internal combustion engine vehicle,https://www.science.org/doi/abs/10.1126/science.adv5441?af=R,AAAS: Science: Table of Contents,2026-08-06 06:00:12 UTC,2026-08-06 06:00:12+00:00,10.1126/science.adv5441,Roland Geyer,"Internal combustion engine (ICE) vehicles represent the single largest source of carbon dioxide emissions for most US households. Although battery electric vehicles (BEVs) considerably reduce use-phase emissions, the transition poses a fundamental life cycle optimization challenge: Is there a net climate benefit to retiring a functional ICE vehicle before its end of life? Retiring a functioning ICE vehicle incurs a fundamental trade-off between BEV manufacturing emissions and decreased vehicle operation emissions. In this study, we evaluated this trade-off across a comprehensive range of retirement scenarios and found that scrappage-and-replacement yields consistent emissions reductions across most contexts, including the retirement of new ICE vehicles. Although scrapping a functional asset remains economically prohibitive under current market conditions, these results demonstrate a major mitigation potential for policy interventions, such as enhanced scrappage subsidies, to address the emissions of an increasingly durable ICE fleet.",crossref,0
Levitated sensor for magnetometry in ambient environment,https://www.science.org/doi/abs/10.1126/science.adx1707?af=R,AAAS: Science: Table of Contents,2026-08-06 06:00:12 UTC,2026-08-06 06:00:12+00:00,10.1126/science.adx1707,Dmitry Budker,"Levitated particle systems have gained attention as a rapidly advancing platform for precision sensing, offering low-loss, highly isolated environments by eliminating mechanical contact and associated noise. Current room-temperature levitation techniques are primarily sensitive to acceleration, and it remains challenging to integrate them with high-sensitivity magnetic sensing. In this work, we demonstrate a diamagnetically stabilized magnetically levitated magnet magnetometer, where the motion of the magnet is detected optically. We achieved a sensitivity of 32 femtoteslas per square root of Hertz, which is adequate for a wide range of applications in biology, chemistry, and fundamental physics, matching the performance of superconducting quantum interference devices and atomic magnetometers, while offering the advantage of operating at room temperature and under Earth’s magnetic field.",crossref,0
Calcium tunes snail mucus–based materials to multiple functions,https://www.science.org/doi/abs/10.1126/science.adx7367?af=R,AAAS: Science: Table of Contents,2026-08-06 06:00:12 UTC,2026-08-06 06:00:12+00:00,10.1126/science.adx7367,Franziska Jehle,"Mucus is known as a viscous fluid; yet, snails manufacture various mucus-based materials with much higher cohesion and tailored to different and even antagonistic functions, including lubrication, adhesion, protection, and defense. To gain insight into this versatility, we use a multidisciplinary approach to investigate five different mucus-based materials produced by the snail
                    Cepaea nemoralis
                    . Our results demonstrate that snails use collagen VI as a main structural component and add amorphous calcium carbonate (ACC) during mucus secretion. ACC functions as an ion source in wet mucus types, most likely for cross-linking, or as a mineral precursor in dry mucus types. These findings shed light on the versatility of these viscoelastic materials, which are able to switch between very different properties on the basis of calcium and protein content.",crossref,0
Decadal doubling of Siberian methane emissions due to warming-induced fires and methanogenesis,https://www.science.org/doi/abs/10.1126/science.aea5828?af=R,AAAS: Science: Table of Contents,2026-08-06 06:00:12 UTC,2026-08-06 06:00:12+00:00,10.1126/science.aea5828,Stephen M. Platt,"The northern permafrost region, which stores double the amount of carbon in the atmosphere, is vulnerable to accelerated warming. Methane emissions from thawing permafrost may eventually result in a climate-carbon feedback. Our analysis of atmospheric methane data shows that Siberian growing-season methane emissions have increased by 12.0 ± 1.9 teragrams of methane (TgCH
                    4
                    ) (5% per year) over the period 2010–2023. We reveal contrasting Siberian hydrological trends linked to high-pressure systems and distinct air-sea-land interactions. Warmer, drier conditions over eastern Siberia enhance fire-related emissions (0.7 ± 0.1 TgCH
                    4
                    year
                    −2
                    ), and wetter conditions over western Siberia promote wetland-related emissions (0.4 ± 0.1 TgCH
                    4
                    year
                    −2
                    ). Weakly nonlinear relationships between temperature maxima and emissions suggest that by 2050, higher Siberian emissions could offset about 20% of the global methane reduction required for climate targets, with eastern Siberia dominating the projected increase.",crossref,0
Fossil evidence favors a role for vision in the modular evolution of the primate neocortex,https://www.science.org/doi/abs/10.1126/science.aee3541?af=R,AAAS: Science: Table of Contents,2026-08-06 06:00:12 UTC,2026-08-06 06:00:12+00:00,10.1126/science.aee3541,E. Christopher Kirk,"Neocortical expansion is a key innovation of crown primates, although fossil evidence for how the neocortex has evolved remains elusive. We studied neocortical evolution using virtual brain endocasts from extant and Eocene-Miocene fossil primates. We found that neocortex size increased in parallel across crown primate clades, with rapid increases in tarsiers and anthropoids. Although the frontal lobe is commonly described as having expanded disproportionately in primates, we show that it evolved gradually, following a common pattern for allometric scaling. By contrast, nonfrontal neocortical regions underwent rapid increases relative to brain size in haplorhines. Neocortical expansion occurred in concert with increases in optic foramen area, suggesting that visual sensory inputs are functionally tied to modular evolution of the primate neocortex.",crossref,0
A molecular switch for coordinating kinesin and dynein transport of mitochondrial cargo,https://www.science.org/doi/abs/10.1126/science.aeh1475?af=R,AAAS: Science: Table of Contents,2026-08-06 06:00:12 UTC,2026-08-06 06:00:12+00:00,10.1126/science.aeh1475,Ronald D. Vale,"The cellular distribution of mitochondria in response to stress and local energy needs is governed by the relative activities of the microtubule-based molecular motors kinesin and dynein. The mechanism for switching between these two opposite-polarity microtubule motors remains unknown. In this study, we coupled a cellular synthetic cargo transport assay with AlphaFold2-guided mutagenesis to identify a regulatory helix in the mitochondrial adaptor protein [trafficking kinesin-binding protein (TRAK)] that mediates switching between kinesin- and dynein-driven transport. Differences in the helix sequence explained why two near-identical TRAK isoforms transported mitochondria in predominantly opposite directions. Phosphorylation of the regulatory helix by stress-activated kinases caused the activation of dynein and dissociation of kinesin. Our results reveal a molecular mechanism for coordinating the directional transport of mitochondria in response to intracellular signals.",crossref,0
Turbulent seismoacoustic imprints during a hurricane landfall,https://www.science.org/doi/abs/10.1126/science.adt7323?af=R,AAAS: Science: Table of Contents,2026-08-06 06:00:12 UTC,2026-08-06 06:00:12+00:00,10.1126/science.adt7323,Eric M. Dunham,"Hurricane evolution is affected by turbulence in the hurricane boundary layer (HBL), which is typically measured using aircraft flights and towers. Through a case study of a landfalling hurricane, we show that seismoacoustic data can also be used for HBL turbulence analysis. We identified contributions of HBL turbulence in infrasound pressure and seismic displacement, validating our interpretation by combining large-eddy simulation, calibrated with meteorological data, with quasi-static elastic deformation modeling. The convection velocity of the turbulent pressure field is key to this pressure–displacement coupling. For atmospheric studies, continuous infrasound pressure serves as a proxy for 10-meter wind speed, and the inertial subrange of pressure spectra provides an estimate of the turbulent dissipation rate near the top of the surface layer at ~100 to 200 meters, complementing portable tower data at ~10 meters.",crossref,0
In Other Journals,https://www.science.org/doi/abs/10.1126/science.ael1781?af=R,AAAS: Science: Table of Contents,2026-08-06 06:00:12 UTC,2026-08-06 06:00:12+00:00,10.1126/science.ael1781,Jack Huang,Editors’ selections from the current scientific literature,crossref,0
The price of my future,https://www.science.org/doi/abs/10.1126/science.ael1782?af=R,AAAS: Science: Table of Contents,2026-08-06 06:00:12 UTC,2026-08-06 06:00:12+00:00,10.1126/science.ael1782,Zaid Jangda,,,0
A fungus makes itself at home on skin,https://www.science.org/doi/abs/10.1126/science.aek0194?af=R,AAAS: Science: Table of Contents,2026-08-06 06:00:12 UTC,2026-08-06 06:00:12+00:00,10.1126/science.aek0194,Julia A. Segre,"Candida auris
                    represses host antifungal defense to establish a favorable cutaneous niche",crossref,0
The visual brain hypothesis,https://www.science.org/doi/abs/10.1126/science.aek0212?af=R,AAAS: Science: Table of Contents,2026-08-06 06:00:12 UTC,2026-08-06 06:00:12+00:00,10.1126/science.aek0212,Robert A. Barton,Virtual models of primate crania support visual system influence on brain size,crossref,0
Listening to storms as they shake Earth,https://www.science.org/doi/abs/10.1126/science.aek0553?af=R,AAAS: Science: Table of Contents,2026-08-06 06:00:12 UTC,2026-08-06 06:00:12+00:00,10.1126/science.aek0553,Ethan F. Williams,A network of seismometers measured atmospheric turbulence during Hurricane Isaac’s landfall,crossref,0
AI-designed viral genomes,https://www.science.org/doi/abs/10.1126/science.aej8512?af=R,AAAS: Science: Table of Contents,2026-08-06 06:00:12 UTC,2026-08-06 06:00:12+00:00,10.1126/science.aej8512,Moritz S. Hanke,The generation of functional viral genomes has urgent biosafety and biosecurity implications,crossref,0
"Heavily doped, highly compensated epitaxial ScN thin films exceed Boltzmann thermopower limits",https://www.science.org/doi/abs/10.1126/science.aef9458?af=R,AAAS: Science: Table of Contents,2026-08-06 06:00:12 UTC,2026-08-06 06:00:12+00:00,10.1126/science.aef9458,Bivas Saha,"The Seebeck effect converts a temperature gradient into an electric voltage. However, conventional transport theories constrain this thermopower to a few millivolts per Kelvin in crystalline materials. We present experimental evidence of a Seebeck coefficient exceeding –124 millivolts per Kelvin near room temperature in heavily doped, highly compensated (HDHC) epitaxial scandium nitride (ScN) thin films. Random distribution of charged dopants in HDHC ScN are known to generate potential fluctuations that distort the electronic bands and give rise to percolative transport, and our results further reveal a power-law scaling between thermopower and electrical conductivity. In ultrathin films, the Rytova-Keldysh modifications of the Coulomb potential further amplify the potential fluctuations and enhance the Seebeck response. Our findings reveal a solid-state analog of electrolyte-like thermopower in a crystalline semiconductor.",crossref,0
Dengue vaccines need long-term surveillance,https://www.science.org/doi/abs/10.1126/science.aej9456?af=R,AAAS: Science: Table of Contents,2026-08-06 06:00:12 UTC,2026-08-06 06:00:12+00:00,10.1126/science.aej9456,Maíra Aguiar,,,0
Climate extremes expose groundwater risks,https://www.science.org/doi/abs/10.1126/science.aek2112?af=R,AAAS: Science: Table of Contents,2026-08-06 06:00:12 UTC,2026-08-06 06:00:12+00:00,10.1126/science.aek2112,Xinde Cao,,,0
How should India approach AI?,https://www.science.org/doi/abs/10.1126/science.ael0463?af=R,AAAS: Science: Table of Contents,2026-08-06 06:00:12 UTC,2026-08-06 06:00:12+00:00,10.1126/science.ael0463,Arvind Narayanan,"In an unstable geopolitical environment, countries are looking to secure access to artificial intelligence (AI) capabilities, which are seen as essential to economic growth, scientific research, and national security. Few have placed sovereignty as squarely at the center of their AI strategy as India—and few are as well positioned to achieve it. But to do so, it needs to look beyond infrastructure—chips, data centers, and large language models—and pay more attention to the application layer above them: AI agents, the software and tools that accomplish real-world work. If the effort succeeds, India may pioneer a template for genuine AI sovereignty that other nations can follow.",crossref,0
Curb plastic pollution at its source,https://www.science.org/doi/abs/10.1126/science.aej6212?af=R,AAAS: Science: Table of Contents,2026-08-06 06:00:12 UTC,2026-08-06 06:00:12+00:00,10.1126/science.aej6212,Nelson Rangel-Buitrago,,,0
"Ebola raged below the radar for months, report says",https://www.science.org/doi/abs/10.1126/science.ael2153?af=R,AAAS: Science: Table of Contents,2026-08-06 06:00:12 UTC,2026-08-06 06:00:12+00:00,10.1126/science.ael2153,Kai Kupferschmidt,A Congolese mining town gripped by fear saw hundreds of deaths before the outbreak was declared on 15 May,crossref,0
NASA’s PUNCH punches up space weather forecasts,https://www.science.org/doi/abs/10.1126/science.ael2154?af=R,AAAS: Science: Table of Contents,2026-08-06 06:00:12 UTC,2026-08-06 06:00:12+00:00,10.1126/science.ael2154,Rachel Berkowitz,Satellite quartet demonstrates record-breaking ability to predict solar explosions’ arrivals at Earth,crossref,0
Genes of an icon,https://www.science.org/doi/abs/10.1126/science.ael2158?af=R,AAAS: Science: Table of Contents,2026-08-06 06:00:12 UTC,2026-08-06 06:00:12+00:00,10.1126/science.ael2158,Michael Price,"In the DNA of bison, scientists find clues to the animals’ past—and keys to safeguarding their future",crossref,0
New rules on risky biology studies get mixed reviews,https://www.science.org/doi/abs/10.1126/science.ael2157?af=R,AAAS: Science: Table of Contents,2026-08-06 06:00:12 UTC,2026-08-06 06:00:12+00:00,10.1126/science.ael2157,Sara Reardon,Bans widen on “dangerous” gain-of-function studies for pathogens,crossref,0
The next Turing tests: Reimagining conceptions and measures of AI,https://www.science.org/doi/abs/10.1126/science.aee3176?af=R,AAAS: Science: Table of Contents,2026-08-06 06:00:12 UTC,2026-08-06 06:00:12+00:00,10.1126/science.aee3176,Stephen Cave,"New approaches to evaluating progress of AI should be built around diversity, partnership, and systemicity",crossref,0
Weekly HIV pill moves closer but vaccine studies face new questions,https://www.science.org/doi/abs/10.1126/science.ael2155?af=R,AAAS: Science: Table of Contents,2026-08-06 06:00:12 UTC,2026-08-06 06:00:12+00:00,10.1126/science.ael2155,Jon Cohen,Potent antibodies that researchers hope vaccines can elicit didn’t prevent HIV in a major trial,crossref,0
What triggered the atmosphere’s great oxygen surge?,https://www.science.org/doi/abs/10.1126/science.ael2156?af=R,AAAS: Science: Table of Contents,2026-08-06 06:00:12 UTC,2026-08-06 06:00:12+00:00,10.1126/science.ael2156,Paul Voosen,Global ice or ocean changes may explain a mysterious lag in the gas’ rise,crossref,0
Unconventional Superconductivity in ScIr2 Chiral Crystal With a Kagome Lattice,https://advanced.onlinelibrary.wiley.com/doi/10.1002/adma.74399?af=R,Wiley: Advanced Materials: Table of Contents,2026-08-06 06:04:48 UTC,2026-08-06 06:04:48+00:00,10.1002/adma.74399,Tian Shang,"ABSTRACT
                  Materials with a kagome lattice host exotic quantum phenomena driven by the interplay between band topology, spin–orbit coupling, magnetism, and electronic correlations. While the magnetism of kagome materials has been widely investigated, their unconventional superconductivity (SC) remains largely unexplored due to the limited availability of suitable materials. Here, we report evidence of unconventional SC in the  family by combining muon‐spin spectroscopy measurements with band‐structure calculations. The parent  undergoes a structural phase transition from a high‐ cubic‐ to a low‐ rhombohedral phase, while the Ir kagome layer remains, albeit slightly, distorted. Although the structural transition is suppressed by Si substitution, the superconducting pairing of  remains well described by a two‐gap model. Since at least one of the gaps exhibits nodes, this indicates an unconventional SC. Its unconventional nature can be explained by the distinct flat bands occurring near the Fermi level, leading to strong electronic correlations in the  family. Moreover, the low‐ phase of  exhibits an Ir chiral chain; therefore, it can be classified as a topological chiral crystal. Overall, the unusual properties of the  family make it an interesting, albeit rare, system for studying the interplay between unconventional SC, flat bands, and chirality.",crossref,0
All‐Polymer Semitransparent Organic Solar Cells With Excellent Performance and Enhanced Stability Using Narrow‐Bandgap Terpolymer Donors,https://advanced.onlinelibrary.wiley.com/doi/10.1002/aenm.71392?af=R,Wiley: Advanced Energy Materials: Table of Contents,2026-08-06 06:21:39 UTC,2026-08-06 06:21:39+00:00,10.1002/aenm.71392,Chenkai Sun,"ABSTRACT
                  All‐polymer semitransparent organic solar cells (ST‐OSCs), employing narrow‐bandgap (NBG) polymer donor and NBG polymer acceptor for wavelength‐selective light utilization, hold great potential for addressing the trade‐off between efficient light absorption and light transmittance, as well as the stability of devices. Nevertheless, its development has been hindered by the scarcity of high‐performance NBG polymer donors. In this work, through strategic incorporation of a benzodithiophenedione unit into the PCE10 backbone, two NBG terpolymer donors, PS1 and PS2, with deeper energy levels are developed. Importantly, PS2 demonstrates appropriate molecular stacking and crystallinity, and favorable miscibility with the acceptor PY‐IT. Benefiting from the reduced voltage loss due to significantly suppressed non‐radiative recombination loss and the optimal morphology, the opaque PS2:PY‐IT‐based all‐polymer solar cell demonstrates a power conversion efficiency (PCE) of 15.10%. Moreover, the PS2:PY‐IT‐based ST‐OSC achieves an excellent light utilization efficiency (LUE) of 4.19% with PCE of 10.26% and average visible transmittance of 40.84%, which is the highest LUE among all‐polymer ST‐OSCs. This device demonstrates enhanced stability under storage conditions, thermal stress, and light soaking. These results provide guidelines for designing novel NBG polymers and demonstrate that the design of NBG polymers holds immense promise for advancing high‐performance ST‐OSCs.",crossref,0
Suppressing Nonradiative Losses via Computation‐Guided Molecular Design of Self‐Assembled Interfacial Layers for High‐Performance Organic Solar Cells,https://advanced.onlinelibrary.wiley.com/doi/10.1002/adma.74526?af=R,Wiley: Advanced Materials: Table of Contents,2026-08-06 06:23:38 UTC,2026-08-06 06:23:38+00:00,10.1002/adma.74526,Zeyun Xiao,"ABSTRACT
                  
                    The rational design of efficient self‐assembled interlayers (SAIs) is pivotal for overcoming the efficiency bottleneck in organic solar cells (OSCs), in which substantial nonradiative energy losses limit further performance improvements. In this study, guided by theoretical calculations, we report a series of new SAI materials (
                    BT‐nBZCz
                    ;
                    n
                    = 2, 3, and 4) based on a benzocarbazole core functionalized with a benzo[b]thiophene (BT) unit, and systematically investigate their impact on nonradiative losses and OSC performance. Notably, binary OSCs incorporating
                    BT‐4BZCz
                    achieve a significantly higher power conversion efficiency (PCE) of 20.46% compared to 18.08% for BT‐free SAIs. Combined theoretical and experimental analyses reveal that BT functionalization improves energy level alignment, enhances dipole moment, and optimizes molecular packing, crystallization kinetics, and fibrillar network formation relative to BT‐free SAIs. These improvements promote more efficient exciton dissociation, reduce charge recombination, and in particular, suppress nonradiative energy losses (0.284 vs. 0.217 eV) in the corresponding OSCs. Furthermore,
                    BT‐4BZCz
                    exhibits excellent universality, maintaining high performance across various binary photoactive blends. This work presents a viable molecular engineering strategy for SAIs to suppress nonradiative losses and advance the development of high‐performance OSCs.",crossref,0
Direct Optical Visualization of Kinetic Homogenization in Al‑Doped LiCoO2 Cathodes,https://advanced.onlinelibrary.wiley.com/doi/10.1002/aenm.71404?af=R,Wiley: Advanced Energy Materials: Table of Contents,2026-08-06 06:25:48 UTC,2026-08-06 06:25:48+00:00,10.1002/aenm.71404,Xiangming He,"ABSTRACT
                  
                    Phase‐transformation dynamics govern the performance and degradation of layered oxide cathodes but remain difficult to observe at the single‐particle level under operating conditions. Here, we introduce optical scattering microscopy for real‐time visualization of phase‐transition pathways in individual LiCoO
                    2
                    (LCO) particles. By decoding optical signatures of the H1, H2, and H1–3 phases, we track phase‐boundary evolution during battery operation. Undoped LCO shows progressive kinetic destabilization under high‐voltage cycling: the H1→H2 transition evolves from symmetric shrinking‐core propagation to asymmetric motion, and interlayer kinetic asynchrony intensifies during the H3→H1–3 transition. In contrast, Al‐doped LCO exhibits highly homogeneous and reversible lithium (de)intercalation, suppressing phase separation and interlayer heterogeneity. Combined with in situ XRD, thermodynamic analysis, and phase‐field simulations, we demonstrate that Al doping smooths the free‐energy landscape and reduces the driving force for phase separation, shifting the reaction from abrupt two‐phase to solid‐solution‐like behavior. This kinetic homogenization promotes uniform structural evolution, alleviates stress accumulation, and enhances cycling stability. Our work resolves a long‐standing mechanistic question in high‐voltage LCO chemistry and establishes a generalizable optical methodology for probing phase transformations in energy materials.",crossref,0
AI-driven PROTAC design overcomes oncogenic resilience by eliminating the CLIP1–LTK fusion protein,https://www.pnas.org/doi/abs/10.1073/pnas.2535979123?mi=eymic2&af=R&access=on&content=articlesChapters&publication=pnas&sortBy=Earliest&target=default,Proceedings of the National Academy of Sciences: Keyword search for query,2026-08-06 07:00:00 UTC,2026-08-06 07:00:00+00:00,10.1073/pnas.2535979123,Peichen Pan,"The discovery of CAP-Gly domain-containing linker protein 1(CLIP1)–Leukocyte tyrosine kinase (LTK) as an oncogenic fusion reveals a unique dependency not only on LTK kinase activity but also on CLIP1-mediated multimerization, a noncatalytic function that drives oncogenic signaling. While this fusion is currently targeted with anaplastic lymphoma kinase inhibitors, their exclusive focus on kinase inhibition leaves the scaffolding function intact, necessitating a complete protein clearance strategy. Here, we report the AI-guided development of a first-in-class proteolysis-targeting chimera (PROTAC) designed to selectively degrade the CLIP1–LTK fusion protein. By integrating deep learning models for ternary complex prediction with structure-based molecular optimization, we designed DCL05, an orally bioavailable degrader of CLIP1–LTK fusion protein, achieving picomolar degradation potency (DC
                    50
                    = 40 pM) and robust antitumor activity. DCL05 consistently outperformed existing kinase inhibitors across a broad spectrum of LTK resistance-associated mutations, both in vitro and in vivo. Collectively, our study explores resistance-associated contexts of LTK and establishes a structure-guided PROTAC development pipeline, providing a promising therapeutic strategy for overcoming acquired resistance in kinase-driven cancers.",crossref,0
Oxytocin increases trust in men low in dispositional trust,https://www.pnas.org/doi/abs/10.1073/pnas.2602655123?mi=eymic2&af=R&access=on&content=articlesChapters&publication=pnas&sortBy=Earliest&target=default,Proceedings of the National Academy of Sciences: Keyword search for query,2026-08-06 07:00:00 UTC,2026-08-06 07:00:00+00:00,10.1073/pnas.2602655123,Ernst Fehr,"In recent years, increasing skepticism regarding oxytocin’s (OT) influence on social behavior arose. Low power, HARKing (hypothesizing after the results are known), and replication failures have clouded the field. Here, we directly address these concerns with a high-powered, preregistered study that offers robust evidence for a causal effect of OT on trust among males with a low disposition to trust. We recruited 359 low-trusting men who participated in a trust game with complete anonymity. Results show that OT administration significantly increased trusting behavior by roughly 15%, with consistent effects across regression models with and without controls for personality traits. A pooled data analysis incorporating a previous sample (n = 219) of low-trusting individuals further strengthens this conclusion, yielding a statistically significant 16.9% increase in trust. No interaction effect was found between OT and the degree of dispositional trust, suggesting OT’s effect may be uniform across the low-trusting spectrum. These findings present a strong case for OT’s selective trust-enhancing role. By isolating OT’s impact within a well-defined subpopulation and experimental context, this study resolves a key question in the debate over neurobiological determinants of trust.",crossref,0
Juvenile hormone receptor relies on conserved domain interfaces for dimerization-dependent activity,https://www.pnas.org/doi/abs/10.1073/pnas.2605755123?mi=eymic2&af=R&access=on&content=articlesChapters&publication=pnas&sortBy=Earliest&target=default,Proceedings of the National Academy of Sciences: Keyword search for query,2026-08-06 07:00:00 UTC,2026-08-06 07:00:00+00:00,10.1073/pnas.2605755123,Marek Jindra,"Juvenile hormone (JH) is vital to insects. In
                    Drosophila
                    , JH signals through a basic helix–loop–helix-PER-ARNT-SIM (bHLH-PAS) protein methoprene-tolerant (MET) and its paralog germ cell-expressed (GCE). Binding of JH to the PAS-B domain of MET or GCE triggers the assembly of a DNA-bound, transcriptionally active JH receptor (JHR) heterodimer comprising either MET or GCE and their partner taiman (TAI). Molecular mechanisms of the JHR complex activation remain unclear. Here, we use the
                    Drosophila
                    GCE protein to address the presumably critical but as yet unexplored function of the other PAS domain (PAS-A) in JHR signaling. We show that charged amino acid residues, highly conserved within the PAS-A domain across insect and mammalian bHLH-PAS proteins, are required for JHR signaling in vitro and in vivo. Mutations at these sites do not affect the ability of GCE to bind JH to its PAS-B domain. However, they compromise the JH-induced nuclear import of GCE, its dissociation from the chaperone heat-shock protein HSP83, and dimerization with TAI, consequently preventing the DNA binding and transcriptional JHR activities. Functionality of the mutated GCE variants in developing flies is also impaired. Molecular modeling suggests that mutations of the charged GCE PAS-A residues alter the natural salt bridges critical for intra- and interdomain interactions. This in turn causes non-native configurations of both GCE PAS domains, making them incompatible with TAI dimerization and possibly augmenting GCE attachment to HSP83. These results suggest that JHR signaling critically depends on interactions between PAS-A and PAS-B domains which are allosterically coupled.",crossref,0
Host inflammation–derived citrate enhances Salmonella Typhimurium pathogenesis by fueling growth and activating virulence,https://www.pnas.org/doi/abs/10.1073/pnas.2608715123?mi=eymic2&af=R&access=on&content=articlesChapters&publication=pnas&sortBy=Earliest&target=default,Proceedings of the National Academy of Sciences: Keyword search for query,2026-08-06 07:00:00 UTC,2026-08-06 07:00:00+00:00,10.1073/pnas.2608715123,Bin Yang,"Salmonella enterica
                    serovar Typhimurium (
                    S
                    Tm) infection triggers robust intestinal inflammatory responses during host colonization. Although host inflammatory responses typically function as defense mechanisms,
                    S
                    Tm subverts these processes by co-opting inflammation-derived metabolites to increase both bacterial proliferation and intestinal colonization. Here, we demonstrate that
                    S
                    Tm-induced intestinal inflammation results in the significant accumulation of luminal citrate, which plays dual roles in
                    S
                    Tm pathogenesis, serving as both an anaerobic fermentation substrate to support bacterial growth and a virulence-activating signaling molecule. Mechanistically, the CitAB two-component system detects elevated citrate concentrations in the inflamed intestine, initiating the transcriptional activation of citrate fermentation genes to facilitate
                    S
                    Tm luminal proliferation. Moreover, CitAB-mediated citrate sensing directly upregulates
                    hilD
                    , which encodes the master regulator of
                    Salmonella
                    Pathogenicity Island 1, thereby enhancing type III secretion system-dependent epithelial invasion. Genetic disruption of either citrate anaerobic fermentation pathway or citrate-mediated virulence-regulating pathway severely compromises both intestinal colonization and invasive capacity of
                    S
                    Tm. These findings underscore citrate-responsive pathways as promising therapeutic targets for simultaneously disrupting
                    S
                    Tm metabolic adaptability and virulence.",crossref,0
Multifunctional miniature robots: Harnessing the photothermal effect of magnetic microparticles for light and magnetic control,https://www.pnas.org/doi/abs/10.1073/pnas.2610882123?mi=eymic2&af=R&access=on&content=articlesChapters&publication=pnas&sortBy=Earliest&target=default,Proceedings of the National Academy of Sciences: Keyword search for query,2026-08-06 07:00:00 UTC,2026-08-06 07:00:00+00:00,10.1073/pnas.2610882123,Yubing Guo,"Developing miniature robots with multimodal mobility in complex environments remains challenging. This study developed miniature robots based on magnetic particle–doped liquid crystal elastomers (LCEs) that integrate multicomponent functional doped materials and LCE molecular orientation engineering. Thanks to the synergistic introduction of magnetic particles with photothermal effects and 5CB plasticizer, the robot exhibits fast photothermal response in both terrestrial and underwater environments. In the terrestrial environment, the designed photomagnetic dual-field coupling strategy reshapes the physical boundaries of robots, improving their obstacle-crossing ability and achieving asymmetric full-orientation dual-mode jumping. In the underwater environment, the robot utilizes frequency laser flapping to induce wake vortex rings to overcome moderate Reynolds number drag. Especially, by utilizing the spatial resolution of the local light field, it successfully achieves efficient directional propulsion and flexible steering control by switching the irradiation position to break fluid symmetry, substantially alleviating the spatial-control limitations of globally applied magnetic fields. Finally, we demonstrated potential applications of designed miniature robots on targeted photothermal therapy of cancer cells with high accuracy. We expect that the newly developed dual-responsive and multifunctional miniature robots will find broad medical applications, such as targeted drug delivery and minimally invasive surgery.",crossref,0
Polymerase ι promotes C>T substitutions in smoking models and in the platinum chemotherapy–induced SBS31 mutation signature,https://www.pnas.org/doi/abs/10.1073/pnas.2526551123?mi=eymic2&af=R&access=on&content=articlesChapters&publication=pnas&sortBy=Earliest&target=default,Proceedings of the National Academy of Sciences: Keyword search for query,2026-08-06 07:00:00 UTC,2026-08-06 07:00:00+00:00,10.1073/pnas.2526551123,Eszter Németh,"DNA damage occasionally leads to mutations even in DNA repair–proficient cells via translesion synthesis (TLS), an efficient but error-prone DNA damage tolerance pathway. In the human genome, there are three closely related Y-family TLS polymerases (η, κ, and ι). Polymerase η is specialized for the error-free replication of UV adducts, while polymerase κ is known to replicate over various heterocyclic DNA adducts. The function of polymerase ι is less clear and this gene is missing from several vertebrate clades, yeast, most birds, and plants. Using wild-type and TLS polymerase (
                    POLH
                    ,
                    POLK
                    ,
                    POLI
                    ) knockout human TK6 and RPE-1 cell lines and whole genome sequencing, we associate these polymerases to mutagenesis induced by the common chemotherapy agent cisplatin and the smoke-mimicking compound 4-nitroquinoline-1-oxide (4-NQO). We found that polymerase ι specifically introduces C&gt;T mutations at both cisplatin and 4-NQO lesions, confirmed in two further cell lines. Using non-negative matrix factorization, we derived a polymerase ι–specific base substitution signature, which corresponds to COSMIC cancer mutational signature SBS31 with a cosine similarity of 0.97. By analyzing the mutational spectra in more than 3500 human metastatic tumors, we showed that SBS31 in platinum-treated samples and SBS92 in smoking-related cancers is associated with polymerase ι expression. Our study suggests an in vivo mutagenic function for polymerase ι and highlights its role in tissue-dependent chemotherapy–induced mutagenesis that may contribute to tumor heterogeneity.",crossref,0
Implicit biases change more slowly in larger cities,https://www.pnas.org/doi/abs/10.1073/pnas.2514189123?mi=eymic2&af=R&access=on&content=articlesChapters&publication=pnas&sortBy=Earliest&target=default,Proceedings of the National Academy of Sciences: Keyword search for query,2026-08-06 07:00:00 UTC,2026-08-06 07:00:00+00:00,10.1073/pnas.2514189123,Andrew J. Stier,"Implicit biases remain a contributor to discrimination despite widespread endorsement of equality. Although there has been a large-scale reduction in sexuality, race, and skin tone biases in the past two decades, there is a current shortage of quantitative theories that describe how and why biases change. Here, I present a theory of implicit bias change, which focuses on changes in exposure due to cultural information and how the speed of these changes varies geographically. This model makes counterintuitive predictions when compared with previous findings, including 1) that biases change more slowly in larger cities and 2) that one-off interventions are less effective in larger cities. I confirm these predictions using 14 million tests of implicit biases from U.S. residents over 14 y and experimental data from 1,150 individuals. Documenting the typical timescales and patterns that govern implicit bias change is an important step toward designing interventions that can facilitate further reductions in biases and prevent biases from increasing.",crossref,0
Chemically induced skin tumors arise from long-lived stem cells of the upper hair follicle,https://www.science.org/doi/abs/10.1126/science.adv8291?af=R,AAAS: Science: Table of Contents,2026-08-06 07:00:00 UTC,2026-08-06 07:00:00+00:00,10.1126/science.adv8291,Allan Balmain,"The identification of the cancer cell of origin is a fundamental issue in cancer biology. We used fluorescent lineage tracing of independent mouse skin stem cell populations, single-cell transcriptomics, and duplex sequencing to identify the origin of chemically induced skin tumors. Tumors arose predominantly from
                    Lgr6
                    +
                    and/or
                    Lrig1
                    +
                    stem cells of the upper hair follicle but only very rarely from the
                    Lgr5
                    +
                    and
                    Krt19
                    +
                    hair follicle bulge.
                    Lgr6
                    +
                    stem cells initiated by dimethylbenzanthracene responded to tumor promoter treatment, resulting in clonal expansion of initiated cells carrying the canonical
                    Hras
                    Q61L mutation. Spontaneous mutations in
                    Kras
                    also clonally expanded but did not generate tumors unless the
                    Hras
                    gene was deleted, thus revealing a competitive interaction between the
                    Hras
                    and
                    Kras
                    pathways that influences clonal selection.",crossref,0
The bridge between science and policy: How IPBES redefined global conservation policy and its path to societal impact,https://www.science.org/doi/abs/10.1126/science.aek0207?af=R,AAAS: Science: Table of Contents,2026-08-06 07:00:00 UTC,2026-08-06 07:00:00+00:00,10.1126/science.aek0207,Patricia Miloslavich,,,0
Generative design of bacteriophages with genome language models,https://www.science.org/doi/abs/10.1126/science.aec2657?af=R,AAAS: Science: Table of Contents,2026-08-06 07:00:00 UTC,2026-08-06 07:00:00+00:00,10.1126/science.aec2657,Brian L. Hie,"Many important biological functions arise not from single genes but from complex interactions encoded by entire genomes. We report the first generative design of complete bacteriophage genomes using genome language models. We generated viable bacteriophages with target host tropism, using the phage ΦX174 as our design template. Experimental testing yielded 16 phages with diverse fitness profiles in laboratory conditions. Cryo–electron microscopy confirmed that a generated phage utilizes an evolutionarily distant DNA packaging protein in its capsid. A cocktail of generated phages rapidly overcomes ΦX174-resistant
                    Escherichia coli
                    strains, demonstrating a path toward artificial intelligence–generated phage therapies against rapidly evolving bacterial pathogens. This work provides a blueprint for the design of diverse synthetic bacteriophages and useful biological systems at the genome scale.",crossref,0
Vicinal disubstitution of alkyl C–X synthons via alkene radical cation generation,https://www.science.org/doi/abs/10.1126/science.aef0766?af=R,AAAS: Science: Table of Contents,2026-08-06 07:00:00 UTC,2026-08-06 07:00:00+00:00,10.1126/science.aef0766,Patricia Z. Musacchio,"In organic chemistry, functionalization of two adjacent carbons often starts from alkenes or already disubstituted precursors. Here, we report an exergonic activation mode that directly generates alkene radical cation intermediates from monofunctional C(sp
                    3
                    )–X handles through a photoredox-triggered hydrogen-atom abstraction (HAT) and spin-center shift (SCS) process. Computations show that electron delocalization and a network of hydrogen-bonding solvent molecules facilitate a concerted [HAT+SCS] mechanism. The catalytic platform was used to design a transfer of electrophilic reactivity (C–X) from one carbon to another, which we refer to as electrophilic shuttling. Thus, two nucleophiles can be used in the construction of 1,2-difunctionalization adducts from homobenzylic C–X synthons, delivering bisazole architectures and demonstrating compatibility with other nucleophile classes. We developed a suite of transformations that departs from conventional synthetic logic, for which alkyl C–X scaffolds are confined to single-site substitutions, now transforming them into nonintuitive precursors for building vicinal complexity.",crossref,0
Adaptive modulation of theta sweeps in the brain’s navigation circuit,https://www.science.org/doi/abs/10.1126/science.aef4184?af=R,AAAS: Science: Table of Contents,2026-08-06 07:00:00 UTC,2026-08-06 07:00:00+00:00,10.1126/science.aef4184,Edvard I. Moser,"Efficient navigation requires prioritizing information from behaviorally relevant locations. In rats, such selective sampling may arise from theta-paced sweeps in grid and place cell populations, which scan nearby space in a left-right alternating pattern coordinated by parasubicular direction signals. This alternation promotes uniform spatial coverage during exploration, but whether sweeps can be flexibly tuned to moment-to-moment demands remains unknown. Using large-scale Neuropixels recordings in freely behaving rats, we show that sweeps and direction signals are rapidly and dynamically modulated: They track moving targets during pursuit, precede orienting responses during immobility, and reverse during backward locomotion—all without prior spatial learning of goal locations. Comparable modulation occurs during rapid eye movement (REM) sleep. Together, these findings identify sweeps as a flexible, attention-like mechanism for selectively sampling allocentric cognitive maps.",crossref,0
A bacterial fatty acid enzyme hijacks nucleic acid–sensing Toll-like receptor signaling,https://www.pnas.org/doi/abs/10.1073/pnas.2620143123?mi=eymic2&af=R&access=on&content=articlesChapters&publication=pnas&sortBy=Earliest&target=default,Proceedings of the National Academy of Sciences: Keyword search for query,2026-08-06 07:00:00 UTC,2026-08-06 07:00:00+00:00,10.1073/pnas.2620143123,Christopher D. Radka,"Innate immune recognition shapes infection outcomes by linking microbial detection to host defense. Although pattern recognition receptors are classified by the ligands they detect (lipids, peptidoglycans, or nucleic acids) cross-talk between these pathways is increasingly recognized.
                    Staphylococcus aureus
                    , a major cause of skin and soft tissue infections, can persist intracellularly, evading immunity and antibiotics. Here, we describe a lipid-based immune evasion strategy in which the
                    S. aureus
                    enzyme oleate hydratase (OhyA) converts host fatty acids into hydroxylated lipids that antagonize TLR3–TRIF–IRF7 signaling, a pathway activated by double-stranded RNA. Deletion of
                    ohyA
                    unleashed this pathway, triggering rapid bacterial clearance, whereas loss of TLR3, TRIF, or IRF7 restored bacterial persistence, establishing a noncanonical antibacterial role for an antiviral signaling pathway. These findings identify a previously unrecognized interface between bacterial lipid metabolism and antiviral immune machinery, highlighting how pathogens manipulate cross-kingdom signaling to evade intracellular immunity.",crossref,0
The fungal pathogen Candida auris exposes chitin to trigger IFNγ and persist in hair follicles,https://www.science.org/doi/abs/10.1126/science.adu6688?af=R,AAAS: Science: Table of Contents,2026-08-06 07:00:00 UTC,2026-08-06 07:00:00+00:00,10.1126/science.adu6688,Suzanne M. Noble,"Candida auris
                    is a multidrug-resistant fungus of major public health concern whose mechanisms for persistence on skin, a major risk factor for deadly outbreaks, remain unclear. In this study, we compared skin colonization by
                    C. auris
                    versus
                    C. albicans
                    to illuminate distinct fungal-immune interactions in mice.
                    C. auris
                    exhibited enhanced skin persistence, hair follicle tropism, and direct hair binding. Whereas
                    C. albicans
                    triggered a type 3/17–skewed sterilizing antifungal immune response,
                    C. auris
                    triggered a type 1 interferon-γ (IFNγ)–driven response directed toward hair follicles. IFNγ enhanced
                    C. auris
                    colonization by signaling to keratinocytes and repressing epithelial antifungal defense programs. Genetic and biochemical approaches demonstrated that, in response to cues associated with the skin,
                    C. auris
                    increases cell wall chitin exposure, triggering type 1 immunity and promoting fungal persistence.",crossref,0
Aggregation kinetics define the temporal window of IAPP proteotoxicity,https://www.pnas.org/doi/abs/10.1073/pnas.2615786123?mi=eymic2&af=R&access=on&content=articlesChapters&publication=pnas&sortBy=Earliest&target=default,Proceedings of the National Academy of Sciences: Keyword search for query,2026-08-06 07:00:00 UTC,2026-08-06 07:00:00+00:00,10.1073/pnas.2615786123,Andisheh Abedini,"Aggregation of islet amyloid polypeptide (IAPP) to form amyloid contributes to β-cell dysfunction in type 2 diabetes, yet the identity and temporal persistence of the toxic species is unresolved. Competing models attribute toxicity to mature fibrils, fibril growth, or transient prefibrillar intermediates formed during the lag phase or via secondary nucleation. Here, we directly test these models by combining time-resolved β-cell functional assays with concurrent biophysical measurements of IAPP aggregation across multiple perturbations and sequence variants. Across 22 independent experiments spanning more than a 450-fold range in lag times, we find that maximal toxicity occurs during the lag phase and declines as fibrils accumulate. The duration of β-cell dysfunction scales linearly with lag phase length, establishing aggregation kinetics as a quantitative predictor of the onset, peak, and termination of toxicity. Perturbations that alter aggregation kinetics, including concentration, temperature, and sequence, predictably shift the temporal window of toxicity. The diabetes-associated S20G variant produces higher peak toxicity over a compressed time window, whereas the slower-aggregating variants examined prolong toxicity without increasing its magnitude. These results resolve competing models by demonstrating that transient lag-phase intermediates, rather than growth phase processes or mature fibrils, dominate β-cell dysfunction, and establish aggregation kinetics as a predictor of the timing and duration of cellular exposure to toxic intermediates.",crossref,0
Electromagnetic properties of the $N=50$ isotones with the p35-i3 Hamiltonian,http://link.aps.org/doi/10.1103/wsvx-3nln,Recent Articles in Phys. Rev. C,2026-08-06 10:00:00 UTC,2026-08-06 10:00:00+00:00,10.1103/wsvx-3nln,B. A. Brown,"Author(s): J. A. Purcell and B. A. BrownThe nuclei with 50 neutrons that lie between $^{78}\mathrm{Ni}$ and $^{100}\mathrm{Sn}$ have provided benchmark studies of the nuclear shell model for protons in the ${0{f}_{5/2},1{p}_{3/2},1{p}_{1/2},0{g}_{9/2}}$ model space. New Hamiltonians for this model space have recently been obtained based o…[Phys. Rev. C 114, 024312] Published Thu Aug 06, 2026",rss_description,0
"Two-neutron transfer $^{1}\mathrm{H}(^{11}\mathrm{Li},^{9}\mathrm{Li})^{3}\mathrm{H}$ at 6 MeV/nucleon",http://link.aps.org/doi/10.1103/lht6-4fyl,Recent Articles in Phys. Rev. C,2026-08-06 10:00:00 UTC,2026-08-06 10:00:00+00:00,10.1103/lht6-4fyl,I. Tanihata,"Author(s): X. Wang, J. L. Ferreira, J. Lubian, J. Tanaka, R. Kanungo, A. Sanetullaev, M. Alcorta, C. Burbadge, G. Christian, B. Davids, J. Even, G. Hackman, J. Henderson, S. Ishimoto, S. Kaur, M. Keefe, R. Krücken, K. G. Leach, E. Padilla-Rodal, J. S. Randhawa, P. Ruotsalainen, O. Workman, and I. TanihataMeasurements of the $^{1}\mathrm{H}(^{11}\mathrm{Li},^{9}\mathrm{Li})^{3}\mathrm{H}$ reaction at 6 MeV per nucleon yield differential cross sections for transitions to the $^{9}\mathrm{Li}$ ground and 2.69 and 4.30 MeV excited states. The transition to the 4.30 MeV $(5/{2}^{−})$ state is observed fo…[Phys. Rev. C 114, 024313] Published Thu Aug 06, 2026",rss_description,0
Quantifying uncertainty in physics-based predictions of rare-isotope production cross sections via Bayesian-inspired model averaging across nuclear mass tables,http://link.aps.org/doi/10.1103/rd5c-4m5w,Recent Articles in Phys. Rev. C,2026-08-06 10:00:00 UTC,2026-08-06 10:00:00+00:00,10.1103/rd5c-4m5w,O. B. Tarasov,"Author(s): O. B. TarasovDiscovering new isotopes begins with knowing where to look. Predicting rare-isotope production is difficult because different nuclear-mass models can give substantially different results, making the planning of experiments uncertain. This work introduces a Bayesian-inspired model-averaging framework that combines abrasion–ablation calculations based on 12 nuclear mass tables into one statistically weighted prediction. Experimental data for krypton-78 and xenon-124 are used to determine which calculations are more reliable, and the resulting trends are transferred to molybdenum-92 and samarium-144 projectiles. The method provides predicted cross sections together with uncertainty estimates, giving a more reliable basis for selecting primary beams and estimating yields. Applied to proton-rich fragmentation at FRIB, the approach identifies several promising candidates for new-isotope searches with expected production rates above one event per day. It can help researchers plan experiments more effectively and explore still-unknown regions of the nuclear chart.[Phys. Rev. C 114, 024603] Published Thu Aug 06, 2026",rss_description,0
Production of unknown neutron-deficient isotopes near $^{100}\mathrm{Sn}$ in multinucleon transfer reactions,http://link.aps.org/doi/10.1103/y6zq-hrsj,Recent Articles in Phys. Rev. C,2026-08-06 10:00:00 UTC,2026-08-06 10:00:00+00:00,10.1103/y6zq-hrsj,Feng-Shou Zhang,"Author(s): Na Tang, Si Ying Ma, Xin-Rui Zhang, Cheng Li, Jing-Jing Li, Rong An, and Feng-Shou ZhangThe properties of neutron-deficient isotopes far from the $β$-stability line are crucial for exploring the position of the proton drip line and shell evolution. Nuclei in the vicinity of the doubly magic nucleus $^{100}\mathrm{Sn}$ provide a potential access to explore nuclear structure properties. …[Phys. Rev. C 114, 024604] Published Thu Aug 06, 2026",rss_description,0
