title,link,source,published_str,pub_date,doi,last_author,abstract,abstract_source,must_have_abstract
Bridging the weather and climate divide with artificial intelligence,https://www.nature.com/articles/s41467-026-75787-y,Earth and environmental sciences : Nature Communications subject feeds,2026-08-18 00:00:00 UTC,2026-08-18 00:00:00+00:00,,Veronika Eyring,"Weather and climate shape every aspect of our lives, yet for decades they have been studied as separate worlds—one concerned with what happens tomorrow, the other with what awaits us over the coming decades. This long-standing divide has slowed progress in both fields. Here, we argue that artificial intelligence (AI) is helping to dissolve the boundary between them. By learning directly from vast streams of Earth observations, AI is starting to predict both tomorrow’s storm and next century’s climate within a single, unified framework. We show how this convergence is already underway, why weather and climate science have much to gain from each other, and what still stands in the way—from trust, transparency, and fairness to the energy cost of computation and the risk of widening global inequalities. Realizing this vision will demand not only better algorithms but a new culture of collaboration across scientific communities, operational centers, fields and disciplines. Done well, a unified, AI-driven Earth science could deliver faster, more reliable, and more actionable predictions—helping societies anticipate and adapt to a rapidly warming planet.",nature_html,0
How to get the most out of an informational interview,https://www.nature.com/articles/d41586-026-01932-8,Nature,2026-08-18 00:00:00 UTC,2026-08-18 00:00:00+00:00,10.1038/d41586-026-01932-8,Alaina Levine,"These informal meetings can help you to explore new career opportunities, but there is a knack to getting them right.",rss_nature,0
Asia’s longevity gains must be translated into better health,https://www.nature.com/articles/d41586-026-02576-4,Nature,2026-08-18 00:00:00 UTC,2026-08-18 00:00:00+00:00,10.1038/d41586-026-02576-4,Chiranjib Chakraborty,Letter to the Editor,nature_html,0
Europe must adapt to live with megafires,https://www.nature.com/articles/d41586-026-02578-2,Nature,2026-08-18 00:00:00 UTC,2026-08-18 00:00:00+00:00,10.1038/d41586-026-02578-2,Antoni Margalida,Letter to the Editor,nature_html,0
"Treat biological databases as infrastructure, not projects",https://www.nature.com/articles/d41586-026-02575-5,Nature,2026-08-18 00:00:00 UTC,2026-08-18 00:00:00+00:00,10.1038/d41586-026-02575-5,Paul Nurse,Letter to the Editor,nature_html,0
Scientific expedition makes the best of bad weather,https://www.nature.com/articles/d41586-026-02381-z,Nature,2026-08-18 00:00:00 UTC,2026-08-18 00:00:00+00:00,10.1038/d41586-026-02381-z,,"Researchers grapple with the causes of evolution, and a sea voyage is blighted by storms, in our weekly dip into Nature’s archive.",rss_nature,0
Isothermal Capture and Release of Carbon Dioxide with a Porous Molecular Hexaamine,https://pubs.acs.org/jacsat/article/doi/10.1021/jacs.6c12824/5268167/Isothermal-Capture-and-Release-of-Carbon-Dioxide,Journal of the American Chemical Society: Latest Articles (ACS Publications),2026-08-18 00:00:00 UTC,2026-08-18 00:00:00+00:00,10.1021/jacs.6c12824,Jeffrey R. Long,"Abstract The decarbonization of fossil fuel combustion streams and air is imperative to achieve negative carbon emissions and requires discovery of new materials that exhibit high CO2 capacities, long-term stability, and minimal energy input for the release of pure CO2. Numerous candidate sorbents have been reported, but none meet all of these requirements simultaneously. Our strategy for creating a material that does is centered on designing a crystalline molecular polyamine that retains porosity throughout CO2 absorption and desorption while achieving a high CO2 uptake capacity, thereby enabling meaningful CO2 capture and release under mild conditions. Here, we show that porous crystals of 2,3,6,7,14,15-hexakis(aminomethyl)triptycene (C20H8(CH2NH2)6, TriptH) capture CO2 from flue gas or air to form a porous ammonium carbamate network solid. The reversibility of the transformation is monitored in situ using powder X-ray diffraction, diffuse reflectance infrared Fourier transform spectroscopy, and solid-state nuclear magnetic resonance spectroscopy. Breakthrough analyses reveal that TriptH achieves a high CO2 capacity of 5.3 mmol/g under humid conditions, long-term oxidative and thermal stability through the course of 660 absorption–desorption cycles, and an unprecedented ability to capture CO2 from humid, low-concentration streams and release it with little or no temperature change and vacuum pressures as high as 100 mbar.",crossref,0
Diradical Character of Cyclic Allenes Enables Their Thermal (2 + 2) Cycloadditions,https://pubs.acs.org/jacsat/article/doi/10.1021/jacs.6c09105/5272105/Diradical-Character-of-Cyclic-Allenes-Enables,Journal of the American Chemical Society: Latest Articles (ACS Publications),2026-08-18 00:00:00 UTC,2026-08-18 00:00:00+00:00,10.1021/jacs.6c09105,Neil K. Garg,"Abstract (2 + 2) Cycloadditions are a versatile transformation often employed in the synthesis of cyclobutanes. Such cycloadditions usually require the use of light or another synthetic workaround, given that thermal (2 + 2) cycloadditions are orbital symmetry-forbidden for unstrained all-suprafacial transition states. A unique type of (2 + 2) cycloaddition involves transient strained cyclic allenes, which proceed readily at ambient temperature without external stimuli. In the present study, computations and experiments show that the feasibility of these cycloadditions is tied to the inherent diradical character of the cyclic allenes. Moreover, comparative stereochemical transfer experiments for Diels–Alder and (2 + 2) cycloadditions are consistent with strained cyclic allenes having both closed- and open-shell character, thus rendering them diradicaloids. This study is expected to prompt the further strategic use of diradicaloids for the assembly of complex scaffolds.",crossref,0
Will you be wearing an exoskeleton in ten years? The tech that could change how we move,https://www.nature.com/articles/d41586-026-02527-z,Nature,2026-08-18 00:00:00 UTC,2026-08-18 00:00:00+00:00,10.1038/d41586-026-02527-z,Chris Stokel-Walker,"Robotic supports were once designed for clinical use, but researchers are now developing cheaper, smaller devices aimed at everyone — from people with ageing knees to 20-somethings seeking to climb mountains.",rss_nature,0
General C(sp3)–C(sp3) Cross-Coupling of Primary Amines via in Situ Diazene Formation,https://pubs.acs.org/jacsat/article/doi/10.1021/jacs.6c13866/5266275/General-C-sp3-C-sp3-Cross-Coupling-of-Primary,Journal of the American Chemical Society: Latest Articles (ACS Publications),2026-08-18 00:00:00 UTC,2026-08-18 00:00:00+00:00,10.1021/jacs.6c13866,Tristan H. Lambert,"Abstract Primary amines are among the most abundant and readily available functional groups, yet their direct use as alkyl cross-coupling partners remains underdeveloped. We report a general platform for C(sp3)–C(sp3) cross-coupling enabled by the in situ formation and visible-light-induced denitrogenation of unsymmetric diazenes. Central to this approach is the development of N-benzoyloxysulfamides, which are readily prepared in a single step from primary amines and bench-stable O-benzoylhydroxylamines and undergo mild base-promoted conversion to diazenes. Subsequent photosensitized denitrogenation using an inexpensive organic triplet photosensitizer enables the direct union of two amine-derived fragments under operationally simple conditions. This telescoped, one-pot process avoids prefunctionalized organometallic reagents, tolerates a broad range of functional groups, and enables late-stage modification of complex molecules.",crossref,0
Low-Symmetry Crown Ether Design for Coexisting Ferroelectricity and Ferromagnetism in a Two-Dimensional Molecular Crystal,https://pubs.acs.org/jacsat/article/doi/10.1021/jacs.6c10197/5275777/Low-Symmetry-Crown-Ether-Design-for-Coexisting,Journal of the American Chemical Society: Latest Articles (ACS Publications),2026-08-18 00:00:00 UTC,2026-08-18 00:00:00+00:00,10.1021/jacs.6c10197,Takayoshi Nakamura,"Abstract Multiferroics combining ferroelectricity and ferromagnetism within a single phase are promising materials for magnetoelectric (ME) functionalities. Compared with oxide-based systems, molecular materials offer greater structural tunability for realizing coupled ferroic behavior. Here we report a low-symmetry crown ether design for constructing a layered molecular crystal of [(o-fluoroanilinium+)(benzo[18]crown-6)][MnIICrIII(oxalate)3]−, in which supramolecular ferroelectricity coexists with two-dimensional ferromagnetic layers. This compound undergoes a reversible, single-crystal-to-single-crystal phase transition driven by the reorientation and conformational change of the polar benzo[18]crown-6 molecule, involving a 180° in-plane rotation and transformation of a polar V-shaped conformation into a planar configuration. Single-crystal X-ray diffraction, dielectric measurements, pyroelectric current, P–E hysteresis loops, and magnetic susceptibility measurements support the coexistence of ferroelectricity and ferromagnetism. Density functional theory (DFT) calculations and structural analysis identify the noncollinear supramolecular geometry of benzo[18]crown-6 units, their tilted assemblies, and the bistable motion as the origin of spontaneous polarization. This work demonstrates the effectiveness of the low-symmetry crown ether in designing molecular multiferroics.",crossref,0
Mastering Electrocatalytic Microenvironment Achieves Aqueous Hydrogen Batteries Exceeding 200 Wh kg–1,https://pubs.acs.org/jacsat/article/doi/10.1021/jacs.6c05840/5275192/Mastering-Electrocatalytic-Microenvironment,Journal of the American Chemical Society: Latest Articles (ACS Publications),2026-08-18 00:00:00 UTC,2026-08-18 00:00:00+00:00,10.1021/jacs.6c05840,Wei Chen,"Abstract High-safety, low-cost, and long-life aqueous hydrogen gas batteries (AHGBs) driven by hydrogen electrocatalysts are considered one of the most reliable systems in advanced aqueous batteries for large-scale energy storage. However, the rational design of low-loading and high-activity electrocatalysts remains a challenge for bifunctional hydrogen oxidation and evolution reaction (HOR/HER) catalysis to unleash the potential for higher-performance AHGBs. In this study, we propose an atomic engineering approach that precisely tailors the reactive microenvironments for the catalytic interface in AHGBs. A coupling Ru-based catalyst with high activity is developed as a demonstration. Theoretical calculations and in situ spectroscopy reveal that the synergy between Ru and Ni sites effectively accelerates the microenvironmental water dissociation process, while the interfacial hydrogen bond network is significantly optimized, collectively accelerating reaction kinetics and facilitating mass transfer. The assembled nickel–hydrogen (Ni–H2) battery with a low loading of 40.5 μgRu cm–2 exhibits stability over 3000 cycles at a high current density of 30 mA cm–2, more than 4 times that of the battery with Pt/C catalyst. Importantly, a 5 Ah-scale Ni–H2 battery achieves the highest energy density of 204.4 Wh kg–1 among previously reported AHGBs, which even exceeds most state-of-the-art aqueous batteries and conventional LiFePO4 batteries. This work highlights atomic-level design for mastering reactive microenvironments, offering a strategy to develop efficient, low-cost electrocatalysts toward high-energy-density AHGBs in practical energy storage applications.",crossref,0
"Dinuclear Complexes of Linear, Two-Coordinate Iron(II) and Cobalt(II): Geometric Control over Magnetic Exchange between Anisotropic Metal Centers",https://pubs.acs.org/jacsat/article/doi/10.1021/jacs.6c07793/5275332/Dinuclear-Complexes-of-Linear-Two-Coordinate-Iron,Journal of the American Chemical Society: Latest Articles (ACS Publications),2026-08-18 00:00:00 UTC,2026-08-18 00:00:00+00:00,10.1021/jacs.6c07793,Jeffrey R. Long,"Abstract Magnetic exchange coupling between high-anisotropy spin centers is a key requirement for single-molecule magnets with high operating temperatures. Here, we report the synthesis and characterization of the dinuclear iron(II) and cobalt(II) complexes [(iPr3Si)(Dipp)NFe]2(m-(NSiMe3)2C6Me3H) (m-Fe2), [(iPr3Si)(Dipp)NFe]2(p-(NSiMe3)2C6Me4) (p-Fe2), and [(iPr3Si)(Dipp)NCo]2(p-(NSiMe3)2C6Me4) (p-Co2), with each metal center residing in a linear, two-coordinate geometry. In these complexes, the two high-magnetic-anisotropy metal centers are linked through a meta- or para-bis(amido)arene, which mediates ferro- or antiferromagnetic superexchange, respectively. Variable-temperature magnetic susceptibility data reveal antiferromagnetic coupling in the para-substituted complexes, giving S = 0 ground states with exchange constants of −3.56(5) cm–1 for p-Fe2 and −9.82(15) cm–1 for p-Co2. In stark contrast, the meta-linker in m-Fe2 mediates weak ferromagnetic exchange (+0.44(1) cm–1), leading to an S = 4 ground state. Here, the coexistence of ferromagnetic coupling and strong single-ion anisotropy gives rise to single-molecule-magnet behavior with a relaxation barrier of 139 cm–1, the highest yet reported for a multinuclear transition metal complex, and the coupling markedly suppresses the fast through-barrier quantum relaxation that plagues related mononuclear species. To gain a microscopic understanding of the magnetic exchange in this family of complexes, we employed a combination of far-infrared magnetospectroscopy and computation. While a spin-only model reproduces the spectroscopic energy levels well, the substantial unquenched orbital angular momentum at the FeII and CoIIcenters inspired a fully ab initio treatment of the electronic structure, crystal-field splitting, and exchange constants. These calculations indicate that both the sign and the magnitude of the exchange constant depend strongly on the linker geometry.",crossref,0
Expanding the Hydrocarbon Landscape: Stereoselective Synthesis of Functionalized ttt -[13]Graphanes,https://pubs.acs.org/jacsat/article/doi/10.1021/jacs.6c12162/5268839/Expanding-the-Hydrocarbon-Landscape,Journal of the American Chemical Society: Latest Articles (ACS Publications),2026-08-18 00:00:00 UTC,2026-08-18 00:00:00+00:00,10.1021/jacs.6c12162,Pauline Chiu,"Abstract Despite the significant interest in rigid, sp3-rich 3D hydrocarbon frameworks in medicinal and materials chemistry, the [13]graphanyl scaffold has remained synthetically prohibitive and, consequently, underexplored. Herein, we report a scalable, de novo stereoselective synthesis of the ttt-[13]graphanyl architecture utilizing a key dienyne metathesis cascade. To overcome the profound steric shielding at the central carbon vertex, we harnessed radical-mediated photocatalytic decarboxylation to install diverse functional groups, generating a library of centrally derivatized ttt-[13]G analogues. Complementary peripheral functionalization was also achieved via site-selective MHAT chemistry. Density functional theory (DFT) calculations rationalized the empirical reactivity trends, mapping the competitive landscape between Giese additions and hydrogen-atom transfer quenching. Finally, X-ray crystallographic analyses confirmed a substituent-dependent “doming” distortion of the rigid tricyclic framework. Together, these results provide a synthetic foundation to incorporate the [13]graphane architecture into advanced functional molecules, offering a new 3D node for rational molecular design.",crossref,0
Organometallic-Free Catalytic Cross-Electrophile Methylation of Aryl Halides,https://pubs.acs.org/jacsat/article/doi/10.1021/jacs.6c05128/5275744/Organometallic-Free-Catalytic-Cross-Electrophile,Journal of the American Chemical Society: Latest Articles (ACS Publications),2026-08-18 00:00:00 UTC,2026-08-18 00:00:00+00:00,10.1021/jacs.6c05128,Swadhin K. Mandal,"Abstract The “Magic Methyl Effect” stands for the welcoming effect of the methyl group in enhancing the potency of drug precursors. To date, no catalytic chemical route for methylation of aryl halides that excludes organometallic species is known. In this report, we introduce an organometallic-free cross electrophile methylation of aryl halides based on the generation of a methyl anion achieved under chemical conditions. It successfully methylated several strong bonds, such as CAr–Br, CAr–Cl, and CAr–F. This catalytic protocol was further diversified by preparing methyl derivatives of various clinically used antidepressants and antipsychotic drugs. Furthermore, we have demonstrated that the methylated product of one such drug molecule has significantly superior suppressive effects on neural activity as compared to the clinically active nonmethylated parent drug.",crossref,0
Unsymmetric Benzo[ b ]phosphole-Fused Diarylethenes: From Enhanced Photochromic Behavior to Solution-Processable Photoswitchable Organic Resistive Memory Devices,https://pubs.acs.org/jacsat/article/doi/10.1021/jacs.6c10849/5273938/Unsymmetric-Benzo-b-phosphole-Fused-Diarylethenes,Journal of the American Chemical Society: Latest Articles (ACS Publications),2026-08-18 00:00:00 UTC,2026-08-18 00:00:00+00:00,10.1021/jacs.6c10849,Vivian Wing-Wah Yam,"Abstract Several unsymmetric photoswitchable benzo[b]phosphole-fused diarylethenes have been synthesized. Compared with their symmetric counterparts, the photochromic properties of the unsymmetric benzo[b]phosphole-fused diarylethenes, including photocycloreversion efficiency, fatigue resistance, and thermal irreversibility, have been significantly enhanced. Through rational molecular design, the lowest-energy absorption band can be efficiently tuned. One derivative has served as the active component for the fabrication of optical memory storage, and two of them have been employed in the fabrication of photoswitchable organic resistive memory devices, which demonstrate low turn-on voltage, narrow operating bias, large ON/OFF ratio, and prolonged retention time. The devices exhibit distinctive resistive memory behavior in their open and closed forms.",crossref,0
Mass Spectrometric Footprinting and DFT Calculations Explain the Effect of Curcumin on the Aggregation of Amyloid β 42 (Aβ42),https://pubs.acs.org/jacsat/article/doi/10.1021/jacs.5c22337/5267795/Mass-Spectrometric-Footprinting-and-DFT,Journal of the American Chemical Society: Latest Articles (ACS Publications),2026-08-18 00:00:00 UTC,2026-08-18 00:00:00+00:00,10.1021/jacs.5c22337,Michael L. Gross,"Abstract Curcumin, a polyphenolic natural product, binds to Aβ42, a protein involved in Alzheimer’s Disease, to inhibit self-aggregation in vitro. Molecular understanding of the binding is important in designing new molecules to inhibit Aβ42 aggregation. We performed OH radical footprinting of Aβ42 in the presence and absence of curcumin by using fast photochemical oxidation of proteins (FPOP), followed by mass spectral analysis, to monitor changes in Aβ42 protein dynamics in the presence of curcumin. The results reveal that curcumin binding reduces oxidative footprinting at the N-terminus and middle region, indicating binding at these sites. Kinetic modeling of the percentage modification shows a significant change in the aggregation of Aβ42 in the presence of curcumin, whereby one aggregate population nearly disappears. The [Aβ42:curcumin] binding complexes were also explored using density functional theory (DFT), optimizating the starting structures at the B3LYP/6–31G(d) level for both the N-terminal/middle and C-terminal/middle regions. The structure of the lowest-energy complex has curcumin binding at the N-terminal plus middle regions, and this was validated by reoptimization using 6–311G(d,p) and applying Grimme’s dispersion function (GD3). This structure was further confirmed by reoptimization in aqueous media using the Conductor-like Polarizable Continuum Model (CPCM). The new structure not only accounts for the observed changes in •OH footprinting of the N-terminal, middle, and C-terminal regions but also forecasts how this approach can provide insight into protein aggregation. A molecular-level understanding of the binding site of curcumin with Aβ42 should be helpful in the design of new aggregation modulators.",crossref,0
Iteratively Designed Phospholipid-Targeted Supramolecular Sonosensitizers for Precision Treatment of Pulmonary Infections,https://pubs.acs.org/jacsat/article/doi/10.1021/jacs.6c10086/5268295/Iteratively-Designed-Phospholipid-Targeted,Journal of the American Chemical Society: Latest Articles (ACS Publications),2026-08-18 00:00:00 UTC,2026-08-18 00:00:00+00:00,10.1021/jacs.6c10086,Yao Sun,"Abstract Fungal infections represent a significant global health threat, exacerbated by the scarcity of new therapeutic options, increasing drug resistance, and host toxicity. Sonodynamic therapy (SDT) offers a promising approach to overcoming antimicrobial resistance by enabling the localized generation of cytotoxic reactive oxygen species (ROS) within deep-seated lesions. Nevertheless, reports of SDT for in vivo antifungal treatment remain scarce, largely due to suboptimal ROS generation efficiency, poor biofilm penetration, and a lack of fungal specificity. Herein, we report the iterative design of RuB-C12, a phospholipid-targeted supramolecular sonosensitizer assembled via molecular engineering of ligand and acceptor building blocks into a Ru(II) metallocycle. Upon ultrasound activation, RuB-C12 markedly enhances ROS production while simultaneously improving the fungal membrane affinity and biofilm penetration. Mechanistic studies reveal that RuB-C12 effectively eradicates pathogenic yeasts by disrupting phospholipid phase transitions and perturbing intracellular redox homeostasis. Notably, RuB-C12 demonstrates a superior selectivity index (SI = 10–20) toward mammalian cells compared with the clinically approved amphotericin B (SI &lt; 5). In murine models of wound and pulmonary Candida albicans infections as well as in clinical specimens, RuB-C12-mediated SDT significantly reduces fungal burden without inducing observable systemic toxicity. Collectively, this work highlights host–pathogen lipid disparity as a promising paradigm for developing precision antifungal strategies.",crossref,0
Mathematics holds the secret to ‘ladder-proof’ knitting,https://www.nature.com/articles/d41586-026-02466-9,Nature,2026-08-18 00:00:00 UTC,2026-08-18 00:00:00+00:00,10.1038/d41586-026-02466-9,Vishal P. Patil,A topological description of ‘knittability’ can be used to design yarn patterns that are resistant to unravelling.,rss_nature,0
NIH proposes major revamp of how it scores research grant proposals,https://www.nature.com/articles/d41586-026-02584-4,Nature,2026-08-18 00:00:00 UTC,2026-08-18 00:00:00+00:00,10.1038/d41586-026-02584-4,Max Kozlov,"Proponents argue that the current system creates a false sense of precision, but critics fear that the change could increase political interference.",rss_nature,0
Five ways 3D printing is improving lab work,https://www.nature.com/articles/d41586-026-02535-z,Nature,2026-08-18 00:00:00 UTC,2026-08-18 00:00:00+00:00,10.1038/d41586-026-02535-z,Neil Savage,"As 3D printers become cheaper and easier to work with, researchers are finding new ways to incorporate the technology in their studies.",rss_nature,0
Solution-mediated reversible anion storage enables high-power organic batteries,https://www.cell.com/joule/fulltext/S2542-4351(26)00317-X?rss=yes,Joule,2026-08-18 00:00:00 UTC,2026-08-18 00:00:00+00:00,10.1016/j.joule.2026.102633,Kisuk Kang,"Real-time observations reveal that p-type organic electrodes operate through a solution-mediated redox pathway rather than conventional solid-state ion transport. The reaction proceeds through transient solvated intermediates, followed by recrystallization into the charged phase. This mechanism explains exceptional rate capability and cycle life in p-type organic batteries.",rss_cell,0
Methanol-assisted electrochemical system for scalable and integrated flue-gas CO2 capture and utilization,https://www.cell.com/joule/fulltext/S2542-4351(26)00315-6?rss=yes,Joule,2026-08-18 00:00:00 UTC,2026-08-18 00:00:00+00:00,10.1016/j.joule.2026.102631,Bingjun Xu,"Mitigating emissions from point sources requires carbon-capture technologies that are efficient, scalable, and compatible with renewable electricity. This study reports a methanol-assisted electrochemical CO2 capture system based on a compact zero-gap electrolyzer, enabling flue-gas capture and direct integration with CO2 conversion. By coupling CO2 capture and utilization in one scalable platform, this work points toward lower-cost and modular flue-gas carbon management.",rss_cell,0
Dual-functional materials and pilot demonstration of integrated CO2 capture and conversion,https://www.cell.com/joule/fulltext/S2542-4351(26)00312-0?rss=yes,Joule,2026-08-18 00:00:00 UTC,2026-08-18 00:00:00+00:00,10.1016/j.joule.2026.102628,Nannan Sun,"This work reports an oxygen-resistant Ni-based dual-functional material for integrated CO2 capture and conversion to CH4 (ICCCCH4) and demonstrates stable pilot-scale operation (25 Nm3/h), achieving near-complete CO2 capture and conversion efficiency. Verification of the process on such a scale, together with techno-economic analysis based on practical operation data, fully showcases the promising potential of ICCCCH4 in practical applications.",rss_cell,0
Regiospecific α-arylation of diverse carbonyl compounds using an organobismuth transporter,https://www.nature.com/articles/s41557-026-02231-5,Nature Chemistry,2026-08-18 00:00:00 UTC,2026-08-18 00:00:00+00:00,10.1038/s41557-026-02231-5,Viresh H. Rawal,"Abstract
                  The α-arylation of carbonyl compounds is a cornerstone transformation in the synthesis of pharmaceuticals and natural products. Despite decades of efforts using transition metal, main-group and photoredox strategies, a general and practical α-arylation method with broad substrate scope has remained elusive. Here we show that 9-bismatriptycene (BisTrip), a rigid, shackled form of triphenylbismuth, functions as a universal aryl group transporter, enabling controlled and regiospecific α-arylation of diverse ketones, allowing the formation of sterically demanding quaternary centres and incorporation of iodoaryl units. BisTrip is readily loaded with aryl groups by a one-pot procedure using arylboronic acids to give Aryl-BisTrip and, after transferring the aryl to the enolate, is recovered quantitatively. Arylation of lithium enolates proceeds within seconds even at −78 °C and shows high fidelity in a memory-of-chirality experiment. Computations support a low barrier for C−C bond formation and account for the observed axial selectivity, establishing BisTrip as a practical platform for α-arylation.",crossref,0
Nitrene generation and transfer for unnatural biosynthesis in living cells,https://www.nature.com/articles/s41557-026-02224-4,Nature Chemistry,2026-08-18 00:00:00 UTC,2026-08-18 00:00:00+00:00,10.1038/s41557-026-02224-4,Jay D. Keasling,"Abstract
                  
                    Synthetic biology has enabled the production of natural and unnatural products from inexpensive sustainable feedstocks. Yet, the scope of available products has been limited largely to compounds accessible from nature’s chemical reactions. Evolved enzymes can catalyse reactions of unnatural substrates or reactions not found in nature but often require the addition of synthetic reagents to purified enzymes or to resting cells containing those enzymes. Here we show that chemical reactions of metabolic intermediates produced intracellularly in living cells can include intermolecular nitrene transfers. The biosynthesis of
                    N
                    -acetoxyanilines, in combination with the generation and transfer of
                    N
                    -aryl nitrene intermediates from them catalysed by a cytochrome P450, generates amino alcohols, diamines, diarylamines and aminoalkyl arenes from simple carbon feedstocks. These products—common substructures of pharmaceuticals and agrochemicals—are challenging to synthesize by standard organic chemistry and were produced from inexpensive, renewable feedstocks. Evolution of the enzymes in this pathway showed that titres can be increased by engineering and that the products can be synthesized with high enantioselectivity.",crossref,0
Modulating endergonic triplet photosensitization for cycloadditions between bicyclo[1.1.0]butanes and alkenes,https://www.nature.com/articles/s41557-026-02233-3,Nature Chemistry,2026-08-18 00:00:00 UTC,2026-08-18 00:00:00+00:00,10.1038/s41557-026-02233-3,Jian He,"While energy transfer photocatalysis has recently been used in the synthesis of multisubstituted polycyclic alkanes as benzene bioisosteres, the use of highly reactive noble-metal and organo-photocatalysts often leads to rapid generation of diradical intermediates, triggering polymerization side reactions and limiting functional-group tolerance. Here we show that heteroleptic copper(I)-BINAP complexes containing bidentate (pyrazolyl)pyridine ligands act as effective triplet photosensitizers for cycloadditions between bicyclo[1.1.0]butanes and alkenes. These copper catalysts, with their extended excited-state lifetimes, enable endergonic photosensitization for substrate activation, thereby moderating radical generation, suppressing alkene polymerization and broadening the substrate scope to include electron-deficient alkenes, enynes, dienes and even aliphatic alkenes. Bicyclo[2.1.1]hexanes with an aryl substituent at either the 3- or 2-position can be synthesized by activating either styrenes or bicyclo[1.1.0]butanes. These findings suggest that copper photocatalysis holds promise for enhancing the synthetic versatility of visible-light-driven energy transfer processes.",pubmed,0
Signal-induced recruitment and dispatchment in reconfigurable phase-separated protocell networks,https://www.nature.com/articles/s41557-026-02225-3,Nature Chemistry,2026-08-18 00:00:00 UTC,2026-08-18 00:00:00+00:00,10.1038/s41557-026-02225-3,Stephen Mann,"Abstract
                  The construction of protocell networks with self-regulated spatial dynamics and functions is an important challenge in the emerging field of colloidal systems chemistry. Existing strategies predominantly produce protocell networks with fixed or randomly distributed spatial organization, relying on direct surface interactions or externally imposed conditions, while largely overlooking dynamic interactions with the surrounding environment, thereby limiting the emergence of reconfigurable network behaviours. Here we demonstrate chemical strategies for implementing the spontaneous segregation and selective translocation of binary/ternary populations of enzyme-containing proteinosomes in dextran droplet/polyethylene glycol aqueous phase-separated media. The segregated proteinosomes exhibit tunable membrane wettability, engage in cross-community chemical signalling and undergo signal-induced reversals in phase compatibility to produce reconfigurable networks capable of protocell-mediated recruitment and dispatchment. We exploit the protocell phase dynamics to spatiotemporally modulate DNase I activity in a subpopulation of translocating proteinosomes. Our methodology provides a platform for developing protocell communities with self-regulated spatiotemporal order and offers opportunities in cytomimetic modelling and colloidal systems chemistry.",crossref,0
Tradition of wrapping grains in funerary rituals 2200 years ago,https://academic.oup.com/nsr/advance-article/doi/10.1093/nsr/nwag504/8763717?rss=1,National Science Review Advance Access,2026-08-18 00:00:00 UTC,2026-08-18 00:00:00+00:00,10.1093/nsr/nwag504,Zhiguo Zhang,"Fan Yang, Yong Ge, Ling Fang, Haiyan Wang, Shuzhi Wang, Jiajun Wang, Zhiguo Zhang; Tradition of wrapping grains in funerary rituals 2200 years ago, Nationa",openalex,0
Unlocking high-sulfur-content cathodes by an all-in-one high-entropy sulfide catalyst for all-solid-state Li-S batteries,https://academic.oup.com/nsr/advance-article/doi/10.1093/nsr/nwag501/8763720?rss=1,National Science Review Advance Access,2026-08-18 00:00:00 UTC,2026-08-18 00:00:00+00:00,10.1093/nsr/nwag501,Yong Yang,"Transition-metal sulfide (TMS) catalysis is a promising strategy for accelerating sulfur redox kinetics, yet its catalytic mechanisms in all-solid-state lithium-sulfur batteries (ASSLSBs) remain poorly understood. Here, two distinct catalytic failure modes are identified in conversion-type and intercalation-type TMS catalysts, namely phase-separation-driven catalyst self-poisoning and transition-metal-migration-induced electrolyte degradation, respectively. Guided by these insights, we develop an all-in-one high-entropy sulfide (HES) catalyst that undergoes a solid-solution reaction to form a stable Lix",rss_oup,0
Product ammonia accumulation limits electrocatalytic nitric oxide reduction,https://academic.oup.com/nsr/advance-article/doi/10.1093/nsr/nwag507/8763721?rss=1,National Science Review Advance Access,2026-08-18 00:00:00 UTC,2026-08-18 00:00:00+00:00,10.1093/nsr/nwag507,Jingshan Luo,"The electrocatalytic nitric oxide reduction reaction (eNORR) has emerged as a promising route for sustainable ammonia synthesis under ambient conditions. However, its practical efficiency and long-term stability are often constrained by the dynamic reaction microenvironment at the electrode-electrolyte interface. A critical yet frequently overlooked factor in real operating systems is the local accumulation of the ammonia and its adverse interfacial effects. Here, we use in situ",rss_oup,0
Engineered limestone: closing the carbon loop through geo- and bio-inspired mineralization,https://academic.oup.com/nsr/advance-article/doi/10.1093/nsr/nwag485/8763723?rss=1,National Science Review Advance Access,2026-08-18 00:00:00 UTC,2026-08-18 00:00:00+00:00,10.1093/nsr/nwag485,Fazhou Wang,"This Perspective introduces engineered limestone, a geo- and bio-inspired strategy that uses industrial carbon dioxide to harden reactive minerals and wastes into durable construction products, helping close the carbon loop.",crossref,0
Multiscale design principles for ultrafast ion-electron synergy in electrochemical filter capacitors,https://www.cell.com/joule/fulltext/S2542-4351(26)00306-5?rss=yes,Joule,2026-08-18 00:00:00 UTC,2026-08-18 00:00:00+00:00,10.1016/j.joule.2026.102622,Liangti Qu,"Electrochemical filter capacitors (EFCs) offer compact energy-buffering components for dynamic power conditioning, but their performance is limited by coupled ion- and electron transport losses. This review establishes a multiscale impedance-decoupling framework and standardized 120 Hz benchmarking to connect materials, electrodes, devices, and modules with practical filtering metrics, guiding EFC development from chip-level integration to renewable-energy interfaces.",rss_cell,0
Global estimation of bankfull river discharge reveals distinct flood recurrences across climate zones,https://www.nature.com/articles/s41467-026-76433-3,Earth and environmental sciences : Nature Communications subject feeds,2026-08-18 00:00:00 UTC,2026-08-18 00:00:00+00:00,,Louise Slater,"Bankfull discharge, the maximum flow a river can convey before spilling over its banks, is central to modelling flood risk and understanding river-channel evolution. Global flood inundation models assume a 2-year return period for bankfull conditions, but this assumption remains untested globally. Here we use observations and machine learning to estimate bankfull discharge at ~1-km resolution along a recently developed global river network. We show that the widely used 2-year discharge reasonably approximates bankfull-flow magnitude, but bankfull return periods vary substantially within and across climate zones. Bankfull conditions occur more frequently in tropical and temperate regions (median return periods of 1.5 and 1.8 years; interquartile ranges of 2.5 and 3.2 years, respectively) and less frequently in cold and arid regions (2.8 and 4.3 years; interquartile ranges of 4.8 and 6.0 years). This variation across climate zones provides a basis for improving the representation of channel capacity in global flood models.",nature_html,0
Atomically thin amorphous carbon with an ultralow dielectric constant,https://www.nature.com/articles/s41928-026-01685-2,Nature Electronics,2026-08-18 00:00:00 UTC,2026-08-18 00:00:00+00:00,10.1038/s41928-026-01685-2,Barbaros Ӧzyilmaz,"Two-dimensional (2D) materials could replace conventional electronic components. Key advances have already been made in applying 2D materials to integrated circuits, but a robust, atomically thin ultralow-k dielectric remains crucial for further circuit scaling. Minimizing parasitic capacitances, in particular, will be needed as conductor spacing shrinks below 10 nm. However, conventional amorphous or porous low-k dielectrics become unstable at nanometre thicknesses. Here we show that atomically thin amorphous carbon films can function as mechanically robust ultralow-k dielectrics with a dielectric constant of 1.35 and a dielectric strength of 28–31 MV cm−1. The films are also an effective barrier to metal-ion diffusion, with a time to failure of 1010 s at 0.8-nm thickness. Our approach relies on a low-temperature, direct and conformal growth process, which makes it promising for practical implementation in complementary metal–oxide–semiconductor technology. An amorphous carbon film with a dielectric constant of 1.35 can act as a robust ion-diffusion barrier, even at a thickness of 0.8 nm.",openalex,0
Dual-Channel Energy Transfer from Ligand-Centered Singlet and Triplet States to Trivalent Lanthanide Ions,https://pubs.acs.org/jacsat/article/doi/10.1021/jacs.6c09124/5273218/Dual-Channel-Energy-Transfer-from-Ligand-Centered,Journal of the American Chemical Society: Latest Articles (ACS Publications),2026-08-18 00:00:00 UTC,2026-08-18 00:00:00+00:00,10.1021/jacs.6c09124,Leif Hammarstrom,"Abstract Efficient light harvesting and subsequent energy transfer (EnT) to trivalent lanthanide ions (LnIII) are critical for achieving high-performance luminescent LnIII complexes. However, because of the complexity of the underlying dynamic processes, in-depth investigations of their sensitization mechanisms are still limited. In this work, we systematically studied three neutral LnIII complexes (GdIIIL, TbIIIL, and EuIIIL), all featuring the same carbostyril ligand, using steady-state and transient absorption and emission spectroscopy. Our study revealed efficient intersystem crossing (ISC) from the ligand-centered lowest singlet excited state (S1) to the ligand-centered lowest triplet excited state (T1) in GdIIIL, as well as dual-channel EnT from both ligand-centered S1 and T1 to the metal-centered excited state (LnIII*) in TbIIIL and EuIIIL. More importantly, the competition between ISC and EnT from the ligand-centered S1 determines the predominant sensitization pathway, resulting in the main EnT from T1 in TbIIIL, while EnT is from S1 in EuIIIL. These findings provide deeper insights into the sensitization mechanisms of LnIII complexes and offer valuable guidance for the design of new LnIII-based luminescent materials.",crossref,0
How the Middle East can become a hub for sustainable aviation fuels,https://www.nature.com/articles/d41586-026-02531-3,Nature,2026-08-18 00:00:00 UTC,2026-08-18 00:00:00+00:00,10.1038/d41586-026-02531-3,Samuel S. Mao,"Building on the region’s oil infrastructure, investment funds and shipping corridors, Gulf nations can thrive in the clean-energy economy.",rss_nature,0
A revolutionary stem-cell therapy must proceed responsibly to achieve its full potential,https://www.nature.com/articles/d41586-026-02524-2,Nature,2026-08-18 00:00:00 UTC,2026-08-18 00:00:00+00:00,10.1038/d41586-026-02524-2,,It is 20 years since induced pluripotent stem cells shook biomedicine. Public trust must be retained now that clinical trials are well under way.,rss_nature,0
Cation Coordination Preferences toward Stacking Design in Layered Perovskites along the Perovskite [111] Direction,https://pubs.acs.org/jacsat/article/doi/10.1021/jacs.6c06507/5274119/Cation-Coordination-Preferences-toward-Stacking,Journal of the American Chemical Society: Latest Articles (ACS Publications),2026-08-18 00:00:00 UTC,2026-08-18 00:00:00+00:00,10.1021/jacs.6c06507,Takafumi Yamamoto,"Abstract Crystal structures, particularly those of oxides, are viewed as architectures composed of coordination polyhedra, such as tetrahedra, octahedra, and cuboctahedra. While this perspective has long enabled electronic tuning via elemental substitution within known frameworks, its application to the design of new crystal structures remains limited. In this study, we explore cation coordination preferences as a design guideline for understanding and biasing the stacking periodicity of oxygen-deficient [111]p-layered perovskites (p denotes a primitive cubic perovskite cell), which consist of sequential tetrahedral and octahedral layers. We statistically analyzed coordination environments across a crystallographic database, identifying each cation’s coordination preference. By selecting appropriate cations with strong tetrahedral or octahedral coordination preferences, we successfully obtained two independent series of [111]p-layered perovskite compounds using different approaches: (i) elemental ratio tuning in the Ba–Sc–Ti–Ge–O system and (ii) valence-state control via nitridation in the Sr–V–O–N system. The appropriate ratio of tetrahedral- and octahedral-preferring cations enables tuning of stacking tendencies. Additional parameters, such as cation size and external pressure, further influence the detailed local structures, as revealed by theoretical calculations. These results highlight the role of local coordination preference to rationally design infinite crystal architectures.",crossref,0
Interfacial Chemistry of Storage-Induced Degradation in High-Nickel Cathodes,https://pubs.acs.org/jacsat/article/doi/10.1021/jacs.6c06113/5275772/Interfacial-Chemistry-of-Storage-Induced,Journal of the American Chemical Society: Latest Articles (ACS Publications),2026-08-18 00:00:00 UTC,2026-08-18 00:00:00+00:00,10.1021/jacs.6c06113,Fuqiang Huang,"Abstract Interfacial instability in electrochemical systems remains a fundamental challenge, particularly in high-nickel layered oxides where reactive surfaces drive parasitic chemistry even under near-equilibrium conditions. Here, we elucidate the chemical origins of storage-induced degradation in LiNi0.8Mn0.1Co0.1O2 cathodes, showing that electrolyte decomposition and interfacial Ni dissolution are correlated processes that govern capacity loss during storage. Building on this mechanistic insight, we develop a data-driven framework for engineering cathode–electrolyte interphases (CEIs) by integrating density functional theory with machine-learning interatomic potentials. This approach enables rapid evaluation of molecular descriptors for a diverse set of electrolyte additives. Unsupervised clustering highlights lithium bis(oxalato)borate (LiBOB) and lithium trifluoromethanesulfinate as effective CEI-forming additives. Experimental validation confirms that incorporating 0.05 M LiBOB significantly stabilizes the interface, improving capacity retention from 82% to 95.5% after 28 days of storage at 60 °C, with consistent behavior in a pouch cell. Furthermore, interfacial stability is assessed using distribution-of-relaxation-time analysis, providing a practical descriptor for evaluating CEI evolution. This work establishes a generalizable, data-driven strategy for understanding and controlling interfacial reactivity in metastable electrochemical systems.",crossref,0
Heatwaves expose weak links in food systems,https://www.nature.com/articles/d41586-026-02577-3,Nature,2026-08-18 00:00:00 UTC,2026-08-18 00:00:00+00:00,10.1038/d41586-026-02577-3,Shuyu Yang,Letter to the Editor,nature_html,0
Decoding TnsC Filament Assembly in CRISPR-Associated Transposons Using Interpretable Deep Learning and Molecular Simulations,https://pubs.acs.org/jacsat/article/doi/10.1021/jacs.6c05500/5274721/Decoding-TnsC-Filament-Assembly-in-CRISPR,Journal of the American Chemical Society: Latest Articles (ACS Publications),2026-08-18 00:00:00 UTC,2026-08-18 00:00:00+00:00,10.1021/jacs.6c05500,Giulia Palermo,"Abstract CRISPR-associated transposons (CASTs) enable programmable DNA integration, yet how the TnsC regulator forms processive filaments on DNA to coordinate RNA-guided transposition in type V-K CAST systems remains unknown. Here, we integrate large-scale molecular simulations, interpretable deep learning using graph attention networks (GATs), and causal inference analyses to define the molecular determinants of TnsC filament nucleation and elongation. We show that TnsC nucleates by inducing localized DNA deformation that propagates along extended filaments, with Granger causality revealing that TnsC motions precede and predict DNA deformation. Interpretable GAT models demonstrate that elongation is determined during early recognition between incoming and DNA-bound subunits, followed by structural reorganization that regenerates the recruitment interface and enables processive assembly. These results elucidate the molecular mechanism of processive TnsC filament assembly and explain why isolated TnsC filaments preferentially elongate in the 5′ → 3′ direction, while accessory transposition factors can reshape the interaction landscape and alter filament growth polarity. Together, these findings advance our understanding of CAST function and inform the engineering of programmable DNA integration platforms. Beyond CAST systems, this work introduces an interpretable GAT approach as a general and transferable deep learning strategy for uncovering molecular mechanisms in biological systems, while demonstrating the power of causal inference for dissecting directional relationships in molecular dynamics.",crossref,0
Bridging ambient- and high-pressure superconductivity in La2LnNi2O7 films,https://www.nature.com/articles/s41563-026-02695-3,Nature Materials,2026-08-18 00:00:00 UTC,2026-08-18 00:00:00+00:00,10.1038/s41563-026-02695-3,Atsushi Tsukazaki,"The discovery of high critical-temperature $T_{\mathrm{c}}$ superconductivity near 80 K in bilayer nickelates under high pressure has sparked extensive studies. While superconductivity exceeding 40 K was subsequently discovered at ambient pressure in compressively strained films, the relationship between ambient- and high-pressure regimes remains an open question. Here we present a systematic investigation of superconductivity in compressively strained La$_2$LnNi$_2$O$_7$ films (Ln = lanthanides) at ambient and high pressures. The normal-state resistivity at ambient pressure, revealed by suppressing superconductivity with magnetic fields of 59 T, tends toward $T^2$ behaviour. Under high pressure in a cubic-anvil cell, $T_{\mathrm{c}}$ was enhanced from 41-42 K at ambient pressure to 67-73 K at 16 GPa. On the other hand, lattice compression induced by Ln substitution, which may mimic effects of pressure, lowers $T_{\mathrm{c}}$. In both cases, $T_{\mathrm{c}}$ correlates with the evolution of normal-state transport between $T^2$ and $T$-linear behaviour, offering insight into the interplay between lattice structure and superconductivity in bilayer nickelates.",semanticscholar,0
Intranasal vaccines by precision printing,https://www.nature.com/articles/s41563-026-02696-2,Nature Materials,2026-08-18 00:00:00 UTC,2026-08-18 00:00:00+00:00,10.1038/s41563-026-02696-2,Xing Wang,"Three-dimensional DNA origami nanocarriers with surface-patterned antigens exhibit enhanced mucosal retention and trigger potent, localized respiratory immunity against respiratory syncytial virus.",rss_nature,0
Design of Chiral Antimony Catalyst for Ring-Opening Reaction of Epoxides with Anilines,https://pubs.acs.org/jacsat/article/doi/10.1021/jacs.6c13007/5268168/Design-of-Chiral-Antimony-Catalyst-for-Ring,Journal of the American Chemical Society: Latest Articles (ACS Publications),2026-08-18 00:00:00 UTC,2026-08-18 00:00:00+00:00,10.1021/jacs.6c13007,Bin Tan,"Abstract Pnictogen-bonding catalysis has emerged as a promising tool for noncovalent transformations; however, its application in asymmetric catalysis remains in its infancy, largely due to the scarcity of efficient chiral catalysts and activating modes. Herein, we report a new class of chiral antimony catalysts featuring strong σ-hole strength and a tunable chiral environment, which are readily assembled from tetraarylantimony bromides bearing electron-withdrawing substituents and chiral silver phosphates. These catalysts enable the asymmetric ring-opening of epoxides with anilines, affording a range of chiral β-amino alcohols in high yields and with excellent enantioselectivities. Mechanistic studies, including control experiments, NMR spectroscopy, and DFT calculations, reveal that this enhanced σ-hole character is crucial for the electrophilic activation of epoxides. Collectively, this work establishes chiral antimony catalysts as a powerful and general platform for asymmetric pnictogen-bonding catalysis.",crossref,0
Small-Molecule-Directed RNA Modification via Proximity-Driven Catalysis,https://pubs.acs.org/jacsat/article/doi/10.1021/jacs.6c13298/5275674/Small-Molecule-Directed-RNA-Modification-via,Journal of the American Chemical Society: Latest Articles (ACS Publications),2026-08-18 00:00:00 UTC,2026-08-18 00:00:00+00:00,10.1021/jacs.6c13298,Ru-Yi Zhu,"Abstract Selective chemical modification of RNA is essential for RNA functionalization, probing RNA structure–function relationships and developing RNA-targeted therapeutics. Existing chemical strategies often rely on guanine accessibility or multiple helper DNA strands, restricting their generality and biological applicability. Inspired by DNA-guided DMAP catalysis and small-molecule binding-induced cross-linking, we report a small-molecule-directed, DMAP-catalyzed, proximity-driven strategy for site-selective RNA functionalization. By appending a catalytic DMAP moiety to RNA-binding ligands, 2′-OH groups are selectively acylated in the presence of azide-bearing acyl donors, enabling subsequent installation of bioorthogonal handles. This approach was validated across diverse RNAs, including Pepper and Clivia RNA aptamers, G-quadruplex Broccoli RNA, and endogenous FMN riboswitch RNA. For a 400 nt Pepper-7SK fusion, selective modification of the Pepper motif was achieved with minimal perturbation to the nucleus localization function of 7SK RNA. Optimized PEG-pentafluorophenyl (PFP) acyl donors provided enhanced reactivity and low background. The method operates catalytically, decouples ligand recognition from the labeling moiety, and enables selective enrichment of target RNAs, offering a versatile platform for RNA functionalization, ligand profiling, and potentially live-cell applications.",crossref,0
Cities need robust carbon dioxide removal strategies to meet net-zero targets,https://www.nature.com/articles/s41558-026-02676-z,Nature Climate Change,2026-08-18 00:00:00 UTC,2026-08-18 00:00:00+00:00,10.1038/s41558-026-02676-z,Felix Creutzig,"Leading European cities race to reach net-zero emissions, but residual emissions are tied to easier-to-abate sectors and temporary, land-intensive carbon removal for compensation. To keep climate neutrality credible and fair, policy must tighten expectations on cutting emissions and set clear rules for carbon removal and credits.",rss_nature,0
Near-Adjacent Heavy Lanthanide Separation and Sensing Using Dimerizing Lanmodulins,https://pubs.acs.org/jacsat/article/doi/10.1021/jacs.6c08525/5267319/Near-Adjacent-Heavy-Lanthanide-Separation-and,Journal of the American Chemical Society: Latest Articles (ACS Publications),2026-08-18 00:00:00 UTC,2026-08-18 00:00:00+00:00,10.1021/jacs.6c08525,Joseph A. Cotruvo,"Abstract Protein-based recovery, detection, and separation of rare earth elements (REs) have accelerated since the discovery of the lanmodulin (LanM) proteins. While exceptional at total RE recovery, prior proteins, like most ligands, exhibited limited ability to differentiate REs, whether in detection or separations. Here we report two dimerizing LanMs (Al-LanM and Xan-LanM) that address these challenges. Uniquely among biomolecules, these proteins promote luminescence of up to six specific REs, enabling their use as biosensors to prospect for bacteria that accumulate the valuable heavy RE, terbium. The average adjacent-element separation factor (SF) for Al-LanM and structure-guided variants over the range of 11 REs, Nd–Lu, is 2.1, among the best for any ligand, protein or otherwise. By construction and immobilization of tandem dimers of Al-LanM competent to self-dimerize, we nearly double SF(Nd/Dy) relative to the immobilized monomer, establishing that protein dimerization amplifies RE discrimination. Leveraging this on-column dimerization behavior, we achieve separation of Y, Dy, Gd, Sm, and Nd from one another to &gt;95% purities from a mixed-RE leachate derived from allanite ore, with just one pH step per element. In achieving robust protein-based separations with the simplest desorption scheme to date, our work highlights the many knobs biology uses to tune metal ion selectivity and introduces high-performance bioligands to identify heavy RE-accumulating organisms and to separate the most valuable REs, NdIII–LuIII.",crossref,0
Quantitative Dynamics and Modulation of Reactive Oxygen Species in Aqueous Microdroplets,https://pubs.acs.org/jacsat/article/doi/10.1021/jacs.6c00504/5270929/Quantitative-Dynamics-and-Modulation-of-Reactive,Journal of the American Chemical Society: Latest Articles (ACS Publications),2026-08-18 00:00:00 UTC,2026-08-18 00:00:00+00:00,10.1021/jacs.6c00504,Jae Kyoo Lee,"Abstract Reactive oxygen species (ROS) such as hydroxyl radical (·OH), superoxide radical (O2·–), and hydrogen peroxide (H2O2) differ strongly in reactivity and function. This diversity makes it challenging to regulate ROS-driven chemistry while minimizing undesired side reactions. In conventional ROS-generation platforms, rapid interconversion among these species couples their formation and decay, limiting control over which ROS dominate under a given set of conditions. Aqueous microdroplets have emerged as a distinct reaction environment in which ROS are spontaneously generated at the air–water interface, yet how environmental parameters quantitatively shape ROS speciation and interconversion remains poorly understood. Here, we quantitatively measure ·OH, O2·–, and H2O2 as functions of droplet size, reaction time, and pH in aqueous microdroplets. These measurements reveal a characteristic temporal sequence in which ·OH dominates at early stages, followed by O2·– and ultimately H2O2. This sequence is strongly modulated by pH, which shifts the system between ·OH-rich acidic regimes and O2·– /H2O2-rich alkaline regimes. To rationalize these observations, we develop a minimal nonstationary kinetic framework that captures the coupled interconversion dynamics among ·OH, O2·–, and H2O2 and reproduces their redistribution across experimental conditions. Together, these results establish a quantitative description of ROS dynamics in a nonstationary microdroplet interfacial system and provide a mechanistic basis for rational modulation of ROS speciation in microdroplet redox chemistry.",crossref,0
Pro-Atropisomeric Ynamides as Starting Materials for the Synthesis of C–N Atropisomers by Dynamic Kinetic Resolution Reactions,https://pubs.acs.org/jacsat/article/doi/10.1021/jacs.6c11216/5275800/Pro-Atropisomeric-Ynamides-as-Starting-Materials,Journal of the American Chemical Society: Latest Articles (ACS Publications),2026-08-18 00:00:00 UTC,2026-08-18 00:00:00+00:00,10.1021/jacs.6c11216,Roly J. Armstrong,"Abstract Tertiary N-sulfonyl anilides in which the aromatic ring bears a bulky ortho-substituent typically display robust atropisomerism as a result of slow C–N bond rotation. There is intense interest in such molecules, but methods for their catalytic enantioselective synthesis remain underdeveloped. In this work, we report that N-sulfonyl ynamides, in which the nitrogen atom bears an alkynyl substituent, undergo rapid racemization on the time scale of seconds making them an ideal class of starting materials for dynamic kinetic resolution reactions to access C–N atropisomeric targets. We have shown that these ynamides can be straightforwardly prepared and undergo a wide range of different transformations, including hydration, rearrangement, oxidation, (hetero)annulation, and addition processes. All of these reactions lead to a remarkable enhancement in configurational stability, with the products racemizing 5–12 orders of magnitude more slowly than the corresponding ynamide precursors. This is an ideal scenario to achieve dynamic kinetic resolution, a concept which has been validated by the development of a catalytic asymmetric sulfa-Michael addition reaction of pro-atropisomeric ynamides, which delivers highly enantioenriched C–N atropisomeric enamides in up to 97% yield and 97:3 e.r. Detailed experimental and computational studies were performed to explore the origins of asymmetry in this process, and the utility of the novel products was established through a series of derivatization reactions.",crossref,0
Integrating shipping growth and ballast water management to assess invasive species risks,https://www.nature.com/articles/s41893-026-01891-y,Nature Sustainability,2026-08-18 00:00:00 UTC,2026-08-18 00:00:00+00:00,10.1038/s41893-026-01891-y,Sarah A. Bailey,"Maritime shipping is a leading vector for marine bioinvasions, and ballast water regulations now apply to all international ships. A study now shows that growth in shipping traffic could amplify the global invasion risk to 94–900% of the 2018 baseline by 2100, even under widespread treatment compliance.",rss_nature,0
Mapping hunting probability across the tropics in space and time,https://www.nature.com/articles/s41893-026-01924-6,Nature Sustainability,2026-08-18 00:00:00 UTC,2026-08-18 00:00:00+00:00,10.1038/s41893-026-01924-6,Ana Benítez-López,"Hunting wildlife for food and trade purposes (for example, pets, ornaments) can contribute to species extinctions, warranting informed policy and interventions to curb overexploitation. Towards such goals, the authors here estimate the spatial footprint of hunting probability across the global tropics.",rss_nature,0
Bidirectional Allosteric Ligand Regulation in a Central Glycolytic Enzyme,https://pubs.acs.org/jacsat/article/doi/10.1021/jacs.6c08065/5268292/Bidirectional-Allosteric-Ligand-Regulation-in-a,Journal of the American Chemical Society: Latest Articles (ACS Publications),2026-08-18 00:00:00 UTC,2026-08-18 00:00:00+00:00,10.1021/jacs.6c08065,Anum Glasgow,"Abstract Allosteric regulation enables fine-tuned control of enzyme activity in response to cellular signals, yet its molecular basis often remains unclear. Phosphofructokinase-1 (PFK), the highly conserved, rate-limiting glycolytic enzyme, is a paradigm for Monod–Wyman–Changeux allosteric kinetics. However, X-ray crystal structures of bacterial PFK orthologs in distinct ligand-bound states do not show the consistent, concerted structural rearrangements expected for classical “relaxed” and “tense” states, revealing a decades-long disconnect between structure and function. We resolve this paradox by integrating biophysical and computational approaches to show that activator and inhibitor binding to the same allosteric pocket differentially reweight the conformational ensemble ofEscherichia coli PFK. Activator binding enriches conformational substates that preorganize the catalytic site, whereas inhibitor binding upweights apo-like, catalytically incompetent substates. These findings establish an ensemble-based mechanism for PFK regulation and provide an energetic framework for understanding the expanded allosteric architecture of eukaryotic PFK orthologs.",crossref,0
Phased fuel transitions for decarbonizing the Asia–Europe Green Shipping Corridor,https://www.nature.com/articles/s41893-026-01878-9,Nature Sustainability,2026-08-18 00:00:00 UTC,2026-08-18 00:00:00+00:00,10.1038/s41893-026-01878-9,Kuishuang Feng,"International shipping stands at a pivotal juncture in its decarbonization efforts, yet a comprehensive assessment of viable fuel transition pathways remains scarce. Here we develop a dynamic life cycle assessment framework integrated with system dynamics to evaluate 13 alternative marine fuels (for example, ammonia, methanol, hydrogen and soybean-based biodiesel) for the Asia–Europe Green Shipping Corridor through 2050. The framework incorporates climate impacts, environmental sustainability, energy efficiency and economic feasibility. Under three scenarios (Business as Usual, Most Economical and Maximum Carbon Reduction), this study accounts for key dynamic parameters, including technology learning curves. Results indicate a phased transition: soybean-based biodiesel offers a near-term solution, while electrofuels dominate after 2040. The International Maritime Organization’s Net-Zero Framework progressively narrows regional cost–emission gaps, whereas the European Union’s FuelEU Maritime regulation introduces a cost premium of up to 7.6%. These results indicate that policy design and regulatory stringency substantially shape fuel transition trajectories for maritime decarbonization. Shipping remains almost entirely reliant on fossil fuels, and identifying viable fuel transition pathways under evolving regulations is a key challenge. A study now evaluates 13 alternative marine fuels for the Asia–Europe corridor, revealing phased transitions shaped by policy design and timing.",semanticscholar,0
Phased fuel transition for low-carbon shipping,https://www.nature.com/articles/s41893-026-01907-7,Nature Sustainability,2026-08-18 00:00:00 UTC,2026-08-18 00:00:00+00:00,10.1038/s41893-026-01907-7,Kuishang Feng,"Along the Asia–Europe shipping corridor, biofuels offer the strongest near-term option, potentially cutting greenhouse gas emissions by 31–47%, while electrofuels become more competitive after 2040 under the International Maritime Organization Net-Zero Framework. Policymakers could therefore adopt a phased strategy that prioritizes biofuels now and prepares infrastructure for electrofuels after 2040, to avoid locking shipping into transitional fossil fuels. Prioritize sustainable biofuels for near-term cuts in greenhouse gas emissions. Expand renewable electricity supply to unlock the full climate benefits of electrofuels. Align regional carbon intensity targets with local electricity mixes. Anchor regulatory design in the IMO Net-Zero Framework for long-term investment stability. Prioritize sustainable biofuels for near-term cuts in greenhouse gas emissions. Expand renewable electricity supply to unlock the full climate benefits of electrofuels. Align regional carbon intensity targets with local electricity mixes. Anchor regulatory design in the IMO Net-Zero Framework for long-term investment stability.",semanticscholar,0
Beyond the engine room,https://www.nature.com/articles/s41893-026-01919-3,Nature Sustainability,2026-08-18 00:00:00 UTC,2026-08-18 00:00:00+00:00,10.1038/s41893-026-01919-3,,"Technological progress can help address the environmental impacts of shipping, but implementing solutions remains slow and problematic. Understanding shipping as a complex physical, economic and governance system is the key to accelerating a sustainable transition.",rss_nature,0
Poromechanical toughening in tensile fracture of saturated solids,https://www.nature.com/articles/s41467-026-76352-3,Earth and environmental sciences : Nature Communications subject feeds,2026-08-18 00:00:00 UTC,2026-08-18 00:00:00+00:00,,Mathias Lebihain,"Fracture in fluid-saturated porous solids is governed not only by solid mechanics but also by fluid flow within the pore space. In systems ranging from geomaterials to biological tissues, deformation in the near-tip region perturbs pore pressure and thereby alters crack growth. Yet these pore-fluid effects have largely been inferred rather than directly observed. Here, we perform in situ pore-pressure measurements during controlled tensile rupture of a water-saturated microporous cement. We demonstrate that a propagating crack generates a localized underpressure ahead of its tip, providing a direct experimental signature of poromechanical coupling. The amplitude of this transient pressure drop scales with the square root of crack velocity, in agreement with poroelastic theory. This underpressure reduces the effective stress near the crack tip, leading to a coupled mechanical response: the apparent fracture energy doubles across the tested velocity range while the fracture process zone shrinks by half. Our findings reveal poromechanical coupling as a rate-dependent control on fracture in saturated porous materials, governed by effective stress changes induced by competing fluid diffusion and crack advance.",nature_html,0
Best practices for measuring the performance and stability of indoor photovoltaic devices,https://www.nature.com/articles/s41560-026-02101-x,Nature Energy,2026-08-18 00:00:00 UTC,2026-08-18 00:00:00+00:00,10.1038/s41560-026-02101-x,Thomas M. Brown,"A major challenge for indoor photovoltaics is the absence of harmonized testing protocols, standards, and shared performance benchmarks. This Consensus Statement outlines recommended practices for testing and reporting device performance, power, efficiency and stability.",rss_nature,0
The Many Applications of Electrostatic Adsorption for the Preparation of Supported Metal Nanoparticles,https://pubs.acs.org/chreay/article/doi/10.1021/acs.chemrev.5c01067/5272542/The-Many-Applications-of-Electrostatic-Adsorption,Chemical Reviews: Latest Articles (ACS Publications),2026-08-18 00:00:00 UTC,2026-08-18 00:00:00+00:00,10.1021/acs.chemrev.5c01067,John M. M. Tengco,"Abstract A simple, scientific method to prepare supported metal nanoparticles was proposed almost 50 years ago, which utilizes the protonation–deprotonation chemistry of the nascent hydroxyl groups that populate typical support surfaces. In aqueous solution, these can be protonated and so positively charged in the pH range below the point of zero charge (PZC) of the support, and deprotonated and negatively charged above the support PZC. An oppositely charged metal complex in the impregnating solution will experience a strong electrostatic attraction to the surface and will be firmly anchored during drying. The metal nanoparticles produced after thermochemical conversion of the dried precursor are typically small (&lt;2 nm) and tightly sized. In this review, the past 50 years of literature reporting this method have been summarized and critiqued. Electrostatic adsorption has been applied for 1) the preparation of single metal nanoparticles on a wide variety of supports, including single-atom catalysts, 2) well alloyed bimetallic and dilute limit nanoparticles, and 3) selective metal deposition over composite supports. The method has been extended to 4) incipient wetness impregnation and, most recently, to 5) formed catalyst supports. The limitations, troubleshooting, and future directions of this method are discussed.",crossref,0
Krypton-sputtered tantalum films for scalable high-performance quantum devices,https://www.nature.com/articles/s41563-026-02718-z,Nature Materials,2026-08-18 00:00:00 UTC,2026-08-18 00:00:00+00:00,10.1038/s41563-026-02718-z,Valla Fatemi,"Superconducting qubits and microwave resonators based on tantalum thin films have recently demonstrated large increases in performance. This makes Ta an attractive material for superconducting quantum computing applications, but so far direct deposition has largely relied on high substrate temperatures exceeding 400 °C to achieve the cubic (bcc) phase of tantalum. Here we show that changing the sputter gas from argon to krypton promotes synthesis of bcc tantalum films on silicon at temperatures as low as 200 °C. This provides a wide process window compatible with back-end-of-line fabrication standards. The microwave performance of coplanar-waveguide resonators fabricated from krypton-sputtered films shows an excellent tight performance distribution. Higher-temperature-grown films exhibit higher losses, in correlation with the degree of tantalum-silicon intermixing. Finally, we demonstrate with these films transmon qubits with a compact, 20-μm capacitor gap, achieving quality factors up to 16.9 million.",pubmed,0
Conceptual Shift in Our Understanding of Degenerate Radical Spin Systems: Spin-Rotation Coupling Turned on Its Head,https://pubs.acs.org/jacsat/article/doi/10.1021/jacs.6c05615/5272220/Conceptual-Shift-in-Our-Understanding-of,Journal of the American Chemical Society: Latest Articles (ACS Publications),2026-08-18 00:00:00 UTC,2026-08-18 00:00:00+00:00,10.1021/jacs.6c05615,Joseph E. Subotnik,"Abstract For most chemists, Kramers’ degeneracy refers to the fact that for any radical system, every potential energy surface is at least doubly degenerate (with spin up and spin down, time-reversed solutions) for all nuclear positions X. Yet, as is well-known to the community of spin chemists, one can experimentally detect a splitting of most rotational levels for a doublet system, highlighting that nuclear motion breaks the spin degeneracy of such Born–Oppenheimer (BO) electronic states. Thus, the implications of BO degeneracy are very limited for spectroscopy unless one further includes nuclear-electronic entanglement in a robust fashion; indeed, understanding radical molecules (and the degeneracy of their stationary states) can be quite nonintuitive within the paradigm of BO potential energy surfaces. As an alternative to BO theory, recent developments have suggested characterizing radical potential energy surfaces as functions of both nuclear position X and nuclear momentum P, an approach which has been shown to recover a host of observables outside of BO theory, e.g., vibrational circular dichroism, Raman optical activity, and lambda-doubling. Here, we show that such a technique predicts that different spin states will follow different (nondegenerate) potential energy surfaces and that the differences in these spin-dependent surfaces are quantitatively consistent with experimental spin-rotation couplings─all without contradiction to overall Kramers’ degeneracy. Thus, the present finding suggests that there is still much to learn about spin-resolved molecular reactivity, demanding a conceptual shift in our understanding of coupled spin-nuclear motion, especially in chiral molecules and materials where spin-separation is known to arise.",crossref,0
Black carbon emissions and climate impacts of cost-saving Arctic transit shipping through 2050,https://www.nature.com/articles/s41893-026-01877-w,Nature Sustainability,2026-08-18 00:00:00 UTC,2026-08-18 00:00:00+00:00,10.1038/s41893-026-01877-w,Huan Liu,"Arctic transit routes offer economic gains from shorter voyages but increase regional black carbon deposition on snow and ice. A study now models the economic benefits and climate impacts of Arctic transit shipping through 2050, exploring the trade-offs of different policies.",rss_nature,0
Wood Ash Lye as a Sustainable Alkaline Activator for Halloysite Nanotube-Based Geopolymers with Improved Performance and Durability,https://pubs.acs.org/aamick/article/doi/10.1021/acsami.6c14048/5268347/Wood-Ash-Lye-as-a-Sustainable-Alkaline-Activator,ACS Applied Materials & Interfaces: Latest Articles (ACS Publications),2026-08-18 00:00:00 UTC,2026-08-18 00:00:00+00:00,10.1021/acsami.6c14048,Giuseppe Lazzara,"Abstract Geopolymers are promising inorganic binders and alternative cementitious materials due to their high mechanical performance, durability, and reduced environmental impact in comparison with Portland cement. Nevertheless, the application of geopolymeric materials is limited due to the use of conventional alkaline activators, such as sodium hydroxide, which are associated with energy-intensive production and safety concerns. In this study, wood ash lye has been explored as a sustainable and low-cost alternative alkaline activator for the synthesis of geopolymers based on natural halloysite nanotubes, which represent the aluminosilicate precursors. The effects of the activator (wood ash lye or sodium hydroxide) and curing temperature (25 and 50 °C) on the structural, textural, mechanical, and durability-related properties of the geopolymeric materials have been investigated. Lye-activated geopolymers exhibit a more compact structure and reduced microporosity. Specifically, lye-activated samples cured at 50 °C exhibit superior mechanical stiffness, achieving a strain of 0.58% under 18 N compression compared to the NaOH-activated sample (2.83%), as well as a reduced moisture uptake (9.4 vs 13.0% after 72 h). Furthermore, lye activation provided enhanced thermal shielding, reducing the initial heating rate under flame exposure from 290 °C min–1 (pristine halloysite) to 35 °C min–1, while maintaining full structural integrity during water immersion testing, lower moisture uptake, and improved resistance to water immersion with respect to materials activated by sodium hydroxide. These findings demonstrate that wood ash lye is an effective alkaline activator and represents a viable strategy for biomass ash valorization and development of sustainable geopolymeric materials.",crossref,0
A Site-Specific Organometallic Approach for Installing Tyrosine Phosphorylation Mimics to Decipher the Role of Phosphorylation in α-Synuclein Aggregation and Seeding,https://pubs.acs.org/jacsat/article/doi/10.1021/jacs.6c12345/5267321/A-Site-Specific-Organometallic-Approach-for,Journal of the American Chemical Society: Latest Articles (ACS Publications),2026-08-18 00:00:00 UTC,2026-08-18 00:00:00+00:00,10.1021/jacs.6c12345,Hilal A. Lashuel,"Abstract Several studies have identified phosphorylation of α-synuclein (aSyn) at multiple tyrosine residues (Y39, Y125, Y133, and Y136) within Lewy bodies (LB), which are the pathological hallmarks of Parkinson’s disease (PD). However, understanding the specific role of phosphorylation at each site, or how multiple phosphorylation sites interact, has been challenging. Herein, we present an efficient method that leverages an organometallic Pd-complex to site-specifically attach phosphomimetic groups via Cys-arylation, closely mimicking natural phosphorylation. Using this approach, we successfully incorporated native-like tyrosine phosphorylation mimics into cysteine-containing proteins like synthetic transcription factor Max and recombinant aSyn, in good yields. To demonstrate the method’s versatility, we created a focused library of mono-, di-, and triphosphorylated aSyn analogues. This development enabled, for the first time, the investigation of the effect of site-specific phosphorylation at multiple C-terminal tyrosine residues on aSyn fibrillization and aggregation. Our results show that monophosphorylation at any of the C-terminal sites has little effect on aggregation, while di- and triphosphorylation slows down the process, extending the lag phase compared to wild-type aSyn. Additionally, phosphorylation at Y39 reduces the seeding activity of aSyn fibrils by almost 2–4-fold in both mammalian and neuronal models of synuclein pathology. Overall, our strategy provides a rapid, selective, and scalable way to introduce aromatic PTMs, producing homogeneous protein libraries essential for mechanistic studies, biomarker development, and exploring the therapeutic potential of targeting aSyn-phosphorylation for PD and related disorders.",crossref,0
Chitosan Microspheres Incorporating Doxorubicin-Loaded Mesoporous Silica Nanoparticles as a Potential Multifunctional Platform for Postoperative Osteosarcoma Management,https://pubs.acs.org/aamick/article/doi/10.1021/acsami.6c10239/5275736/Chitosan-Microspheres-Incorporating-Doxorubicin,ACS Applied Materials & Interfaces: Latest Articles (ACS Publications),2026-08-18 00:00:00 UTC,2026-08-18 00:00:00+00:00,10.1021/acsami.6c10239,Lin Xiao,"Abstract Osteosarcoma remains a major clinical challenge owing to its high recurrence rate, metastatic potential, and the frequent need for postoperative bone reconstruction. Here, we report a multifunctional platform consisting of doxorubicin-loaded mesoporous silica nanoparticles (DOX@MSN) embedded within chitosan microspheres (DMCS). The DMCS microspheres, with diameters of 100–200 µm, were fabricated by emulsion crosslinking and achieved a DOX encapsulation efficiency of 71.82% and a drug loading content of 17.95%. The platform exhibited pH-responsive drug release, with markedly enhanced DOX release under mildly acidic conditions relevant to the tumor microenvironment. In vitro, DMCS demonstrated favorable hemostatic and antitumor effects, while DOX@MSN showed preferential uptake by K7M2-WT osteosarcoma cells compared with MC3T3-E1 preosteoblasts. In addition, MCS microspheres, used as the DOX-free analog of DMCS, promoted osteogenic differentiation of MC3T3-E1 cells, as evidenced by increased alkaline phosphatase activity, matrix mineralization, and upregulation of osteogenesis-related genes, including Runx2, Col1A1, OPN, and OCN. In vivo, the platform enabled rapid hemostasis, effective inhibition of residual osteosarcoma after resection, and enhanced bone regeneration. Given that this is, to the best of our knowledge, the first attempt to integrate these three key functions within a single postoperative osteosarcoma-oriented system, the primary objective of this proof-of-concept study was to establish clear evidence for each function individually. This work defines key design principles and a functional validation framework for the development of next-generation integrated platforms for postoperative osteosarcoma management.",crossref,0
Engineered Long-Acting Mild Hyperthermia Microneedle Patches for Personalized Therapy of Infected Diabetic Wounds,https://pubs.acs.org/aamick/article/doi/10.1021/acsami.6c10288/5268377/Engineered-Long-Acting-Mild-Hyperthermia,ACS Applied Materials & Interfaces: Latest Articles (ACS Publications),2026-08-18 00:00:00 UTC,2026-08-18 00:00:00+00:00,10.1021/acsami.6c10288,Xingyu Chen,"Abstract The clinical treatment of chronically infected wounds faces multiple challenges, including antibiotic resistance, imprecise thermal control, and frequent dressing changes that hinder healing. Herein, we developed a multifunctional mild hyperthermic microneedle patch (GPD-NAS@PDA MN) based on the reversible phase-transition characteristics of lower critical solution temperature (LCST) thermoresponsive polymers, enabling single-application administration and precise long-term temperature regulation. Under near-infrared irradiation (NIR), the backing layer can actively protect surrounding normal tissues while efficiently killing bacteria and eradicating biofilms, thereby reducing reliance on antimicrobial agents. The needle tip continuously releases the angiogenic drug deferoxamine mesylate (DFO) via a stable network structure, synergistically promoting angiogenesis and tissue repair through photothermal effects. Transcriptomic analysis reveals that this system can regulate pathways related to oxidative stress and metabolic networks. In vivo studies confirm that the wound healing rate of the GPD-NAS@PDA MN is as high as 93.55% on the 14th day after a single application, thereby avoiding secondary tissue damage. In summary, the multifunctional microneedle system integrates precise hyperthermia, potent antibacterial and anti-biofilm activity, and anti-inflammatory and pro-angiogenic functions, avoiding the complexity of multiple drug combinations and frequent dressing changes in traditional therapies and providing a promising personalized strategy for chronic wound management.",crossref,0
A Coral-Inspired Photoluminescent Phase-Change Material for Passive Radiative Cooling and Waste-Heat Harvesting,https://pubs.acs.org/aamick/article/doi/10.1021/acsami.6c10327/5275470/A-Coral-Inspired-Photoluminescent-Phase-Change,ACS Applied Materials & Interfaces: Latest Articles (ACS Publications),2026-08-18 00:00:00 UTC,2026-08-18 00:00:00+00:00,10.1021/acsami.6c10327,Kaihua Yang,"Abstract Addressing the escalating heat challenges driven by global warming requires advanced thermal management materials with both high cooling efficiency and energy recovery capability. A biomimetic passive radiative cooling material (BPPM), inspired by the hierarchical porous structure and visible luminescent appearance of corals, is developed to simultaneously harness environmental light and heat. BPPM integrates a porous cellulose acetate (CA) matrix with photoluminescent phase-change microcapsules (PL-PCs), exhibiting a PL-assisted apparent solar reflectance of 100.26% arising from the combined effects of PL-PC photoluminescence and Mie scattering, and an infrared emissivity of 97.71% within the atmospheric window via the molecular vibrations of CA and lattice vibrations of the CaWO4 shell. Under a custom-built outdoor radiative-cooling test configuration, BPPM achieved an average daytime cooling effect of 13.96 ± 1.25 °C relative to the chamber temperature. The BPPM coating also lowered the simulated oil-pillow surface temperature by 17.4 °C and reduced the internal oil temperature. Coupling with a thermoelectric module enables the conversion of low-grade thermal energy into a stable 0.6 V output, while accelerated aging tests show 93% performance retention after 72 h, with substantial performance maintained after 288 h. Building simulations further reveal that annual cooling energy consumption can be reduced by over 20% when BPPM is used as an envelope material. These results in strong potential of BPPM as a zero-energy thermal management material for energy-efficient buildings and cooling applications.",crossref,0
Uniform Helical 3D Microflowers from Single-Component Hierarchical Assembly,https://pubs.acs.org/aamick/article/doi/10.1021/acsami.6c12055/5265223/Uniform-Helical-3D-Microflowers-from-Single,ACS Applied Materials & Interfaces: Latest Articles (ACS Publications),2026-08-18 00:00:00 UTC,2026-08-18 00:00:00+00:00,10.1021/acsami.6c12055,Shanshan Yu,"Abstract This study demonstrates the template-free preparation of uniform macroscopic helical flower-like structures from a solution of a single axially chiral compound via simple annealing. To achieve a balance between structural flexibility and rigidity while introducing hydrogen-bonding sites, the molecular design connects the binaphthalene-azobenzene core to the terminal benzoic acid groups via flexible alkyl chains. The synthesized microflower displays a highly ordered, “windmill-like” spiral architecture, exhibiting unambiguous handedness. This structure achieves a clear macroscopic manifestation of chirality. Morphological analysis traces the macroscopic chirality to screw dislocation formation and progressive twist accumulation within the lamellae. Crystallographic and spectroscopic evidence reveals that these defects originate from solvent-hydrogen-bond-directed interlayer slip and precise axial chirality transfer through helical molecular chain formation. This work provides a straightforward route to macroscopically chiral structures with elegant and intricate morphologies, providing a new paradigm for the expression and amplification of molecular axial chirality at the macroscopic scale.",crossref,0
Rapidly Liver-Accumulating BiOCl@ITA Nanozyme for Synergistic ROS Scavenging and Macrophage Reprogramming in APAP-Induced Liver Injury,https://pubs.acs.org/aamick/article/doi/10.1021/acsami.6c08667/5269078/Rapidly-Liver-Accumulating-BiOCl-ITA-Nanozyme-for,ACS Applied Materials & Interfaces: Latest Articles (ACS Publications),2026-08-18 00:00:00 UTC,2026-08-18 00:00:00+00:00,10.1021/acsami.6c08667,Jiacheng Li,"Abstract Acetaminophen (APAP) overdose is the leading cause of acute liver failure worldwide, yet existing therapy relies solely on N-acetylcysteine (NAC), whose efficacy diminishes markedly beyond an 8−10 h therapeutic window. The underlying pathology involves a self-amplifying cycle of reactive oxygen species (ROS) overproduction and macrophage-mediated inflammation, and strategies that concurrently scavenge ROS, reprogram macrophage polarization, and attenuate hepatocyte apoptosis remain lacking. Itaconate (ITA), an endogenous anti-inflammatory metabolite, suffers from poor membrane permeability and lacks intrinsic ROS-scavenging capacity. Herein, we constructed BiOCl@ITA by integrating defect-engineered bismuth oxychloride (BiOCl) with surface-loaded ITA. Oxygen vacancy engineering confers intrinsic superoxide dismutase (SOD)- and catalase (CAT)-mimicking activities under stimulus-free conditions. BiOCl@ITA showed rapid accumulation in the liver within 0.5 h after intraperitoneal administration and was efficiently internalized by both hepatocytes and macrophages in vitro. Moreover, BiOCl@ITA virtually eliminated intracellular ROS and attenuated APAP-induced hepatocyte injury, while also reprogramming LPS-stimulated macrophages from M1 toward an M2 phenotype, consistently outperforming free ITA across all endpoints. In a murine APAP-induced ALI model, BiOCl@ITA-treated mice showed near-complete thermal recovery by 24 h, accompanied by substantially reduced serum hepatic injury markers and attenuated histopathological damage. Hepatic molecular and tissue-level analyses further demonstrated restoration of antioxidant defenses, favorable regulation of BAX/BCL-2 expression, and sustained M1-to-M2 macrophage polarization in vivo. These findings demonstrate that BiOCl@ITA synergistically integrates catalytic ROS detoxification with ITA-mediated macrophage reprogramming, offering a promising therapeutic approach for APAP-induced acute liver injury.",crossref,0
Enhancing the Membrane Destabilization Capacity of DNA–Surfactant Conjugates for Improved Cytosolic Delivery of Nucleic Acids,https://pubs.acs.org/aamick/article/doi/10.1021/acsami.6c01718/5272891/Enhancing-the-Membrane-Destabilization-Capacity-of,ACS Applied Materials & Interfaces: Latest Articles (ACS Publications),2026-08-18 00:00:00 UTC,2026-08-18 00:00:00+00:00,10.1021/acsami.6c01718,Jessica L. Rouge,"Abstract Enhancing the endosomal escape of nucleic acids remains a critical bottleneck in improving their therapeutic efficacy. Inspired by advancements in lipid nanoparticles, we describe a chemical approach to deliver multi-tailed DNA–surfactant conjugates (DSCs) into cells using nucleic acid nanocapsules (NANs). NANs are enzyme degradable, crosslinked DNA micelles that exhibit enhanced membrane destabilizing properties. Previously, we reported the successful delivery of therapeutic oligonucleotides to cells using single-tailed DSCs delivered by esterase-cleavable NANs. This work features the rational design of a set of asymmetrically synthesized hydrophobic micelle crosslinkers using a synthetic approach that incorporates either one or two alkyl chains and an esterase-labile group into a nonionic surfactant flanked by clickable azides. These crosslinkers are covalently incorporated into the NAN construct, and upon their enzymatic degradation within the cell, multi-tailed DSCs are released. We show that these DSCs have superior transfection capabilities over single-tailed DSCs. Additionally, we show that these multi-tailed DSCs improve DNAzyme-mediated gene silencing and enhance mRNA delivery in vitro, owing to their enhanced membrane disruption capabilities reflected in both cell studies and molecular dynamics simulations. Importantly, our chemical approach enables the formation of multi-tailed surfactants in situ, post micelle assembly. This allows an oligonucleotide nanomaterial delivery platform to act as a “pro-drug” where the active therapeutic and the potential for its cytosolic delivery are the product of the nanoformulation’s degradation.",crossref,0
Spent Coffee Ground-Derived Carbon Dots as Redox-Modulating Biomaterials for Astrocytic Differentiation of Human Neural Progenitor Cells,https://pubs.acs.org/aamick/article/doi/10.1021/acsami.6c05623/5272893/Spent-Coffee-Ground-Derived-Carbon-Dots-as-Redox,ACS Applied Materials & Interfaces: Latest Articles (ACS Publications),2026-08-18 00:00:00 UTC,2026-08-18 00:00:00+00:00,10.1021/acsami.6c05623,Jong Seob Choi,"Abstract Food waste-derived carbon dots (CDs) from spent coffee grounds or spinach were synthesized via hydrothermal and solvothermal methods and systematically characterized for their photoluminescence and surface chemical properties. Biological evaluations using human neural progenitor cells (hNPCs) demonstrated efficient cellular uptake and high biocompatibility across all synthesized CDs. Notably, coffee-derived blue-emitting CDs (B-CDs) exhibited robust concentration-dependent antioxidant activity and reduced intracellular reactive oxygen species (ROS) levels. In addition, B-CDs were associated with enhanced astrocytic differentiation of hNPCs. To further evaluate the antioxidative effects of B-CDs under oxidative stress conditions, cells were exposed to H2O2-induced oxidative stress during differentiation. B-CDs alleviated oxidative stress-associated cellular damage and reduced the expression of inflammation-related markers. This antioxidative effect was accompanied by the downregulation of C3, a marker of neurotoxic reactive astrocytes. Further, B-CDs promoted early phosphorylation of STAT3 (Tyr705), a key driver of astrocytic differentiation, and induced sustained expression of a cytoprotective enzyme HO-1, linking intracellular ROS reduction to astrocyte-biased differentiation. This work demonstrates that food waste-derived CDs can function as bioactive nanomaterials capable of modulating neural progenitor cell differentiation and mitigating cellular stress. These findings highlight their potential for applications in neural interface materials, regenerative medicine, and redox-responsive biomaterial systems.",crossref,0
Polymer-Driven Self-Templated Synthesis of Boronate-COF Hollow Spheres: Toward the Development of Size-Selective Nanoreactors,https://pubs.acs.org/aamick/article/doi/10.1021/acsami.6c06835/5275711/Polymer-Driven-Self-Templated-Synthesis-of,ACS Applied Materials & Interfaces: Latest Articles (ACS Publications),2026-08-18 00:00:00 UTC,2026-08-18 00:00:00+00:00,10.1021/acsami.6c06835,Gaëlle Le Fer,"Abstract Covalent organic frameworks are a family of porous crystalline structures gaining attention due to their promising applications. However, despite significant efforts, the synthesis and understanding of uniform and specific morphologies remain a challenge. Herein, we report the first self-templated synthesis of hollow spherical boronate ester-linked COFs-polymers. A time-dependent investigation reveals the formation of hollow spheres driven by an inside-out Ostwald ripening mechanism, exclusively for COF-10 in the presence of a catechol-poly(N-isopropylacrylamide) (catechol-PNIPAm) polymer. The synthesized hollow spheres show a hydrodynamic radius of 300 nm, an oriented crystallinity, and continuous hexagonal pore channels throughout the membrane, associated with a high surface area (~800 m2·g–1). Interestingly, the hollow sphere cavity enables the encapsulation of a fluorogenic, thiol-responsive dye while the porous membrane regulates the size-selective penetration of thiols. Only thiols of appropriate size can access the encapsulated dye, thereby triggering fluorescence restoration.",crossref,0
Overcoming Uncontrolled Nucleation and Cesium Salt Solubility Limits in Scalable Perovskite Deposition through All-Inorganic Perovskite Nanocrystal Seeding,https://pubs.acs.org/aamick/article/doi/10.1021/acsami.6c11722/5263493/Overcoming-Uncontrolled-Nucleation-and-Cesium-Salt,ACS Applied Materials & Interfaces: Latest Articles (ACS Publications),2026-08-18 00:00:00 UTC,2026-08-18 00:00:00+00:00,10.1021/acsami.6c11722,Peter Müller-Buschbaum,"Abstract Optoelectronic performance, defect density, and thin-film morphology of solution-processable lead halide perovskites are highly dependent on nucleation and growth conditions during processing. Additionally, Cs+ incorporation into the lattice can have benign effects on the thin films, which is challenging for scalable, deposition-friendly solvents such as 2-methoxyethanol or acetonitrile due to their highly limited solubility of Cs-containing salts. To address both issues, we present an interface-engineering approach that utilizes CsPbI3 nanocubes as seed crystals for slot-die coating of FAPbI3. The seeds improve growth-control at the bottom interface and enhance Cs+ incorporation into the active layer lattice. Incidence angle varied grazing-incidence wide-angle X-ray scattering enables depth-resolved structural probing of thin films, revealing increased Cs+ incorporation with increasing film depth. Additionally, morphological parameters, such as thin-film “face-on” orientation and crystallographic texture, are significantly improved in the seeded film. Accordingly, the seeded films exhibit reduced defect density and enhanced charge-carrier separation due to increased structural ordering and Cs+ alloy-induced bandgap tuning across the active layer thickness. Resulting p-i-n photovoltaic devices exhibit superior mean values as well as a narrower spread across short-circuit current density, fill factor, and power conversion efficiency, highlighting the beneficial effects of nanocrystal seeding on active-layer quality and reproducibility.",crossref,0
Flexible 3D-Printed Piezoelectric and Bioinstructive Platforms for Skeletal Muscle Development and Organization,https://pubs.acs.org/aamick/article/doi/10.1021/acsami.6c11224/5275712/Flexible-3D-Printed-Piezoelectric-and,ACS Applied Materials & Interfaces: Latest Articles (ACS Publications),2026-08-18 00:00:00 UTC,2026-08-18 00:00:00+00:00,10.1021/acsami.6c11224,Prabaha Sikder,"Abstract Volumetric muscle loss (VML) is a devastating injury in which extensive skeletal muscle loss overwhelms endogenous healing. Despite their therapeutic efficacy, acellular constructs fail to provide a comprehensive set of bioactive cues required for muscle development. Notably, very few constructs provide bioelectrical cues necessary for muscle development. To address that need, this study aimed to develop a myogenic platform that provides a comprehensive set of bioactive cues, including bioelectrical cues that can be delivered wirelessly, to promote skeletal muscle development. To achieve this, we engineered a microchanneled, piezoelectric, 3D-printed platform based on a unique interpenetrating hydrogel network of gelatin methacrylate and poly(acrylic acid) that incorporates barium titanate nanoparticles. Rheological studies showed stable gel-like viscoelasticity and shear-thinning behavior of the hydrogels, indicating their suitability for extrusion-3D printing. Physicochemical characterization demonstrated the platform’s structural fidelity, precise microchannel definition, pronounced flexibility, and self-adhesiveness. While the platform’s stiffness was comparable to that of skeletal muscle, it also generated a surface potential of ∼90 mV when deformed by ultrasound (US), highlighting its piezoelectric nature and ability to harness electromechanically triggered bioelectrical cues. FE-SEM and immunofluorescence analyses revealed that microchannels and US-induced piezoelectricity from the platform can synergistically help form dense, compact, and aligned myotubes. Notably, we demonstrate that the US-induced piezoelectric platforms can promote early-stage myotube development, enhance myogenic progression, and help form mature, elongated, thick myotubes over time. Finally, we observe that the piezoelectric platforms exhibit increased FAK and MAPK activation in adherent cells over time, suggesting that these pathways can contribute to transducing electromechanical cues that promote myotube maturation. Overall, this is the first-of-its-kind comprehensive study to engineer a platform that delivers a comprehensive set of bioactive cues, specifically wirelessly delivered bioelectrical cues, resulting in a spatiotemporally bioinstructive microenvironment for skeletal muscle development. We believe this unique platform could be a promising regenerative therapy for VML.",crossref,0
Ultrasound-Activated Janus Heterojunction-Mediated Enhanced Cascade Nanozyme for Inflammatory Bowel Disease Therapy,https://pubs.acs.org/aamick/article/doi/10.1021/acsami.6c07000/5275701/Ultrasound-Activated-Janus-Heterojunction-Mediated,ACS Applied Materials & Interfaces: Latest Articles (ACS Publications),2026-08-18 00:00:00 UTC,2026-08-18 00:00:00+00:00,10.1021/acsami.6c07000,Xinghua Jin,"Abstract Inflammatory bowel disease (IBD) is exacerbated by the excessive accumulation of reactive oxygen species (ROS). To overcome the insufficient catalytic activity of conventional cerium-based nanozymes, we designed an ultrasound-activated Bi@BTC heterojunction nanozyme. The ultrasound-activated carriers generated by bismuth core undergo effective electron-hole separation in the Janus Bi@BTC heterojunction. The holes are enriched in the valence band of the BTC shell, catalyzing the oxidation reaction of Ce3+. Benefiting from the proton-coupled electron transfer (PCET) effect of tannic acid and the electronic coupling at the heterointerface, Bi@BTC accelerates the Ce3+/Ce4+ redox cycling, enabling a highly efficient and stable superoxide dismutase (SOD)−catalase (CAT)-like catalytic cycle and thus robust elimination of multiple ROS in the IBD microenvironment. Density functional theory (DFT) calculations elucidate the catalytic pathways and cyclic mechanisms underlying the dual enzyme-mimetic activities, revealing key intermediates, transition states, and corresponding energy profiles. In vitro and in vivo assays confirmed that Bi@BTC alleviates intestinal inflammation by eliminating excess ROS, upregulating tight-junction proteins, promoting mucosal barrier repair, and restoring gut microbiota homeostasis. This work presents a boosted ROS-elimination strategy via ultrasound-activated heterojunction-mediated effect and PCET-driven cerium redox cycling, establishing a multifunctional paradigm that integrates ROS scavenging, anti-inflammation, mucosal repair, and gut microecological regulation.",crossref,0
Self-Adaptive Thermoregulating Coating for All-Weather Thermal Management,https://pubs.acs.org/aamick/article/doi/10.1021/acsami.6c10892/5266267/Self-Adaptive-Thermoregulating-Coating-for-All,ACS Applied Materials & Interfaces: Latest Articles (ACS Publications),2026-08-18 00:00:00 UTC,2026-08-18 00:00:00+00:00,10.1021/acsami.6c10892,Tieling Xing,"Abstract Practical thermal management of functional interfaces usually requires coordinated solar absorption and radiative heat dissipation under variable environmental conditions. Yet, conventional photothermal systems maintain static spectral responses and fail to adapt to dynamic thermal demands. Here, we develop a self-adaptive thermoregulating functional interface that enables bidirectional thermal control through coupled spectral modulation and thermal energy storage. By integrating dual functional fillers into a porous scaffold, a poly(vinylidene fluoride-co-hexafluoropropylene)-based composite coating is constructed on a flexible substrate, comprising thermochromic microcapsules (TM) and SiO2-shelled phase change microcapsules (Pn@SiO2). TM dynamically modulates solar absorption, while Pn@SiO2 buffers thermal fluctuations via latent heat storage and release, enabling on-demand thermal management. By systematically tuning the TM content, the optical and thermal responses are directly regulated. At 25 wt % TM, the coating exhibits a solar reflectance of 88.18% (45 °C) and 62.42% (20 °C) (ΔRsol = 25.76%), yielding ∼3 °C cooling and ∼2.5 °C heating under outdoor conditions, establishing effective temperature modulation in real environments. Notably, the coating further exhibits hydrophobicity, self-cleaning capability, and mechanical durability, facilitating the practical deployment of adaptive thermal interfaces for next-generation thermal management applications.",crossref,0
Research Progress of Hexagonal Boron Nitride in Lubrication,https://pubs.acs.org/aamick/article/doi/10.1021/acsami.6c09400/5272168/Research-Progress-of-Hexagonal-Boron-Nitride-in,ACS Applied Materials & Interfaces: Latest Articles (ACS Publications),2026-08-18 00:00:00 UTC,2026-08-18 00:00:00+00:00,10.1021/acsami.6c09400,Tingan Zhang,"Abstract Hexagonal boron nitride (h-BN) is a lubricant additive with considerable application potential. Its layered structure provides low interlayer shear strength, while its favorable thermal stability, chemical inertness, and electrical insulation make it attractive for demanding lubrication environments. However, the tribological performance of h-BN depends not only on interlayer sliding but also on the combined effects of material structure, lubricant medium, and operating conditions. Its practical application is further constrained by insufficient compatibility with certain media, inefficient delivery into the contact zone, and limited retention at the sliding interface, thereby compromising sustained friction reduction and wear protection. This review focuses on the structure–interface–performance relationships of h-BN-based lubricant additives and summarizes advances in size and morphology control, surface functionalization, and composite design, with particular emphasis on how these strategies affect the dispersion of h-BN in lubricant media, its delivery to the contact zone, and its participation in interfacial protective layers. The tribological behavior of h-BN-based additives under different lubricant media and service conditions is further compared to clarify their effective performance windows and practical application boundaries. Finally, the key challenges that remain in controlled synthesis and structural regulation, dynamic interfacial evolution, and service-oriented performance validation are summarized, providing a framework for material structural design, mechanistic analysis, and application-specific assessment.",crossref,0
Oxygen Vacancy-Driven Anion Gating for High-Voltage Asymmetric Zinc-Air Batteries,https://pubs.acs.org/aamick/article/doi/10.1021/acsami.6c11110/5275726/Oxygen-Vacancy-Driven-Anion-Gating-for-High,ACS Applied Materials & Interfaces: Latest Articles (ACS Publications),2026-08-18 00:00:00 UTC,2026-08-18 00:00:00+00:00,10.1021/acsami.6c11110,Hongzhi Wang,"Abstract Rechargeable zinc-air batteries (ZABs) are promising for next-generation energy storage, yet their output voltage is strongly constrained by conventional electrolyte configurations. Although pH-decoupled asymmetric systems can expand the electrochemical window, uncontrolled OH– crossover progressively dissipates the interfacial pH gradient and accelerates neutralization, leading to rapid performance decay. Here, an oxygen vacancy-driven anion gating (OVDAG) strategy is reported for asymmetric ZABs using a separator modified with oxygen-vacancy-rich WO3 nanofillers. The oxygen-vacancy-rich WO3 introduces defect-associated W sites that modulate the interaction with OH– and effectively retard OH– crossover across the asymmetric interface. This vacancy-mediated anion regulation suppresses interfacial neutralization, stabilizes the local pH gradient, and enhances ionic conductivity by 72%, thereby alleviating the trade-off between ion selectivity and transport efficiency. As a result, the assembled asymmetric ZABs deliver open-circuit voltages of 2.16 V (liquid) and 2.22 V (gel), stable discharge plateaus of ∼1.7–1.8 V and cycling durability of up to 150 h (liquid) and 120 h (gel). This work establishes oxygen-vacancy-driven anion gating as an effective strategy for high-voltage and durable ZABs.",crossref,0
Enhanced Performance in All-Inorganic AgBiS2 Photodetectors via Oxygen-Inhibited Spray Pyrolysis Deposition,https://pubs.acs.org/aamick/article/doi/10.1021/acsami.6c08678/5270880/Enhanced-Performance-in-All-Inorganic-AgBiS2,ACS Applied Materials & Interfaces: Latest Articles (ACS Publications),2026-08-18 00:00:00 UTC,2026-08-18 00:00:00+00:00,10.1021/acsami.6c08678,Lu Li,"Abstract AgBiS2 has emerged as a promising optoelectronic material due to its broad spectral response and strong light absorption. However, the current use of high-boiling solvents and organic buffers restricts fundamental studies and further performance optimization of AgBiS2's intrinsic properties. In this study, we develop an organic buffer-free AgBiS2 photodetector prepared using a low-temperature ultrasonic spray pyrolysis technique. Our theoretical analysis revealed that oxygen doping alters the optoelectronic characteristics by enhancing the density of states near the Fermi level, leading to consequent severe nonradiative charge carrier recombination. By incorporating excess thiourea while maintaining optimal substrate temperature for enhanced crystallinity, we successfully suppress oxygen defects and consequently improve photodetection performance. The optimized device exhibits a high responsivity of 0.046 A W−1 at 1050 nm, a low noise level (&lt;8.5 × 10−19 A2 Hz−1), and a fast response time (0.07 μs rise, 0.60 μs decay). Benefiting from the rapid response, the photodetector delivers high-resolution imaging with sharp edge definition. This work eliminates the interference of organic buffer layers to directly reveal how oxygen defect modulation affects the intrinsic optoelectronic properties of AgBiS2, offering a scalable pathway for high-performance, solution-processed photodetectors.",crossref,0
Dynamic Structural Persistence of Trinuclear Cu Motifs toward CO2 Electroreduction,https://pubs.acs.org/aamick/article/doi/10.1021/acsami.6c11350/5268346/Dynamic-Structural-Persistence-of-Trinuclear-Cu,ACS Applied Materials & Interfaces: Latest Articles (ACS Publications),2026-08-18 00:00:00 UTC,2026-08-18 00:00:00+00:00,10.1021/acsami.6c11350,Hao Ming Chen,"Abstract Electrochemical CO2 reduction toward multi-carbon products is often attributed to adjacent Cu sites that enable *CO coupling, yet whether designed Cu–Cu motifs persist under reaction conditions remains unclear. Here, we investigate a series of trinuclear Cu catalysts with similar initial coordination structures but different steric rigidity in the secondary coordination shell. Operando Raman and X-ray absorption spectroscopies reveal that catalysts with insufficient steric constraint undergo asymmetric Cu–Cu distortion under cathodic bias, leading to heterogeneous *CO adsorption behavior and enhanced C1 pathways. In contrast, sterically stabilized catalysts preserve symmetric Cu–Cu configurations and sustain favorable *CO–*CO coupling toward C2+ formation. These findings demonstrate that geometric persistence of neighboring Cu sites under operating conditions, rather than the initial structure alone, governs catalytic selectivity in CO2 electroreduction and highlights the importance of operando characterization for identifying active-state structures.",crossref,0
Kinetic Insight into the Nucleation and Growth of Nickel Hydroxide Nanostructures on Conductive Ni Foam toward Advanced Hybrid Supercapacitors,https://pubs.acs.org/aamick/article/doi/10.1021/acsami.6c09054/5266155/Kinetic-Insight-into-the-Nucleation-and-Growth-of,ACS Applied Materials & Interfaces: Latest Articles (ACS Publications),2026-08-18 00:00:00 UTC,2026-08-18 00:00:00+00:00,10.1021/acsami.6c09054,Chellan Justin Raj,"Abstract Metal hydroxides have drawn immense attention as robust materials for supercapacitor electrodes with enhanced electrochemical performance, desired electroactive structural, and compositional properties. Among these hydroxides, nickel hydroxide nanostructures offer advantages over other nanomaterials due to their significant electrical conductivity, efficient charge transport, and increase in electroactive sites. In this work, the electrodeposition technique was adopted to fabricate nickel hydroxide Ni(OH)2 nanostructures over a nickel foam substrate, where the electrode parameters such as pH, electrolyte concentration, potential, and deposition time were systematically optimized by evaluating the areal capacity as the primary performance metric. To elucidate the fundamental mechanisms governing film formation, the nucleation and growth kinetics of the electrochemically deposited Ni(OH)2 films on Ni foam were thoroughly investigated through potentiostatic current transients recorded at a constant applied potential. The experimentally obtained transients were rigorously fitted with the Scharifker−Hill (SH) nucleation model, and the kinetic analysis revealed that the Ni(OH)2 film growth is governed by a three-dimensional (3D) instantaneous nucleation mechanism with diffusion-controlled grain growth, indicating the simultaneous activation of a finite number of nucleation sites at the onset of deposition followed by hemispherical diffusion-limited growth of the nuclei. Further, various characterization techniques were employed to analyze the morphology, structure, and composition of the electrode. Electrochemical studies for the electrodes were conducted in aqueous 6 M KOH electrolyte, and the electrodes showed considerable electrochemical properties. Among them, the well optimized electrode of Ni(OH)2 deposited over 60 min of duration (Ni(OH)2-60), identified through areal capacity optimization, demonstrated a remarkable 2.13 C cm−2 areal capacity at 2 mA cm−2 current density. Furthermore, a hybrid-supercapacitor (H-SC) device was fabricated using the Ni(OH)2-60 and the activated carbon (AC@Ni foam) as the positive and negative electrodes. The device showed a maximum specific capacitance of 97 F g−1 with a specific energy and power of 30 Wh kg−1 for 0.750 kW kg−1 and a retention of 97% after 10000 charge/discharge cycles. This enhancement can be directly attributed to the favorable nucleation kinetics achieved under the optimized deposition conditions, which promoted uniform nuclei distribution, improved electron and ion transport pathways, an increased number of electroactive sites, and the enhanced structural integrity of the Ni(OH)2 electrode, collectively making it a promising electrode material for energy storage applications.",crossref,0
NatA complex is a leaf-intrinsic brake on systemic responses induced by root endophytic fungi,https://www.pnas.org/doi/abs/10.1073/pnas.2536998123?mi=eymic2&af=R&access=on&content=articlesChapters&publication=pnas&sortBy=Earliest&target=default,Proceedings of the National Academy of Sciences: Keyword search for query,2026-08-18 07:00:00 UTC,2026-08-18 07:00:00+00:00,10.1073/pnas.2536998123,Jia-Jia Han,"Root-associated beneficial microbes prime host plants for induced systemic resistance (ISR) in leaves. Although continuous immune activation triggered by root endophytic fungi would impair leaf growth, how host plants avoid autoimmunity during endophytic fungi-mediated ISR priming is unknown. Here, we show that the
                    Arabidopsis
                    NatA N-terminal–acetyltransferase complex acts as a leaf-intrinsic brake on these root-to-leaf systemic responses. Impairment of the NatA subunit SUF1 (also named HYPK) or NAA15 unleashed chronic N-hydroxy-pipecolic-acid (NHP)/salicylic-acid (SA) signaling activation, converting beneficial ISR priming into growth-inhibitory leaf senescence. Transcriptome and quantitative proteomic analysis revealed the selective activation of defense and SA signaling pathways in the leaves of NatA mutants. Crossing
                    suf1
                    or
                    naa15
                    with
                    fmo1
                    and
                    eds5
                    abolished autoimmunity, confirming that the phenotype requires FMO1-dependent NHP and downstream SA synthesis and signaling activation. Thus, by destabilizing defense proteins, NatA enables plants to sustain lifelong ISR priming without growth penalty, guiding breeders to consider ISR control traits.",crossref,0
Morphogenesis of bacterial colonies in liquid crystalline environments,https://www.pnas.org/doi/abs/10.1073/pnas.2536343123?mi=eymic2&af=R&access=on&content=articlesChapters&publication=pnas&sortBy=Earliest&target=default,Proceedings of the National Academy of Sciences: Keyword search for query,2026-08-18 07:00:00 UTC,2026-08-18 07:00:00+00:00,10.1073/pnas.2536343123,Sujit S. Datta,"Natural bacterial habitats are often complex fluids with viscoelastic and anisotropic responses to stress; for example, they can take the form of liquid crystals (LCs), with elongated microscopic constituents that collectively align while still retaining the ability to flow. However, laboratory studies typically focus on cells in simple liquids or complex fluids with randomly oriented constituents. Here, we show how interactions with LCs shape bacterial proliferation in multicellular colonies. Using experiments, we find that in a nematic LC, cells of the multiple species we tested all form aligned single-cell-wide “chains” as they reproduce. As these chains lengthen, they eventually buckle in a highly localized manner. By combining our measurements with a continuum mechanical theory, we demonstrate that this distinctive morphogenetic program emerges because cells are kept in alignment due to the LC’s elasticity; as each chain lengthens, growth-induced viscous stresses along its contour eventually overcome the elasticity of the surrounding nematic, leading to buckling. Our work thus reveals and provides mechanistic insight into the previously overlooked role of LCs in sculpting bacterial life in complex environments.",crossref,0
Human Hsp70 paralogs display selective J-domain interactions tuning proteostasis under stress,https://www.pnas.org/doi/abs/10.1073/pnas.2534903123?mi=eymic2&af=R&access=on&content=articlesChapters&publication=pnas&sortBy=Earliest&target=default,Proceedings of the National Academy of Sciences: Keyword search for query,2026-08-18 07:00:00 UTC,2026-08-18 07:00:00+00:00,10.1073/pnas.2534903123,Rina Rosenzweig,"Hsp70 chaperones are central regulators of proteostasis, mediating folding, refolding, degradation, and aggregation-prevention. Their activity is tuned by the diverse J-domain proteins (JDPs), which both recruit client proteins and stimulate Hsp70 ATP hydrolysis via interaction with a conserved J-domain. The cytosol contains four Hsp70 paralogs—the stress-inducible HSPA1A/B and HSPA6, and the constitutively expressed HSPA8. Whether these act redundantly or carry distinct cellular functions has remained unresolved. Here, we systematically map the interactions of cytosolic Hsp70s with broad-specificity JDPs to elucidate how paralog identity shapes cellular function. We found that despite the high conservation of the JDP–Hsp70 interaction sites, the affinities of these interactions and their functionality varied greatly. HSPA8 behaves as a generalist, engaging all JDP classes with comparable affinity, consistent with its housekeeping role. By contrast, HSPA1 preferentially binds canonical Class A and B JDPs, while showing only weak binding to Class B′. Therefore, under stress, HSPA1 pairs only with Class A/B JDPs to support robust protein refolding, while freeing Class B′ to suppress protein aggregation in an Hsp70-independent manner. Most unexpectedly, HSPA6, the most stress-inducible paralog, binds selectivity to Class B JDPs, losing interactions with both Class A and B′. Thus, under severe stress, HSPA6 works exclusively with Class B JDPs to ensure ATP-dependent protein repair, while freeing Class A and B′ JDPs to act independently of Hsp70 to protect damaged/misfolded proteins. Our findings reveal an evolved hierarchy of paralog-specific JDP couplings that dynamically rewires the Hsp70 network from active repair to protection during stress.",crossref,0
Marine heatwaves and undernutrition in low- and middle-income countries,https://www.pnas.org/doi/abs/10.1073/pnas.2528506123?mi=eymic2&af=R&access=on&content=articlesChapters&publication=pnas&sortBy=Earliest&target=default,Proceedings of the National Academy of Sciences: Keyword search for query,2026-08-18 07:00:00 UTC,2026-08-18 07:00:00+00:00,10.1073/pnas.2528506123,Janet A. Nye,"Marine heatwaves are accelerating under climate change and increasingly threaten the lives and livelihoods of coastal populations, particularly in low- and middle-income countries where many households directly depend on local marine fisheries for protein, micronutrients, and income. To quantify this threat, we link individual-level data on child and maternal health from 9,813 coastal sites in 36 low- or middle-income countries to heatwave exposures in the nearby ocean, and use this linked dataset to estimate fixed-effects logistic regression models that test for heatwave effects on child mortality, wasting, and stunting, as well as adult underweight. We find that a 1 SD increase in the number of heatwaves over a 24-mo period increases the odds of child mortality by 5.4%, child wasting by 6.5% and child stunting by 8.8%, and that these effects also extend to other dimensions of heatwaves such as maximum sea surface temperature and cumulative intensity. Urban locations and countries more dependent on small-scale fishing are most strongly affected, and the majority of these results remain significant when we account for correlated atmospheric heatwaves. Taken together, these results document that marine heatwaves undermine human health and emphasize the need for additional research on the mechanisms connecting oceanic conditions to human health.",crossref,0
The KAT2/HDACⅡa–PGK–ALDO axis constitutes a dual degradation inhibition cascade links energy stress to glycolytic amplification,https://www.pnas.org/doi/abs/10.1073/pnas.2533429123?mi=eymic2&af=R&access=on&content=articlesChapters&publication=pnas&sortBy=Earliest&target=default,Proceedings of the National Academy of Sciences: Keyword search for query,2026-08-18 07:00:00 UTC,2026-08-18 07:00:00+00:00,10.1073/pnas.2533429123,Li Li,"Cells reprogram glycolysis pathway to cope with energy deficiency, in which the catalytic activity, stability, and noncanonical functions of glycolytic enzymes are finely regulated by posttranslational modifications (PTMs). Here, we report a metazoan-conserved dual degradation inhibition cascade whereby energy stress coordinates acetylation-phosphorylation crosstalk that simultaneously enhances glycolytic output and suppresses two protein degradation systems. Specifically, KAT2 (KAT2A)/HDACIIa (HDAC5)-mediated acetylation of PGK at K73 (PGK1; K75) antagonizes its ubiquitin–proteasomal degradation while strengthening its interaction with ALDO (ALDOA). Then, PGK exerts noncanonical kinase activity to phosphorylate ALDO at S272, thereby enhancing ALDO’s substrate affinity and suppressing its chaperone-mediated autophagic–lysosomal degradation by inhibiting the interaction with HSC70 to simultaneously stabilize and activate ALDO to amplify glycolytic flux. This ancient survival axis underlies thermotolerance divergence in oysters and is hijacked in human lung adenocarcinoma to drive malignant proliferation. Our study integrates environmental adaptation and tumorigenesis through a unified metabolic signaling axis, broadening our understanding of PTM crosstalk in evolution and disease.",crossref,0
Group size effects and collective misalignment in LLM multi-agent systems,https://www.pnas.org/doi/abs/10.1073/pnas.2531697123?mi=eymic2&af=R&access=on&content=articlesChapters&publication=pnas&sortBy=Earliest&target=default,Proceedings of the National Academy of Sciences: Keyword search for query,2026-08-18 07:00:00 UTC,2026-08-18 07:00:00+00:00,10.1073/pnas.2531697123,Andrea Baronchelli,"Multi-agent systems of large language models (LLMs) are rapidly expanding across domains, introducing dynamics not captured by single-agent evaluations. Yet, existing work has mostly contrasted the behavior of a single agent with that of a collective of fixed size, leaving open a central question: How does group size shape dynamics? Here, we move beyond this dichotomy and systematically explore outcomes across the full range of group sizes. We focus on multi-agent misalignment, building on recent evidence that interacting LLMs playing a simple coordination game can generate collective biases absent in individual models. First, we show that collective bias is a deeper phenomenon than previously assessed: Interaction can amplify individual biases, introduce new ones, or override model-level preferences. Second, we demonstrate that group size affects the dynamics in a nonlinear way, revealing model-dependent dynamical regimes. Finally, we develop a mean-field analytical approach and show that, above a critical population size, simulations converge to deterministic predictions that expose the basins of attraction of competing equilibria. These findings establish group size as a key driver of multi-agent dynamics and highlight the need to consider population-level effects when deploying LLM-based systems at scale.",crossref,0
FEMA phase-out? Catastrophic extremes challenge decentralization of US flood insurance,https://www.pnas.org/doi/abs/10.1073/pnas.2537388123?mi=eymic2&af=R&access=on&content=articlesChapters&publication=pnas&sortBy=Earliest&target=default,Proceedings of the National Academy of Sciences: Keyword search for query,2026-08-18 07:00:00 UTC,2026-08-18 07:00:00+00:00,10.1073/pnas.2537388123,Upmanu Lall,"The U.S. National Flood Insurance Program (NFIP) faces growing solvency and affordability challenges amid proposals to decentralize the Federal Emergency Management Agency (FEMA) and shift disaster management to states. Catastrophic floods often span state boundaries, exposing multiple decentralized insurance pools simultaneously. Using a path-independent simulation framework that integrates risk-based premiums, hydrometeorologically clustered flood losses, and 2025 reinsurance contracts, we evaluate the stability of national and state-level pooling using historical data. National pooling markedly reduces systemic insolvency through cross-regional diversification, while many state pools exhibit structural fragility. State-level deficits are dominated by hyperclusters—coherent spatiotemporal losses induced by common atmospheric drivers—indicating that clustered loss governs failure. Since states must balance budgets and face borrowing restrictions to cover large losses, pool liquidity constrains decentralized systems. Existing reinsurance (including insurance-linked securities) does not always cover these clustered losses due to its misalignment with the clustered, spatiotemporal nature of hydroclimatic risk, covering only single flood events in traditional contracts and individual named storms in FloodSmart catastrophe bonds. A resilient and affordable NFIP will require hybrid financial design aligning risk-based premiums and reinsurance to balance chronic and catastrophic risk.",crossref,0
Initiation of rotational collective migration in Drosophila through tissue geometry and mechanochemical feedback,https://www.pnas.org/doi/abs/10.1073/pnas.2528342123?mi=eymic2&af=R&access=on&content=articlesChapters&publication=pnas&sortBy=Earliest&target=default,Proceedings of the National Academy of Sciences: Keyword search for query,2026-08-18 07:00:00 UTC,2026-08-18 07:00:00+00:00,10.1073/pnas.2528342123,Sally Horne-Badovinac,"Collective migration of epithelial cells drives diverse tissue remodeling processes. In many cases, a free tissue edge works alone or in combination with other external cues to align the cells for collective movement, but how edge-free or closed epithelia become polarized for directed migration without these cues is unclear. Here, we use the rotational migration of the follicular epithelial cells in the
                    Drosophila
                    egg chamber to explore how cells in an edgeless epithelium initiate rotational collective migration, and how the rotational axis is specified. By employing methods for long-term live imaging and delaying the onset of rotation, we show that symmetry breaking can occur at multiple developmental stages and that the atypical cadherin Fat2 promotes local motility at the basal epithelial surface before rotation begins. We then combine experiments with theoretical modeling to identify a positive feedback loop in which planar polarization of Fat2 aligns the front–rear axes of the individual cells in a common direction and the resulting tissue motion leads to the planar polarization of Fat2. This mechanosensitive feedback, coupled with rigid-body dynamics of the egg chamber, can break chiral symmetry and produce sustained rotation in silico. We further propose that mechanical constraints arising from intertissue interactions and tissue geometry ensure that rotation occurs around the anterior–posterior axis. Our findings suggest a biophysical mechanism—combining Fat2-mediated velocity–polarity alignment, rigid-body dynamics, and tissue geometry—by which a closed epithelial tissue can self-organize into persistent, large-scale rotational migration in vivo, expanding current flocking theories.",crossref,0
Characterizing the impact of incorporating spatially aggregated human mobility data into infectious disease models,https://www.pnas.org/doi/abs/10.1073/pnas.2533465123?mi=eymic2&af=R&access=on&content=articlesChapters&publication=pnas&sortBy=Earliest&target=default,Proceedings of the National Academy of Sciences: Keyword search for query,2026-08-18 07:00:00 UTC,2026-08-18 07:00:00+00:00,10.1073/pnas.2533465123,Amy Wesolowski,"Models of infectious disease dynamics should align the spatial scale of mobility data to the scale of travel relevant to inferring disease introduction events and subsequent local transmission. Despite this, the biases of spatially aggregating mobility data on model inferences are rarely explored. Here, we examine the sensitivity of infectious disease modeling results to different spatial scales of human mobility by integrating multiscale mobility data from Sri Lanka into Susceptible, Exposed, Infected, Recovered (SEIR) metapopulation models. Aggregated mobility data were obtained from mobile phone records at three increasingly coarser spatial scales to simulate epidemic spread of an emerging acute respiratory infection. We found that travel was not evenly distributed among nested spatial scales when data were disaggregated, with subunits close to borders exhibiting higher levels of travel relative to the unit. In simulations of disease transmission, these different scales of mobility aggregation had potential to yield wide variations in the estimated spatial invasion timing but not in final epidemic size. Modeled differences in spatial invasion time depended on disease transmission intensity and exogenous factors like the initial seeding location. Our results carry implications for infectious disease modeling best practices and public health response, particularly the policy decisions made from model inferences that were or were not informed by the relevant spatial scale of mobility data such as intervention timing, risk communication, and resource allocation.",crossref,0
The immunophenotype and proviral landscape of HIV-infected CD4 T cells during antiretroviral therapy,https://www.pnas.org/doi/abs/10.1073/pnas.2600891123?mi=eymic2&af=R&access=on&content=articlesChapters&publication=pnas&sortBy=Earliest&target=default,Proceedings of the National Academy of Sciences: Keyword search for query,2026-08-18 07:00:00 UTC,2026-08-18 07:00:00+00:00,10.1073/pnas.2600891123,Iain C. Clark,"In individuals on effective antiretroviral therapy (ART), integrated HIV proviruses persist within CD4 T cells, forming a viral reservoir that rebounds if treatment is stopped. Identifying and targeting these rare, infected cells is critical for advancing therapies, but methods to study reservoir cells are limited, and their unique properties remain largely unknown. We applied DAb-seq, a high-throughput method that combines single-cell DNA and surface protein sequencing, to profile ~527,000 CD4 T cells from the blood of six individuals on ART. Infected cells were distributed across all CD4 T cell subsets but were enriched in central memory subsets and in a CD4 subset with Th17-like signatures expressing high levels of integrin β7. Attempts to identify surface markers distinguishing infected from uninfected cells revealed epitopes that largely reflected the subsets most enriched for infection. However, while central memory T cells harbored the majority of HIV, proviruses with a greater number of genomic regions were enriched relative to their more defective counterparts in the CD4 Naïve, transitional memory (Ttm), and regulatory (Treg) subsets, suggesting that these subsets differentially maintain more complete proviral genomes. In summary, we developed DAb-seq as an open-source platform to link proviral sequences to cellular phenotypes, revealing heterogeneity in surface protein expression and proviral fate across infected subsets.",crossref,0
An upstream open reading frame represses translation of the neuronal potassium channel KCNQ2,https://www.pnas.org/doi/abs/10.1073/pnas.2610782123?mi=eymic2&af=R&access=on&content=articlesChapters&publication=pnas&sortBy=Earliest&target=default,Proceedings of the National Academy of Sciences: Keyword search for query,2026-08-18 07:00:00 UTC,2026-08-18 07:00:00+00:00,10.1073/pnas.2610782123,Alfred L. George,"Upstream open reading frames (uORFs) within the 5’-untranslated region (5’-UTR) of messenger RNA transcripts can regulate protein translation. Despite widespread prevalence within the human genome, they remain unidentified for many clinically relevant genes. A gene frequently associated with neonatal-onset epilepsy is
                    KCNQ2
                    , which encodes a neuronal voltage-gated potassium channel subunit that functions to dampen neuronal excitability. Heterozygous loss-of-function pathogenic
                    KCNQ2
                    variants are known to cause a range of neurodevelopmental disorders and epileptic encephalopathies, but there remains an unmet clinical need for patients harboring these variants. We identified a single uORF in
                    KCNQ2
                    that is highly repressive of protein translation and demonstrated that mutations disabling the uORF start codon enhance synthesis of encoded potassium channels. Additionally, we show that adenine base editing of the uORF start codon can weaken ribosome engagement at the uORF and enhance translation of the protein in a neuron-like cell line. This study establishes a previously underexplored regulatory feature for
                    KCNQ2
                    and highlights the importance of understanding uORFs for clinically relevant genes, both for assessing disease risk and therapeutic potential.",crossref,0
A nose-to-brain circuit underlies anxiety regulation by nasal afferent frequency in mice,https://www.pnas.org/doi/abs/10.1073/pnas.2603853123?mi=eymic2&af=R&access=on&content=articlesChapters&publication=pnas&sortBy=Earliest&target=default,Proceedings of the National Academy of Sciences: Keyword search for query,2026-08-18 07:00:00 UTC,2026-08-18 07:00:00+00:00,10.1073/pnas.2603853123,Ruiqi Wu,"Slow nasal breathing alleviates negative moods, but the precise nose-to-limbic pathways and their causal contributions remain unclear. Here, we identify a pathway in mice from olfactory sensory neurons (OSNs) in the nasal cavity to mitral cells in the olfactory bulb (OB), then to parvalbumin-positive (PV
                    +
                    ) long-projecting interneurons in the perirhinal cortex (PRC), and subsequently to glutamatergic neurons in the posterior basolateral amygdala (pBLA), through which nasal afferent activity bidirectionally regulates anxiety in a frequency-dependent manner. Low-frequency nasal airflow or optogenetic OSN stimulation induced anxiolysis and increased PRC high-gamma power by activating PV
                    +
                    neurons, whereas high-frequency had opposite effects. Chemogenetic silencing of the OB
                    →
                    PRC
                    PV
                    pathway eliminated the frequency-dependent regulation of anxiety-like behaviors driven by OSN stimulation. Selective activation or inhibition of the identified circuit generated opposing behavioral effects (anxiolytic vs. anxiogenic, respectively), paralleling the results of low- and high-frequency OSN stimulations. Strikingly, a 2-wk low-frequency nasal airflow/optogenetic OSN stimulation regimen ameliorated anxiety-like behaviors and restored PRC high-gamma activity in an anxiety model. This study reveals a nose–brain axis bidirectionally modulating anxiety via nasal afferent frequency, providing potential interventional strategies and targets for anxiety disorders.",crossref,0
Urbanization weakens the global latitudinal diversity gradient in birds,https://www.pnas.org/doi/abs/10.1073/pnas.2527860123?mi=eymic2&af=R&access=on&content=articlesChapters&publication=pnas&sortBy=Earliest&target=default,Proceedings of the National Academy of Sciences: Keyword search for query,2026-08-18 07:00:00 UTC,2026-08-18 07:00:00+00:00,10.1073/pnas.2527860123,Anna L. Hargreaves,"The striking increase in species richness toward the tropics is perhaps Earth’s most ubiquitous macroecological pattern, but even such fundamental patterns can be vulnerable to anthropogenic change. Urbanization is a particularly severe and globally distributed change that often reduces local diversity; whether such local effects scale up to alter global biodiversity patterns is unclear. We present three hypotheses for how urbanization might affect latitudinal gradients in diversity, and test them using community science observations of &gt;10,000 bird species on five continents. We find that the avian latitudinal diversity gradient is 3× weaker in urban areas compared to natural areas. Urbanization reduced bird diversity across latitudes (by 32% on average), but tropical cities lost a higher proportion of species, an effect that was consistent across hemispheres, seasons, and methodological choices. This disproportionate diversity loss from tropical cities seems driven partly by latitudinal gradients in specialization, as tropical bird assemblages contained more specialists and specialists were disproportionately excluded by urbanization, and partly by more intense urbanization toward lower latitudes. Our results show that urbanization is disrupting macroecological patterns that have defined global biodiversity for millennia, and suggest that both community traits and urban planning mediate urbanization’s local and global impacts.",crossref,0
"Retraction for Knyazeva et al., A chemical inhibitor of IST1-CHMP1B interaction impairs endosomal recycling and induces noncanonical LC3 lipidation",https://www.pnas.org/doi/abs/10.1073/pnas.2627721123?mi=eymic2&af=R&access=on&content=articlesChapters&publication=pnas&sortBy=Earliest&target=default,Proceedings of the National Academy of Sciences: Keyword search for query,2026-08-18 07:00:00 UTC,2026-08-18 07:00:00+00:00,10.1073/pnas.2627721123,,,,0
Select intratumoral riboflavin-auxotrophic Enterococcus species enhance cell surface MR1 expression and MAIT TCR activation in lung cancer,https://www.pnas.org/doi/abs/10.1073/pnas.2617943123?mi=eymic2&af=R&access=on&content=articlesChapters&publication=pnas&sortBy=Earliest&target=default,Proceedings of the National Academy of Sciences: Keyword search for query,2026-08-18 07:00:00 UTC,2026-08-18 07:00:00+00:00,10.1073/pnas.2617943123,Franck Housseau,"Mucosal-associated invariant T (MAIT) cells are innate-like T cells capable of MR1-dependent immune surveillance, but how intratumoral bacteria modulate MR1 expression in human lung tumors remains unclear. We studied intratumoral MAIT cells from paired single-cell RNA and TCR sequencing datasets of tumor-infiltrating CD3 T cells isolated from non-small cell lung cancer tumors in patients receiving neoadjuvant PD-1 blockade therapy. MAIT cells were subclustered to identify conventional MAIT-associated TCR clonotypes, which were then used to examine how bacterial exposure impacts cell-surface MR1 expression and downstream MAIT TCR activation. We found that select intratumoral
                    Enterococcus
                    species (spp.) did not directly activate MAIT cells but enhanced MR1-dependent MAIT activation in the presence of exogenous 5-OP-RU by increasing cell-surface MR1 expression on antigen-presenting cells including dendritic cells, B cells, and mononuclear phagocytes. This increase in MR1 cell surface expression is modulated through a posttranscriptional mechanism consistent with altered intracellular processing and trafficking of MR1. These findings reveal a role for tumor-associated bacteria in modulating MR1-dependent innate-like T cell activation and provide a basis for future studies examining whether this process influences response to immune checkpoint blockade.",crossref,0
Expulsion of nuclear DNA to the cytoplasm after viral entry: A mechanism for activation of the cGAS pathway,https://www.pnas.org/doi/abs/10.1073/pnas.2614472123?mi=eymic2&af=R&access=on&content=articlesChapters&publication=pnas&sortBy=Earliest&target=default,Proceedings of the National Academy of Sciences: Keyword search for query,2026-08-18 07:00:00 UTC,2026-08-18 07:00:00+00:00,10.1073/pnas.2614472123,David M. Knipe,"Cells respond to viral infection by induction of numerous innate and other host responses to block infection in that cell and surrounding cells. The mechanism(s) by which nuclear replicating DNA viruses and certain RNA viruses elicit responses through the cyclic guanosine monophosphate-adenosine monophosphate synthase (cGAS) cytoplasmic DNA sensor has been elusive. We report here that early events during herpes simplex virus 1 infection induce blebbing of nuclear DNA into the cytoplasm, recruitment of cGAS colocalization with the cytoplasmic DNA, activation of interferon regulatory factor 3, and induction of type 1 human interferon in normal human fibroblasts and keratinocytes. With HSV-1, this is dependent on viral binding and fusion with the surface membrane but independent of transport of the input viral DNA to the nucleus. Infections by herpes simplex virus 2, human cytomegalovirus, or human parainfluenza virus 3 also induce nuclear DNA blebbing, consistent with entry by surface fusion inducing this effect. Extrusion of nuclear DNA through nuclear envelope breaks upon viral entry by fusion represents a mechanism for cells to respond to the physical and/or molecular changes in the infected cell during infection.",crossref,0
Myoglianin coordinates hormonal and nutrient signaling to control metamorphosis and tissue growth in the fall armyworm,https://www.pnas.org/doi/abs/10.1073/pnas.2612072123?mi=eymic2&af=R&access=on&content=articlesChapters&publication=pnas&sortBy=Earliest&target=default,Proceedings of the National Academy of Sciences: Keyword search for query,2026-08-18 07:00:00 UTC,2026-08-18 07:00:00+00:00,10.1073/pnas.2612072123,Subba Reddy Palli,"The transition from larval to pupal stage in holometabolous insects is a critical developmental decision regulated by hormonal and nutritional cues. The studies reported here revealed a central role for the TGF-β ligand Myoglianin (Myo) in integrating these signals in a major lepidopteran pest, the fall armyworm,
                    Spodoptera frugiperda
                    . We found that CRISPR/Cas9-mediated
                    Myo
                    knockout (KO) resulted in supernumerary larval molts and an impairment of the larval–pupal transition. Myo-KO larvae exhibited a disrupted hormone milieu, characterized by elevated juvenile hormone (JH) levels and reduced ecdysone levels. The elevated JH titer was associated with reduced degradation by JH esterase, whereas the decrease in ecdysteroid levels was attributable to suppressed synthesis, driven by downregulation of the PTTH signaling axis in the head and of ecdysteroid biosynthesis genes in the prothoracic glands. Furthermore,
                    Myo
                    KO led to disproportionate growth, with oversized larvae harboring undersized tissues (e.g., wing disc and testes). This was associated with reduced expression of genes in the insulin/TOR signaling pathway and nutrient transporters, indicating impaired nutrient allocation. Our results establish Myo as a master regulator that synchronizes systemic endocrine signals with tissue-specific nutrient responses to coordinate metamorphosis and balance growth.",crossref,0
Structural rearrangements underlying the activation of STIM1 by ER calcium depletion,https://www.pnas.org/doi/abs/10.1073/pnas.2602410123?mi=eymic2&af=R&access=on&content=articlesChapters&publication=pnas&sortBy=Earliest&target=default,Proceedings of the National Academy of Sciences: Keyword search for query,2026-08-18 07:00:00 UTC,2026-08-18 07:00:00+00:00,10.1073/pnas.2602410123,Richard S. Lewis,"In resting cells, STIM1, the dimeric endoplasmic reticulum (ER) Ca
                    2+
                    sensor that controls store-operated Ca
                    2+
                    entry (SOCE), is held in a Ca
                    2+
                    -bound inactive state by multiple intramolecular restraints, or brakes. Receptor-evoked release of Ca
                    2+
                    from the ER causes a large conformational change in STIM1 that releases the brakes and exposes the CRAC activation domain (CAD), enabling it to bind and open store-operated Orai1 channels in the plasma membrane. We performed single-molecule Förster resonance energy transfer (smFRET) measurements with purified STIM1 to better understand how Ca
                    2+
                    release from the luminal domain of STIM1 drives the conformational changes in the cytosolic domain that underlie CAD release. We find that Ca
                    2+
                    removal releases the CAD from CC1α1 (the “CC1 clamp”) without obligatory formation of the CC1 coiled-coil that has been associated with CAD release in cells. Surprisingly, the CAD rearranges dramatically during release, as the two hairpin protomers that create its characteristic V-shaped structure are spread apart. Locking the two protomers together by cysteine crosslinking prevents CAD release, suggesting that the CAD must rearrange to escape the CC1 clamp. Our data support a model in which ER depletion-induced dimerization of the luminal SAM domains drives the cytosolic domain into multiple intermediate states including a 3-helix bundle of CC1α1/2/3, releasing the CC1 clamp and allowing the CAD to escape through a “fold-out” mechanism. Subsequent formation of the CC1 coiled-coil enables the CAD to revert to its original shape and extends it toward the plasma membrane to activate Orai1.",crossref,0
In This Issue,https://www.pnas.org/doi/abs/10.1073/iti3326123?mi=eymic2&af=R&access=on&content=articlesChapters&publication=pnas&sortBy=Earliest&target=default,Proceedings of the National Academy of Sciences: Keyword search for query,2026-08-18 07:00:00 UTC,2026-08-18 07:00:00+00:00,10.1073/iti3326123,,,,0
The genetic architecture of tomato flavor variation through crop domestication and improvement,https://www.pnas.org/doi/abs/10.1073/pnas.2610136123?mi=eymic2&af=R&access=on&content=articlesChapters&publication=pnas&sortBy=Earliest&target=default,Proceedings of the National Academy of Sciences: Keyword search for query,2026-08-18 07:00:00 UTC,2026-08-18 07:00:00+00:00,10.1073/pnas.2610136123,Harry J. Klee,"Extensive selection for yield and disease resistance during tomato crop improvement has led to flavor loss in modern commercial tomatoes in comparison with heirloom varieties. To investigate the chemical and genetic architecture of tomato flavor through both domestication and improvement, we analyzed flavor-related chemicals across 558 globally collected accessions comprising wild relatives, semidomesticated and domesticated populations, including uncharacterized Latin American accessions. Key flavor volatiles exhibit major differences across accessions. A genome-wide association study was used to detect associations between genetic loci and flavor-related chemical contents, including sugars, acids, and volatiles. Multiple genetic loci linked to known genes encoding flavor metabolism enzymes, as well as many new loci, were identified. Among the newly identified loci, a gene encoding a previously uncharacterized lipase (
                    Sl-LIP100
                    ) was experimentally proven to have an important role in synthesis of lipid-derived flavor volatiles. This enzyme is responsible for synthesis of several important five- and six-carbon flavor volatiles. In sum, this study provides chemical and genetic insights into the evolution of tomato flavor during domestication and subsequent improvement, identifying the complexity of genetic control of fruit flavor chemicals as well as a number of new alleles that can be used to improve the contents of flavor-linked chemicals.",crossref,0
TaIAA25 negatively regulates wheat alkaline tolerance by inhibiting plasma membrane H+-ATPase activity,https://www.pnas.org/doi/abs/10.1073/pnas.2607117123?mi=eymic2&af=R&access=on&content=articlesChapters&publication=pnas&sortBy=Earliest&target=default,Proceedings of the National Academy of Sciences: Keyword search for query,2026-08-18 07:00:00 UTC,2026-08-18 07:00:00+00:00,10.1073/pnas.2607117123,Shuwei Liu,"Soil salinization/alkalization represents a universal challenge that severely constrains crop productivity. Elucidating the molecular mechanisms underpinning saline/alkaline tolerance of wheat (
                    Triticum aestivum
                    ) holds profound significance for global food security and sustainable agriculture. In this study, we functionally characterized a wheat alkaline sensitive locus designated
                    Wheat Alkaline Sensitive 1
                    (
                    WAS1
                    ), through whole exome-capture sequencing-based bulked segregant analysis and fine mapping of
                    was1
                    mutant populations. This locus encodes TaIAA25, a canonical member of the Auxin/Indole-3-Acetic Acid (Aux/IAA) protein family. A C to T transition in
                    TaIAA25
                    leads to a Pro-to-Ser substitution within its Aux/IAA degron motif. This amino acid substitution enhances the stability of TaIAA25 protein, thereby rendering wheat hypersensitive to alkaline stress. The overexpression of
                    TaIAA25
                    significantly increased sensitivity of wheat to alkaline treatment, whereas
                    iaa25
                    knockout mutants displayed enhanced tolerance to alkaline stress. Consistent with established auxin signaling transduction, TaIAA25 interacts with auxin response factor 16 (TaARF16) to repress the TaARF16-mediated transcriptional activation of small auxin-up RNA gene
                    TaSAUR215
                    . This cascade potentiates the inhibitory effect of D-clade type 2C protein phosphatase (TaPP2C.D) on plasma membrane (PM) H
                    +
                    -ATPase activity. Notably, TaIAA25 also directly interacts with the phosphorylation (P) domain in central loop of PM H
                    +
                    -ATPase 2 (TaHA2) and represses its binding with the actuator (A) domain, thereby blocking TaHA2-driven proton efflux. Collectively, our findings clarified the crucial role of the classical auxin signaling pathway in plant responses to alkaline stress. Furthermore, we revealed a mechanism wherein an Aux/IAA protein directly modulates PM H
                    +
                    -ATPase activity to orchestrate auxin-mediated alkaline stress response.",crossref,0
Proliferation as a natural strategy to suppress neoplasia,https://www.pnas.org/doi/abs/10.1073/pnas.2605763123?mi=eymic2&af=R&access=on&content=articlesChapters&publication=pnas&sortBy=Earliest&target=default,Proceedings of the National Academy of Sciences: Keyword search for query,2026-08-18 07:00:00 UTC,2026-08-18 07:00:00+00:00,10.1073/pnas.2605763123,John Doyle,"Cell proliferation is necessary to maintain tissue homeostasis, but proliferation carries with it a risk of cancer. To understand how some organisms suppress cancer while maintaining homeostasis, we developed a dynamical model of cell populations. The model identifies two regimes. In one regime, as expected, proliferation drives accumulation of neoplastic cells. In another regime, unexpectedly, increasing proliferation suppresses accumulation of neoplastic cells. In this regime, as more cells proliferate, more cells also die as a consequence of homeostatic feedback. As long as neoplastic cells are targeted preferentially, the high flux effectively acts as a proofreader. High-flux proofreading works even when the system lacks a highly specific detector of neoplastic cells. As a first experimental test, we examined the jellyfish. Neoplasms are rarely observed in cnidarians, yet simply inhibiting proliferation promotes neoplasms. The quantitative framework developed here offers experimentally testable predictions to assess high-flux proofreading in other systems.",crossref,0
An ER retention motif controls the heteromeric stoichiometry of hERG1a/1b channels,https://www.pnas.org/doi/abs/10.1073/pnas.2605305123?mi=eymic2&af=R&access=on&content=articlesChapters&publication=pnas&sortBy=Earliest&target=default,Proceedings of the National Academy of Sciences: Keyword search for query,2026-08-18 07:00:00 UTC,2026-08-18 07:00:00+00:00,10.1073/pnas.2605305123,Gail A. Robertson,"The
                    human ether-à-go-go related gene
                    (
                    hERG
                    ) encodes a potassium channel essential for cardiac repolarization and neuronal excitability. In the heart, heteromeric assemblies of hERG1a and hERG1b subunits produce cardiac I
                    Kr
                    , and mutations in either subunit are associated with long QT syndrome. Although hERG1a and 1b contain identical transmembrane and C-terminal cytosolic domains, they differ in N-terminal cytosolic domains, with hERG1b harboring an arginine-based endoplasmic reticulum (ER) retention/retrieval motif that limits its surface expression in the absence of hERG1a. While the association of hERG1a and 1b subunits is known to influence channel function, the stoichiometry of heteromeric hERG channels and mechanisms that regulate it have remained unresolved. Here, using single molecule photobleaching step analysis in HeLa cells, we show that heteromeric hERG1a/1b channels assemble predominantly with a fixed 2:2 stoichiometry. Mutation of the hERG1b ER retention motif disrupts this bias, resulting in a broader, near-random distribution of subunit compositions. Independent functional assays using dominant-negative pore mutants in Xenopus oocytes yielded quantitative current suppression consistent with a 2:2 assembly and similarly revealed loss of stoichiometric bias upon RXR mutation. Together, these results establish the oligomeric composition of hERG1a/1b channels and identify ER retention as a previously unrecognized determinant of heteromeric stoichiometry.",crossref,0
Directed Regulation of Intermolecular Excitonic Couplings to Minimize Non‐Radiative Recombination of Excited States in NIR‐Absorbing Non‐Fullerene Acceptors,https://advanced.onlinelibrary.wiley.com/doi/10.1002/adma.74699?af=R,Wiley: Advanced Materials: Table of Contents,2026-08-18 07:35:56 UTC,2026-08-18 07:35:56+00:00,10.1002/adma.74699,Xian‐Kai Chen,"ABSTRACT
                  
                    Suppression of excited‐state non‐radiative recombination is pivotal for overcoming efficiency bottleneck in organic optoelectronics. However, in film, mechanism of aggregates’ excited‐state non‐radiative recombination and how to suppress its rate (
                    k
                    nr
                    ) remain unclear. Here, taking classical Y6‐type acceptors as an example, we investigate how change in their molecular packing modes impacts aggregates’ excited‐state properties and
                    k
                    nr
                    . We find that
                    k
                    nr
                    decreases with an increased population of the compact EECC (end‐end and core‐core) packing mode. Our results reveal that the EECC mode enhances the electronic coupling between intermolecular charge‐transfer (iCT) and locally excited (LE) exciton states, facilitating aggregates’ excited‐state wavefunction delocalization and lowering the aggregates’ exciton‐phonon coupling, which compensates for the energy‐gap‐law effect. This intermolecular excitonic‐coupling regulation strategy is further supported in the L8BO series through an increased population of the EE packing mode and enhanced LE–LE excitonic coupling. The corresponding D18:L8BO:HDL8 ternary OPV devices achieved a high efficiency of 20.63% (certified as 20.40%) with reduced non‐radiative voltage loss (Δ
                    V
                    nr
                    ). Our work has not only uncovered the underlying mechanism of how molecular packing mode impacts aggregates’ electronic structures and
                    k
                    nr
                    , but also provided a molecule‐design strategy for improving NIR luminescent efficiencies/exciton lifetimes of films and OPV device efficiencies with reduced Δ
                    V
                    nr
                    .",crossref,0
Mitochondria‐Targeted Pyroptosis Orchestrated by Photodynamic Microneedle Patches Potentiates Melanoma Immunoradiotherapy,https://advanced.onlinelibrary.wiley.com/doi/10.1002/adma.74638?af=R,Wiley: Advanced Materials: Table of Contents,2026-08-18 07:38:56 UTC,2026-08-18 07:38:56+00:00,10.1002/adma.74638,Zhengqing Guo,"ABSTRACT
                  
                    The lethality of melanoma stems from its high metastatic propensity, intrinsic apoptosis resistance, and a profoundly immunosuppressive microenvironment, which collectively undermine conventional radiotherapy and immunotherapy. Here, we develop a spatiotemporally precise therapeutic strategy using mitochondria‐targeted photodynamic microneedles (
                    mito
                    TPS‐MNs) to orchestrate GSDME‐mediated pyroptosis and potentiate systemic immunoradiotherapy. Upon transdermal photoactivation,
                    mito
                    TPS induces intense, mitochondria‐confined reactive oxygen species (ROS) bursts, triggering a caspase‐3/GSDME‐dependent pyroptotic cascade while simultaneously disrupting mitochondrial respiration to alleviate tumor hypoxia. This dual‐action mechanism sensitizes melanoma to x‐ray irradiation, achieving near‐complete regression of primary tumors and remodeling “cold” tumor microenvironments into immunologically “hot” niches. The explosive release of damage‐associated molecular patterns (DAMPs) from pyroptotic cells functions as an in situ cancer vaccine, promoting dendritic cell maturation, the systemic recruitment of CD8
                    +
                    cytotoxic T lymphocytes, and potent abscopal responses against untreated distant metastases. Our work establishes mitochondria‐directed pyroptosis as a mechanistic switch to bypass the inherent apoptotic resistance of melanoma, providing a clinically translatable strategy to convert localized interventions into systemic immunity against advanced melanoma.",crossref,0
Hollow Nanoreactors Modulate Mass Transfer and Dual‐Species Spillover to Boost Nitrate‐to‐Ammonia Reduction in Real Wastewater,https://advanced.onlinelibrary.wiley.com/doi/10.1002/adma.74714?af=R,Wiley: Advanced Materials: Table of Contents,2026-08-18 08:06:16 UTC,2026-08-18 08:06:16+00:00,10.1002/adma.74714,Feilong Gong,"ABSTRACT
                  
                    Copper‐based materials are promising catalysts for electrocatalytic nitrate reduction to ammonia (NH
                    3
                    ), while their use in real wastewater with low nitrate concentrations is hindered by poor mass transfer and high energy barrier. To overcome these limitations, we design a hollow Cu/MoS
                    2
                    ‐550 nanoreactor, consisting of hollow MoS
                    2
                    support loaded with Cu single atoms and clusters. At the mesoscale, the hollow MoS
                    2
                    support features a heat‐exchanger‐fin‐like structure that accelerates mass transfer, thereby promoting local enrichment of NO
                    3
                    −
                    . At the microscale, precise modulation of sulfur vacancy concentration in MoS
                    2
                    triggers dual‐species spillover, namely reverse hydrogen spillover and *NO spillover from Cu single atoms to Cu clusters, which lowers the energy barrier of deep hydrogenation step. As a result, the Cu/MoS
                    2
                    ‐550 nanoreactor achieves an NH
                    3
                    Faradaic efficiency (FE) of 98.14% and a yield rate of 27.46 mg h
                    −1
                    mg
                    cat
                    −1
                    . Furthermore, when assembled into an Al‐NO
                    3
                    −
                    battery operating in real wastewater containing only ∼ 0.76 mM NO
                    3
                    −
                    , the battery runs stably for 120 h, delivers an NH
                    3
                    FE of 53.20%, and maintains a nitrate removal rate of 91.17%. This work provides cross‐scale modulation strategies to overcome mass‐transfer bottlenecks and energy barriers in multi‐electron transfer reactions, offering a potential pathway for environmental applications.",crossref,0
Atomic‐Scale Detection of Néel Vector Switching in the Single‐Layer A‐Type Antiferromagnet Cr2S3‐2D,https://advanced.onlinelibrary.wiley.com/doi/10.1002/adma.74637?af=R,Wiley: Advanced Materials: Table of Contents,2026-08-18 08:08:49 UTC,2026-08-18 08:08:49+00:00,10.1002/adma.74637,Jeison Fischer,"ABSTRACT
                  The detection of Néel vector switching in a single‐layer A‐type antiferromagnet marks an important step toward functional two‐dimensional spintronics. Here, ‐2D, grown on graphene on Ir(110), is established as a first single‐layer A‐type antiferromagnet. Spin‐polarized scanning tunneling microscopy reveals hysteresis loops with a large switching field and a pronounced dependence on island size. X‐ray magnetic circular dichroism at the Cr  edges exhibits a tiny signal with a linear magnetic field dependence, consistent with an antiferromagnetic ground state with an estimated net moment below  per Cr and a Néel temperature of about 160 K. Quantitative analysis of the island‐size dependence of the switching field, together with first‐principles calculations, indicates a slight imbalance between the magnetic moments of the two Cr planes of ‐2D when supported on a substrate. This imbalance results in a net magnetization for the A‐type antiferromagnet, which enables the 180 rotation of the Néel vector. Moreover, ‐2D retains its magnetic properties after several days of exposure to air.",crossref,0
Metastable Polymers for Circular 3D Printing,https://advanced.onlinelibrary.wiley.com/doi/10.1002/adma.74682?af=R,Wiley: Advanced Materials: Table of Contents,2026-08-18 08:55:45 UTC,2026-08-18 08:55:45+00:00,10.1002/adma.74682,Eva Blasco,"ABSTRACT
                  Reducing waste and enabling material reuse are central goals for sustainable advanced manufacturing. In light‐based 3D printing, this requires moving beyond permanent networks toward systems that can be easily returned to their original molecular building blocks, while preserving good performance. Here, a shift toward metastable, 3D printable polymers is introduced, which are intrinsically programmed for controlled depolymerization under mild conditions, enabling circular recovery. This concept is realized using self‐immolative polymers (SIPs), which undergo triggered, domino‐like depolymerization upon activation of a specific labile unit. These polymers are formulated for high‐resolution digital light processing 3D printing, yielding mechanically robust structures. Upon exposure to a defined trigger, the printed networks rapidly (in seconds) and completely disassemble under ambient conditions, regenerating their pristine monomers. These are recovered in near‐quantitative yield and subsequently reprocessed into chemically identical printable polymers. This metastability‐driven approach establishes a transformative pathway for circular 3D printing.",crossref,0
Free-Streaming Length of Dark Matter from JWST Observations of 28 Strong Gravitational Lenses,http://link.aps.org/doi/10.1103/qckh-cqrd,Recent Articles in Phys. Rev. Lett.,2026-08-18 10:00:00 UTC,2026-08-18 10:00:00+00:00,10.1103/qckh-cqrd,D. Gilman,"Author(s): D. Gilman et al.The formation of gravitationally bound overdensities of dark matter (DM), or halos, is a generic prediction of theories with particle DM. We present a measurement of halo properties in 28 quadruple image strong lens systems recently observed by JWST, and use these observations to constrain the free-…[Phys. Rev. Lett. 137, 081004] Published Tue Aug 18, 2026",rss_description,0
Signature of Chiral Superconducting Order Parameter Evidenced in Mesoscopic Superconductors,http://link.aps.org/doi/10.1103/qv9w-x78v,Recent Articles in Phys. Rev. Lett.,2026-08-18 10:00:00 UTC,2026-08-18 10:00:00+00:00,10.1103/qv9w-x78v,Yufan Li,"Author(s): Xiaoying Xu, Wei Qin, Yuelin Shen, Zixuan Huang, Zhuoya Zhou, Zirao Wang, and Yufan LiChiral superconductivity is a novel superconducting phase characterized by order parameters that break time-reversal symmetry, endowing the state with a definite handedness. Unlike conventional superconductors, the Cooper pairs in a chiral superconductor carry nonzero orbital angular momentum. Throu…[Phys. Rev. Lett. 137, 086002] Published Tue Aug 18, 2026",rss_description,0
Quantum Brownian Motion: Proving That the Schmid Transition Belongs to the Berezinskii-Kosterlitz-Thouless Universality Class,http://link.aps.org/doi/10.1103/drcz-b46s,Recent Articles in Phys. Rev. Lett.,2026-08-18 10:00:00 UTC,2026-08-18 10:00:00+00:00,10.1103/drcz-b46s,G. De Filippis,"Author(s): F. G. Capone, A. de Candia, V. Cataudella, R. Fazio, N. Nagaosa, C. A. Perroni, and G. De FilippisWe investigate the equilibrium properties of a quantum Brownian particle moving in a periodic potential, specifically addressing the nature of the dissipation-driven Schmid transition in the Ohmic regime. By employing world-line Monte Carlo in the path-integral formalism and introducing a specific b…[Phys. Rev. Lett. 137, 087101] Published Tue Aug 18, 2026",rss_description,0
Majorana Edge Modes in Isolated Wires,http://link.aps.org/doi/10.1103/97fb-45n9,Recent Articles in Phys. Rev. Lett.,2026-08-18 10:00:00 UTC,2026-08-18 10:00:00+00:00,10.1103/97fb-45n9,Ivar Martin,"Author(s): Jaden Thomas-Markarian, Kartiek Agarwal, and Ivar MartinTopological superconductors are believed to host exotic quasiparticle excitations known as Majorana zero modes (MZMs), with much of the evidence based on BCS mean-field theory. The direct application of mean-field arguments is tenuous in finite, isolated systems relevant in some experiments. Here, w…[Phys. Rev. Lett. 137, 086504] Published Tue Aug 18, 2026",rss_description,0
Probing the Quantum Geometry of Correlated Metals Using Optical Conductivity,http://link.aps.org/doi/10.1103/hrxh-y5dl,Recent Articles in Phys. Rev. Lett.,2026-08-18 10:00:00 UTC,2026-08-18 10:00:00+00:00,10.1103/hrxh-y5dl,Martin Claassen,"Author(s): Deven P. Carmichael and Martin ClaassenRecent studies have revealed that the quantum geometry of electronic bands determines the electromagnetic properties of noninteracting insulators and semimetals. However, the role of quantum geometry in the optical responses of interacting electron systems remains largely unexplored. Here, we examin…[Phys. Rev. Lett. 137, 086503] Published Tue Aug 18, 2026",rss_description,0
Spin Stripes and Superconductivity in Bilayer Nickelates,http://link.aps.org/doi/10.1103/zqg5-gzbq,Recent Articles in Phys. Rev. Lett.,2026-08-18 10:00:00 UTC,2026-08-18 10:00:00+00:00,10.1103/zqg5-gzbq,S. Raghu,"Author(s): Hao-Xin Wang, Hanbit Oh, Tobias Helbig, Bai Yang Wang, Jiarui Li, Yijun Yu, Harold Y. Hwang, Hong-Chen Jiang, Yi-Ming Wu, and S. RaghuDensity matrix renormalization group calculations reveal spin-stripe ordering at large Hund’s coupling, demonstrating that Hund’s coupling and inter-layer coupling are key parameters in magnetic order and pairing.[Phys. Rev. Lett. 137, 086502] Published Tue Aug 18, 2026",rss_description,0
Unlocking Static Polarization and Strain Density Waves in Perovskites by Softening a Hidden Antiferrodistortive Tilt Gradient Mode,http://link.aps.org/doi/10.1103/xlvk-k52x,Recent Articles in Phys. Rev. Lett.,2026-08-18 10:00:00 UTC,2026-08-18 10:00:00+00:00,10.1103/xlvk-k52x,Philippe Ghosez,"Author(s): Yajun Zhang, Devesh R. Kripalani, Xu He, Konstantin Shapovalov, Jiyuan Yang, Hongjian Zhao, Shi Liu, Huadong Yong, Xingyi Zhang, Jie Wang, Kun Zhou, and Philippe GhosezSpin density waves (SDWs) represent a fundamental paradigm of spatially modulated order in condensed matter systems, yet their electrical and mechanical analogs—polarization and strain density waves (PDWs and StDWs)—have remained elusive as equilibrium phases. Here, we introduce a general, symmetry-…[Phys. Rev. Lett. 137, 086101] Published Tue Aug 18, 2026",rss_description,0
Evidence for Wave Turbulence Spectra in Rotating Turbulence,http://link.aps.org/doi/10.1103/33dv-bfcx,Recent Articles in Phys. Rev. Lett.,2026-08-18 10:00:00 UTC,2026-08-18 10:00:00+00:00,10.1103/33dv-bfcx,Eran Sharon,"Author(s): Omri Shaltiel, Omri Gat, and Eran SharonThough highly impacting our lives, rotating turbulent flows are not well understood. These anisotropic three-dimensional fluctuating flows are governed by different nonlinear processes, each of which can be dominant in a different range of parameters. More than 20 years ago, Galtier used weak wave t…[Phys. Rev. Lett. 137, 084001] Published Tue Aug 18, 2026",rss_description,0
Non-Hermitian Anomalous Scaling Engineering,http://link.aps.org/doi/10.1103/39t1-94yh,Recent Articles in Phys. Rev. Lett.,2026-08-18 10:00:00 UTC,2026-08-18 10:00:00+00:00,10.1103/39t1-94yh,Peng Xue,"Author(s): Shulin Wang, Jiawei He, Zhiyuan Yang, Stefano Longhi, and Peng XueNon-Hermitian systems exhibit anomalous scaling, a striking departure from conventional bulk laws, rooted in the non-Hermitian skin effect (NHSE). Here, we experimentally uncover this scaling and demonstrate its active control in a temporal photonic lattice. By tracking the real-time evolution of al…[Phys. Rev. Lett. 137, 083801] Published Tue Aug 18, 2026",rss_description,0
"First $^{94}\mathrm{Nb}(n,γ)$ Measurement: Constraining the Nucleosynthetic Origin of $^{94}\mathrm{Mo}$ in Presolar Grains",http://link.aps.org/doi/10.1103/538w-rhqb,Recent Articles in Phys. Rev. Lett.,2026-08-18 10:00:00 UTC,2026-08-18 10:00:00+00:00,10.1103/538w-rhqb,J. Balibrea-Correa (n_TOF Collaboration),"Author(s): J. Balibrea-Correa et al. (n_TOF Collaboration)Isotopic measurements of presolar silicon carbide grains from dying stars have revealed a puzzling overabundance of $^{94}\mathrm{Mo}$ that stellar nucleosynthesis models have failed to reproduce for two decades. This discrepancy challenged our understanding of the slow neutron-capture process ($s$-…[Phys. Rev. Lett. 137, 082701] Published Tue Aug 18, 2026",rss_description,0
Charged Excitations Made Neutral: $N$-Centered Ensemble Density Functional Theory of Fukui Functions,http://link.aps.org/doi/10.1103/gjf6-25xy,Recent Articles in Phys. Rev. Lett.,2026-08-18 10:00:00 UTC,2026-08-18 10:00:00+00:00,10.1103/gjf6-25xy,Emmanuel Fromager,"Author(s): Lucien Dupuy and Emmanuel FromagerAn in-principle exact working equation to compute electronic affinity and ionization Fukui functions is derived within the $N$-centered (Nc) ensemble extension of density functional theory (DFT). It circumvents the kernel derivative discontinuity problem of DFT for fractional electron numbers, whose…[Phys. Rev. Lett. 137, 088001] Published Tue Aug 18, 2026",rss_description,0
Holographic Origin of $a$ Maximization and Higher-Derivative ${\mathrm{AdS}}_{5}/{\mathrm{CFT}}_{4}$,http://link.aps.org/doi/10.1103/nrlq-ktd1,Recent Articles in Phys. Rev. Lett.,2026-08-18 10:00:00 UTC,2026-08-18 10:00:00+00:00,10.1103/nrlq-ktd1,Gabriele Tartaglino-Mazzucchelli,"Author(s): Kiril Hristov, Saurish Khandelwal, Yi Pang, and Gabriele Tartaglino-MazzucchelliWe develop a consistent partially off-shell framework for evaluating higher-derivative actions of five-dimensional $\mathcal{N}=1$ gauged supergravity with Abelian vector multiplets on ${\mathrm{AdS}}_{5}$. Using the superconformal formalism, we show that the resulting holographic expression reprodu…[Phys. Rev. Lett. 137, 081602] Published Tue Aug 18, 2026",rss_description,0
High Post-Minkowskian Gravitational Waveform for Hyperbolic Encounters in the Extreme-Mass-Ratio Limit,http://link.aps.org/doi/10.1103/l9cd-88h7,Recent Articles in Phys. Rev. Lett.,2026-08-18 10:00:00 UTC,2026-08-18 10:00:00+00:00,10.1103/l9cd-88h7,Andrea Geralico,"Author(s): Andrea GeralicoThe frequency-domain waveform emitted by a two-body scattering process is computed in the extreme-mass-ratio limit through the fifth post-Minkowskian (PM) order [i.e., $O({G}^{5})$] and the fractional sixth post-Newtonian (PN) order. The current accuracy of the scattering waveform obtained by quantu…[Phys. Rev. Lett. 137, 081401] Published Tue Aug 18, 2026",rss_description,0
Constraints on Large-Scale White Noise in the Cosmic Density Field,http://link.aps.org/doi/10.1103/7dwt-h1h7,Recent Articles in Phys. Rev. Lett.,2026-08-18 10:00:00 UTC,2026-08-18 10:00:00+00:00,10.1103/7dwt-h1h7,Albert Stebbins,"Author(s): Gabriela Barenboim, Aurora Ireland, and Albert StebbinsWe present observational constraints on large-scale white noise (LSWN) in the cosmic density field, a phenomenon predicted to arise from nonlinear mode coupling during cosmological evolution. Building on the theoretical framework of our companion paper, where we demonstrated that nonlinearities inev…[Phys. Rev. Lett. 137, 081003] Published Tue Aug 18, 2026",rss_description,0
Characterization of the Three-Flavor Composition of Cosmic Neutrinos with IceCube,http://link.aps.org/doi/10.1103/vntd-m133,Recent Articles in Phys. Rev. Lett.,2026-08-18 10:00:00 UTC,2026-08-18 10:00:00+00:00,10.1103/vntd-m133,R. Abbasi (IceCube Collaboration),"Author(s): R. Abbasi et al. (IceCube Collaboration)The flavor composition of cosmic neutrinos probes both the physical properties of their sources and oscillations over energies and distances unreachable by terrestrial experiments. Using 11.4 yr of IceCube data, we analyze the flavor composition of the all-sky neutrino flux from 5 TeV–10 PeV, signif…[Phys. Rev. Lett. 137, 081002] Published Tue Aug 18, 2026",rss_description,0
Kirkwood-Dirac Nonpositivity Is a Necessary Resource for Quantum Computing,http://link.aps.org/doi/10.1103/x819-898d,Recent Articles in Phys. Rev. Lett.,2026-08-18 10:00:00 UTC,2026-08-18 10:00:00+00:00,10.1103/x819-898d,David R. M. Arvidsson-Shukur,"Author(s): Jonathan J. Thio, Songqinghao Yang, Nicole Yunger Halpern, Stephan De Bièvre, Crispin H. W. Barnes, and David R. M. Arvidsson-ShukurWe elucidate the boundary between classical and quantum computation by constructing qubit Clifford circuits with nonstabilizer inputs that can be efficiently simulated classically. We do so by casting the quantum circuits realizable by defect braiding in the surface code in terms of a Kirkwood-Dirac…[Phys. Rev. Lett. 137, 080601] Published Tue Aug 18, 2026",rss_description,0
Paradoxical Increase of Capacity due to Spurious Overlaps in Attractor Networks,http://link.aps.org/doi/10.1103/wjsd-xzlq,Recent Articles in Phys. Rev. Lett.,2026-08-18 10:00:00 UTC,2026-08-18 10:00:00+00:00,10.1103/wjsd-xzlq,Ulises Pereira-Obilinovic,"Author(s): Marco Benedetti, Nicolas Brunel, Enzo Marinari, and Ulises Pereira-ObilinovicIn Hopfield-type associative memory models, memories are stored in the connectivity matrix and can be retrieved subsequently thanks to the collective dynamics of the network. In these models, the retrieval of a particular memory can be hampered by overlaps between the network state and other memorie…[Phys. Rev. Lett. 137, 088401] Published Tue Aug 18, 2026",rss_description,0
Extendibility of Fermionic Gaussian States,http://link.aps.org/doi/10.1103/65dd-448y,Recent Articles in Phys. Rev. Lett.,2026-08-18 10:00:00 UTC,2026-08-18 10:00:00+00:00,10.1103/65dd-448y,Farzin Salek,"Author(s): Amir-Reza Negari and Farzin SalekWe investigate $({k}_{1},{k}_{2})$ extendibility of fermionic Gaussian states, a property central to quantum correlations and approximations of separability. We show that these states are $({k}_{1},{k}_{2})$-extendible if and only if they admit a fermionic Gaussian extension, yielding a complete cov…[Phys. Rev. Lett. 137, 080201] Published Tue Aug 18, 2026",rss_description,0
Application of normalizing flows to nuclear many-body perturbation theory,http://link.aps.org/doi/10.1103/8gvn-3gbn,Recent Articles in Phys. Rev. C,2026-08-18 10:00:00 UTC,2026-08-18 10:00:00+00:00,10.1103/8gvn-3gbn,Albany Blackburn,"Author(s): Pengsheng Wen, Jeremy W. Holt, and Albany BlackburnMany-body perturbation theory provides a powerful framework to study the ground state and thermodynamic properties of nuclear matter as well as associated single-particle potentials and response functions within a systematic order-by-order expansion. However, computational challenges can emerge beyo…[Phys. Rev. C 114, 025804] Published Tue Aug 18, 2026",rss_description,0
Diketopyrrolopyrrole‐Based Cation as a Semiconducting Spacer in Layered Perovskite,https://advanced.onlinelibrary.wiley.com/doi/10.1002/adma.74681?af=R,Wiley: Advanced Materials: Table of Contents,2026-08-18 10:05:06 UTC,2026-08-18 10:05:06+00:00,10.1002/adma.74681,Kevin Sivula,"ABSTRACT
                  
                    Incorporating π‐conjugated organic spacers in layered “2D” perovskites in order to extend solar light harvesting has remained a challenge, as typically‐incorporated spacers (e.g. phenethylammonium, PEA
                    +
                    ) do not absorb deep into the visible spectrum. Here, we introduce a visible‐light‐absorbing π‐conjugated dithiophene–diketopyrrolopyrrole‐based spacer cation that forms a pure iodide layered perovskite that exhibits complementary organic–inorganic absorption and a type‐II nano‐heterojunction electronic structure. By chain length engineering, a dihexyl‐substituted diketopyrrolopyrrole cation (DPP‐dH
                    2+
                    ) is identified as the optimal length required to form an ordered layered structure
                    
                      (DPP‐dH)PbI
                      4
                    
                    . Transient absorption spectroscopy reveals bidirectional charge transfer, with hole transfer from the inorganic [PbI
                    4
                    ]
                    2−
                    slabs to the organic spacer, and electron transfer in the reverse direction upon excitation at longer wavelengths. Time‐resolved microwave conductivity and space‐charge‐limited current measurements demonstrate reduced trap density and electron mobilities up to 1.3 × 10
                    −3
                    cm
                    2
                    V
                    −1
                    s
                    −1
                    . Leveraging its extended visible absorption, the resulting layered perovskite exhibits a marked improvement in photovoltaic power conversion efficiency compared to
                    
                      (PEA)
                      2
                      PbI
                      4
                    
                    as well as an extended incident photon harvesting reaching 650 nm (1.9 eV), establishing diketopyrrolopyrrole spacers as a promising platform for next‐generation optoelectronics.",crossref,0
Sub‐Nanometer Cobalt on Tungsten Titanium Carbide MXene (W2TiC2Tx): An Electrocatalyst for Highly Efficient and Stable Alkaline Hydrogen Evolution at Industrial‐Scale Current Density,https://advanced.onlinelibrary.wiley.com/doi/10.1002/adma.74654?af=R,Wiley: Advanced Materials: Table of Contents,2026-08-18 10:07:50 UTC,2026-08-18 10:07:50+00:00,10.1002/adma.74654,Yue Wu,"ABSTRACT
                  
                    Developing non‐precious electrocatalysts that simultaneously deliver high activity, long‐term durability, and industrial operability remains the critical challenge for the alkaline hydrogen evolution reaction (HER). Herein, a structurally well‐defined two‐dimensional metal carbide MXene, tungsten titanium carbide (W
                    2
                    TiC
                    2
                    T
                    x
                    ), is synthesized for the first time via the W
                    2
                    TiAlC
                    2
                    MAX‐phase precursor. Cobalt loading combined with rational modulation of local atomic configurations and metal–support interactions (MSI) enables the construction of a highly active and robust Co/W
                    2
                    TiC
                    2
                    HER catalyst. The optimized Co/W
                    2
                    TiC
                    2
                    ‐700 exhibits small overpotentials of 63 and 191 mV at 10 and 100 mA cm
                    −
                    2
                    , and outstanding long‐term durability of over 1000 h stable hydrogen production at 4000 mA cm
                    −
                    2
                    . In a flow‐cell MEA electrolyzer, Co/W
                    2
                    TiC
                    2
                    delivers near‐unity hydrogen Faradaic efficiency across a wide current range (50–400 mA cm
                    −
                    2
                    ) while requiring significantly lower cell voltages than commercial Pt/C. Quasi‐in‐situ XPS, XANES, and EXAFS analyses reveal that thermal modulation induces the transformation of Co from isolated atoms and large nanoparticles into uniform sub‐nanometer particles anchored on the outer tungsten layers. DFT calculations identify Co–W interfacial sites as the primary active centers. This work highlights the critical role of rational design and utilization of MSI in MXene‐supported catalysts for electrochemical water splitting.",crossref,0
Grain‐Boundary‐Rich SEI Synergizing with an H2O‐Poor EDL Enables Multidimensional Interfacial Regulation for Stable Zn Anodes,https://advanced.onlinelibrary.wiley.com/doi/10.1002/aenm.71481?af=R,Wiley: Advanced Energy Materials: Table of Contents,2026-08-18 11:51:34 UTC,2026-08-18 11:51:34+00:00,10.1002/aenm.71481,Xiang Gao,"ABSTRACT
                  
                    The reversibility and sustainability of aqueous zinc‐ion batteries (AZIBs) are drastically compromised by interfacial issues arising from the H
                    2
                    O‐rich electric double layer (EDL) and unstable solid‐electrolyte interphase (SEI). Herein, trace biomolecule additive, zinc hyaluronate (HA‐Zn), is introduced to synergistically construct a grain‐boundary‐rich SEI and an H
                    2
                    O‐poor EDL for stable zinc anodes. Mechanistic studies reveal that HA‐Zn preferentially adsorbs onto the Zn anode and reconstructs an H
                    2
                    O‐poor EDL, effectively suppressing the water‐related side reactions. Simultaneously, the centred tetra‐oxygen ligands chelate Zn
                    2+
                    ions at the interface to homogenize ions distribution. This reconfigured interface further promotes the in situ decomposition of HA‐Zn and SO
                    4
                    2−
                    , generating an organic‐inorganic hybrid SEI with abundant Zn
                    2+
                    ‐conductive grain boundaries, which not only accelerates Zn
                    2+
                    transport but also guides oriented Zn(101) deposition. Benefiting from the designed interface comprising HA‐Zn adsorption and grain‐boundary‐rich SEI, the Zn||Zn symmetric cells achieve long lifespans exceeding 4700 h and 1700 h at 1 and 4 mAh·cm
                    −2
                    , respectively. More significantly, the Zn||I
                    2
                    full cells retain 88.67% capacity retention rate after more than 15000 cycles at 2 A·g
                    −1
                    , and the Zn||I
                    2
                    pouch batteries (0.3 Ah) maintain 86.34% capacity over 3300 cycles at 0.5 A·g
                    −1
                    .",crossref,0
Ether‐Based Electrolytes and the Solvation Structure in Sodium Ion Batteries,https://advanced.onlinelibrary.wiley.com/doi/10.1002/aenm.71452?af=R,Wiley: Advanced Energy Materials: Table of Contents,2026-08-18 11:53:12 UTC,2026-08-18 11:53:12+00:00,10.1002/aenm.71452,John T. S. Irvine,"ABSTRACT
                  Sodium‐ion batteries (SIBs) are promising candidates for large‐scale energy storage due to the cost‐effectiveness of sodium resources. Suitable and reliable electrolytes with excellent thermodynamic and kinetic properties as well as electrochemical and chemical stability are desired for SIBs. The higher donor number, nucleophilic chelating ability, and the novel co‐intercalation mechanism during the electrochemical process make ether an emerging electrolyte solvent in SIB. Understanding the functionality of ether solvents in batteries would promote the investigation of electrolyte. However, owing to the limitations of existing detection techniques, a comprehensive and in‐depth understanding of localized solvation structures and their evolution during electrochemical processes, which govern battery behavior, is still lacking. The recent investigations about the characterization of ether solvation structure, the solvent and salt impact on adjusting the formation of solid electrolyte interphase and practice application in both laboratory and industry are summarized and discussed in this review. In particular, the correlations between solvation structure, electrochemical behaviors and electrochemical performance are highlighted, aiming to provide insight into the rational design of high‐performance electrolytes for SIBs. Perspectives are proposed to advance research development, and we hope the review can shed light on the understanding of ether solvation structure and future applications in SIBs.",crossref,0
Diffusion‐Driven Macromolecular Self‐Organization Enables Conformal Perovskite/Silicon Tandems,https://advanced.onlinelibrary.wiley.com/doi/10.1002/adma.74663?af=R,Wiley: Advanced Materials: Table of Contents,2026-08-18 13:23:14 UTC,2026-08-18 13:23:14+00:00,10.1002/adma.74663,Peng Gao,"ABSTRACT
                  
                    Industrial deployment of perovskite/silicon tandem solar cells is limited by the difficulty of forming thick, defect‐controlled wide‐bandgap (WBG) perovskite layers that conformally coat micron‐textured silicon while retaining interfacial passivation. Here, we introduce a diffusion‐driven macromolecular passivation strategy (DMPS) employing a π‐extended zinc phthalocyanine derivative (ZnPc‐C
                    12
                    ) that simultaneously regulates perovskite crystallization and mitigates interfacial defects. Interfacial‐energy gradients created during solvent evaporation impose a thermodynamic driving force that expels ZnPc‐C
                    12
                    from the bulk toward both interfaces, establishing dual‐interface passivation and uniform 1.5 µm WBG perovskite films on industrial Czochralski silicon heterojunctions. The resulting single‐junction devices achieve 24.26% power‐conversion efficiency, while monolithic tandems deliver 34.26% (certified 33.83%) efficiency and &gt; 90% retention after 800 h of continuous operation. DMPS provides a general and scalable pathway for integrating defect‐controlled perovskite absorbers into textured silicon architectures, advancing the manufacturability of next‐generation film‐on‐wafer tandem photovoltaics.",crossref,0
Ambient‐Processed Organic Solar Cells Achieving Nearly 20.5% Efficiency and Industrially Viable Environmental Stability,https://advanced.onlinelibrary.wiley.com/doi/10.1002/adma.74716?af=R,Wiley: Advanced Materials: Table of Contents,2026-08-18 13:26:12 UTC,2026-08-18 13:26:12+00:00,10.1002/adma.74716,Yanming Sun,"ABSTRACT
                  The ability to process organic solar cells (OSCs) in ambient air is a critical prerequisite for industrial‐scale production, as it obviates the need for a high‐cost inert atmosphere. However, state‐of‐the‐art cathode interlayers (CILs) typically require strongly hydrophilic groups to ensure adequate solubility and feasible work function, which inevitably render them susceptible to moisture and oxygen in air, thereby compromising the photovoltaic performance. In this study, we introduce diethoxysilane (DEES) and its derivatives into the high‐performance CIL PNDIT‐F3N, where they hydrolyze and condense under ambient conditions to form a cross‐linked, hydrophobic Si─O─Si moisture‐protective network. Moreover, DEES incorporation effectively reduces the activation energy for electron transport of PNDIT‐F3N and suppresses detrimental aggregation, thus optimizing charge transport and extraction efficiency. As a result, the DEES‐modified OSCs achieve record efficiencies of 20.48% under 50% relative humidity (RH) and 20.22% under 80% RH, each representing one of the highest values reported for air‐processed devices. More importantly, the unencapsulated DEES‐modified devices exhibit exceptional operational stability, averaging 2270 h to 80% of initial efficiency under continuous visible‐LED illumination (photocurrent equivalent to AM1.5G, 45%–55% RH). This work provides a facile and generalizable strategy to enhance moisture tolerance of OSCs, advancing the industrial production and commercial viability of air‐processed organic photovoltaics.",crossref,0
Engineering Multiscale Biohybrid Interfaces for Signal Sensing and Functional Regulation of Electronic Plants,https://advanced.onlinelibrary.wiley.com/doi/10.1002/adma.74652?af=R,Wiley: Advanced Materials: Table of Contents,2026-08-18 13:28:37 UTC,2026-08-18 13:28:37+00:00,10.1002/adma.74652,Shu Wang,"ABSTRACT
                  Electronic plants (e‐Plants), typically constructed by integrating artificial electronic materials with natural living plants, have demonstrated as a powerful platform for bioelectronic applications, but the realization of high‐performance e‐Plant systems still remains challenging. In this Review, we concisely summarize the state‐of‐the‐art of the multiscale biohybrid interface construction strategies, namely surface‐attachable, implantable, and in situ formable methods, and discuss how these approaches can be applied to engineer e‐Plants. In addition, the applications of e‐Plants for sensing of signaling molecule‐based signal transduction and metabolism as well as monitoring of plant physiological states and microecological conditions are introduced, highlighting their intriguing potential in precision agriculture. Moreover, biohybrid e‐Plants that are capable of light‐to‐chemical energy conversion and photocatalysis are further outlined, conceivably opening up a new avenue for photosynthesis enhancement and disease treatment. On the other hand, the challenges and perspectives on advancing fast response time, multimodal responsiveness, artificial intelligence assistance, and biosafety are also discussed, clearly mapping the future development directions in such field.",crossref,0
Heterojunction‐Guided Reconstruction Toward Ru‐Co Bridged Dual Sites for Efficient Oxide‐Path Water Electrolysis,https://advanced.onlinelibrary.wiley.com/doi/10.1002/adma.74676?af=R,Wiley: Advanced Materials: Table of Contents,2026-08-18 13:31:52 UTC,2026-08-18 13:31:52+00:00,10.1002/adma.74676,Wenwu Zhong,"ABSTRACT
                  
                    The oxide path mechanism (OPM) offers a compelling route to bypass the activity–stability trade‐off of conventional oxygen evolution catalysis. However, its deliberate activation has largely relied on doping strategies to create heterometallic dual sites, which suffer from limited electronic tunability. Here, we demonstrate a fundamentally different approach that combines heterojunction engineering with guided in situ reconstruction. By integrating ruthenium oxide with a cobalt–nickel telluride heterostructure, we exploit the pronounced surface reconstruction of tellurides under anodic potentials to in situ generate a metastable CoO
                    2
                    phase featuring high‐valent cobalt. This reconstructed phase intimately couples with neighboring RuO
                    2
                    to form well‐defined Co–O–Ru bridged dual sites, which are proposed as the pivotal centers for OPM‐enabled O─O coupling. The telluride framework further acts as an electronic modulator, stabilizing ruthenium while promoting high‐valent cobalt formation. This synergy yields a catalyst with an overpotential of 213 mV at 100 mA cm
                    −2
                    and a mass activity 103 times that of commercial RuO
                    2
                    . When deployed in an anion‐exchange membrane electrolyzer, it operates at 1 A cm
                    −2
                    with a cell voltage of 1.78 V for over 800 h. Our work establishes heterojunction‐induced reconstruction as a powerful strategy to unlock OPM catalysis, moving beyond conventional doping toward dynamically assembled active interfaces.",crossref,0
Validation of hybrid-PIC simulations for advanced beam-driven FRC modeling,https://iopscience.iop.org/article/10.1088/1741-4326/ae96c0,Nuclear Fusion - latest papers,2026-08-18 23:00:00 UTC,2026-08-18 23:00:00+00:00,10.1088/1741-4326/ae96c0,Sean Dettrick,"TAE Technologies, Inc. has successfully demonstrated maintenance of a stable field-reversed configuration plasmas through the use of external actuators, which include neutral beam injection, core fueling, and electrode biasing. To reproduce this result in simulation, various additions have been made to the open-source particle-in-cell code, WarpX, that allow the effects of these external actuators to be included in simulation. A validation study of the extended WarpX hybrid-PIC model is presented in which simulations are compared against experimental results obtained on the C-2W experiment at TAE. The simulations are shown to accurately reproduce both low amplitude energetic particle driven modes routinely observed during C-2W operation and characteristics of the plasma decay after termination of external actuators. Validation of the simulation infrastructure provides confidence that the model can be used for interpretation of experimental observations.",rss_description,0
Pre-conceptual design of compact-fusion prototypical neutron source target for optimized fusion materials testing,https://iopscience.iop.org/article/10.1088/1741-4326/ae9321,Nuclear Fusion - latest papers,2026-08-18 23:00:00 UTC,2026-08-18 23:00:00+00:00,10.1088/1741-4326/ae9321,Lance Snead,This work describes a design study of a cyclotron-driven Fusion Prototypic Neutron Source (C-FPNS) target optimized to meet US specifications for a fusion materials irradiation target. The analysis supports the use of multiple compact deuterium cyclotron beams at a total current under 40 mA in the range of 35–60 MeV converging on a flowing annulus of lithium surrounding the sample target. The sample target region is modeled as miniaturized tensile and Charpy bend-bar specimens located within the central region of the annulus. A specific focus of this work is to provide a highly uniform flux trap of fusion-relevant neutrons maximizing the average neutron damage per unit of beam current. This design achieves the goals recently enumerated by the US community of sample volume (>50 cm3) and damage (>10 dpa yr−1) metrics with damage gradient (<40%) within the sample target region.,rss_description,0
Capacitive-Dominant Ion Storage in Electronically Coupled Vanadium Hexacyanoferrate/rGO for Efficient Capacitive Deionization Devices,https://pubs.acs.org/aamick/article/doi/10.1021/acsami.6c06854/5275793/Capacitive-Dominant-Ion-Storage-in-Electronically,ACS Applied Materials & Interfaces: Latest Articles (ACS Publications),2026-08-19 00:00:00 UTC,2026-08-19 00:00:00+00:00,10.1021/acsami.6c06854,Doddahalli H. Nagaraju,"Abstract The rational design of electrodes with hierarchically interconnected porosity and abundant redox-active channels is essential for high-performance capacitive deionization (CDI). Herein, vanadium hexacyanoferrate (VHCF) is integrated with reduced graphene oxide (rGO) to demonstrate a strongly coupled intercalation-type hybrid electrode that exhibits a pronounced morphological evolution from densely aggregated particles to a rosette-like nanosheet architecture, significantly improving electrolyte accessibility, active-site exposure, and ion-transport pathways. Electronic interaction at the rGO−VHCF interface facilitates charge redistribution, as indicated by binding-energy shifts and the stabilization of mixed-valence V and Fe states in XPS analysis. Notably, XPS reveals a ∼0.5 eV negative shift in the V3+ binding energy, confirming interfacial electron transfer from rGO to VHCF and increased electron density at vanadium centers. This electronic coupling activates additional redox centers, lowers charge-transfer resistance, and accelerates reaction kinetics, delivering enhanced charge storage (328.59 F/g at 1 A/g) with reduced polarization and reveals a dominant surface-controlled pseudocapacitance, indicating interfacial charge storage. Electrochemical quartz crystal microbalance (EQCM) measurements directly correlate charge transfer with reversible Na+-associated mass variations, confirming synchronized electron−ion transport and minimal ion trapping. In asymmetric CDI configuration, VHCF/rGO cathode and mesoporous carbon as anode achieve a high-salt adsorption capacity of 78.97 mg/g nearly double that of VHCF (37.40 mg/g). Additionally, the system demonstrates rapid electrosorption kinetic and low-energy consumption (0.65 kJ/mol) in Na2SO4. The synergistic integration of electronic coupling, defect-enriched active sites, and efficient ion-diffusion channels establishes VHCF/rGO as a robust, high-efficiency electrode for next-generation CDI systems.",crossref,0
Hyperbranched Organosilicon Polymer-Based Transparent Hybrid Antifouling Coating with Active–Passive Synergistic Antibacterial Action,https://pubs.acs.org/aamick/article/doi/10.1021/acsami.6c11766/5276365/Hyperbranched-Organosilicon-Polymer-Based,ACS Applied Materials & Interfaces: Latest Articles (ACS Publications),2026-08-19 00:00:00 UTC,2026-08-19 00:00:00+00:00,10.1021/acsami.6c11766,Haifeng Lin,"Abstract Polydimethylsiloxane (PDMS)-based fouling-release coatings perform poorly in static conditions due to their lack of antifouling mechanisms like biocidal activity or surface repellence. The high melt viscosity, limited chain-end functional groups, and lack of intermolecular interactions of linear PDMS chains lead to challenges such as impaired processability, reduced adhesion to substrates, and diminished toughness and tear resistance. To overcome these drawbacks, this study strategically integrates hyperbranched polymers with relatively long branches and rigid adamantane skeletons into a hybrid network via a sol–gel process, successfully developing a series of synergistic amphiphilic silicone composite coatings (x-HSiN+-Ad) that combine both flexible and rigid characteristics. The material synthesis involves co-hydrolysis condensation of hyperbranched prepolymers rich in polyethylene glycol (PEG) and quaternary ammonium salt (QAS) groups (HSiN+), isocyanate-modified adamantane monomers, and silane coupling agents, followed by secondary crosslinking through the introduction of polyether amine (PEA). Experimental results show that the coatings exhibit an extremely low surface free energy of 29.34 mJ·m–2 and high transparency (&gt;90%), along with substantially improved mechanical properties. This performance enhancement is attributed to the synergistic strain energy dissipation effect arising from the flexible buffering and energy dissipation of the hyperbranched silicone and PEG soft segments, combined with the rigid reinforcement of the adamantane hard segments. Consequently, the optimized coating achieves a hardness of 68 MPa, an elastic modulus of 1.63 GPa, and a substrate adhesion strength as high as 2.97 MPa, while also demonstrating excellent bending fatigue resistance. Furthermore, the coating surface provides multiple action mechanisms, including contact inhibition and hydration barrier formation, which significantly enhance resistance against static bacterial colonization: bacterial anti-adhesion rates reach 94.9% against Pseudomonas aeruginosa, 96.4% against Escherichia coli, and 92.5% against Staphylococcus aureus. After 14 days of static immersion, the Chlorella attachment on the coating remains at an extremely low level of 0.20%; in a 60-day marine field test, the coating exhibits outstanding antifouling performance with negligible fouling adhesion. Zone of inhibition tests further confirm that the material belongs to the category of structurally non-leaching antibacterial materials. This study elucidates how topological network regulation synergistically enhances the mechanical strength of silicone coatings and constructs interfacial amphiphilicity, providing an innovative design strategy for developing durable and environmentally friendly marine antifouling materials.",crossref,0
"Ultradense metal-chelated nanoconfined network hydrogels enable tough, anti-swelling, and cryogenic electrolyte performance",https://www.cell.com/matter/fulltext/S2590-2385(26)00331-0?rss=yes,Matter,2026-08-19 00:00:00 UTC,2026-08-19 00:00:00+00:00,10.1016/j.matt.2026.102968,Wenbo Wang,"An ultradense metal-chelated poly(acrylic acid) network with sub-100 nm pores is designed to combine toughness, dimensional stability, and cryogenic ion transport. The homogeneous topology minimizes structural defects and converts nearly all free water to bound water, forming a nanoscaffold-confined aqueous state. The resulting hydrogel achieves 69 MPa compressive strength, near-zero swelling, and 24.15 mS·cm−1 ionic conductivity at −65°C. As a quasi-solid electrolyte, it sustains Zn–air batteries over 20,000 cycles at −65°C without capacity decay.",rss_cell,0
Promoting Efficient Ethanol Oxidation via Multimetallic Synergy in PdPtNiBiCo Networks,https://pubs.acs.org/aamick/article/doi/10.1021/acsami.6c10878/5275827/Promoting-Efficient-Ethanol-Oxidation-via,ACS Applied Materials & Interfaces: Latest Articles (ACS Publications),2026-08-19 00:00:00 UTC,2026-08-19 00:00:00+00:00,10.1021/acsami.6c10878,Zhenping Qiu,"Abstract The commercialization of direct alcohol fuel cells (DAFCs) is severely hindered by sluggish anodic alcohol oxidation reaction kinetics and the high susceptibility of catalysts to deactivation. Traditional Pd/Pt-based catalysts suffer from difficult C−C bond cleavage and severe CO poisoning. To address these issues, we synthesize a pentametallic PdPtNiBiCo alloy consisting of interconnected nanoparticles via a facile one-pot oil-phase method, aiming to maximize electrochemically accessible surface sites and trigger robust multimetallic synergy. This architecture delivers an exceptional alkaline ethanol oxidation activity of 16.64 A mg−1Pd+Pt, 12 and 19 times higher than those of commercial Pd/C and Pt/C, respectively. Furthermore, the catalyst exhibits robust antipoisoning durability over 4000 cycles and broad activity for methanol and ethylene glycol oxidation. Density functional theory calculations reveal that multimetallic synergy effectively modulates the d-band center of the active sites. Density functional theory calculations reveal that multimetallic synergy tunes the electronic structure of the active sites, optimizes the adsorption of key intermediates, and lowers the thermodynamic energy requirements for C−C bond cleavage and CO oxidation, thereby facilitating both the C1 and C2 pathways of ethanol oxidation. This work addresses the key limitation of traditional Pd/Pt-based catalysts and provides an effective strategy for designing high-performance universal DAFC anodes.",crossref,0
NHS-Enabled Molecular Stitching of g-C3N4/Graphitic-Carbon In-Plane Heterojunctions Activates n →π * Transitions for Efficient Visible-Light Photocatalytic Hydrogen Production,https://pubs.acs.org/aamick/article/doi/10.1021/acsami.6c11658/5275739/NHS-Enabled-Molecular-Stitching-of-g-C3N4,ACS Applied Materials & Interfaces: Latest Articles (ACS Publications),2026-08-19 00:00:00 UTC,2026-08-19 00:00:00+00:00,10.1021/acsami.6c11658,Jun Lin,"Abstract An NHS-assisted molecular self-assembly (“molecular stitching”) route is presented for constructing g-C3N4/graphitic-carbon (g-C3N4/Cg) in-plane heterojunction nanosheets with tunable n→π* transitions. Using N-hydroxysuccinimide and melamine as precursors, covalent coupling to a conductive sp2-carbon network perturbs heptazine symmetry, activates n→π* absorption, and forms electronically coupled 2D/2D interfaces. By adjusting the NHS:melamine feed ratio, the electronic structure is modulated, and the optical response extends from 400 to 660 nm, enhancing visible-light harvesting. The sheet-like, mesoporous architecture affords abundant accessible sites, while the in-plane junction and favorable band alignment promote charge separation and transport. Under visible irradiation with TEOA as sacrificial agent, the optimized composite (g-C3N4/Cg-1.5) achieves a hydrogen evolution rate of 10.35 mmol·g−1·h−1, approximately 47 times that of pristine g-C3N4, attributed to the synergy between high surface area/mesoporosity and n→π* activation across the covalently integrated interface. This NHS-enabled “molecular stitching” strategy provides a general platform for fabricating in-plane carbon nitride/carbon heterostructures with tunable optical transitions and charge–transport properties, offering a viable path to high-efficiency, visible-light photocatalytic hydrogen production from water.",crossref,0
A room-temperature cavity–magnonic source of correlated microwave magnon polariton pairs,https://www.nature.com/articles/s41928-026-01689-y,Nature Electronics,2026-08-19 00:00:00 UTC,2026-08-19 00:00:00+00:00,10.1038/s41928-026-01689-y,Luqiao Liu,A hybrid magnon–photon platform based on a printed-circuit-board microstrip resonator coupled to an yttrium iron garnet film can split a microwave photon into a pair of magnon polaritons with distinct frequencies and strong intermode correlations.,rss_nature,0
Probing Cation-Induced Ion Gating and Surface p K a in the Stern Layer Using SERS Spectroscopy on 4-MBA-Functionalized Electrodes,https://pubs.acs.org/aamick/article/doi/10.1021/acsami.6c09423/5276244/Probing-Cation-Induced-Ion-Gating-and-Surface-pKa,ACS Applied Materials & Interfaces: Latest Articles (ACS Publications),2026-08-19 00:00:00 UTC,2026-08-19 00:00:00+00:00,10.1021/acsami.6c09423,Stephen B. Cronin,"Abstract Understanding proton activity at electrified interfaces is central to electrochemical energy conversion, catalysis, and interfacial chemistry; however, direct measurements of local pH, surface acid-base equilibria, and the structure of the electrical double layer (EDL) remain challenging. Here, we report an in situ spectroscopic determination of the surface pKa at electrode–electrolyte interfaces using surface-enhanced Raman scattering (SERS) spectroscopy of the surface-bound 4-mercaptobenzoic acid (4-MBA). By monitoring the potential-dependent evolution of protonated (COOH), deprotonated (COO−), and metallic-bound (COO−) vibrational modes relative to a pH-insensitive aromatic-ring reference, we quantitatively extract surface protonation fractions and the corresponding interfacial acid–base equilibrium, while inferring cation-dependent EDL restructuring under electrochemical control. Furthermore, we show that interfacial protonation behavior depends strongly on electrolyte composition. In cation-free systems, the 4-MBA monolayer remains predominantly protonated across the investigated potential window, leading to an increase in surface pKa with increasingly negative applied potential. In contrast, introducing K+ ions at the same pH produces a markedly different response, characterized by partial protonation and an opposite dependence of surface pKa on potential. These observations provide direct experimental evidence that alkali cations reorganize the EDL, suppress proton access at negative potentials, and shift the surface acid-base equilibrium at the electrode surface. The observed cation-dependent shift in surface pKa reflects an ion-gating mechanism in which nanoscale ionic organization within the EDL modulates interfacial electric fields and ion availability, thereby directly controlling surface protonation and interfacial chemistry. This behavior is analogous to electrostatic gating in electric-double-layer transistors, where ionic structuring at the interface enables substantial carrier modulation. Overall, this work establishes a molecular-scale framework for probing surface acid-base equilibrium and EDL structure using 4-MBA as a surface reporter, providing insights into electrolyte-dependent regulation in electrochemical systems.",crossref,0
Programmable polyphasic stimulation with bioresorbable phototransistors,https://www.nature.com/articles/s41928-026-01682-5,Nature Electronics,2026-08-19 00:00:00 UTC,2026-08-19 00:00:00+00:00,10.1038/s41928-026-01682-5,Jun Chen,"A wireless stimulation platform that is based on a bioresorbable phototransistor can provide precise, programmable and multi-site electrotherapy through tissue-penetrating optical modulation.",rss_nature,0
"A Near-Infrared-Triggered Mn,Fe-Doped Polyoxometalate Nanozyme Combined with Lactobacillus for the Chemodynamic/Photothermal Therapy of Candida Vaginitis",https://pubs.acs.org/aamick/article/doi/10.1021/acsami.6c15938/5276961/A-Near-Infrared-Triggered-Mn-Fe-Doped,ACS Applied Materials & Interfaces: Latest Articles (ACS Publications),2026-08-19 00:00:00 UTC,2026-08-19 00:00:00+00:00,10.1021/acsami.6c15938,Xiaomei Wu,"Abstract Vulvovaginal candidiasis (VVC) is a common fungal infection that significantly affects women’s health worldwide. Antifungal agent therapies are not particularly effective for VVC and can further promote an imbalance in the vaginal microbiota, increasing recurrence. Nanozymes are currently being evaluated as an alternative therapy owing to their broad-spectrum antibacterial activity and negligible biological toxicity. However, their inherently low catalytic activity limits their antibacterial properties. In this study, an Mn,Fe-doped polyoxometalate (Mn,Fe-POM) nanozyme was successfully constructed as a potential treatment for VVC through the synergy between chemodynamic therapy (CDT) and photothermal therapy (PTT). The developed approach was based on Lactobacillus in the vagina, which provides a suitable microenvironment for promoting the peroxidase (POD)-like activity of Mn,Fe-POM. Mn,Fe-POM-bound Lactobacillus exhibited excellent near-infrared-triggered POD-like activity for CDT and noteworthy photothermal performance for PTT. Electron transfer between Fe2+/Fe3+ and Mn3+/Mn4+ provided abundant active sites, increasing POD-like catalytic activity based on Fenton-like mechanisms and amplifying the CDT potential. In vitro, Mn,Fe-POM demonstrated a remarkable synergistic effect in killing Candida albicans (C. albicans) and disrupting the biofilm, while also preserving the Lactobacillus species. This outstanding anti-C. albicans activity was achieved without significant damage to the vaginal mucosa cells, reducing vaginal inflammation in an in vivo VVC mouse model. The increased Lactobacillus proportions and reduced C. albicans numbers allowed the reconstruction of healthy vaginal microbiota to decrease infection recurrence. This study presents an innovative and promising therapeutic approach for VVC.",crossref,0
Selective and Synergistic Targeting of ErbB2-Positive Cancer Cells with ErbB2 Transmembrane Peptide-Ionic Liquid Nanocarrier Formulation,https://pubs.acs.org/aamick/article/doi/10.1021/acsami.6c08450/5276959/Selective-and-Synergistic-Targeting-of-ErbB2,ACS Applied Materials & Interfaces: Latest Articles (ACS Publications),2026-08-19 00:00:00 UTC,2026-08-19 00:00:00+00:00,10.1021/acsami.6c08450,Alesia A. Tietze,"Abstract ErbB2-positive cancers are highly aggressive and remain difficult to treat due to limitations of current therapies, such as poor selectivity, insufficient delivery, and toxicity toward healthy tissues. Herein, we developed a dual-action nanoformulation combining prolinium-based surface-active ionic liquid (SAIL) nanocarriers with ErbB2-derived transmembrane (TM) peptide for selective targeting of ErbB2-positive cancer cells. Two new SAILs, which self-assemble into stable micelles/vesicles under physiological conditions, and a series of hydrophobic TM-peptides were synthesized and characterized. Among the resulting nanoformulations, V3-BAIL showed the strongest antiproliferative activity in ErbB2-positive breast, lung, and pancreatic cancer cell lines, whereas activity in low-ErbB2 NCl-H23 cells was minimal. The response correlated with ErbB2 expression level, demonstrating target-related selectivity. Chou-Talalay analysis revealed synergy between the SAIL nanocarrier and TM peptide. Mechanistic studies showed that V3-BAIL progressively accumulated in cells, reduced cellular fitness without rapid membrane lysis, and strongly suppressed PI3K/Akt and MAPK/ERK signaling. Relative to doxorubicin and cisplatin, V3-BAIL displayed greater selectivity toward ErbB2-positive cells, and it acted more rapidly and more strongly than trastuzumab under the tested conditions. These findings establish TM peptide-decorated SAIL nanocarriers as a promising strategy for selective and synergistic ErbB2-targeted cancer therapy.",crossref,0
PVA-Mediated Transfer of MoS2 and Au Electrodes: A Lithography-Free Route to Ultraclean van der Waals Interfaces for High-Performance Electronics and Optoelectronics,https://pubs.acs.org/aamick/article/doi/10.1021/acsami.6c05536/5275846/PVA-Mediated-Transfer-of-MoS2-and-Au-Electrodes-A,ACS Applied Materials & Interfaces: Latest Articles (ACS Publications),2026-08-19 00:00:00 UTC,2026-08-19 00:00:00+00:00,10.1021/acsami.6c05536,Sumeet Walia,"Abstract Scalable 2D semiconductor device integration is persistently hindered by polymer residues, wrinkles, and interfacial voids introduced during transfer, as well as by surface damage incurred during photolithographic contact fabrication, collectively degrading metal/semiconductor interfaces and limiting device reproducibility. Here, we report an aqueous poly(vinyl alcohol) (PVA) platform that resolves both challenges within a single workflow. By incorporating a controlled fraction of isopropyl alcohol (IPA) into the PVA solution, wetting conformity is improved and interfacial void trapping during film delamination is suppressed, yielding wrinkle-free, optically uniform monolayer MoS2 with preserved surface morphology. The same platform enables lithography-free integration of prepatterned Au electrodes onto MoS2 via van der Waals contact transfer, avoiding direct photolithographic exposure and metal-deposition damage to the MoS2 channel/contact interface. We further demonstrate that PVA treatment provides a low-temperature route to refresh aged MoS2 surfaces by removing adventitious adsorbates and reducing nanoscale roughness. Critically, optimal photodetector performance is achieved only when lithography-free contacts are paired with a sufficiently clean semiconductor channel, establishing a quantitative link between transfer quality and contact behavior. PVA-transferred MoS2 devices with transferred Au contacts exhibit carrier mobility of 6.27 ± 2.74 cm2 V–1 s–1 and responsivity and detectivity exceeding conventional PMMA-based devices by over two orders of magnitude under weak illumination.",crossref,0
Carbazolyl-Substituted Benzoic Anhydrides as Efficient Triplet Harvesters for High-Brightness Blue Organic Light-Emitting Diodes,https://pubs.acs.org/aamick/article/doi/10.1021/acsami.6c11053/5275810/Carbazolyl-Substituted-Benzoic-Anhydrides-as,ACS Applied Materials & Interfaces: Latest Articles (ACS Publications),2026-08-19 00:00:00 UTC,2026-08-19 00:00:00+00:00,10.1021/acsami.6c11053,Mykhaylo A. Potopnyk,"Abstract A simple and efficient synthetic strategy for the preparation of carbazole-basedC2-symmetric anhydrides with donor−acceptor−donor (D−A−D) architecture is presented. Four benzoic anhydrides incorporating carbazole or 3,6-di-tert-butylcarbazole donor units, linked to the anhydride acceptor moiety through either para- or ortho-positions, are rationally designed, synthesized, and systematically investigated. Photophysical studies reveal a strong dependence of photophysical properties on the linkage topology. While para-linked derivatives exhibit neither delayed fluorescence nor phosphorescence, ortho-substituted anhydrides display small singlet−triplet energy gaps and consequently show thermally activated delayed fluorescence (TADF), as well as unexpected room-temperature phosphorescence (RTP). Therefore, compounds bearing ortho-linked carbazole donor moieties are successfully employed as triplet-harvesting emitters in sky-blue organic light-emitting diodes (OLEDs), delivering electroluminescence maxima at 475 and 481 nm, maximum external quantum efficiencies of up to 21.0%, high luminance exceeding 62 000 cd/m2, and low efficiency roll-off. These results demonstrate that the formation of anhydrides from donor-substituted aromatic acids represents a versatile and effective design strategy for highly emissive TADF/RTP materials and provides a promising platform for the development of efficient multicolor OLED emitters through rational molecular engineering.",crossref,0
Room-Temperature-Fabricated All-Inorganic Radiative Cooling Materials,https://pubs.acs.org/aamick/article/doi/10.1021/acsami.6c11169/5275843/Room-Temperature-Fabricated-All-Inorganic,ACS Applied Materials & Interfaces: Latest Articles (ACS Publications),2026-08-19 00:00:00 UTC,2026-08-19 00:00:00+00:00,10.1021/acsami.6c11169,Shile Feng,"Abstract Passive daytime radiative cooling is a sustainable cooling technology that operates without external energy input. Existing radiative cooling strategies remain limited by the trade-off between processability and durability: polymer-based coatings often suffer from poor mechanical robustness and ultraviolet instability, whereas inorganic coatings typically require high-temperature sintering. Here, inspired by the structurally white fin spots of cuttlefish, we report a room-temperature-fabricated, optically decoupled, all-inorganic coating for radiative cooling with a solar reflectance of 94.38% and an infrared emissivity of 92.76%. Owing to its all-inorganic composition, the coating exhibits intrinsic nonflammability, ultraviolet stability, strong adhesion, high surface hardness, and wear resistance. Under natural outdoor conditions, the coating achieves a cooling effect of 13.21 °C in a test chamber and still delivers 1.52 °C subambient cooling in a custom-built building model at a solar irradiance of 900 W m−2, while also maintaining scalable fabrication and energy-saving potential. In addition, optical analysis reveals that solar reflectance and infrared emissivity respond differently to alumina content, indicating distinct optical processes within the inorganic composite. These results provide a practical route toward inorganic radiative cooling coatings that combine room-temperature processability with environmental stability.",crossref,0
Co-packaged optics for high-performance computing and artificial intelligence,https://www.nature.com/articles/s41928-026-01681-6,Nature Electronics,2026-08-19 00:00:00 UTC,2026-08-19 00:00:00+00:00,10.1038/s41928-026-01681-6,Kyusang Lee,"This Review examines optical chip-to-chip interconnects and co-packaged optics for high-performance computing applications, considering key functional domains, the performance of different integration strategies and the critical challenges to widespread adoption.",rss_nature,0
Lithium-Loss Mechanisms Driving Rate-Dependent Practicable Capacity in Metal Electrodes,https://pubs.acs.org/aamick/article/doi/10.1021/acsami.6c08655/5275859/Lithium-Loss-Mechanisms-Driving-Rate-Dependent,ACS Applied Materials & Interfaces: Latest Articles (ACS Publications),2026-08-19 00:00:00 UTC,2026-08-19 00:00:00+00:00,10.1021/acsami.6c08655,Enrique Vasco,"Abstract The dependence of practicable lithium-storage capacity on the charge–discharge rate is crucial for deploying lithium-ion batteries in energy-intensive applications that demand high current densities and short recharge times. Under high-current operation, where most electrode materials fail, Ag stands out as a benchmark for systems where metal electrodes function both as an anode and current collector, increasing its practicable capacity at elevated rates. This performance arises from the rapid formation of γ-brass-type alloy phases, which enable intercalation-solid-solution-like lithium storage with fast kinetics, high capacity, and suppressed lithium loss even at high rates. This behavior is directly resolved by combining electrochemistry with ion beam analysis, which provides quantitative lithium concentration profiles and depth-resolved coulombic efficiency across current densities. The results reveal that Ag maintains efficient lithium utilization by minimizing irreversible trapping and surface-driven loss pathways. In contrast, Mg and Al exhibit pronounced rate-dependent irreversibility due to diffusion-limited lithiation and Li trapping in structural defects, while Cu shows the most severe degradation, dominated by porous, highly reactive Li plating. These findings establish Ag as a model system for high-rate metal electrodes and demonstrate that controlling lithiation behavior is key to enabling stable anode-free battery operation under demanding conditions.",crossref,0
Global geopolitical risk and energy poverty: New evidence from cross-country data,https://www.sciencedirect.com/science/article/pii/S0301421526004829?dgcid=rss_sd_all,ScienceDirect Publication: Energy Policy,2026-08-19 00:00:00 UTC,2026-08-19 00:00:00+00:00,10.1016/j.enpol.2026.115548,Amin Ullah Khan,,,0
Transparent and Conductive Silver Nanowire Cavity-Based Glass for High Electromagnetic Interference Shielding,https://pubs.acs.org/aamick/article/doi/10.1021/acsami.6c10696/5276956/Transparent-and-Conductive-Silver-Nanowire-Cavity,ACS Applied Materials & Interfaces: Latest Articles (ACS Publications),2026-08-19 00:00:00 UTC,2026-08-19 00:00:00+00:00,10.1021/acsami.6c10696,Daning Shi,"Abstract Transparent electromagnetic shielding windows with high optical transmittance and strong electromagnetic interference (EMI) suppression are essential for modern electronics. Herein, cavity-based silver nanowire (AgNW)-coated glass was developed to enhance EMI shielding while maintaining high transparency. AgNWs were synthesized by a modified polyol method, deposited onto glass substrates by electrostatic spray coating, and assembled face-to-face with controlled spacers to form cavity-type structures. By varying the air-layer thickness from 1 to 10 mm, the cavity configuration achieved more than twofold SE enhancement compared with single-layer AgNW glass at comparable optical transmittance, with maximum SE obtained at 7–8 mm. Across 8–12 GHz, cavity-based glasses exhibited average SE above 45 dB and SE exceeding 50 dB in specific frequency regions. At 10 GHz, the optimized sample achieved maximum SE of 56 dB while maintaining optical transmittance of 81%. Simulations indicate that cavity-induced field interference enhances electromagnetic energy dissipation by increasing SEA relative to SER. This AgNW cavity strategy provides a scalable route to high-performance transparent EMI-shielding glass.",crossref,0
Hierarchical Interfacial Engineering of Gas Diffusion Electrodes for Acidic CO2 Electroreduction in Membrane Electrode Assemblies,https://pubs.acs.org/jacsat/article/doi/10.1021/jacs.6c11052/5277031/Hierarchical-Interfacial-Engineering-of-Gas,Journal of the American Chemical Society: Latest Articles (ACS Publications),2026-08-19 00:00:00 UTC,2026-08-19 00:00:00+00:00,10.1021/jacs.6c11052,Yayuan Liu,"Abstract Acidic CO2 electroreduction in membrane electrode assemblies suppresses parasitic carbonate formation and improves carbon utilization. Yet, practical implementations remain hindered by proton accumulation and alkali cation buildup that give rise to failure modes associated with hydrogen evolution, salt precipitation, and catalyst flooding. Here, we report a multiscale interfacial design for gas diffusion electrodes that addresses these challenges across multiple length scales. Our design employs a multilayer architecture in which a microscale hydrophobic porous silica overlayer sits below a nanoscale quaternary ammonium polyelectrolyte coating. The former regulates electrolyte intrusion via capillary pressure while the latter electrostatically restricts cation accumulation. Incorporation of a hydrophilic macromolecular component into the polyelectrolyte further induces complexation-driven charge densification while simultaneously establishing percolating water channels that enhance interfacial hydration and reduce cell voltage. Our design provides CO Faradaic efficiencies of 99% sustained over 162 h, with single-pass CO2 conversion efficiency of 77% at 200 mA cm–2, on a model Ag catalyst. Furthermore, we show that the design readily generalizes across catalyst platforms and translates to scale, delivering stable operation in a 25 cm2 electrolyzer with CO production rates of ∼62 mL min–1. Lastly, techno-economic analysis projects a pathway to cost-competitive CO production, highlighting hierarchical interfacial engineering as an effective strategy for acidic CO2 electrolysis at industrially relevant scales.",crossref,0
"σ3-Endo 1,4-Azaphosphinine-Embedded Polycyclic Aromatic Hydrocarbons: P-Hyperconjugation-Regulated Excited-State Symmetry and Thermally Activated Delayed Fluorescence",https://pubs.acs.org/jacsat/article/doi/10.1021/jacs.6c14360/5276664/3-Endo-1-4-Azaphosphinine-Embedded-Polycyclic,Journal of the American Chemical Society: Latest Articles (ACS Publications),2026-08-19 00:00:00 UTC,2026-08-19 00:00:00+00:00,10.1021/jacs.6c14360,Yi Ren,"Abstract This work reports a new family of 1,4-azaphosphinine-based polycyclic aromatic hydrocarbons (AP-PAHs) via efficient tandem phosphorylation. Being the first hyperconjugation-induced multiple-resonance (MR) emitters with the σ3-endo, σn-exo P-center, AP-PAHs exhibited thermally activated delayed fluorescence (TADF) with a narrow band (full width at half-maximum: 20 nm) and high photoluminescence quantum yields (PLQYs: 72% in CH2Cl2, 99% in doped films). Driven by the P-hybridization and P-hyperconjugation effects, the theoretical computations revealed that P(III)/PB-PAHs demonstrated excited-state symmetry breaking (ESSB) characters, which induced a strong structural relaxation or a reduced transition overlap integral, thus decreasing the PLQYs. Such EESB is distinct from the symmetrical excited-state structure of the classical BN MR emitters. Switching to the strong PO/PMe-induced π–σ(P–O/Me)* coupling enabled more symmetric excited-state structures and large transition overlap integrals and kRISCs, consequently boosting the PLQYs from 2% to 72% (99% in the 1% doped film). Leveraging on the cis-/trans-hyperconjugation effects, emission ranges of the double PO-derivatives were efficiently extended to 477 nm for the cis-isomer and 620 nm for the trans-isomer. Although having suppressed TADF via the double PO-induced backbone twisting, the cis-isomer maintained PLQYs as high as 73% in CH2Cl2 and 99% in the 1% doped film. As a proof of concept, two narrow-emitting AP-PAHs were applied in organic lighting-emitting diodes that showed narrow-band blue-violet and deep-blue emission with an EQE as high as 10%. This study revealed a new P-hyperconjugation-induced EESB mechanism for PN-type MR emitters, which opens an avenue for designing new efficient light-emitting materials.",crossref,0
Molecular Antennae Enhance Visible-Light Sensitivity of Azobenzene Photoswitches,https://pubs.acs.org/jacsat/article/doi/10.1021/jacs.6c12118/5275856/Molecular-Antennae-Enhance-Visible-Light,Journal of the American Chemical Society: Latest Articles (ACS Publications),2026-08-19 00:00:00 UTC,2026-08-19 00:00:00+00:00,10.1021/jacs.6c12118,Ryojun Toyoda,"Abstract Molecular photoswitches, which convert light energy into molecular motion, have been applied to a wide range of functional materials and biomolecules, offering precise external control. In pursuit of enhanced photosensitivity, various molecular photoswitches have been developed to increase their photoisomerization quantum yields (PIQY, Φ). However, not only PIQY but also the molar absorption coefficient (ε) for utilizing more photons is essential to achieve high photosensitivity. Here, we synthesized an azobenzene photoswitch featuring BODIPY as a molecular antenna (AzoB). Unlike the conventional azobenzene-dye hybrid, the increased ε value achieved the enhancement of photosensitivity upon 505 nm irradiation. Quantum mechanical calculations revealed a nonradiative deactivation pathway that accounts for the weak photoluminescence of the BODIPY unit in AzoB. Excited-state minima and conical intersections governing the photoisomerization dynamics suggest a more efficient isomerization process compared to azobenzene, leading to enhanced response to low-energy light and suppressed photoluminescence. Furthermore, by replacing the BODIPY antenna with dipyrrin-zinc nanochains, a significant increase in ε was achieved as the nanochain was elongated, while the efficient exciton transfer in the nanochain antennae prevented PIQY deterioration. The εΦ value reached 8.1 × 103 M–1 cm–1 for the decanuclear nanochain, leading to the top class of photosensitivity for azobenzene actuation. These findings demonstrate the rational design strategy for molecular antennae and broaden the scope of sensitive molecular photoswitches.",crossref,0
Early Gas Evolution during Electrode Polarization in Water-in-Salt Electrolyte,https://pubs.acs.org/jacsat/article/doi/10.1021/jacs.6c13982/5276921/Early-Gas-Evolution-during-Electrode-Polarization,Journal of the American Chemical Society: Latest Articles (ACS Publications),2026-08-19 00:00:00 UTC,2026-08-19 00:00:00+00:00,10.1021/jacs.6c13982,Brian M. Tackett,"Abstract High salt concentration water-in-salt electrolytes (WiSEs) have proven effective at modulating water activity at polarized electrode interfaces, to the benefit of battery and electrocatalytic systems. To fully leverage the unique properties of WiSE for electrochemical systems, the interfacial structure and dynamics of water under polarization must be systematically investigated to establish how electrolyte composition dictates reactivity. Here we combine cyclic voltammetry (CV), quantitative electrochemical mass spectrometry (ECMS), and surface-sensitive shell-isolated nanoparticle-enhanced Raman spectroscopy (SHINERS) to unravel the interfacial pathways of water reduction and oxidation in WiSE on polycrystalline Pt electrodes. These conditions result in clear decoupling of H2 evolving from proton reduction and water reduction and reveal an unexpected anodic wave with coincident finite O2 detection via ECMS, prior to the onset of continuous O2 evolution from water oxidation. SHINERS pinpoints the molecular origin of these phenomena, capturing field-induced water reorientation, vibrational stiffening of interfacial O–H modes, and the emergence of Pt–OH, Pt–O2–, and Pt–Ox species that remain trapped within the inner Helmholtz plane under static hydrodynamic conditions, which later oxidize to O2. These results establish that interfacial water electrolysis in acidic WiSE uniquely exhibits suppressed proton mobility and stabilization of intermediate hydroxyl species within a constrained microenvironment. This work thus provides the first integrated molecular-level picture of how interfacial water structures drive nonclassical gas evolution pathways in WiSEs, which represent critical considerations for aqueous batteries and catalytic devices.",crossref,0
Stabilizing Ru-Formyl CO2 Reduction Intermediates by Formation of Lewis Acid–Base Adducts: A Combined 2DIR and NMR Study,https://pubs.acs.org/jacsat/article/doi/10.1021/jacs.6c12298/5276945/Stabilizing-Ru-Formyl-CO2-Reduction-Intermediates,Journal of the American Chemical Society: Latest Articles (ACS Publications),2026-08-19 00:00:00 UTC,2026-08-19 00:00:00+00:00,10.1021/jacs.6c12298,Jessica M. Anna,"Abstract This work demonstrates how the stability of a Ru(II) formyl complex (cis-[Ru(bpy)2(CO)(CHO)][PF6]), which is known to decarbonylate to form the metal hydride complex, is greatly enhanced by the addition of a Lewis acidic cation (Li+ or Mg2+). Multinuclear NMR is used to measure equilibrium constants of adduct formation, and then ultrafast 2DIR spectroscopy is applied to determine how the electronic structure and local molecular dynamics change upon complexation of the formyl ligand with the Lewis acid. We attribute the stabilization of the complex to the formation of a carbene-like structure where the bond strength between the Ru and the formyl group increases. The change in electronic structure is evidenced by steady-state NMR spectroscopy and DFT calculations. 2DIR measurements further confirm both the complexation of the formyl ligand with the Lewis acid and the change in electronic structure, where changes in vibrational frequency, relaxation kinetics, and a slowdown in the time scale of rotation about the metal-formyl bond are observed in the presence of Lewis acids.",crossref,0
Metabolic partitioning between photosynthesis and osmotrophy in Collodaria photosymbiotic holobionts,https://www.nature.com/articles/s41467-026-76549-6,Earth and environmental sciences : Nature Communications subject feeds,2026-08-19 00:00:00 UTC,2026-08-19 00:00:00+00:00,,Georg Pohnert,"Collodaria (Radiolaria) are widespread marine planktonic protists that host photosynthetic microalgal symbionts. Within this photosymbiosis, they can contribute substantially to primary production, particularly in oligotrophic ocean regions. Despite their ecological importance, the mechanisms underlying the formation and maintenance of photosymbiosis are poorly understood. To uncover the metabolic dependencies within this photosymbiotic system, we develop a stable isotope labeling strategy that allows us to investigate the assimilation of inorganic and organic carbon in the Collodaria holobiont. By integrating metabolomic profiling with isotopic labeling analyses, we demonstrate that algal photosynthesis makes a substantial contribution to the holobiont carbohydrate pool. In particular, we observe the incorporation of inorganic carbon into glucose and fructose, followed by the enrichment of other metabolites including ribose. In contrast, osmotrophic uptake of dissolved organic compounds derived from labeled algal lysate does not lead to the incorporation of any of these carbohydrates, suggesting no significant contribution of osmotrophy to the holobiont’s carbohydrate pool. In contrast, specialized metabolites, such as dimethylsulfoniopropionate (DMSP) and betaines, are primarily acquired through osmotrophy implying a minor contribution of photosymbionts. Our findings thus reveal defined roles of phototrophic and osmotrophic metabolism in the Collodaria holobiont with consequences for our understanding of element fluxes in plankton.",nature_html,0
Additive Manufacturing of PEDOT:PSS Electrodes on Collagen Substrates for Soft and Bioactive Electronics,https://pubs.acs.org/aamick/article/doi/10.1021/acsami.6c09421/5275980/Additive-Manufacturing-of-PEDOT-PSS-Electrodes-on,ACS Applied Materials & Interfaces: Latest Articles (ACS Publications),2026-08-19 00:00:00 UTC,2026-08-19 00:00:00+00:00,10.1021/acsami.6c09421,Alexandra L. Rutz,"Abstract Traditional bioelectronic devices are limited by poor biointerfacing due to their substantial mismatch in mechanical and biochemical properties. In tissue engineering, soft and bioactive materials support biointegration by harnessing or mimicking the natural extracellular matrix (ECM). Building bioelectronic devices from ECM should improve their biointegration, yet there are limited methods to fabricate them due to current manufacturing approaches. An additive manufacturing strategy is presented here for collagen-based bioelectronic interfaces that integrates conducting polymer electrodes with ECM-based substrates or encapsulation layers. Addition of poly(ethylene glycol) diglycidyl ether (PEGDE) to poly(3,4-ethylenedioxythiophene):poly(styrene sulfonate) (PEDOT:PSS) colloidal dispersions enables direct extrusion-based patterning under mild conditions compatible with collagen substrates and forms aqueous stable and highly conducting printed patterns (2788 S m–1). The resulting interfaces maintain stable electrochemical performance over 7 days in physiological environments, and support primary human cell adhesion, viability, and proliferation across both material regions. A sacrificial patterning strategy using 3D printed cacao butter further enables spatial control of collagen encapsulation. This approach establishes a framework for fabricating functional bioelectronic devices based on collagen to further enhance device biointerfaces for tissue models and implantable systems.",crossref,0
Bedrock lithology determines forest demographic responses to drought,https://www.nature.com/articles/s41467-026-76754-3,Earth and environmental sciences : Nature Communications subject feeds,2026-08-19 00:00:00 UTC,2026-08-19 00:00:00+00:00,,Rubén D. Manzanedo,"Forest vulnerability to drought depends not only on climate and traits, but also on bedrock controls on water dynamics, which remain poorly resolved. Here we integrate satellite-derived regolith water loss rate, a proxy for near-surface water retention capacity, with tree-ring records from 849 trees across 40 sites, carbon isotope measurements and mortality observations to examine forest demographic drought responses across karst and non-karst forests in southwest China. Bedrock lithology emerged as a key structural constraint on spatial variation in drought vulnerability, alongside climate, soil and trait variables. Notably, we identify a lithology-mediated inversion of demographic vulnerability: in karst forests, younger and smaller trees showed lower resistance and recovery than older and larger trees, especially under prolonged drought, whereas non-karst forests showed contrasting patterns. Site-level isotope and mortality evidence indicated physiological stress and growth decline consistent with this contrast, highlighting bedrock lithology as a geophysical constraint on forest demographic drought vulnerability.",nature_html,0
Reconsidering the drivers of ice-shelf collapse,https://www.nature.com/articles/s41467-026-76772-1,Earth and environmental sciences : Nature Communications subject feeds,2026-08-19 00:00:00 UTC,2026-08-19 00:00:00+00:00,,B. J. Wallis,"Antarctic ice shelves face increasing collapse risk as environmental stresses intensify. Long-term weakening, ocean-induced thinning, and loss of stabilizing sea ice can drive disintegration yet are mostly missing from models which only consider surface melt-driven fracturing, limiting accuracy of projections.",nature_html,0
Engineering Biphenyl-Group Capping of Graphdiyne: Developing a Strategy for Assessing Polymerization Degree and Enhancing Photocatalytic Performance,https://pubs.acs.org/aamick/article/doi/10.1021/acsami.6c10245/5276644/Engineering-Biphenyl-Group-Capping-of-Graphdiyne,ACS Applied Materials & Interfaces: Latest Articles (ACS Publications),2026-08-19 00:00:00 UTC,2026-08-19 00:00:00+00:00,10.1021/acsami.6c10245,Meng Chen,"Abstract As a rising member of carbon allotropes, graphdiyne holds significant research value in terms of both its properties and applications. For properties, there is currently a lack of methods to assess the polymerization degree of graphdiyne, which is crucial to establish a standardized evaluation system for graphdiyne products; for applications, the application potential of graphdiyne materials with a low polymerization degree has not been fully explored. Herein, a biphenyl-group capping method has been engineered through the introduction of 4-ethynyl-1,1′-biphenyl (4-Eb) during the synthesis of hydrogen-substituted graphdiyne (GDY). 4-Eb could operate as a “capping agent” in the cross-coupling reaction, which tuned the polymerization degree of GDY. Accordingly, a strategy for relatively quantitatively assessing the polymerization degree of GDY via the precise analysis of Fourier transform infrared spectra (FTIR) has been developed and verified by various characterization methods. Moreover, the biphenyl-group capping could improve the separation efficiency of photogenerated carriers and introduce an intermediate energy level, which was helpful to expand the practical applicability of low-polymerization-degree graphdiyne materials in photocatalysis. Specifically, the photocatalytic degradation rate of the optimal sample for rhodamine B (RhB) was enhanced by 13.0-fold relative to GDY, and that for tetracycline hydrochloride (TCH) was increased by 4.9-fold.",crossref,0
Oxygen-Mediated Electronic Reconstruction and Element-Selective Magnetism in Sr-Based High-Entropy Perovskite Oxide Thin Films,https://pubs.acs.org/aamick/article/doi/10.1021/acsami.6c08923/5276396/Oxygen-Mediated-Electronic-Reconstruction-and,ACS Applied Materials & Interfaces: Latest Articles (ACS Publications),2026-08-19 00:00:00 UTC,2026-08-19 00:00:00+00:00,10.1021/acsami.6c08923,Alan Farhan,"Abstract High-entropy perovskite oxides offer a promising platform for tailoring magnetic functionality through compositional complexity; however, it remains unclear how targeted substitution of 4d transition metals modifies oxygen-mediated electronic structure and element-specific magnetic interactions. To address this question, we investigate the effect of Mo and Ru substitution on the electronic structure and magnetism of high-entropy perovskite oxide thin films using O K-edge and transition-metal L-edge X-ray absorption spectroscopy, X-ray magnetic circular dichroism (XMCD), and X-ray linear dichroism. O K-edge spectra reveal that Ru enhances O 2p–metal d hybridization, whereas Mo modifies charge distribution and local exchange pathways within the transition-metal sublattice. Multiplet analysis shows that Mn and Ni retain stable Mn4+ and Ni2+ states, while Co acts as the primary charge-compensation reservoir through changes in the Co2+/Co3+ ratio. Temperature-dependent XMCD demonstrates that these substitutions selectively reshape the magnetic exchange network, redistributing spin polarization among the constituent elements. Quantitative XMCD sum-rule analysis reveals that Mo substitution produces the highest reconstructed total magnetic moment across the measured temperature range, reaching values at low temperature that are nearly an order of magnitude larger than those observed in the Ru-containing compositions. These results establish a composition-driven strategy for tuning covalency, charge redistribution, and the balance between localized and itinerant magnetism in high-entropy oxide thin films, providing a pathway toward the design of tunable spintronic and multifunctional oxide materials.",crossref,0
Progress in optimizing cleaning frequency for photovoltaic modules: a review of the coupled effects of dust formation mechanisms and cleaning strategies,https://www.sciencedirect.com/science/article/pii/S0306261926013322?dgcid=rss_sd_all,ScienceDirect Publication: Applied Energy,2026-08-19 00:00:00 UTC,2026-08-19 00:00:00+00:00,10.1016/j.apenergy.2026.128676,Jiazhou Huang,,,0
Interfacial Ionic Modulation in a Solid Polymer Electrolyte-Based Ionotronic Memristor for Neuromorphic Learning and Nociceptor Emulation,https://pubs.acs.org/aamick/article/doi/10.1021/acsami.6c12298/5275913/Interfacial-Ionic-Modulation-in-a-Solid-Polymer,ACS Applied Materials & Interfaces: Latest Articles (ACS Publications),2026-08-19 00:00:00 UTC,2026-08-19 00:00:00+00:00,10.1021/acsami.6c12298,Saumya R. Mohapatra,"Abstract Solid polymer electrolyte (SPE)-based memristors usually exhibit predictable digital nonvolatile switching with limited conductance tunability, restricting their use in neuromorphic systems. This behavior arises because of mobile cations and anions in SPEs that rapidly form robust conductive filaments via a positive-feedback process, producing sharp set/reset transitions. Here, we demonstrate that by employing a suitable pulse scheme, a nonfilamentary pathway can be accessed through interfacial ionic modulation, leading to gradual conductance modulation relevant for neuromorphic computing. We fabricated CuBr-dissolved polyethylene oxide (Cu-SPE) based memristors that show conventional digital filamentary switching on DC bias sweep mode. The optimized device (2 wt % CuBr) achieved an ON/OFF ratio of &gt;103 with average set and reset voltages of +0.65 V and –0.7 V, respectively, and improved uniformity. The electrochemical characterization reveals a low Cu+ transport number (tCu+ ∼ 5%), with the majority of ionic current carried by anions, leading to concentration polarization during the biasing conditions. By harnessing this polarization effect and modulating Cu+ ion injection via tailored pulse schemes, the Cu-SPE memristor reproducibly emulates synaptic behaviors across temporal scales, including paired-pulse facilitation and depression (PPF/PPD), pulse-amplitude and pulse-width dependent synaptic weight modulation, and Hebbian learning rules. The device also reproduces key nociceptive responses including threshold firing, no-adaptation, and sensitization. It can, further, follow Pavlov's classical conditioning and act as a Morse code generator. A control experiment replacing the copper electrode with gold confirms that interfacial ionic modulation drives the neuromorphic behavior. These results establish that SPE-based memristors can simultaneously support digital filamentary memory and operate in a nonfilamentary, ionically mediated regime similar to fluidic memristors, thereby broadening their applicability in neuromorphic hardware.",crossref,0
Biodegradable Janus Membrane Featuring Asymmetric Wettability and Pore Structures for Efficient and Salt-Resistant Solar Desalination,https://pubs.acs.org/aamick/article/doi/10.1021/acsami.6c11500/5276964/Biodegradable-Janus-Membrane-Featuring-Asymmetric,ACS Applied Materials & Interfaces: Latest Articles (ACS Publications),2026-08-19 00:00:00 UTC,2026-08-19 00:00:00+00:00,10.1021/acsami.6c11500,Kangkang Ou,"Abstract While solar-driven interfacial evaporation holds great promise for addressing freshwater scarcity, its widespread reliance on non-degradable synthetic polymers may raise concerns regarding secondary microplastic pollution. Furthermore, balancing continuous water supply, thermal localization, and anti-scaling remains a fundamental interfacial challenge. Herein, we report a biodegradable Janus photothermal evaporator composed of a hydrophilic carboxylated carbon nanotubes (CCNTs)-modified viscose layer and a hydrophobic electrospun polylactic acid (PLA) nanofibrous layer. Benefiting from its asymmetric wettability and distinct pore structures across the bilayer interface, the Janus architecture exhibits directional water transport behavior. This structural design generates a capillary pressure difference that enables self-pumping, unidirectional water transport. Consequently, the directional fluid delivery helps maintain water replenishment at the evaporation interface, improving interfacial heating and reducing local salt accumulation during evaporation. When assembled into a 3D conical geometry, the evaporator delivers an apparent evaporation rate of 1.89 kg·m–2·h–1 with solar-to-vapor efficiency of 99.55% under one-sun illumination, while maintaining stable evaporation performance over 20 cycles in 3.5 wt % NaCl solution. The PLA/viscose membrane exhibits sustainability, showing a degradation rate of over 70% within 35 days under composting conditions. This work provides insight into the role of asymmetric wetting interfaces and offers a biodegradable design strategy for solar interfacial evaporation systems.",crossref,0
CO2 physiological forcing mitigates climate-driven water limitation on vegetation growth and carbon uptake,https://www.nature.com/articles/s41467-026-76835-3,Earth and environmental sciences : Nature Communications subject feeds,2026-08-19 00:00:00 UTC,2026-08-19 00:00:00+00:00,,Shuai Ma,"Climate-driven increases in water limitation are expected to threaten ecosystem functioning and services. However, the extent to which ecosystems are water-limited remains uncertain due to the interplay of external CO2 physiological forcing and internal adaptation mechanisms. Here, we develop a unified ecosystem limitation index that quantifies the relative limitation of water and energy on key ecosystem functions and show that climate-driven water limitation on vegetation growth and carbon uptake is effectively mitigated by CO2 physiological effects. Consequently, projected expansion of water-limited areas is moderate (4–5% of assessed land area) compared to estimates based on evapotranspiration (10%) during 1980–2099. While climate change drives widespread shifts from energy to water limitation across all ecosystem functions, CO2 physiological effects alleviate constraints on photosynthesis and growth but not on evapotranspiration. Previous sole reliance on evapotranspiration has therefore systematically overestimated ecosystem water limitation. Our findings reconcile the aridity paradox—widespread greening despite intensifying climate aridity—and underscore the importance of multifunctional assessments for robust projections of ecosystem dynamics under climate change.",nature_html,0
Vacuum-Induced Deoxygenation and Dehydroxylation Mechanisms Drive Point Defect Evolution in Laser-Irradiated AR Coatings,https://pubs.acs.org/aamick/article/doi/10.1021/acsami.6c08272/5276957/Vacuum-Induced-Deoxygenation-and-Dehydroxylation,ACS Applied Materials & Interfaces: Latest Articles (ACS Publications),2026-08-19 00:00:00 UTC,2026-08-19 00:00:00+00:00,10.1021/acsami.6c08272,Ping Zhou,"Abstract The significant degradation of the laser-induced damage threshold (LIDT) of optical coatings under vacuum environments poses a critical bottleneck for high-power space laser systems, as the underlying atomic-scale point defect evolution mechanisms remain unclear. This study integrates multi-scale characterization with reactive force field molecular dynamics (ReaxFF-MD) simulations to elucidate the environmental dependence of point defects and their impact on laser damage behavior, with a systematic focus on oxygen loss, dehydroxylation, and the evolution of the non-bridging oxygen hole center (NBOHC). The results show that point defect propagation is significantly enhanced under vacuum compared to air, leading to more severe LIDT degradation. Laser irradiation induces surface oxygen loss in the form of O2 molecules, accompanied by the formation of oxygen-related defects dominated by ODC(I), which exhibit more pronounced concentrations under vacuum. Meanwhile, dehydroxylation driven by the condensation of adjacent Si-OH predominantly releases H2O molecules and introduces defect precursors rather than directly propagating the NBOHC. The evolution of the NBOHC is governed by the interplay between propagation and reduction paths. Under low-power irradiation, the evolution of the NBOHC is dominated by multipath reduction, primarily forming defect precursors with an E’center, with a secondary contribution from Si5 and E’center recombination, whereas very few peroxy linkages (POLs) are formed via NBOHC coupling. Under high-power irradiation, it is dominated by precursor-driven propagation, with the propagation rate under vacuum being approximately 115% higher than that in air. This study provides the first insight into the evolution mechanisms of oxygen loss and dehydroxylation under vacuum, establishing a theoretical foundation for enhancing the laser damage resistance of optical components in extreme environments.",crossref,0
Carbon accounting and weather-adaptive electrification dispatch for demand-responsive transit under carbon neutrality,https://www.sciencedirect.com/science/article/pii/S0306261926013504?dgcid=rss_sd_all,ScienceDirect Publication: Applied Energy,2026-08-19 00:00:00 UTC,2026-08-19 00:00:00+00:00,10.1016/j.apenergy.2026.128694,Salvatore Antonio Biancardo,,,0
AI-driven smart home appliance optimization: A systematic review,https://www.sciencedirect.com/science/article/pii/S0306261926013218?dgcid=rss_sd_all,ScienceDirect Publication: Applied Energy,2026-08-19 00:00:00 UTC,2026-08-19 00:00:00+00:00,10.1016/j.apenergy.2026.128665,Enver Ever,,,0
Climate-responsive roof cooling strategies for low-energy carbon-neutral buildings: A nationwide comparative assessment of radiative sky cooling and green roofs,https://www.sciencedirect.com/science/article/pii/S0306261926013516?dgcid=rss_sd_all,ScienceDirect Publication: Applied Energy,2026-08-19 00:00:00 UTC,2026-08-19 00:00:00+00:00,10.1016/j.apenergy.2026.128695,Wenchao Shi,,,0
Deep Cavitand Mediated Selective Aerobic Oxidative Cyclization of Thiols to Cyclic Disulfides,https://pubs.acs.org/jacsat/article/doi/10.1021/jacs.6c15679/5275823/Deep-Cavitand-Mediated-Selective-Aerobic-Oxidative,Journal of the American Chemical Society: Latest Articles (ACS Publications),2026-08-19 00:00:00 UTC,2026-08-19 00:00:00+00:00,10.1021/jacs.6c15679,Yang Yu,"Abstract A mild supramolecular template strategy is reported for the selective synthesis of medium- to macrocyclic disulfides via aerobic oxidative cyclization of α,ω-dithiols in aqueous media. The water-soluble deep cavitand CV-1 serves as a multifunctional platform that synergistically addresses challenges of aqueous-phase macrocyclization, including poor substrate solubility, low cyclization selectivity, and unproductive side reactions of reactive intermediates. Specifically, CV-1 enables solubilization of hydrophobic linear α,ω-dithiols in water, preorganizes them into folded J-shaped conformations favorable for intramolecular coupling, and sequesters reactive thiyl radical (RS·) intermediates within its confined cavity to suppress oligomerization. This interplay allows efficient aerobic oxidative cyclization under mild, metal-free conditions with ambient air as the sole oxidant, affording 8- to 14-membered cyclic disulfides in 61–89% yields. The cavitand cavity provides enduring stabilization of the encapsulated disulfide bonds, rendering them inert toward strong external reductants such as dithiothreitol (DTT). This work provides a preliminary demonstration of supramolecularly controlled macrocyclization in water, offering insights for future applications in biochemistry, pharmaceuticals, and materials science.",crossref,0
Hydrogen-driven co-optimization of production and energy systems for low-carbon steel industrial parks,https://www.sciencedirect.com/science/article/pii/S0306261926013437?dgcid=rss_sd_all,ScienceDirect Publication: Applied Energy,2026-08-19 00:00:00 UTC,2026-08-19 00:00:00+00:00,10.1016/j.apenergy.2026.128687,Shiqi Liu,,,0
Coordinating electricity and computility in economic dispatch by embedding quantile convex latency surrogates,https://www.sciencedirect.com/science/article/pii/S0306261926013346?dgcid=rss_sd_all,ScienceDirect Publication: Applied Energy,2026-08-19 00:00:00 UTC,2026-08-19 00:00:00+00:00,10.1016/j.apenergy.2026.128678,Zaijun Wu,,,0
Research on the technical potential and complementary development pattern of offshore wind and photovoltaics in China's coastal regions under climate change,https://www.sciencedirect.com/science/article/pii/S0306261926013073?dgcid=rss_sd_all,ScienceDirect Publication: Applied Energy,2026-08-19 00:00:00 UTC,2026-08-19 00:00:00+00:00,10.1016/j.apenergy.2026.128651,Xin Wang,,,0
Multi-objective dynamic reconfiguration of active distribution networks via spatio-temporal flexible interaction of SOPs and ESSs against critical DG disconnections,https://www.sciencedirect.com/science/article/pii/S0306261926012900?dgcid=rss_sd_all,ScienceDirect Publication: Applied Energy,2026-08-19 00:00:00 UTC,2026-08-19 00:00:00+00:00,10.1016/j.apenergy.2026.128634,Mengran Zhou,,,0
High-resolution simulation and modeling of tropical-cyclone induced power outages in the United States,https://www.sciencedirect.com/science/article/pii/S0306261926011670?dgcid=rss_sd_all,ScienceDirect Publication: Applied Energy,2026-08-19 00:00:00 UTC,2026-08-19 00:00:00+00:00,10.1016/j.apenergy.2026.128511,Ning Lin,"Storm driven power outages impose large and uneven costs on communities, yet operational outage prediction models remain constrained by available datasets. Existing approaches either provide high resolution forecasts for a small number of utilities with internal outage records, or operate across broad regions with insufficient resolution for local planning. We address this gap by first assembling a new sub-kilometer scale multi-utility outage dataset that combines scraped outage records across nine states and ten utility service territories with county-level customers affected data. Based on this new dataset we then develop a topologically informed statistical framework to estimate outage rates and the number of customers affected based on gridded wind, precipitation, and storm surge fields, distribution line exposure, undergrounding, and social vulnerability characteristics. On held-out storms, the framework outperformed existing outage models for the contiguous United States (CONUS). Using the trained model, we reconstruct a decade of tropical cyclone driven outages for 53 events on a uniform high resolution sub-kilometer scale grid. Analyses of this dataset reveal that counties with higher social vulnerability suffer systematically higher outage rates compared to less vulnerable counties exposed to similar wind speeds, partially because counties with the highest levels of social vulnerability are most likely to have high levels of overhead exposure compared to the least vulnerable communities.",openalex,0
Distributed flexible dispatch of heterogeneous thermostatically controlled loads with physically consistent neural ODEs,https://www.sciencedirect.com/science/article/pii/S0306261926012523?dgcid=rss_sd_all,ScienceDirect Publication: Applied Energy,2026-08-19 00:00:00 UTC,2026-08-19 00:00:00+00:00,10.1016/j.apenergy.2026.128596,Yi Wang,"Thermostatically controlled loads (TCLs) are the major energy sources in buildings that provide flexible load adjustment in power systems. The flexible dispatch of TCLs requires modeling thermal dynamics to measure indoor temperature variations and optimizing power consumption to provide flexibility to power grids while satisfying occupant comfort preferences. However, when dispatching TCLs across multiple buildings, heterogeneous building structures and comfort preferences can lead to different model complexities in thermal dynamics and temperature regulation intervals, both of which can make traditional methods insufficient or even infeasible for problem-solving. To tackle this challenge, this work first develops a novel Physically Consistent Neural Ordinary Differential Equation (PC-NODE) model to represent thermal dynamics, integrating weight learning and physics-informed loss functions to ensure a unified model structure and physics consistency. The developed continuous model is then seamlessly transformed into discrete equation constraints to represent comfort preferences with different time intervals. Furthermore, an asynchronous Alternating Direction Method of Multipliers (ADMM)-based distributed optimization method is proposed to coordinate buildings with heterogeneous comfort preferences by differentiating the frequency of local variable updates across buildings based on the time interval. Simulation results for a 12-building dispatch case demonstrate that the single-zone model trained by PC-NODE significantly improves statistical accuracy, whereas asynchronous ADMM achieves near-optimal economic performance relative to ground-truth centralized optimization.",openalex,0
Co-optimization of storage service scheduling and bidding strategies for community-shared energy storage: a distributionally robust bi-level model,https://www.sciencedirect.com/science/article/pii/S0306261926012614?dgcid=rss_sd_all,ScienceDirect Publication: Applied Energy,2026-08-19 00:00:00 UTC,2026-08-19 00:00:00+00:00,10.1016/j.apenergy.2026.128605,Yashuai Li,"The co-optimization of market participation and user-side service provision is key to ensuring the effective operation of community-shared energy storage systems. In fulfilling this dual role, while user-side storage consumes finite resources, it introduces critical flexibility for optimizing market bidding strategies. However, the literature has focused primarily on isolated optimizations and neglects this user-side flexibility, preventing community-shared energy storage systems from maximizing their economic benefits in electricity markets; thus, a substantial research gap remains. To bridge this gap, a synergistic optimization framework for community-shared energy storage that couples market trading with user-side scheduling is proposed in this paper. By integrating user-side flexibility, specifically in terms of building thermal inertia, the framework alleviates resource conflicts and enhances market competitiveness. Subsequently, a bi-level co-optimization model is formulated to capture this hierarchical joint decision-making. The upper level represents the profit-maximization problem of the community-shared energy storage operator by integrating user-side flexibility responses, while the lower level characterizes the electricity market-clearing process. To validate this framework, transmission-constrained IEEE 6-bus, 14-bus, and 30-bus test systems were employed and the numerical results demonstrate that integrating user-side flexibility increases the total profit of community-shared energy storage by 3.2%. The proposed model effectively enables community-shared energy storage systems that balance efficient user-side services with optimal market bidding strategies, offering a practical solution for increasing profits.",openalex,0
A bi-level resilience-oriented planning framework for hydrogen-integrated multi-energy systems under extreme events,https://www.sciencedirect.com/science/article/pii/S0306261926013279?dgcid=rss_sd_all,ScienceDirect Publication: Applied Energy,2026-08-19 00:00:00 UTC,2026-08-19 00:00:00+00:00,10.1016/j.apenergy.2026.128671,Zixuan Liu,,,0
Geopolitical risk exposure and resilience of energy support-chain trade: A multilayer network diagnosis,https://www.sciencedirect.com/science/article/pii/S0301421526004830?dgcid=rss_sd_all,ScienceDirect Publication: Energy Policy,2026-08-19 00:00:00 UTC,2026-08-19 00:00:00+00:00,10.1016/j.enpol.2026.115549,Xiangyu Wang,,,0
"The pulse of energy poverty in Greece: The role of financial stress, uncertainty, and institutional resilience",https://www.sciencedirect.com/science/article/pii/S0301421526004817?dgcid=rss_sd_all,ScienceDirect Publication: Energy Policy,2026-08-19 00:00:00 UTC,2026-08-19 00:00:00+00:00,10.1016/j.enpol.2026.115547,Kafait Ullah,,,0
Health and nutrition returns to clean cooking fuel access across the rural-urban divide,https://www.sciencedirect.com/science/article/pii/S0301421526004854?dgcid=rss_sd_all,ScienceDirect Publication: Energy Policy,2026-08-19 00:00:00 UTC,2026-08-19 00:00:00+00:00,10.1016/j.enpol.2026.115551,Camille Massié Gamard,"Access to clean cooking fuels is central to advancing health, equity, and environmental sustainability worldwide. However, despite sustained policy efforts, a substantial share of households, especially in developing countries, still rely on polluting fuels, with adverse effects on health, environmental quality, and economic well-being. This paper draws on a panel dataset of 102 developing countries spanning 2000–2022 to assess the relationship between access to clean cooking fuels and human well-being. Using fixed-effects and instrumental-variable estimators, we address potential endogeneity concerns. We further explore heterogeneity across rural and urban settings and show that improvements in access are associated with larger gains in health and nutrition outcomes in urban areas. Focusing on sub-Saharan Africa, we conduct scenario-based simulations to quantify the potential benefits of expanding access to clean cooking fuels. Increasing rural access from 10% to 25% is estimated to prevent around 84,000 infant deaths and reduce child stunting by approximately 1.68 million cases. In urban areas, achieving universal access from a baseline of 35% coverage could avert up to 377,000 infant deaths and generate more than 11 million disability-adjusted life years saved, reflecting a substantial reduction in disease burden linked to household air pollution. These results point to the need to accelerate progress toward universal access to clean cooking fuels through targeted, context-specific policies. While rural populations remain underserved and require continued attention, the magnitude of potential gains in urban areas underscores the case for a balanced strategy in clean energy policy design.",openalex,0
Energy resources and geopolitical conflicts: ARDL analysis of Iraq's socioeconomic dynamics,https://www.sciencedirect.com/science/article/pii/S0301421526004350?dgcid=rss_sd_all,ScienceDirect Publication: Energy Policy,2026-08-19 00:00:00 UTC,2026-08-19 00:00:00+00:00,10.1016/j.enpol.2026.115501,Foued Saâdaoui,,,0
The moderating role of geopolitical fragmentation in energy transition-energy poverty: A cross distribution evidence from Europe,https://www.sciencedirect.com/science/article/pii/S0301421526004787?dgcid=rss_sd_all,ScienceDirect Publication: Energy Policy,2026-08-19 00:00:00 UTC,2026-08-19 00:00:00+00:00,10.1016/j.enpol.2026.115544,Muhammad Shahbaz,,,0
Physical-economic-health coordination for hydrogen-electrified ship power systems: A triple-layer unified framework,https://www.sciencedirect.com/science/article/pii/S0306261926013280?dgcid=rss_sd_all,ScienceDirect Publication: Applied Energy,2026-08-19 00:00:00 UTC,2026-08-19 00:00:00+00:00,10.1016/j.apenergy.2026.128672,Pei Shen,,,0
Encounter of silicon and carbon: thorns and rebirth of silicon-carbon anodes in lithium-ion batteries,https://www.sciencedirect.com/science/article/pii/S0306261926013462?dgcid=rss_sd_all,ScienceDirect Publication: Applied Energy,2026-08-19 00:00:00 UTC,2026-08-19 00:00:00+00:00,10.1016/j.apenergy.2026.128690,Lan Xu,,,0
Ms-MOARO: a novel multi-strategy optimizer for multi-objective optimal power flow with wind-solar-tidal energy integration,https://www.sciencedirect.com/science/article/pii/S0306261926013309?dgcid=rss_sd_all,ScienceDirect Publication: Applied Energy,2026-08-19 00:00:00 UTC,2026-08-19 00:00:00+00:00,10.1016/j.apenergy.2026.128674,Hüseyin Bakır,,,0
Robust design of multi-energy systems accounting for mixed-integer operational problems,https://www.sciencedirect.com/science/article/pii/S0306261926013401?dgcid=rss_sd_all,ScienceDirect Publication: Applied Energy,2026-08-19 00:00:00 UTC,2026-08-19 00:00:00+00:00,10.1016/j.apenergy.2026.128684,Manuel Dahmen,"Identifying robust designs for multi-energy systems is computationally challenging. As rigorous approaches are often computationally intractable, heuristics are employed to generate candidate designs. Specifically, we consider a heuristic that iteratively identifies and adds extreme scenarios to the design problem. We theoretically investigate how three common nonconvexities, i.e., piecewise-linear energy inflow-outflow relationships, minimum part-loads, and storage complementarity, affect the robustness of designs identified by this heuristic. We find that, if surplus energy cannot be curtailed, any of these nonconvexities may cause the heuristic to fail. If curtailment is allowed, storage complementarity does not compromise robustness, and convex piecewise-linear inflow-outflow relationships can be reformulated linearly. However, minimum part-loads may lead to failure of the heuristic. Furthermore, if the optimal value function of the operational problem is nonconvex in the uncertain variables, the heuristic may fail. We demonstrate these findings using an illustrative multi-energy system case study, in which minimum part-loads and nonconvex dependence of the objective function on heat-pump efficiency are identified as possible failure modes. We rigorously verify the robustness of a design identified using the heuristic and find a scenario where, in one time step, 1.1 kW of the 313.6 kW electricity demand could not be satisfied. However, when the number of representative scenarios is increased from 4 to 6 or 8, the resulting designs are robust. This demonstrates that the heuristic can serve as an effective first step in identifying robust designs. However, when robustness guarantees are required, a rigorous solution method must be employed.",semanticscholar,0
"Delivering building demand flexibility for grid-interactive operation: from perception and cognition to decision, execution, and verification",https://www.sciencedirect.com/science/article/pii/S0306261926013243?dgcid=rss_sd_all,ScienceDirect Publication: Applied Energy,2026-08-19 00:00:00 UTC,2026-08-19 00:00:00+00:00,10.1016/j.apenergy.2026.128668,Wei Luo,"As both buildings and power systems undergo rapid decarbonization, demand flexibility (DF) in buildings has emerged as a key enabler for renewable energy integration, grid reliability, energy resilience, and efficient and low carbon operation. By dynamically adjusting building energy use in response to grid requirements, DF can help reduce building operational costs, respond to renewable variability, reduce peak demand, alleviate network congestion, and enhance overall system stability. Consequently, significant research efforts have examined building DF from multiple perspectives, including flexibility definitions, resources, characterization, assessment, optimization, and application scenarios. However, the effective delivery of DF in buildings requires an integrated, end-to-end approach spanning perception, cognition, decision, execution, and verification, which remains a critical gap in the existing literature. This review addresses this gap by proposing a layered architecture that integrates these stages into a coherent framework and provides insights from existing studies in this field. It synthesizes enabling methods, clarifies cross-layer interactions, and examines how data, models, control strategies, implementation mechanisms, and evaluation approaches collectively support DF delivery. Critical cross-layer challenges are identified, and future research priorities for robust and trustworthy DF delivery are outlined. This work establishes a conceptual foundation for advancing interoperable, grid-responsive, and practically deployable DF solutions in buildings, supporting both building decarbonization and more efficient, resilient grid operation",openalex,0
Electrolyte-mediated interfacial engineering for silicon-based anodes in lithium-ion batteries: From liquid to quasi-solid and all-solid-state systems,https://www.sciencedirect.com/science/article/pii/S0306261926013103?dgcid=rss_sd_all,ScienceDirect Publication: Applied Energy,2026-08-19 00:00:00 UTC,2026-08-19 00:00:00+00:00,10.1016/j.apenergy.2026.128654,Chenguang Liu,,,0
Recent advances in photocatalytic fragmentation and upgradation of lignin to high-value products using engineered metal sulphide photocatalysts,https://www.sciencedirect.com/science/article/pii/S030626192601175X?dgcid=rss_sd_all,ScienceDirect Publication: Applied Energy,2026-08-19 00:00:00 UTC,2026-08-19 00:00:00+00:00,10.1016/j.apenergy.2026.128519,Xianfeng Fan,,,0
Energy storage under extreme conditions: challenges and strategies for MXene-based supercapacitors,https://www.sciencedirect.com/science/article/pii/S0306261926013334?dgcid=rss_sd_all,ScienceDirect Publication: Applied Energy,2026-08-19 00:00:00 UTC,2026-08-19 00:00:00+00:00,10.1016/j.apenergy.2026.128677,Jianqiao Liu,,,0
Exploiting convexity of neural networks in dynamic operating envelope optimization for distributed energy resources,https://www.sciencedirect.com/science/article/pii/S0306261926012353?dgcid=rss_sd_all,ScienceDirect Publication: Applied Energy,2026-08-19 00:00:00 UTC,2026-08-19 00:00:00+00:00,10.1016/j.apenergy.2026.128579,Zhaoyu Wang,,,0
Towards the integration of remote renewable energy hubs with CCUS chain for a future energy system: the Belgian case,https://www.sciencedirect.com/science/article/pii/S0306261926010822?dgcid=rss_sd_all,ScienceDirect Publication: Applied Energy,2026-08-19 00:00:00 UTC,2026-08-19 00:00:00+00:00,10.1016/j.apenergy.2026.128428,Damien Ernst,,,0
PV-JSSR: Joint super-resolution and segmentation with cross-task interaction for photovoltaic panel mapping from multi-resolution imagery,https://www.sciencedirect.com/science/article/pii/S0306261926012833?dgcid=rss_sd_all,ScienceDirect Publication: Applied Energy,2026-08-19 00:00:00 UTC,2026-08-19 00:00:00+00:00,10.1016/j.apenergy.2026.128627,Yung-Cheol Byun,,,0
"The role of small modular reactors with thermal energy storage in zero-carbon electricity systems: a technological, economic, and resilience analysis across 75 countries",https://www.sciencedirect.com/science/article/pii/S0306261926013413?dgcid=rss_sd_all,ScienceDirect Publication: Applied Energy,2026-08-19 00:00:00 UTC,2026-08-19 00:00:00+00:00,10.1016/j.apenergy.2026.128685,Meiqi Song,,,0
A direct diagnosis method for degradation modes of LiFePO4 batteries based on mechanism analysis,https://www.sciencedirect.com/science/article/pii/S0306261926013450?dgcid=rss_sd_all,ScienceDirect Publication: Applied Energy,2026-08-19 00:00:00 UTC,2026-08-19 00:00:00+00:00,10.1016/j.apenergy.2026.128689,Limei Wang,,,0
Privacy-preserving federated reinforcement learning for BESS coordination in distribution networks with voltage regulation,https://www.sciencedirect.com/science/article/pii/S0306261926013371?dgcid=rss_sd_all,ScienceDirect Publication: Applied Energy,2026-08-19 00:00:00 UTC,2026-08-19 00:00:00+00:00,10.1016/j.apenergy.2026.128681,Scott Dick,"The increasing integration of distributed energy resources (DERs) in distribution networks, particularly battery energy storage systems (BESSs), enables energy trading and operational cost reduction but also introduces challenges for coordinated energy management. Effective coordination of distributed BESSs requires access to residential data, raising significant data privacy concerns. In recent years, federated reinforcement learning (FRL) has emerged as a promising AI approach for privacy-preserving BESS energy management. However, the application of FRL in distribution networks is limited by several challenges, including coordination under voltage constraints caused by coupled BESS interactions, privacy leakage from intermediate result sharing, and scalability issues under high BESS penetration.To address these challenges, this paper proposes a privacy-preserving federated reinforcement learning scheme for BESS coordination with voltage regulation (PPFRL-BC). The BESS energy management problem is formulated under (ε,δ)-differential privacy constraints, within which privacy-preserving reward functions jointly capture system-level rewards and voltage regulation requirements. Building on this formulation, the proposed PPFRL-BC scheme enables coordinated BESS operation without direct sharing of raw residential data, while a BESS-oriented Gaussian noise mechanism is incorporated to mitigate privacy leakage associated with intermediate result sharing. To further improve scalability, an approximate action branching method is introduced to reduce computational complexity in large-scale distribution networks.Case studies on the IEEE 33-bus and 123-bus test feeders demonstrate that the proposed PPFRL-BC scheme effectively coordinates distributed BESS operations, maintains voltage regulation under network constraints and preserves data privacy, while achieving performance comparable to the centralized scheme and outperforming both decentralized and conventional horizontal FRL schemes.",openalex,0
"Energy poverty: Seasonal variations, socioeconomic disparities and cumulative inequality",https://www.sciencedirect.com/science/article/pii/S0301421526004842?dgcid=rss_sd_all,ScienceDirect Publication: Energy Policy,2026-08-19 00:00:00 UTC,2026-08-19 00:00:00+00:00,10.1016/j.enpol.2026.115550,Tadj Oreszczyn,,,0
Battery-assisted machine tool for peak power control,https://www.sciencedirect.com/science/article/pii/S0306261926013449?dgcid=rss_sd_all,ScienceDirect Publication: Applied Energy,2026-08-19 00:00:00 UTC,2026-08-19 00:00:00+00:00,10.1016/j.apenergy.2026.128688,Byung-Kwon Min,,,0
Assessment of development potential and comprehensive benefits of urban rooftop photovoltaics in China based on high-resolution data and physical model,https://www.sciencedirect.com/science/article/pii/S0306261926013565?dgcid=rss_sd_all,ScienceDirect Publication: Applied Energy,2026-08-19 00:00:00 UTC,2026-08-19 00:00:00+00:00,10.1016/j.apenergy.2026.128700,Wenwen Wang,,,0
Distributed adversarial learning for parallel computational strategies in intelligent power system control optimization,https://www.sciencedirect.com/science/article/pii/S0306261926013267?dgcid=rss_sd_all,ScienceDirect Publication: Applied Energy,2026-08-19 00:00:00 UTC,2026-08-19 00:00:00+00:00,10.1016/j.apenergy.2026.128670,Huinan Yang,,,0
Gradient thermodynamic potential driven reaction homogenization in thick electrodes of lithium-ion batteries,https://www.sciencedirect.com/science/article/pii/S0306261926012511?dgcid=rss_sd_all,ScienceDirect Publication: Applied Energy,2026-08-19 00:00:00 UTC,2026-08-19 00:00:00+00:00,10.1016/j.apenergy.2026.128595,Huamin Zhou,,,0
Synergistic V−Mg Co-Doping for a High-Manganese LiMn0.9Fe0.1PO4 Cathode with Superior Cycling Stability and Rate Capability,https://pubs.acs.org/aamick/article/doi/10.1021/acsami.6c11496/5275807/Synergistic-V-Mg-Co-Doping-for-a-High-Manganese,ACS Applied Materials & Interfaces: Latest Articles (ACS Publications),2026-08-19 00:00:00 UTC,2026-08-19 00:00:00+00:00,10.1021/acsami.6c11496,Chunhua Chen,"Abstract High-manganese lithium manganese iron phosphate (LiMn0.9Fe0.1PO4, 9Mn-LMFP) offers a high-voltage platform for high-energy-density Li-ion batteries but suffers from poor electronic conductivity, Mn dissolution, and structural degradation. Herein, we report a V−Mg co-doping strategy via one-step ball milling combined with solid-state sintering to address these challenges. V3+ incorporation narrows the band gap from 3.39 to 1.34 eV and promotes a uniform and dense carbon coating on the particle surface. Mg2+ stabilizes the crystal framework, as evidenced by shortened Mn−O bonds and reduced Mn dissolution (from 6.128 to 3.139 ppm). Furthermore, V−Mg co-doping expands the solid-solution region (from 44.1 to 48.1% state of charge) while shrinking the two-phase region, indicating a lowered phase-transformation barrier. Consequently, the 9Mn-LMFP-V-Mg∥Li half-cells exhibit optimal electrochemical performance with a discharge capacity of 157.0 mAh g−1 at 0.1C, 123.7 mAh g−1 at 10C, and 89.7% capacity retention after 400 cycles at 1C, significantly outperforming the undoped counterpart (with a capacity retention of only 58.2%). When paired with the Li4Ti5O12 anode, 9Mn-LMFP-V-Mg delivers 118.6 mAh g−1 at 2C with 82.5% retention after 100 cycles. Kinetic analyses reveal reduced charge transfer resistance, enhanced Li+ diffusivity (approximately one order of magnitude higher), and increased pseudocapacitive contribution, leading to minimized polarization and efficient capacity release under high rates. This work provides a viable strategy for developing high-energy-density, long-life olivine cathodes.",crossref,0
Revealing the Structural-Redox Interplay in the High-Voltage Spinel LiNi0.5Mn1.5O4 Cathode,https://pubs.acs.org/jacsat/article/doi/10.1021/jacs.6c05598/5277075/Revealing-the-Structural-Redox-Interplay-in-the,Journal of the American Chemical Society: Latest Articles (ACS Publications),2026-08-19 00:00:00 UTC,2026-08-19 00:00:00+00:00,10.1021/jacs.6c05598,Anton Van der Ven,"Abstract The evolution of transition metal oxide cathodes with cycling is governed by a subtle interplay between redox processes and (local) structural distortions. Here, we use first-principles calculations to monitor the electronic and structural evolution of the spinel LiNi0.5Mn1.5O4 (LNMO) cathode at various stages of charge. In its P4332 ordered ground state, redox-active NiO6 octahedra are spatially isolated by redox-inactive Mn4+ cations, providing a clean platform to disentangle local redox and structural phenomena. By combining analyses of magnetic moments, Bader charges, and charge-density difference maps, we show that redox processes are localized on Ni, yet trigger significant transition metal–oxygen rehybridization extending to both Ni–O and Mn–O networks. Changes in oxygen charge are traced to polarization driven by evolving Ni–O bonding, rather than to anion redox activity. Concurrent structural changes include a stepwise volumetric contraction of the NiO6 octahedra with increasing oxidation state, and Jahn–Teller distortions that are sensitively modulated by the local Li/vacancy environment. Beyond these effects, we identify additional distortion modes, including pinching deformations in both NiO6 and MnO6 polyhedra, which exhibit clear and systematic trends with transition metal oxidation. Together, these results provide an atomic-level picture of coupled redox and lattice distortion processes in LNMO, revealing how Li/vacancy configurations and transition metal–oxygen rehybridization govern electrochemical behavior. The mechanisms uncovered here point to design principles that are likely to be equally critical in more complex oxide cathodes.",crossref,0
Rational Design of Copper Nanoclusters for Catalytic Applications,https://pubs.acs.org/chreay/article/doi/10.1021/acs.chemrev.6c00141/5276278/Rational-Design-of-Copper-Nanoclusters-for,Chemical Reviews: Latest Articles (ACS Publications),2026-08-19 00:00:00 UTC,2026-08-19 00:00:00+00:00,10.1021/acs.chemrev.6c00141,Quan-Ming Wang,"Abstract This review aims to integrate advancements in the rational design of Cu nanoclusters (NCs) from the past decade. Atomically precise Cu NCs have emerged as promising materials for highly active catalysis, due to their low cost and high efficiency as well as well-defined structures. The absolute monodispersity of Cu NCs provides direct insights into fundamental catalytic research, including the identification of active sites, the establishment of structure–activity relationships at atomic level, the modulation of metal-kernel structures and ligands for selectivity, and the exploration of catalytic mechanisms. In this review, we summarize strategies for developing Cu NC catalysts, including ligand engineering, oxidation state modulation, heteroatom doping, and theoretical prediction. Subsequently, we sum up the fast-growing advances of Cu NCs catalysts in terms of catalytic activities, identification of active sites and fundamental mechanisms. The catalytic applications mainly involve electrocatalysis, photocatalysis, and organic transformations. Finally, we provide comprehensive commentaries on the challenges and future perspectives in rational design of Cu NCs and its commercialization as catalysts.",crossref,0
Sodium–Potassium Competition Controls Xenon Uptake in Cucurbiturils,https://pubs.acs.org/jacsat/article/doi/10.1021/jacs.6c09510/5276346/Sodium-Potassium-Competition-Controls-Xenon-Uptake,Journal of the American Chemical Society: Latest Articles (ACS Publications),2026-08-19 00:00:00 UTC,2026-08-19 00:00:00+00:00,10.1021/jacs.6c09510,Renaud B. Jolivet,"Abstract The remarkable specificity of 129Xe magnetic resonance has motivated efforts to expand its application to medical diagnostics and to develop Xe-cage guest–host complexes compatible with in vivo conditions. Cucurbit[n]urils (CB[n]) are among the most promising host molecules for direct biocompatible Xe encapsulation. Building on earlier observations that alkali cations influence the binding of Xe to CB[n], this study provides a comprehensive experimental and computational analysis of how the ratio of Na+ to K+ in the solution governs Xe uptake by CB[6] and CB[5]. Using one- and two-dimensional 129Xe NMR together with quantum-mechanical modeling, we elucidate the molecular mechanism by which alkali cations modulate cage Xe uptake. Our calculations reveal that Na+ can adopt a near-central position inside CB[6], directly competing with Xe for the hydrophobic core, thereby suppressing encapsulation. In contrast, K+ remains confined to peripheral portal sites, leaving the central cavity accessible, and enabling Xe to displace the cation and stabilize inside the cage. Elevated temperatures and cage–cage competition further amplify these effects. By combining experimental and theoretical results, we thus provide the first detailed mechanistic explanation of Na+/K+ competition in Xe-CB[n] systems, and establish clear design principles to optimize Xe hosts for future in vivo applications.",crossref,0
An Icelandic pangenome reference,https://www.nature.com/articles/s41586-026-10924-7,Nature,2026-08-19 00:00:00 UTC,2026-08-19 00:00:00+00:00,10.1038/s41586-026-10924-7,Bjarni V. Halldorsson,"Abstract
                  
                    Reference bias is an issue that affects most genomic studies analysing short reads mapped to a reference genome
                    1,2
                    . It can be mitigated by mapping to multiple haplotypes represented in a pangenome
                    3–5
                    . Here we introduce two new methods to address reference bias: Emblask for pangenome construction and Weaver for mapping to pangenomes at scale. Emblask is a hybrid long- and short-read haplotype-resolved dual assembly pipeline for parent–offspring trio data. Using Emblask, we assembled 698 Icelandic haplotypes and added them to the Human Pangenome Reference Consortium (HPRC) pangenome
                    4
                    to construct an Icelandic pangenome reference (HPRC-ICE) including 51.41 million small variants. We mapped the short reads of 57,630 Icelanders to HPRC-ICE with Weaver and called 98.96 million variants, representing a 6.17% increase over mapping to a linear reference. We uncovered new variants in low-mappability regions, including a pathogenic single nucleotide polymorphism (SNP) in
                    GBA1
                    that associates with early onset Parkinson’s disease and a missense SNP in
                    CBS
                    that is pathogenic for homocystinuria. We replicated the
                    GBA1
                    association in the UK Biobank
                    6
                    with a targeted remapping of 429,193 British and Irish participants.",crossref,0
Psychedelics align brain activity with context,https://www.nature.com/articles/s41586-026-10910-z,Nature,2026-08-19 00:00:00 UTC,2026-08-19 00:00:00+00:00,10.1038/s41586-026-10910-z,Adeel Razi,"Abstract
                  
                    Psychedelics can profoundly alter consciousness by reorganizing brain connectivity
                    1,2
                    , producing acute experiences that shape lasting psychological change
                    3,4
                    . Psychedelic dynamics are commonly described as desynchronized or entropically disordered
                    5,6
                    , yet the brain organization underlying self-dissolving and boundary-dissolving experiences that participants often report
                    7
                    , and how context shapes that organization
                    8
                    , remain unresolved. To address this, we acquired the largest single-site psychedelic neuroimaging dataset to date. Sixty-two adults underwent functional magnetic resonance imaging (fMRI) and electroencephalography (EEG) during rest and naturalistic stimuli (meditation, music and movie), before and on the day of psilocybin administration (fMRI ~ 80 min post-dose; EEG ~ 150 min post-dose). Half ranked the experience among the most meaningful of their lives
                    7
                    . Here, using machine learning to represent the brain dynamics of each individual as low-dimensional trajectories, we show that psilocybin reorganizes brain activity into structured, context-sensitive patterns that co-vary with the quality of subjective experience, revealing a latent order missed by time-averaged measures. Networks that ordinarily segregate internal and external processing integrated, producing cohesive context-aligned trajectories in participants reporting the felt experience of being continuous with, rather than separate from, the environment, a state we refer to as embeddedness. The strength of this context alignment scaled with both the depth of self-dissolving and boundary-dissolving experience and the next-day mindset change. Our findings recast apparent disorder as latent organization aligned with context, linking neurobiology to subjective experience and behavioural change.",crossref,0
Safety and security of large language models in healthcare,https://www.nature.com/articles/s41586-026-10687-1,Nature,2026-08-19 00:00:00 UTC,2026-08-19 00:00:00+00:00,10.1038/s41586-026-10687-1,Jakob Nikolas Kather,"The Review examines rapid LLM adoption in clinical care, outlining emerging security and safety risks across development stages, key protective layers, clinically relevant threats and current mitigation responsibilities in a single integrated framework.",rss_nature,0
Pervasive phosphorylation by phage T7 kinase disarms bacterial defences,https://www.nature.com/articles/s41586-026-10934-5,Nature,2026-08-19 00:00:00 UTC,2026-08-19 00:00:00+00:00,10.1038/s41586-026-10934-5,Mikhail M. Savitski,"Abstract
                  
                    Bacteria and bacteriophages are in a constant arms race to develop defence and anti-defence systems, respectively. Currently known phage-encoded anti-defence systems are specific to the activity of the targeted bacterial defence system. Here we identify a mechanism by which the T7 bacteriophage broadly counteracts bacterial defences using protein phosphorylation. Its kinase (T7K), which has been reported to redirect the function of a few host proteins
                    1–5
                    , is actually a hyperpromiscuous dual-specificity kinase that phosphorylates nearly all host and phage proteins during infection. The scale of phosphorylation vastly exceeds known phosphosites in
                    Escherichia coli
                    , has no sequence motif specificity and results in a higher proteome-wide phosphorylation density than mammalian cells with around 500 kinases. Stoichiometry analysis of phosphorylation sites revealed strong bias in T7K activity towards nucleic-acid-binding substrates mediated by its C-terminal DNA-binding domain. This highly stoichiometric phosphorylation enables the deactivation of DNA-targeting or DNA-containing bacterial defence systems. We provide mechanistic insights into how T7K weakens DNA-containing Retron-Eco9 through specific phosphorylation events, with single phosphomimetic mutations in key sites of the toxin abolishing defence. Moreover, by screening a large collection of
                    E. coli
                    strains, we provide evidence of broad anti-defence abilities of T7K in nature, as counteracted strains contain diverse bacterial defence systems. T7K homologues are found almost exclusively in phages, with hyperpromiscuous kinase activity probably being enabled by a divergent DFG-like motif in the catalytic centre.",crossref,0
Twenty-two easy ways to power up your lab meetings,https://www.nature.com/articles/d41586-026-02037-y,Nature,2026-08-19 00:00:00 UTC,2026-08-19 00:00:00+00:00,10.1038/d41586-026-02037-y,Hannah Docter-Loeb,Scientists share help and advice on how they got their research discussions flowing.,rss_nature,0
Virus deploys a ‘loose cannon’ enzyme to overpower bacterial defences,https://www.nature.com/articles/d41586-026-02537-x,Nature,2026-08-19 00:00:00 UTC,2026-08-19 00:00:00+00:00,10.1038/d41586-026-02537-x,,"Viruses that infect bacteria must either evade or counter the defence systems of their host. The viral kinase enzyme T7K has been found to phosphorylate nearly all bacterial proteins, but its specificity for DNA-binding proteins enables it to disable defence systems that target nucleic acids.",rss_nature,0
"South Africa’s scientists must register with official body or risk prison, according to draft law",https://www.nature.com/articles/d41586-026-02516-2,Nature,2026-08-19 00:00:00 UTC,2026-08-19 00:00:00+00:00,10.1038/d41586-026-02516-2,Sarah Wild,"Many researchers are unaware of an upcoming law that will require them to register with a regulatory body, as is the case for engineers and health-care professionals.",rss_nature,0
How do people live beyond 110? Abundance of cancer-killing cells might be key,https://www.nature.com/articles/d41586-026-02587-1,Nature,2026-08-19 00:00:00 UTC,2026-08-19 00:00:00+00:00,10.1038/d41586-026-02587-1,Katherine Bourzac,Research on people 110 years and older reveals an immune system that continues to adapt.,rss_nature,0
Psychedelics tune the brain to the environment,https://www.nature.com/articles/d41586-026-02377-9,Nature,2026-08-19 00:00:00 UTC,2026-08-19 00:00:00+00:00,10.1038/d41586-026-02377-9,Mihai Avram,"Rather than just scrambling neural activity, the psychedelic substance psilocybin also reorganizes brain dynamics so as to align with a person’s context and experiences.",rss_nature,0
Screening babies’ genomes could save lives. Here’s how it would work,https://www.nature.com/articles/d41586-026-02528-y,Nature,2026-08-19 00:00:00 UTC,2026-08-19 00:00:00+00:00,10.1038/d41586-026-02528-y,Uzma Rentia,"Massive genomic newborn-screening studies are under way all over the globe. But questions about scalability, feasibility and net benefit remain.",rss_nature,0
Rudolph A. Marcus obituary: theoretical chemist who explained how electrons jump between molecules,https://www.nature.com/articles/d41586-026-02610-5,Nature,2026-08-19 00:00:00 UTC,2026-08-19 00:00:00+00:00,10.1038/d41586-026-02610-5,Kenneth H. Marcus,His calculations explain the efficiency of batteries and solar cells.,nature_html,0
AI tool lets researchers 'vibe code' in the quantum realm,https://www.nature.com/articles/d41586-026-02495-4,Nature,2026-08-19 00:00:00 UTC,2026-08-19 00:00:00+00:00,10.1038/d41586-026-02495-4,Davide Castelvecchi,"An autonomous AI agent can write and execute quantum computing code, but it sometimes needs a human touch.",rss_nature,0
Computational ‘gym’ trains AI models to control turbulence,https://www.nature.com/articles/d41586-026-02375-x,Nature,2026-08-19 00:00:00 UTC,2026-08-19 00:00:00+00:00,10.1038/d41586-026-02375-x,Clara M. Velte,The HydroGym computational environment teaches agents strategies for fluid-flow control that can be applied to scenarios they have not encountered before.,rss_nature,0
Delisted,https://www.nature.com/articles/d41586-026-02410-x,Nature,2026-08-19 00:00:00 UTC,2026-08-19 00:00:00+00:00,10.1038/d41586-026-02410-x,Ximing Zhang,Called to account.,nature_html,0
Human organoids that mimic brain development grown for years in lab,https://www.nature.com/articles/d41586-026-02585-3,Nature,2026-08-19 00:00:00 UTC,2026-08-19 00:00:00+00:00,10.1038/d41586-026-02585-3,Rachel Fieldhouse,Models of how the brain changes over time could help researchers to understand how diseases affect the organ later in life.,rss_nature,0
Activity of solar-driven polymer catalysts unleashed to produce a potential green fuel,https://www.nature.com/articles/d41586-026-02373-z,Nature,2026-08-19 00:00:00 UTC,2026-08-19 00:00:00+00:00,10.1038/d41586-026-02373-z,Filip Podjaski,"Engineering of polymer crystals has vastly increased the activity of these materials as catalysts for producing hydrogen fuel from water, using only sunlight.",rss_nature,0
The Antarctic ice sheet has gained mass — but probably not for long,https://www.nature.com/articles/d41586-026-02376-w,Nature,2026-08-19 00:00:00 UTC,2026-08-19 00:00:00+00:00,10.1038/d41586-026-02376-w,Jonathan Wille,"Since 2020, snowfall has largely counterbalanced the melting of the Antarctic ice sheet. The atmospheric effect that causes this has been identified — and it’s temporary.",rss_nature,0
Self-n-doped small molecules for highly stable and low-power biosensing,https://academic.oup.com/nsr/advance-article/doi/10.1093/nsr/nwag489/8766035?rss=1,National Science Review Advance Access,2026-08-19 00:00:00 UTC,2026-08-19 00:00:00+00:00,10.1093/nsr/nwag489,Ting Lei,Minimizing power consumption and improving long-term stability of bioelectronic devices are crucial for ensuring prolonged operation and reducing the risk of tissue damage. Organic electrochemical transistors (OECTs) have gained widespread attention in biosensing applications due to their high transconductance and excellent biocompatibility. Although considerable efforts have been directed toward optimizing performance metrics (e.g. µC,rss_oup,0
Embodied Learning under Policy and Dynamics Shifts,https://academic.oup.com/nsr/advance-article/doi/10.1093/nsr/nwag506/8766030?rss=1,National Science Review Advance Access,2026-08-19 00:00:00 UTC,2026-08-19 00:00:00+00:00,10.1093/nsr/nwag506,Huaping Liu,"Embodied agents must continuously adapt to the physical world using interaction data collected across varying timescales, controllers, and environmental conditions. However, standard reinforcement learning assumes stationary dynamics and on-policy data, a premise often violated in reality where physical parameters drift and historical data becomes heterogeneous. The central challenge lies in the compound distribution shift: replayed transitions follow an occupancy distribution that diverges fundamentally from the current physical reality, leading to biased value estimation and catastrophic learning collapse. In this work, we propose Transition Occupancy Matching as a unifying principle to resolve policy and dynamics shifts within a single mathematical framework. We introduce Occupancy-Matching Policy Optimization (OMPO), a novel algorithm that optimizes a surrogate objective explicitly correcting for transition discrepancies. By leveraging a dual reformulation with a sign-free logarithmic link, OMPO transforms the intractable matching problem into a stable min-max optimization, amenable to arbitrary reward structures. Crucially, OMPO integrates a distributional critic and a multimodal encoder with a small-scale local buffer, allowing the agent to anchor massive historical data to the immediate physical context for rapid adaptation. Extensive evaluations across diverse benchmarks—including MuJoCo locomotion, DM-Control, Meta-World, and high-fidelity Panda robot manipulation—demonstrate that OMPO consistently outperforms specialized baselines in stationary, domain-shifting, and non-stationary settings. By unifying distribution correction across policy and dynamics shifts, OMPO addresses a fundamental bottleneck in transfer learning, providing a robust algorithmic framework for continual adaptation in changing physical conditions.",rss_oup,0
Nanocatalytic medicine: pathological chemical microenvironments as regulation targets for fundamental solutions of major chronic diseases,https://academic.oup.com/nsr/advance-article/doi/10.1093/nsr/nwag510/8766027?rss=1,National Science Review Advance Access,2026-08-19 00:00:00 UTC,2026-08-19 00:00:00+00:00,10.1093/nsr/nwag510,Jianlin Shi,"Major chronic diseases, including cancer, cardiovascular and neurodegenerative disorders, diabetes, and non-infectious inflammations, are fundamentally driven by dysregulated pathological chemical microenvironments characterized by oxidative stress, hypoxia, acidosis, protein misfolding, and abnormal carbohydrate and lipid metabolism. These aberrant chemical milieus not only drive pathogenesis but also create a pathological ‘soil’ that supports disease progression and confers therapeutic resistance. Traditional strategies predominantly target cellular components, overlooking this fundamental chemical basis. Nanocatalytic medicine has recently emerged as a novel paradigm that directly targets these pathological chemical microenvironments through controlled in-situ",rss_oup,0
Deep Earth Forcing and Paleoclimate Evolution,https://academic.oup.com/nsr/advance-article/doi/10.1093/nsr/nwag502/8766026?rss=1,National Science Review Advance Access,2026-08-19 00:00:00 UTC,2026-08-19 00:00:00+00:00,10.1093/nsr/nwag502,Qiuming Cheng,,,0
Sequentially adaptive electron transfer in heteroatom-modulated NiFe-MOFs for efficient anion exchange membrane water/seawater electrolysis,https://www.cell.com/joule/fulltext/S2542-4351(26)00314-4?rss=yes,Joule,2026-08-19 00:00:00 UTC,2026-08-19 00:00:00+00:00,10.1016/j.joule.2026.102630,Liejin Guo,"Sequentially adaptive electron transfer in NiFe-MOFs enables high-performance AEM water electrolysis with ultralow cell voltage at industrial-level current densities, excellent stability under harsh operating conditions, and efficient solar-driven hydrogen production under natural sunlight irradiation.",rss_cell,0
On-demand capacity extraction through thermo-electrochemical hysteresis in metastable Li-Cu alloy,https://www.cell.com/joule/fulltext/S2542-4351(26)00316-8?rss=yes,Joule,2026-08-19 00:00:00 UTC,2026-08-19 00:00:00+00:00,10.1016/j.joule.2026.102632,Yi Cui,"Batteries steadily lose usable lithium as they cycle, as reactive lithium is consumed spontaneously—a key factor limiting how long they retain capacity. A metastable lithium-copper alloy, built into the current collector, stores lithium in reserve and keeps it dormant during operation. The stored lithium is released only when intentionally triggered, boosting the cell’s capacity on demand and extending cycle life in both lithium-metal and lithium-ion batteries, illustrating how metastable materials can introduce functionalities to energy storage.",rss_cell,0
Ordered liquid crystal-SAM supramolecules stabilize perovskite interfaces,https://www.cell.com/joule/fulltext/S2542-4351(26)00320-X?rss=yes,Joule,2026-08-19 00:00:00 UTC,2026-08-19 00:00:00+00:00,10.1016/j.joule.2026.102636,Fei Zhang,"Here, we developed a “liquid crystal-SAM supramolecule” strategy to suppress SAM aggregation and construct a dense, preferentially oriented monolayer. This supramolecular strategy enhanced SAM adhesion under external stress and promoted hole transport through strong π-π interactions. The resulting nBuO-TPEP-based devices achieved a PCE of 26.72% in small areas and 20.10% in flexible modules, along with outstanding operational stability in air. This strategy also showed good universality across different SAM molecules.",rss_cell,0
Nonfluorocarbon Fluoropolymers: Synthesis and Properties of N-Heterocyclic Carbene-PF5-Functional Polymers,https://pubs.acs.org/jacsat/article/doi/10.1021/jacs.6c04593/5276312/Nonfluorocarbon-Fluoropolymers-Synthesis-and,Journal of the American Chemical Society: Latest Articles (ACS Publications),2026-08-19 00:00:00 UTC,2026-08-19 00:00:00+00:00,10.1021/jacs.6c04593,Nathan A. Romero,"Abstract Fluorocarbon polymers possess exceptional thermal and chemical stability but present end-of-life challenges because of their longevity and environmental persistence. Here, we report a distinct class of fluorine-rich polymers based on N-heterocyclic carbene-pentafluorophosphorus (NHC-PF5) zwitterions that contain no C–F bonds. These NHC-PF5-functional polymers are thermally robust, exhibiting high glass-transition temperatures and optical clarity that arise from zwitterion–zwitterion interactions. Despite their zwitterionic character, the polymers display hydrophobic surfaces and aqueous insolubility. While chemically stable at ambient temperatures, the NHC-PF5 polymers undergo alkaline hydrolysis at elevated temperatures to generate inorganic fluoride, establishing a pathway for end-of-life fluorine mineralization.",crossref,0
The HydroGym reinforcement learning platform for fluid dynamics,https://www.nature.com/articles/s41586-026-10917-6,Nature,2026-08-19 00:00:00 UTC,2026-08-19 00:00:00+00:00,10.1038/s41586-026-10917-6,Steven L. Brunton,"HydroGym offers over 60 standardized reinforcement-learning flow-control environments and demonstrates zero-shot transfer to a 3D wing, cutting local skin friction by 38% and exploration costs by four orders of magnitude.",rss_nature,0
Multiyear tropical warm pool warming drives slowdown in Antarctic mass loss,https://www.nature.com/articles/s41586-026-10912-x,Nature,2026-08-19 00:00:00 UTC,2026-08-19 00:00:00+00:00,10.1038/s41586-026-10912-x,Eric J. Steig,"Abstract
                  
                    Antarctic mass loss has been a major contributor to global sea-level rise for most of the last few decades, mainly driven by West Antarctica
                    1
                    . During 2021–2023, however, a sharp increase in surface mass balance over Queen Mary Land and Wilkes Land in East Antarctica offset West Antarctic loss and slowed the rate of total ice mass loss
                    2,3
                    . Although this slowdown is consistent with the expected long-term precipitation response to global warming through poleward-shifted storm tracks and Antarctic moistening
                    4
                    , our results point to a different mechanism. Here we show that the recent ice mass gain was linked to a recurrent atmospheric teleconnection driven by sea surface temperature anomalies in the tropical warm pool, which experienced unusually persistent warming from 2021 to 2023 relative to the previous two decades. On the basis of observations and model experiments, we find that tropical warm pool warming excites a poleward-propagating Rossby-wave train that induces a high-pressure anomaly over East Antarctica, enhancing Queen Mary Land and Wilkes Land precipitation and driving the observed mass gain, with moisture primarily sourced from the mid-latitude Indian Ocean. Similar multiyear warming in the tropical warm pool recurs about once per decade in observations and historical simulations, and its influence on precipitation is distinct from the effects of global warming. Therefore, the recent Antarctic Ice Sheet mass gain is probably temporary and does not yet reflect a sustained, global-warming-driven moistening of Antarctica.",crossref,0
A biased allosteric modulator is a molecular glue for β2AR dimerization,https://www.nature.com/articles/s41586-026-10892-y,Nature,2026-08-19 00:00:00 UTC,2026-08-19 00:00:00+00:00,10.1038/s41586-026-10892-y,Brian K. Kobilka,"AP-7-168, an optimized derivative of a β-arrestin-biased negative allosteric modulator of the β2-adrenergic receptor (β2AR), functions as a molecular glue to stabilize β2AR homodimerization.",rss_nature,0
Synthesis of pyrroles from isoxazoles by an O-to-C skeletal edit,https://www.nature.com/articles/s41586-026-10933-6,Nature,2026-08-19 00:00:00 UTC,2026-08-19 00:00:00+00:00,10.1038/s41586-026-10933-6,Mark D. Levin,"A one-pot skeletal-editing reaction replaces isoxazole oxygen with carbon to form challenging pyrroles, enabled by an N-propargylic enaminone intermediate and a computational model predicting reaction outcomes.",rss_nature,0
Gliding-Induced Stacking Faults in Layered Oxide Cathode,https://pubs.acs.org/jacsat/article/doi/10.1021/jacs.6c10104/5276432/Gliding-Induced-Stacking-Faults-in-Layered-Oxide,Journal of the American Chemical Society: Latest Articles (ACS Publications),2026-08-19 00:00:00 UTC,2026-08-19 00:00:00+00:00,10.1021/jacs.6c10104,Shi-Gang Sun,"Abstract In layered oxide cathodes, the utilization of high states of charge inevitably triggers complex phase transitions, accompanied by significant translational symmetry breaking. Although in situ X-ray diffraction has long been employed to monitor these transitions, quantitatively resolving the stochastic nature of planar defects remains a formidable challenge. In this work, we establish a robust analytical framework that correlates stacking faults with diffraction patterns, enabling the quantitative elucidation of one-dimensional stacking disorder. Taking the prototypical P2-to-O2 transition as a model, we demonstrate that this phase transition is a highly dynamic evolution governed by stochastic interlayer gliding. Through combined theoretical and experimental analyses, we reveal that the P2-to-O2 transition proceeds via an interlayer-asynchronized route, featuring an ordered OP6 intergrowth phase at the midpoint, which is an intermediate structure frequently misidentified as OP4 in the literature due to neglected unit cell periodicity constraints. Furthermore, by constructing and validating structural models that explicitly account for stacking defects, we establish a quantitative link among layer gliding, local coordination evolution, and subsequent transition-metal migration. Ultimately, the established descriptor framework serves as a standardized baseline amidst intricate structural evolutions, enabling the precise description and quantitative comparison of phase transition behaviors.",crossref,0
Redefining Atomically Dispersed Catalyst Stability via Entropy,https://pubs.acs.org/jacsat/article/doi/10.1021/jacs.6c04747/5276405/Redefining-Atomically-Dispersed-Catalyst-Stability,Journal of the American Chemical Society: Latest Articles (ACS Publications),2026-08-19 00:00:00 UTC,2026-08-19 00:00:00+00:00,10.1021/jacs.6c04747,Yi Gao,"Abstract Atomically dispersed catalysts (ADCs) have drawn considerable attention in recent years for their promising activity in heterogeneous catalysis. Conventional catalyst sintering theory largely ignores the entropy effect and suggests that ADCs are normally thermodynamically unstable due to their high surface free energies, which becomes an obstacle for practical applications. Here, we present a generalized thermodynamic framework to demonstrate how the previously ignored entropy effect induces the self-redispersion of supported NPs. Through machine-learning-assisted molecular dynamics simulations, in situ Cs-corrected environmental scanning transmission electron microscopy, and synchrotron-based ambient-pressure X-ray photoelectron spectroscopy experiments, we reveal an entropy-driven phenomenon: the supported NPs redisperse into untrapped ADCs upon heating and reversibly sinter upon cooling in three systems (Pd-CeO2, Cu-TiO2, Ag-TiO2), contrary to the traditional understanding that “high temperature promotes sintering”. We further establish the entropy-driven catalyst redispersion theory, analogous to two-dimensional dissolution, where thermodynamically stable ADCs are ubiquitous up to their saturation concentration. It redefines the basic understanding of sintering, dispersion, and coexistence behavior between NPs and ADCs, thereby offering multiple strategies for obtaining thermodynamically stable ADCs.",crossref,0
Kinetic Frustration of Collagen Folding Drives Condensate-Mediated Fibrous Assembly,https://pubs.acs.org/jacsat/article/doi/10.1021/jacs.6c13610/5276308/Kinetic-Frustration-of-Collagen-Folding-Drives,Journal of the American Chemical Society: Latest Articles (ACS Publications),2026-08-19 00:00:00 UTC,2026-08-19 00:00:00+00:00,10.1021/jacs.6c13610,Bani Kanta Sarma,"Abstract Collagen assembly is generally assumed to proceed hierarchically with rapid triple-helix folding preceding higher-order organization. Here, we show that this paradigm can break down when triple helix formation becomes kinetically frustrated. Using collagen-mimetic peptides containing cis–trans-isomerizing cationic and anionic peptoid residues, we selectively delay folding kinetics and demonstrate that liquid–liquid phase separation (LLPS) can occur prior to fibrous assembly. Delayed folding enables weak multivalent charge–pair interactions to become kinetically relevant, generating a phase-separated intermediate that subsequently matures into micrometer-scale fibrous architectures. Time-resolved spectroscopic, thermal, and microscopic analyses establish a condensate-mediated assembly pathway that is inaccessible under conventional rapid folding conditions. By demonstrating that kinetic frustration can redirect collagen-mimetic assembly through LLPS, this work identifies folding kinetics as a key determinant of the assembly pathway selection. Our findings expand the current framework of collagen-inspired self-assembly, reveal an alternative route to hierarchical collagen organization, and establish condensate-mediated growth as a strategy for programming the supramolecular architecture in collagen-inspired materials.",crossref,0
Catalytic Combustion of Extremely Low Concentrations of Methane by Pt/CeO2 {111} Nanocrystals Driven by the Synergy of Photons and Phonons,https://pubs.acs.org/jacsat/article/doi/10.1021/jacs.6c05483/5276989/Catalytic-Combustion-of-Extremely-Low,Journal of the American Chemical Society: Latest Articles (ACS Publications),2026-08-19 00:00:00 UTC,2026-08-19 00:00:00+00:00,10.1021/jacs.6c05483,Junwang Tang,"Abstract Anthropogenic methane emissions from landfill sites and coal mines with low local concentrations (&lt;5000 ppm) are a critical factor in climate change, and the conversion of such low concentrations of methane has been widely regarded as a thorny issue in catalysis while being pivotal for a sustainable society. Conventional catalytic methane combustion requires high temperatures (&gt;400 °C) and is particularly inefficient at rather low concentrations (&lt;1000 ppm). Herein, Pt/CeO2 {111} nanocrystals assisted by photon-phonon codriven catalysis overcome these challenges. Ultrafast transient absorption spectroscopies confirm that CeO2 {111} efficiently harvests photons and promotes charge separation, while phonons promote the detrapping process and improve the initial charge separation, further enhancing the active charge populations. Meanwhile, Pt works as an efficient electron acceptor, enabling photohole oxidation of methane at the picosecond time scale and accelerating oxygen reduction reactions. All these results lead to a low light-off temperature T80 of 98 °C and a one-pass methane combustion efficiency of 95% with CO2 selectivity of near 100% at 200 °C, together with an apparent quantum efficiency of 36.5% and long-term stability over 100 h in the presence of even rather low methane concentrations of 500 ppm. These findings establish a scalable strategy for the efficient abatement of low-concentration methane emissions under mild conditions.",crossref,0
Steering Heat and Molecules: Directional Freeze-Cast Aerogel Shells Boost Photothermal CO2 Methanation,https://pubs.acs.org/jacsat/article/doi/10.1021/jacs.6c04548/5276975/Steering-Heat-and-Molecules-Directional-Freeze,Journal of the American Chemical Society: Latest Articles (ACS Publications),2026-08-19 00:00:00 UTC,2026-08-19 00:00:00+00:00,10.1021/jacs.6c04548,Haifeng Xiong,"Abstract Developing integrated systems that merge efficient CO2 capture with rapid photothermal catalysis (PTC) remains a formidable challenge in sustainable catalysis. Herein, the developed 3D-microporous chitosan aerogel (CA) encapsulated Ni/ZrO2 catalyst (Ni/ZrO2@CA) not only maximizes photothermal harvesting through multiple light-scattering effects but also provides abundant, atom-dispersed −NH2 sites that function as Lewis basic centers for CO2 capture and activation, forming carbamate intermediates. Under simulated solar irradiation (2400 mW·cm–2), Ni/ZrO2@CA achieved CH4 production rates up to 297.0 mmol·gcat–1·h–1 with 99.8% selectivity, representing up to a 10–16-fold enhancement over pristine Ni/ZrO2. In situ DRIFTS detected carbamate species under reaction conditions, and DFT calculations suggest an NH2-mediated capture–hydrogenation–displacement pathway that may circumvent high-energy barriers associated with direct CO2 activation. This work establishes a new design paradigm in which the organic overlayer acts as a molecular cocatalyst, transforming integrated CO2 capture and utilization into a single photothermal microreactor platform.",crossref,0
Taming Molecular Boron Nitride through a Tandem Donor–Acceptor Stabilization/Arene Release Strategy,https://pubs.acs.org/jacsat/article/doi/10.1021/jacs.6c14427/5276928/Taming-Molecular-Boron-Nitride-through-a-Tandem,Journal of the American Chemical Society: Latest Articles (ACS Publications),2026-08-19 00:00:00 UTC,2026-08-19 00:00:00+00:00,10.1021/jacs.6c14427,Todd W. Hudnall,"Abstract Boron nitride (BN) is a highly reactive 8 valence electron diatomic molecule, unstable under ambient conditions; however, at temperatures &gt;900 °C, ceramic (BN)n polymorphs can be prepared. Isoelectronic to carbon isosteres such as diamond, graphite, and carbon nanotubes (CNTs), (BN)n polymorphs exhibit remarkably different properties owing to the highly polar B–N bonds. The high temperature synthesis of (BN)n materials preclude the isolation and study of molecular BN. Herein, we report the synthesis of EtCAAC–B≡N–B(C6F5)3, a donor–acceptor stabilized molecular boron nitride. Single-crystal X-ray diffraction as well as nuclear magnetic resonance, infrared, and Raman spectroscopic studies coupled with density functional theory calculations support the notion that the central B≡N unit exhibits triple bond character. Preliminary reactivity indicates that this compound does not react analogously to structurally similar iminoboranes as evidenced by the thermal extrusion of the central boron and nitrogen atoms.",crossref,0
Human brain organoids record the passage of time over multiple years,https://www.nature.com/articles/s41586-026-10877-x,Nature,2026-08-19 00:00:00 UTC,2026-08-19 00:00:00+00:00,10.1038/s41586-026-10877-x,Paola Arlotta,"Human brain organoids were developed for over five years in culture to demonstrate that brain cells can continue to mature and record the passage of time, following human-specific endogenous programs, even outside the context of the organism.",rss_nature,0
Intramolecular Hydrogen Bond-Stabilized Redox Mediator for Oxygen-Resistant Electrochemical CO2 Capture from Ambient Air,https://pubs.acs.org/aelccp/article/doi/10.1021/acsenergylett.6c02057/5275950/Intramolecular-Hydrogen-Bond-Stabilized-Redox,ACS Energy Letters: Latest Articles (ACS Publications),2026-08-19 00:00:00 UTC,2026-08-19 00:00:00+00:00,10.1021/acsenergylett.6c02057,Peng Kang,"Abstract Electrochemically induced direct air capture (DAC) has emerged as a compelling strategy for mitigating anthropogenic CO2 emissions. However, a critical bottleneck remains the O2 sensitivity of redox-active molecules, which directly degrades both capture efficiency and energy economy. Herein, we report a hybrid flow cell based on the proton-coupled electron transfer (PCET) of tribenzo[a,c,i]phenazine-10,15-dione (TBPDO) that drives pH-swing DAC. The O2 tolerance is enhanced by inducing intramolecular hydrogen bonds in the reduction product (r-TBPDOH2), which kinetically suppress O2 attack by lowering the local electron density at the oxygen center via intramolecular O–H···N═C interactions and extended π-conjugation, as confirmed by density functional theory (DFT) calculations. Consequently, this carbon capture system achieves a release/capture efficiency of 92%, a Coulombic efficiency of 81%, and an energy consumption of 149 kJ mol–1CO2. This work establishes intramolecular hydrogen bonding as a kinetic protection strategy against parasitic O2 oxidation, offering a molecular design principle transferable to other PCET-based electrochemical systems.",crossref,0
Thermal justice in urban climate change adaptation,https://www.nature.com/articles/s41558-026-02727-5,Nature Climate Change,2026-08-19 00:00:00 UTC,2026-08-19 00:00:00+00:00,10.1038/s41558-026-02727-5,J. P. Leitão,"Extreme heat events are increasing, and urban adaptation is urgently needed for humans and non-humans to function safely under heat. Here we present a thermal justice framework and highlight how its use facilitates equitable adaptation and minimizes heat-risk displacement.",rss_nature,0
Bringing justice to informal adaptation to heat stress,https://www.nature.com/articles/s41558-026-02728-4,Nature Climate Change,2026-08-19 00:00:00 UTC,2026-08-19 00:00:00+00:00,10.1038/s41558-026-02728-4,Ajay Bailey,"Informal adaptation can augment or replace formal adaptation with flexible and responsive actions, yet it can also reproduce and intensify existing injustices. We propose justice-oriented co-creation between informal and formal actions as a pathway for effective heat adaptation.",rss_nature,0
A climate impact taxonomy operationalizing IPCC physical driver and risk concepts,https://www.nature.com/articles/s41558-026-02717-7,Nature Climate Change,2026-08-19 00:00:00 UTC,2026-08-19 00:00:00+00:00,10.1038/s41558-026-02717-7,Alexander Nauels,Adaptation to climate risks requires integrating knowledge across IPCC working groups. This study presents a climate impact taxonomy that connects climatic impact-drivers from Working Group I to representative key risks from Working Group II and provides more direct guidance for risk assessment and adaptation strategies.,rss_nature,0
Reticular chemistry mimics enzyme pockets,https://www.nature.com/articles/s41563-026-02716-1,Nature Materials,2026-08-19 00:00:00 UTC,2026-08-19 00:00:00+00:00,10.1038/s41563-026-02716-1,Wendy L. Queen,"Two metal–organic frameworks, built from the same node and differing only in the twist of their tritopic linker, reorient metal sites while leaving chemistry, porosity and topology unchanged, showing that confinement can be programmed by design: the more confined framework captures nearly four times as much CO2 from air.",rss_nature,0
From equilibrium to ultrafast antiferromagnetism,https://www.nature.com/articles/s41563-026-02686-4,Nature Materials,2026-08-19 00:00:00 UTC,2026-08-19 00:00:00+00:00,10.1038/s41563-026-02686-4,Dmytro Afanasiev,"This Review presents a symmetry-based classification of antiferromagnetism and discusses the progress and challenges in detecting, exciting and probing the dynamics of antiferromagnets.",rss_nature,0
Correction to “Light-Induced Selective Hydrogenation over PdAg Nanocages in Hollow MOF Microenvironment”,https://pubs.acs.org/jacsat/article/doi/10.1021/jacs.6c15648/5275840/Correction-to-Light-Induced-Selective,Journal of the American Chemical Society: Latest Articles (ACS Publications),2026-08-19 00:00:00 UTC,2026-08-19 00:00:00+00:00,10.1021/jacs.6c15648,Hai-Long Jiang,,,0
Too much mate choice overwhelms frogs,https://www.nature.com/articles/d41586-026-02554-w,Nature,2026-08-19 00:00:00 UTC,2026-08-19 00:00:00+00:00,10.1038/d41586-026-02554-w,,Female treefrogs select less carefully when hearing a chorus of males.,nature_html,0
Evidence for vacuum-enhanced superconductivity in NbSe2,https://www.nature.com/articles/s41586-026-11037-x,Nature,2026-08-19 00:00:00 UTC,2026-08-19 00:00:00+00:00,10.1038/s41586-026-11037-x,Changgan Zeng,"Vacuum fluctuations provide an important new way to control material properties noninvasively1-6. Here, we present experimental evidence that they can enhance superconductivity. NbSe2 is a layered transition-metal dichalcogenide with well-characterized superconducting behavior, providing a clear platform to reveal this effect. We have observed an increase in the critical temperature of superconducting NbSe2 when it is embedded in a split-ring cavity resonator. Near the transition temperature, the critical current and critical field increase dramatically. Our observations are consistent with theoretical calculations showing that hybridization between electronic degrees of freedom and fluctuating cavity modes lowers the energy of the superconducting state. By providing a proof-of-principle demonstration of superconductivity enhancement via vacuum fluctuations, our work establishes a noninvasive technique for controlling the mainstay of quantum technology.",nature_html,0
Asymmetric prefrontal representations for leader–follower dynamics,https://www.nature.com/articles/s41586-026-10900-1,Nature,2026-08-19 00:00:00 UTC,2026-08-19 00:00:00+00:00,10.1038/s41586-026-10900-1,Herbert Zheng Wu,"Mice spontaneously form leader and follower roles during cooperation, and the medial prefrontal cortex encodes these role dynamics and an egocentric social value map of the partner’s position.",rss_nature,0
Family genetic designs in MoBa provide insights into health and functioning,https://www.nature.com/articles/s41586-026-10926-5,Nature,2026-08-19 00:00:00 UTC,2026-08-19 00:00:00+00:00,10.1038/s41586-026-10926-5,Alexandra Karoline Havdahl,"Abstract
                  
                    Genome-wide association studies using large, population-based samples of unrelated individuals have discovered thousands of genetic associations with health and disease
                    1
                    . These studies can help explain genetic and environmental risks. However, increasing evidence suggests that population-based estimates, while precise, can also reflect confounding that affects their use and interpretation. This confounding can be overcome using data from genotyped family members, such as nuclear mother–father–child trios
                    2,3
                    . However, samples of genotyped families are rare
                    4–11
                    . Here we illustrate some of the advantages of familial data using the Norwegian Mother, Father and Child Cohort Study (MoBa), a population-based cohort of parents and offspring with extensive genotype data (
                    n
                    ≈
                    230,000) (ref. 
                    3
                    ), along with broad and longitudinal phenotyping of health and functioning. We provide an overview of MoBa and describe the quality control of genotype data tailored to this extensively related sample. We then use trio data to illustrate how family-based genomic designs can identify distinct direct and indirect sources of genetic influence and structural confounding. As examples, we analyse children’s height, educational achievement, depressive symptoms and sleep duration. These demonstrations highlight MoBa as a broadly valuable resource for advancing understanding of health and functioning across the lifecourse and generations.",crossref,0
Increasing CO2 levels fertilize C4 grass production,https://www.nature.com/articles/s41586-026-10935-4,Nature,2026-08-19 00:00:00 UTC,2026-08-19 00:00:00+00:00,10.1038/s41586-026-10935-4,Colin P. Osborne,"Abstract
                  
                    Rising atmospheric CO
                    2
                    concentrations are impacting the global terrestrial biosphere through indirect climate effects and direct effects on plant performance
                    1–3
                    . In tropical forests, long-term monitoring indicates a substantial CO
                    2
                    -driven carbon sink
                    4
                    . C
                    4
                    -grass-dominated tropical and subtropical savannas contribute approximately 30% of terrestrial net primary production
                    5
                    , and yet equivalent long-term analyses of CO
                    2
                    responses are lacking. Here we show a clear and consistent result across a meta-analysis of 70 CO
                    2
                    -addition experiments and 32 years of in situ field observations from southern Africa: CO
                    2
                    fertilization of wild C
                    4
                    grasses is widespread in dry conditions. In experiments, grasses reduced stomatal conductance under higher levels of CO
                    2
                    , limiting water loss while increasing carbon gain. In the field, improved water use efficiency translated into increased C
                    4
                    grass biomass production across three decades of observations. Finally, simulations via the Community Land Model
                    6
                    suggest that CO
                    2
                    fertilization of C
                    4
                    grass aboveground productivity may continue to increase under future conditions. Together, these results challenge the view that C
                    4
                    grasses are unresponsive to increasing levels of CO
                    2
                    , demonstrating instead that annual aboveground production of grasses in the field in southern Africa has increased by 28% over three decades (a CO
                    2
                    -driven increase of 75.1 g m
                    −2
                    (95% confidence interval of 74.5–75.8 g m
                    −2
                    ) or 0.37 tons C ha
                    −1
                    of annual production). Although the fate of this carbon is uncertain (depending on feedbacks with fire, herbivory and woody vegetation), effects on the global carbon cycle may be profound.",crossref,0
Atomic-scale double-slit interferometry with a focused electron probe,https://www.nature.com/articles/s41586-026-10914-9,Nature,2026-08-19 00:00:00 UTC,2026-08-19 00:00:00+00:00,10.1038/s41586-026-10914-9,Naoya Shibata,Double-slit interferometry at the atomic scale is demonstrated using scanning transmission electron microscopy to provide evidence of interference fringes generated with a focused electron beam encountering two silicon atomic columns separated by 1.36 Å.,rss_nature,0
A global atmospheric methane record from a tropical ice core,https://www.nature.com/articles/s41586-026-10938-1,Nature,2026-08-19 00:00:00 UTC,2026-08-19 00:00:00+00:00,10.1038/s41586-026-10938-1,Edward J. Brook,"Abstract
                  
                    Tropical wetlands are widely considered the largest natural source of atmospheric methane (CH
                    4
                    )
                    1–4
                    . However, uncertainties about wetland extent and CH
                    4
                    production have led to large variations in modelled CH
                    4
                    emission trends
                    2,3
                    . Most historical reconstructions rely on data from polar ice cores, which cannot fully resolve the tropical contribution
                    5,6
                    to the CH
                    4
                    budget. Here we present a 2,000-year record of atmospheric CH
                    4
                    concentrations from ice cores drilled from the South Peak summit of Nevado Huascarán (Summit Core A, SCA; −9.122° S, −77.605° W; 6,768 m asl). We find that the trends and magnitudes of our CH
                    4
                    record are broadly consistent with polar records
                    7
                    . Our
                    δ
                    13
                    C-CH
                    4
                    measurements (from approximately 1530 CE to 1999 CE) align with isotope values
                    8
                    consistent with a dominant tropical CH
                    4
                    source. Integration of our record into an atmospheric four-box model suggests a sustained equatorial dominance of CH
                    4
                    source strength over the past two millennia. Our findings indicate that equatorial CH
                    4
                    emissions are higher than previous estimates based only on polar ice core data, supporting the long-standing hypothesis that low-latitude CH
                    4
                    emissions dominated pre-industrial (PI) CH
                    4
                    variability
                    5,6
                    . These results demonstrate the importance of tropical ice cores on the reconstruction of CH
                    4
                    variability and latitudinal distribution.",crossref,0
Observation of conformal field theory spectra in a quantum simulator,https://www.nature.com/articles/s41586-026-10904-x,Nature,2026-08-19 00:00:00 UTC,2026-08-19 00:00:00+00:00,10.1038/s41586-026-10904-x,Manuel Endres,Measurements on an array of optically trapped neutral atoms at a quantum phase transition provide a direct observation of the universal excitation spectrum predicted by conformal field theory.,rss_nature,0
Functional role of skull lymphoid structures in CNS immunosurveillance,https://www.nature.com/articles/s41586-026-10951-4,Nature,2026-08-19 00:00:00 UTC,2026-08-19 00:00:00+00:00,10.1038/s41586-026-10951-4,Jonathan Kipnis,"Abstract
                  
                    Accumulating evidence demonstrates that the central nervous system (CNS) is not disconnected from the peripheral immune system; however, precisely how the adaptive immune system surveils the CNS remains a critical question. Recent findings reveal that channels between the skull and the dura mater facilitate the exchange of cerebrospinal fluid and immune cells between the CNS and skull bone marrow of mice under both homeostatic and disease conditions
                    1–6
                    . Skull bone marrow functions as a source of immune cells for the CNS
                    5
                    , yet its role in CNS antigen-specific adaptive immune responses remains unclear. Here we identify lymphoid structures within the skull bone marrow, featuring germinal-centre-like formations and containing a distinct population of follicular-helper-like T cells that promote B cell activation and humoral immunity through CD40L, IL-21 and IFNγ signalling. Adaptive immune cells within these skull bone marrow lymphoid structures surveil and respond to CNS-derived antigens and contribute to anti-tumour immune responses in mouse brain cancer models. Together, our findings show that the skull bone marrow is a site of CNS immunosurveillance that may influence immune responses across diverse neurological diseases.",crossref,0
Artefacts in single-cell mtDNA analyses misinform phylogenies,https://www.nature.com/articles/s41586-026-10777-0,Nature,2026-08-19 00:00:00 UTC,2026-08-19 00:00:00+00:00,10.1038/s41586-026-10777-0,Leif S. Ludwig,,,0
Reply to: Artefacts in single-cell mtDNA analyses misinform phylogenies,https://www.nature.com/articles/s41586-026-10776-1,Nature,2026-08-19 00:00:00 UTC,2026-08-19 00:00:00+00:00,10.1038/s41586-026-10776-1,Vijay G. Sankaran,,,0
A black hole's spin could finally be measured by a high-speed star,https://www.nature.com/articles/d41586-026-02607-0,Nature,2026-08-19 00:00:00 UTC,2026-08-19 00:00:00+00:00,10.1038/d41586-026-02607-0,Nick Petrić Howe,"Star orbiting close to Sagittarius A* could reveal its spin — plus, how exoskeletons might change the way humans move.",rss_nature,0
Wake-activated neuronal populations that regulate sleep drive,https://www.nature.com/articles/s41586-026-10928-3,Nature,2026-08-19 00:00:00 UTC,2026-08-19 00:00:00+00:00,10.1038/s41586-026-10928-3,Alexander F. Schier,"Abstract
                  
                    Prolonged wakefulness increases sleep drive and is normally compensated for by increased sleep
                    1–3
                    . This homeostatic regulation of sleep shapes our lives profoundly, but the underlying neural circuit mechanisms remain poorly understood. Here, we identify wake-activated neurons that regulate sleep drive in mice, using whole-brain activity mapping, targeted neuronal manipulations and electrophysiology. By comparing whole-brain responses to sleep deprivation, recovery sleep and circadian behaviour, we identify the anterior medial preoptic area and the median raphe as candidate regions that encode sleep deficit. Activating sleep-deprivation-responsive cells in these regions induces increases in sleep duration and intensity that resemble recovery sleep. Conversely, inhibiting deprivation-responsive cells reduces sleep and abolishes the increased sleep propensity usually observed during deprivation. Neurons in the median raphe that are responsive to sleep deprivation project to subcortical sleep-associated regions and act through the preoptic hypothalamus. These deprivation-sensitive cells include serotonergic neurons and a distinct population of GABAergic neurons, whose intrinsic excitability increases during sleep deprivation. Co-activation of GABAergic and serotonergic neurons synergistically promotes sleep, whereas co-inhibition chronically decreases sleep by nearly 70%. Remarkably, most mice survive despite this marked reduction in sleep, without the compensatory increases in sleep drive or the behavioural deficits typically associated with severe sleep deprivation. Together, these results define neuronal populations that are activated during wakefulness and are crucial for sleep drive.",crossref,0
Turning Unpredictable Biomolecule Adsorption to Controlled Corona Formation: Focus on Carbon Nanomaterials (Adv. Mater. 46/2026),https://advanced.onlinelibrary.wiley.com/doi/10.1002/adma.74555?af=R,Wiley: Advanced Materials: Table of Contents,2026-08-19 02:51:35 UTC,2026-08-19 02:51:35+00:00,10.1002/adma.74555,Alberto Bianco,,,0
Antioxidant Proline Carbon Dot‐Composited Poly(L‐methionine) Hydrogel Restores Mitophagy to Alleviate Cellular Senescence in Intervertebral Disc Degeneration (Adv. Mater. 46/2026),https://advanced.onlinelibrary.wiley.com/doi/10.1002/adma.74557?af=R,Wiley: Advanced Materials: Table of Contents,2026-08-19 02:51:35 UTC,2026-08-19 02:51:35+00:00,10.1002/adma.74557,Jianxun Ding,,,0
Laplace‐Pressure‐Stabilized Rutile Solid‐Solution Catalysts for Acidic Water Oxidation: Enabling DSA‐Inspired Compositions (Adv. Mater. 46/2026),https://advanced.onlinelibrary.wiley.com/doi/10.1002/adma.74554?af=R,Wiley: Advanced Materials: Table of Contents,2026-08-19 02:51:35 UTC,2026-08-19 02:51:35+00:00,10.1002/adma.74554,Sung‐Yoon Chung,,,0
NiMo Dual‐Atom Dimers on Pd Nanosheets for Selective C─H and C─C Bond Cleavage of Ethylene Glycol From Waste Plastics (Adv. Mater. 46/2026),https://advanced.onlinelibrary.wiley.com/doi/10.1002/adma.74556?af=R,Wiley: Advanced Materials: Table of Contents,2026-08-19 02:51:35 UTC,2026-08-19 02:51:35+00:00,10.1002/adma.74556,Myong Yong Choi,,,0
Understanding the Electrolyte‐Hard Carbon Interphase Synergy in Sodium‐Ion Batteries: From Mechanistic Insights to Design Strategies,https://advanced.onlinelibrary.wiley.com/doi/10.1002/aenm.71425?af=R,Wiley: Advanced Energy Materials: Table of Contents,2026-08-19 06:27:14 UTC,2026-08-19 06:27:14+00:00,10.1002/aenm.71425,Xingqiao Wu,"ABSTRACT
                  
                    Hard carbon is the most practical anode for sodium‐ion batteries, yet its deployment is hindered by an unstable, non‐uniform solid electrolyte interphase (SEI) that causes irreversible Na loss, high interfacial resistance, and capacity fading. This review discusses SEI formation as a dynamic coupling between electrolyte chemistry and the local carbon interface, and discuss the interactions of solvation structure, anion chemistry, concentration, and additives with hard carbon surface groups, dopants, pores, and defects to govern SEI properties. Based on this understanding, we propose a perspective framework for electrolyte‐hard carbon interphase synergy, which includes four coupled design directions: (i) solvation‐pore coupling to balance desolvation, pore accessibility, and confined sodium storage; (ii) surface‐ and additive‐guided electrolyte decomposition to regulate SEI composition; (iii) pore‐defect‐electrolyte regulation to enable selective Na
                    +
                    transport while suppressing intrapore SEI growth; (iv) constructing chemically and mechanically robust interphases through inorganic‐organic hybrid architectures. A key gap remains the missing in
                    operando
                    link between interfacial electric fields and SEI evolution, hindering rational design of self‐limiting passivation. We outline future directions toward chemically robust, ultrathin, and ionically conductive interphases for high‐performance sodium‐ion batteries.",crossref,0
Timescale‐Decoupled Polarization Kinetics Guide the Design of Polarization‐Resistant Cathode Hosts for Zinc–Iodine Batteries,https://advanced.onlinelibrary.wiley.com/doi/10.1002/aenm.71468?af=R,Wiley: Advanced Energy Materials: Table of Contents,2026-08-19 06:28:05 UTC,2026-08-19 06:28:05+00:00,10.1002/aenm.71468,Haibo Hu,"ABSTRACT
                  
                    Severe voltage polarization limits the deployment of zinc–iodine batteries by collapsing energy/power output under high iodine loadings (&gt; 10 mg cm
                    −2
                    ) and current densities (&gt; 3 A g
                    −1
                    ). Yet its origins remain unresolved because ohmic, charge‐transfer, and mass‐transport losses evolve concurrently during operation. Here we establish a timescale‐decoupled polarization framework that quantitatively differentiates these overlapping voltage losses in operando and links them to electrode design principles. The analysis reveals that concentration‐polarization dominates under practical high‐loading and high‐rate conditions. Guided by this insight, we design a polarization‐resistant cathode host consisting of Fe single atoms anchored on porous graphene (Fe@PG). The architecture integrates a conductive graphitic framework for rapid electron transport, atomically dispersed Fe–N
                    4
                    sites for accelerated I
                    −
                    /I
                    3
                    −
                    redox conversion, and hierarchical pores with strong iodine affinity for efficient mass transport and species confinement, thereby concurrently suppressing ohmic, activation, and concentration polarization. At an iodine loading of 14.1 mg cm
                    −2
                    , the I
                    2
                    /Fe@PG‖Zn cell delivers a low polarization loss of 0.43 V at 70.5 mA cm
                    −2
                    (5 A g
                    −1
                    ), 29.5% lower than the control, together with energy/power densities of 214.1 Wh kg
                    −1
                    /1761.4 W kg
                    −1
                    , and 82.0% capacity retention after 3000 cycles. This work provides a generalizable strategy for decoding and regulating polarization kinetics in conversion‐type Zn–halide batteries.",crossref,0
Selenocyanate Driven Organic Cations Homogenization in Wide‐Bandgap Perovskite,https://advanced.onlinelibrary.wiley.com/doi/10.1002/aenm.71462?af=R,Wiley: Advanced Energy Materials: Table of Contents,2026-08-19 06:28:16 UTC,2026-08-19 06:28:16+00:00,10.1002/aenm.71462,Wallace C. H. Choy,"ABSTRACT
                  
                    Achieving both high efficiency and long‐term stability in wide‐bandgap formamidinium ((FA
                    +
                    )‐based perovskite solar cells remains challenging. This difficulty primarily arises from FA
                    +
                    vacancy formation and halide ion migration, which induce ionic disorder and structural degradation. These coupled instabilities compromise lattice integrity, disrupt carrier dynamics, and accelerate device decay. Here, we introduce selenocyanate (SeCN
                    −
                    ) pseudohalide anions into wide bandgap (1.66 eV) FA‐based perovskites to simultaneously stabilize the lattice and suppress ion migration. Leveraging its lattice compatibility and robust hydrogen bonding with FA
                    +
                    , the formation energy of FA
                    +
                    vacancies is raised, thereby increasing the migration barrier for I
                    −
                    , thereby mitigating ionic heterogeneity. Consequently, SeCN
                    −
                    ‐doped films exhibit uniform FA distributions both laterally and vertically, reduced defect densities, and a more robust lattice network. These microscopic improvements translate into substantial device‐level benefits: single‐junction wide‐bandgap solar cells deliver efficiencies exceeding 24%, while monolithic perovskite/silicon tandem devices achieve over 32% efficiency and retain more than 90% of their initial performance after 1000 h of continuous operation. This work establishes anion‐site engineering with pseudohalides as a promising strategy to homogenize cation distributions, stabilize lattice structures, and suppress ion migration.",crossref,0
Separating Hydrogen Evolution From Electroplating in Zn Metal Batteries Using Scanning Electrochemical Microscopy,https://advanced.onlinelibrary.wiley.com/doi/10.1002/aenm.71398?af=R,Wiley: Advanced Energy Materials: Table of Contents,2026-08-19 06:29:29 UTC,2026-08-19 06:29:29+00:00,10.1002/aenm.71398,Svetlana Menkin,"ABSTRACT
                  The performance of Zn metal batteries is limited by the parasitic hydrogen evolution reaction (HER), which occurs at potentials similar to Zn plating. The HER contributes to losses in coulombic efficiency and causes passivation via local pH changes, resulting in by‐product formation on the electrode surface. Understanding these processes is essential for controlling Zn morphology and improving the lifetime and safety of ZMBs. This work uses scanning electrochemical microscopy (SECM) to quantify hydrogen evolution by monitoring the hydrogen oxidation reaction at an ultramicroelectrode during electrode cycling. We demonstrate, across a series of battery‐relevant electrolytes, that hydrogen evolution decreases upon cycling because of changes in Zn crystallinity and by‐product formation, as supported by in‐situ Raman spectroscopy and X‐ray diffraction. Using the generation and collection modes of SECM, we quantify the contribution of HER to charge passed during Zn electroplating and show that, under the present conditions, it is orders of magnitude smaller than irreversible charge losses inferred from Coulombic efficiency measurements. These findings establish SECM as a powerful operando method for decoupling HER from other degradation pathways in aqueous Zn electrolytes.",crossref,0
Wide‐Stable Dynamics Enabling Ultra‐High Power Density in Compact Magneto‐Mechano‐Electric Energy Harvesters for Self‐Powered Smart Grid Monitoring,https://advanced.onlinelibrary.wiley.com/doi/10.1002/aenm.71352?af=R,Wiley: Advanced Energy Materials: Table of Contents,2026-08-19 06:47:47 UTC,2026-08-19 06:47:47+00:00,10.1002/aenm.71352,Ming Liu,"ABSTRACT
                  
                    Cantilever‐structured magneto‐mechano‐electric energy harvesters (MME‐EHs) are considered as one of promising candidates for powering Internet of Things (IoT) devices by capturing ambient magnetic fields. However, conventional MME‐EHs with volumes comparable to button cell batteries (≤1 cm
                    3
                    ) face a critical challenge in overcoming the output power density bottleneck to meet advancing IoT demands under weak excitations. In this work, we overcome this limitation by proposing a wide‐stable energy harvesting strategy. Unlike conventional bistable systems that struggle to sustain high‐energy interwell oscillations under weak excitations, or monostable systems restricted by steep potential wells, our design leverages nonlinear dynamics to engineer a broadened and flattened potential well that facilitates large‐amplitude intrawell motion even under weak fields. This strategy significantly enhances magneto‐mechanical coupling efficiency, enabling a compact MME‐EH (effective volume 0.968 cm
                    3
                    ) to generate 0.89 mW output power under a weak magnetic field of 1 Oe at 50 Hz, representing an 89% enhancement over the original MME‐EH. The output power density reaches 0.92 mW cm
                    −3
                    Oe
                    −2
                    , revealing a 26% improvement compared to state‐of‐the‐art performance. Its potential for practical application is validated via a self‐powered wireless sensor network (WSN) for grid monitoring and fire alarms, paving the way for maintenance‐free, wide‐area distributed WSNs.",crossref,0
USP14 competitively binds to FBXW7 to stabilize MTDH and promotes metastasis and drug resistance of head and neck squamous cell carcinoma,https://www.pnas.org/doi/abs/10.1073/pnas.2504068123?mi=eymic2&af=R&access=on&content=articlesChapters&publication=pnas&sortBy=Earliest&target=default,Proceedings of the National Academy of Sciences: Keyword search for query,2026-08-19 07:00:00 UTC,2026-08-19 07:00:00+00:00,10.1073/pnas.2504068123,Yong Liu,"The development of metastasis marks an aggressive stage of head and neck squamous cell carcinoma (HNSCC) and is closely linked to unfavorable survival outcomes. While metadherin (MTDH) drives tumorigenesis, metastasis, and chemoresistance in HNSCC, its dysregulation mechanisms remain unclear. Here, we identify USP14 as a specific deubiquitinase that stabilizes MTDH. USP14-dependent deubiquitination of MTDH activates NF-κB signaling, which drives epithelial–mesenchymal transition and supports cancer stem cells maintenance, ultimately strengthening HNSCC metastasis and chemoresistance. Mechanistically, we uncovered a competitive interaction: USP14 competes with the ubiquitin ligase FBXW7 for MTDH binding, preventing FBXW7-mediated degradation. Consequently, USP14 inhibition significantly mitigates aggressive phenotypes, an effect reversed by MTDH reintroduction. Clinical analysis confirms that MTDH and USP14 are overexpressed and positively correlated in metastatic HNSCC tissues. In conclusion, our study reveals a regulatory axis where USP14 competitively counteracts FBXW7 to stabilize MTDH, driving HNSCC progression. These findings provide preclinical evidence that targeting USP14 is a promising therapeutic strategy to overcome metastasis and chemoresistance in HNSCC.",crossref,0
A human pluripotent stem cell triculture platform to elucidate microglial regulation of retinal ganglion cells in neuroinflammation,https://www.pnas.org/doi/abs/10.1073/pnas.2522958123?mi=eymic2&af=R&access=on&content=articlesChapters&publication=pnas&sortBy=Earliest&target=default,Proceedings of the National Academy of Sciences: Keyword search for query,2026-08-19 07:00:00 UTC,2026-08-19 07:00:00+00:00,10.1073/pnas.2522958123,Jason S. Meyer,"Optic neuropathies, including glaucoma, are characterized by the progressive degeneration of retinal ganglion cells (RGCs), ultimately leading to irreversible vision loss. Increasing evidence implicates microglia, the resident immune cells of the central nervous system, as key modulators of RGC health and disease progression. However, the precise mechanisms by which microglia influence RGCs remain poorly understood, particularly in the human context. In this study, we established human pluripotent stem cell-derived coculture systems incorporating microglia, astrocytes, and RGCs to explore how microglia shape RGC growth and maturation under physiological conditions. We first examined the impact of homeostatic microglia on RGCs in both coculture and triculture systems, revealing distinct influences of cell types in coculture compared to when they were grown individually. We then modeled inflammatory states by activating microglia with lipopolysaccharide and evaluated their effects on RGCs both directly and in the context of astrocyte coculture. This stepwise, reductionist approach enabled us to dissect the cellular interactions driving RGC vulnerability in inflammatory conditions relevant to optic neuropathies. Our findings provide insight into the complex neuroimmune landscape that underlies RGC degeneration and identify key pathways that may serve as therapeutic targets across a range of optic nerve diseases.",crossref,0
Heme-binding protein CYB5D1 couples intraflagellar redox to calcium signaling for coordinated flagellar beating,https://www.pnas.org/doi/abs/10.1073/pnas.2535939123?mi=eymic2&af=R&access=on&content=articlesChapters&publication=pnas&sortBy=Earliest&target=default,Proceedings of the National Academy of Sciences: Keyword search for query,2026-08-19 07:00:00 UTC,2026-08-19 07:00:00+00:00,10.1073/pnas.2535939123,Kaiyao Huang,"Coordinated ciliary/flagellar beating requires precise spatiotemporal regulation of molecular motors such as dyneins, yet the molecular mechanisms governing ciliary synchrony remain poorly understood. Here, we demonstrate that a heme-binding axonemal protein CYB5D1 functions as a redox-sensitive switch that controls flagellar beating coordination by regulating Ca
                    2+
                    dynamics. Both the D58G point mutation, which abolishes heme-binding activity, and the complete loss of CYB5D1 lead to a reduction in the flagellar redox potential. More importantly, the hyperreductive intraflagellar redox shift in the
                    cyb5d1
                    mutant increases
                    cis
                    -flagellar Ca
                    2+
                    spike frequency and amplitude, similar to reductive treatment of wild-type flagella, resulting in the loss of flagellar beating coordination. Interestingly, oxidative treatments induced synchronized Ca
                    2+
                    spikes across both
                    cis
                    - and
                    trans
                    -flagella of
                    cyb5d1
                    and increased flagellar beating coordination. In addition, loss of CYB5D1 raised the intraflagellar Ca
                    2+
                    pool. These results indicate that CYB5D1 links redox sensing to Ca
                    2+
                    signaling in ciliary coordination and reveal how the two flagella of the same cell achieve synchronized beating through redox-gated Ca
                    2+
                    dynamics. Furthermore, CYB5D1 loss impairs gliding motility by dysregulating Ca
                    2+
                    spiking specifically in the leading flagellum, extending the redox-Ca
                    2+
                    regulatory axis to surface-associated flagellar behaviors. Given the evolutionary conservation of both CYB5D1 and the redox-Ca
                    2+
                    signaling axis, this mechanism likely regulates ciliary function across eukaryotes, with implications for understanding ciliopathies and respiratory diseases.",crossref,0
The dual-function enzyme PpLipO protects polar marine bacteria from phospholipid peroxidation,https://www.pnas.org/doi/abs/10.1073/pnas.2527470123?mi=eymic2&af=R&access=on&content=articlesChapters&publication=pnas&sortBy=Earliest&target=default,Proceedings of the National Academy of Sciences: Keyword search for query,2026-08-19 07:00:00 UTC,2026-08-19 07:00:00+00:00,10.1073/pnas.2527470123,Ping-Yi Li,"Membrane phospholipid peroxidation is a deleterious process in which reactive oxygen species (ROS) attack unsaturated fatty acids embedded in cell membranes, generating phospholipid hydroperoxides and triggering structural damage that can ultimately lead to cell death. While mammalian strategies to mitigate peroxidation, primarily through the combined activities of phospholipase A
                    2
                    (PLA
                    2
                    ) and subsequent reduction of resultant fatty acid hydroperoxides with glutathione peroxidases/peroxiredoxins have been well characterized for more than two decades, mechanisms by which prokaryotes contend with this oxidative challenge remain poorly understood. Here, we report a phospholipid hydroperoxide elimination strategy mediated by the bifunctional enzyme
                    Pp
                    LipO from the Antarctic sea-ice bacterium
                    Pseudoalteromonas prydzensis
                    . This enzyme comprises an N-terminal lipase domain and a C-terminal lipoyl peroxidase domain. Through synergistic action of these domains,
                    Pp
                    LipO first hydrolyzes ROS-induced phospholipid hydroperoxides into fatty acid hydroperoxides via its lipase domain, then catalyzes their reduction to hydroxy fatty acids via the peroxidase domain. Comprehensive phylogenetic and structural analyses of the C-terminal peroxidase domain revealed its unique position within a distinct clade of the Ohr/OsmC family, known for their roles in organic hydroperoxide detoxification. Functional studies of
                    Pp
                    LipO homologs in other marine bacteria, combined with metagenomic surveys, suggest that this strategy is widespread in global oceans, particular among polar marine bacteria. Altogether, our findings identify a prokaryotic phospholipid peroxidation repair mechanism that parallels the mammalian PLA
                    2
                    - peroxidase system, expanding our understanding of oxidative stress response across domains of life.",crossref,0
High-resolution mapping of osteoblast metabolism and bone matrix turnover in vivo,https://www.pnas.org/doi/abs/10.1073/pnas.2533109123?mi=eymic2&af=R&access=on&content=articlesChapters&publication=pnas&sortBy=Earliest&target=default,Proceedings of the National Academy of Sciences: Keyword search for query,2026-08-19 07:00:00 UTC,2026-08-19 07:00:00+00:00,10.1073/pnas.2533109123,Haibo Jiang,"Understanding how osteoblasts build and remodel bone matrix in vivo remains a fundamental challenge because cellular metabolism and matrix turnover are difficult to resolve across time and space within mineralized tissues. Here, we developed an integrated imaging platform combining stable isotope labeling with correlative electron microscopy and nanoscale secondary ion mass spectrometry (NanoSIMS) to visualize bone cell metabolism and matrix dynamics at nanometer resolution in vivo. This approach revealed rapid incorporation of dietary amino acids into osteoblast subcellular compartments within minutes of oral administration, followed by deposition of newly labeled extracellular matrix within hours. By linking elemental composition, isotope incorporation, and ultrastructure, we further show that cellular phosphorus signal is associated with early osteoblast amino acid incorporation. Multiday labeling revealed that newly deposited matrix is spatially associated with local osteocyte process architecture. Long-term amino acid tracing uncovered localized matrix turnover at osteocyte and osteoclast interfaces, including osteocyte-associated pericellular matrix remodeling and osteoclast association with newly formed, old, and mixed matrix regions. Finally, aging was associated with reduced osteoblast amino acid incorporation, diminished matrix deposition, and impaired osteocyte process-associated activity. Together, this work establishes a high-resolution platform for linking bone cell metabolism with matrix deposition and turnover in vivo, providing a broadly adaptable strategy to investigate skeletal aging, tissue remodeling, and metabolic dysfunction in disease.",crossref,0
Hydrogen-ready infrastructure risks new carbon lock-in,https://www.pnas.org/doi/abs/10.1073/pnas.2601685123?mi=eymic2&af=R&access=on&content=articlesChapters&publication=pnas&sortBy=Earliest&target=default,Proceedings of the National Academy of Sciences: Keyword search for query,2026-08-19 07:00:00 UTC,2026-08-19 07:00:00+00:00,10.1073/pnas.2601685123,Y. Frank Cheng,,,0
Identification of potent inhibitors of JUN N-terminal kinases for treatment of endometriosis and associated pain,https://www.pnas.org/doi/abs/10.1073/pnas.2607561123?mi=eymic2&af=R&access=on&content=articlesChapters&publication=pnas&sortBy=Earliest&target=default,Proceedings of the National Academy of Sciences: Keyword search for query,2026-08-19 07:00:00 UTC,2026-08-19 07:00:00+00:00,10.1073/pnas.2607561123,Diana Monsivais,"Endometriosis, defined as the ectopic growth of endometrial tissue outside of the uterine cavity, is an inflammatory and hormone-dependent disease that causes excruciating pelvic pain, infertility, and significantly decreases quality of life in affected patients. The JUN N-terminal kinases (JNKs) are a leading class of nonhormonal therapeutic targets that have been validated in preclinical models of endometriosis and in a Phase 1/2 clinical trial. Despite their therapeutic potential, JNK inhibitors with increased potency and specificity are needed to address the inflammatory pathology of endometriosis and to prevent disease progression. Leveraging a DNA-encoded chemical library collection of ~4 billion compounds, we identified lead inhibitor CDD-2428 and optimized derivatives, CDD-2728 and CDD-3013, with excellent binding affinity to JNK1-3 (K
                    d
                    = 0.12 to 3.7 nM), enhanced selectivity, metabolic stability, and cellular permeability. Crystallographic and biochemical studies confirmed that CDD-3013 exhibited superior kinase selectivity with improved efficacy compared to existing JNK inhibitors. In primary endometriosis cell models, CDD-2728 and CDD-3013 suppressed JNK-dependent inflammatory signaling, dampening pathways linked to pain, invasion, angiogenesis, and macrophage recruitment. In an endometriosis mouse model, both CDD-2728 and CDD-3013 reduced endometriotic lesion size, macrophage infiltration, and cellular proliferation, showing in vivo efficacy. When tested in a lipopolysaccharide-induced hyperalgesia model, CDD-2728 and CDD-3013 decreased markers of induced pain, as measured by changes in a dynamic weight bearing test and Grimace scores. These findings nominate CDD-2728 and CDD-3013 as potent, nonhormonal therapeutic candidates for endometriosis with broad anti-inflammatory and analgesic activity, addressing a critical unmet clinical need.",crossref,0
Repression of ferroptotic cell death mediated antitumor immunity by mitochondrial calcium signaling,https://www.pnas.org/doi/abs/10.1073/pnas.2606216123?mi=eymic2&af=R&access=on&content=articlesChapters&publication=pnas&sortBy=Earliest&target=default,Proceedings of the National Academy of Sciences: Keyword search for query,2026-08-19 07:00:00 UTC,2026-08-19 07:00:00+00:00,10.1073/pnas.2606216123,Haitao Wen,"Ferroptosis is a unique type of programmed cell death caused by excessive lipid peroxidation and represents a vulnerability in certain types of cancer. However, the signaling mechanisms that modulate ferroptosis and its functional consequence on the tumor microenvironment are poorly understood. Here, we demonstrate an inhibitory effect of mitochondrial calcium uniporter (MCU) on ferroptosis during embryogenesis and tumor development. MCU-dependent production of metabolite acetyl-coenzyme A (acetyl-CoA) supports the normal function of glutathione peroxidase 4 (GPX4), a critical gatekeeper of ferroptosis. Mechanistically, acetylation of GPX4 on lysine 90 (K90) prevents the formation of a detrimental salt bridge between K90 and aspartate 23, therefore protecting GPX4 enzymatic activity and avoiding ferroptosis. Deletion of MCU in cancer cells caused a robust antitumor T cell response and significantly blunted tumor growth. Thus, our findings indicate MCU-mediated acetyl-CoA metabolism as a critical anti-ferroptosis mechanism, which can be investigated as potential therapeutic candidate for tumor treatment.",crossref,0
Ultrathin CoO nanosheets enable direct CO2 hydrogenation to acetic acid,https://www.science.org/doi/abs/10.1126/sciadv.aeg1076?af=R,AAAS: Science Advances: Table of Contents,2026-08-19 07:00:00 UTC,2026-08-19 07:00:00+00:00,10.1126/sciadv.aeg1076,Jinlong Gong,"Direct hydrogenation of carbon dioxide (CO
                    2
                    ) to acetic acid, a key commodity chemical, offers a sustainable route to valorize greenhouse gases but is plagued by CO
                    2
                    inertness, thermodynamic barriers, and poor selectivity for C-C coupling over competing overhydrogenation. This paper describes the design and synthesis of ultrathin cobalt(II) oxide nanosheets (&lt;4 nm thick) that achieve direct one-step CO
                    2
                    hydrogenation to acetic acid with over 90% selectivity, minimal C
                    1
                    by-products and the highest reported yield under mild conditions, surpassing traditional multistep routes (such as CO
                    2
                    to CO/methanol followed by carbonylation) in cost, efficiency, and atom economy. These two-dimensional structures feature extended terraces that undergo in situ reconstruction in CO
                    2
                    /H
                    2
                    mixtures to a cobalt(II) carbonate hydroxide–like phase, stabilizing Co
                    2+
                    and generating abundant hydroxyl groups to optimize CO
                    2
                    activation and selective C–C coupling while suppressing over-reduction. In situ characterizations, including electron energy-loss near-edge structure, spatially resolved infrared spectroscopy, and kinetic/isotopic analyses, reveal the reconstructed phase’s role in modulating electron density for superior yields and confirm a formate-coupling mechanism unattainable with conventional catalysts. This study introduces a paradigm for CO
                    2
                    upgrading: harnessing dynamic surface reconstructions and nanoscale morphology to access elusive multicarbon pathways, with implications for sustainable chemical synthesis.",crossref,0
H3.3 chaperone Hira primes the effector program and function of regulatory T cells,https://www.science.org/doi/abs/10.1126/sciadv.aeg2679?af=R,AAAS: Science Advances: Table of Contents,2026-08-19 07:00:00 UTC,2026-08-19 07:00:00+00:00,10.1126/sciadv.aeg2679,Mingzhao Zhu,"Foxp3
                    +
                    regulatory T (Treg) cells need to differentiate into effector Treg (eTreg) cells to maintain immune tolerance and tissue homeostasis. While several transcription factors such as Batf and JunB have been reported to be essential for eTreg differentiation and function, the underlying epigenetic mechanism remains unclear. Here, we show that the histone variant H3.3 is enriched in tissue Tregs compared to splenic Tregs and its chaperone Hira is a critical regulator of Treg effector program. Treg specific-deletion of
                    Hira
                    resulted in reduced eTreg population, impaired suppressive function and multi-organ inflammation in mice. Mechanistically, Hira-dependent H3.3 deposition establishes a permissive epigenetic environment by enhancing chromatin accessibility, facilitating H3K36me3 and preventing H3K27me3 modifications on loci of genes enriched for AP-1 family binding motifs and associated with Treg effector function. Furthermore, overexpression of Batf in
                    Hira
                    -deficient Treg cells largely ameliorates their regulatory defects. Together, our findings reveal a previously unreported epigenetic mechanism critical for Treg effector differentiation and function.",crossref,0
HMOX1 controls a heme-ferritin switch that protects cells from ferroptosis,https://www.science.org/doi/abs/10.1126/sciadv.aeg3424?af=R,AAAS: Science Advances: Table of Contents,2026-08-19 07:00:00 UTC,2026-08-19 07:00:00+00:00,10.1126/sciadv.aeg3424,José Pedro Friedmann Angeli,"Modulating the intracellular labile iron pool (LIP) has emerged as a promising strategy to induce ferroptosis in cancer cells, offering a way to overcome resistance to apoptosis-based therapies. One of the main contributors to LIP is heme catabolism mediated by heme oxygenase-1 (HMOX1), which promotes ferroptosis sensitivity by releasing free iron. Beyond its role as an iron donor, heme can influence diverse proteins and signaling pathways that drive tumor progression, but how heme regulates ferroptosis remains poorly understood. Here, we uncover a paradoxical, protective function of heme in the absence of HMOX1 activity. When HMOX1 is inactive, heme becomes stabilized, leading to ferritin up-regulation, suppression of ferroptosis, and rescue of cell death induced by both pharmacological and genetic inhibition of GPX4. Our findings reveal an unrecognized heme-HMOX1-ferritin axis that controls ferroptosis sensitivity. Targeting this pathway may offer a new therapeutic strategy to modulate ferroptosis in cancer.",crossref,0
Undoing of firing rate adaptation enables invariant population codes,https://www.science.org/doi/abs/10.1126/sciadv.aeg3535?af=R,AAAS: Science Advances: Table of Contents,2026-08-19 07:00:00 UTC,2026-08-19 07:00:00+00:00,10.1126/sciadv.aeg3535,Carlotta Martelli,"Neural adaptation supports coding efficiency by tuning responses to prevailing stimulus statistics. However, when information is represented by populations of neurons, adaptation of individual units could degrade behaviorally relevant signals. Here, we investigate how the fly olfactory system implements adaptation to background odors in olfactory receptor neurons (ORNs) and the consequences for combinatorial coding in downstream circuits. We show that adaptation of ORN firing rate is compensated at the axon terminal, where inhibitory presynaptic feedback supports background-invariant calcium responses to increases (but not decreases) in odor concentration. Computational analyses demonstrate that such invariance requires an adaptation strategy in ORNs that shifts response amplitude rather than sensitivity, diverging from efficient coding principles in single neurons. Downstream, postsynaptic projection neurons also exhibit background-invariant responses through presynaptic plasticity involving Unc13 proteins. Thus, the olfactory circuit restores stable population codes by undoing peripheral firing rate adaptation, enabling an asymmetric contrast representation that preserves stimulus identity across backgrounds.",crossref,0
Ice-sheet dynamics drive glacial-interglacial shifts in North Atlantic seawater neodymium isotopes,https://www.science.org/doi/abs/10.1126/sciadv.aeg5747?af=R,AAAS: Science Advances: Table of Contents,2026-08-19 07:00:00 UTC,2026-08-19 07:00:00+00:00,10.1126/sciadv.aeg5747,Norbert Frank,"Radiogenic neodymium (Nd) isotopic composition (ε
                    Nd
                    ) of seawater is widely used to reconstruct past ocean circulation, assuming quasi-constant end-member signatures throughout the Quaternary. However, the ε
                    Nd
                    signature of Glacial North Atlantic Intermediate Water deviated markedly from its modern value, challenging this assumption, and the driving mechanisms remain debated. Here, we show that the upper Glacial North Atlantic Intermediate Water was consistently more radiogenic (−7.2) than interglacial values (−13.4) over the past 230,000 years and that pronounced glacial-interglacial ε
                    Nd
                    variability closely followed global ice-volume fluctuations (
                    r
                     = 0.80). This variability was primarily reconciled with Icelandic volcanic Nd inputs, modulated by the advance and retreat of the Icelandic Ice Sheet. A forward model reproduces the observed ε
                    Nd
                    evolution and reveals a nonlinear response of Nd export to ice-sheet dynamics, yielding a mean glacial Icelandic Nd input flux of 2.4 × 10
                    8
                    grams per year. Our results highlight the pivotal role of high-latitude ice-sheet systems in regulating North Atlantic seawater chemistry during glacial periods.",crossref,0
Population-level geometric filtering generates motion-coherence selectivity in the retina,https://www.science.org/doi/abs/10.1126/sciadv.aeg7846?af=R,AAAS: Science Advances: Table of Contents,2026-08-19 07:00:00 UTC,2026-08-19 07:00:00+00:00,10.1126/sciadv.aeg7846,Daniel Kerschensteiner,"Object-motion–sensitive (OMS) circuits must ignore self-motion while remaining sensitive to independently moving objects. We show that the mouse retina solves this by geometrically filtering motion coherence. Correlative light and electron microscopy reveal that TH2 amacrine cells (GABAergic Type-2 wide-field amacrine cells in the TH-Cre mouse strain) combine a dense proximal arbor with sparse radiating distal neurites, distributing synapses uniformly across both compartments. Two-photon imaging and compartmental modeling establish that sparse inhibition and voltage-gated sodium channels allow this bipartite arbor to multiplex signals: Proximal dendrites compute locally, whereas distal neurites integrate over hundreds of micrometers. A population model built from this architecture predicts a daisy-shaped inhibitory surround for OMS ganglion cells (W3/Ultra-High-Definition), with a circular near-surround and radially orientation-selective far-surround subunits. Patch-clamp recordings confirmed this organization and revealed that the surround suppresses coherent global motion while preserving object-motion detection, even amid high densities of independently moving objects. Thus, single-cell morphology and dendritic processing scale through plexus geometry to implement motion-coherence selectivity.",crossref,0
Photocatalytic CO2-to-ethanol conversion via multiple enrichment effects in porous liquids,https://www.science.org/doi/abs/10.1126/sciadv.aeg8278?af=R,AAAS: Science Advances: Table of Contents,2026-08-19 07:00:00 UTC,2026-08-19 07:00:00+00:00,10.1126/sciadv.aeg8278,Lin-Bing Sun,"Photocatalytic CO
                    2
                    reduction to multi-carbon products like ethanol remains challenging. We report a porous liquid (PL) system, PL(Cu-Cu
                    2
                    O@NU), driving selective CO
                    2
                    -to-ethanol conversion. It features Cu
                    0
                    /Cu
                    +
                    dual sites in NH
                    2
                    -UiO-66 (NU) hybridized with a methoxypolyethylene glycol-functionalized imidazolium ionic liquid (IL). This system facilitates C-C coupling via a triple enrichment mechanism: IL and NU synergistically enrich CO
                    2
                    , IL enriches electrons at Cu sites, and confined pores enrich intermediates. Consequently, PL(Cu-Cu
                    2
                    O@NU) achieves an 83.3 μmol·g
                    −1
                    ·h
                    −1
                    ethanol yield with 95.2% selectivity, outperforming Cu-Cu
                    2
                    O@NU by 4.7-fold. Control experiments (showing no ethanol over isolated NU, IL, or Cu-Cu
                    2
                    O) directly validate this mechanism. Supplemental computations substantiate these findings: molecular dynamics confirm confined pores reduce *CO diffusion for enrichment, while density functional theory reveals lowered C-C coupling barriers. Furthermore, d-band upshifts enhance CO
                    2
                    -Cu overlap, and Cu
                    0
                    /Cu
                    +
                    sites mediate the critical *CO → *COCO transition. These integrated observations firmly establish PLs as robust confinement-driven platforms for selective CO
                    2
                    -to-C
                    2
                    +
                    conversion.",crossref,0
"Catalyst-free, autoinductive photochemical upcycling of aromatic polymers and mixed plastics via autosensitization",https://www.science.org/doi/abs/10.1126/sciadv.aeg9384?af=R,AAAS: Science Advances: Table of Contents,2026-08-19 07:00:00 UTC,2026-08-19 07:00:00+00:00,10.1126/sciadv.aeg9384,Xiao Xiao,"Photochemical upcycling of polymers is a promising strategy for mitigating the plastic-waste crisis; however, many recent advances have centered on developing costly photocatalysts. In contrast, the auto-sensitized photoreactivity of aromatic polymers such as polystyrene (PS)—albeit documented for decades—has remained unexploited for practical upcycling. Here we leverage this overlooked reactivity to develop a catalyst-free platform that converts PS into benzoic acid under visible light irradiation in air. The approach extends to other aromatic polymers including polyethylene terephthalate (PET), polycarbonate, polyether sulfone (PES), and epoxy resins, as well as biomass feedstocks such as lignin. Mechanistic experiments combined with DFT calculations reveal a non-innocent role for the chloroalkane solvent, an aspect that has been underrecognized in related photochemical upcycling systems, as well as an autoinductive rate acceleration. This intrinsic PS photoreactivity further enables co-upcycling with non-aromatic polymers and remains effective in a waste-emulating halogenated solvent mixture, pointing to potential synergy between mixed plastics/biomass valorization and solvent waste management.",crossref,0
Ultrawide-FOV full-color waveguides free of rainbow and fishbone artifacts via physics-constrained generative metagrating design,https://www.science.org/doi/abs/10.1126/sciadv.aeh5234?af=R,AAAS: Science Advances: Table of Contents,2026-08-19 07:00:00 UTC,2026-08-19 07:00:00+00:00,10.1126/sciadv.aeh5234,Zhenrong Zheng,"Augmented reality (AR) displays are gaining prominence in consumer and industrial applications due to two-dimensional pupil-expanding waveguides, which achieve the essential dual requirements of compact form factors and large eyebox through innovative dual-axis beam replication technology. Nevertheless, these systems face an intrinsic trilemma compromising three critical parameters—efficiency, angular uniformity, and chromatic dispersion—with all three limitations becoming particularly pronounced at wide angles (&gt;50°) across the visible spectrum, manifesting as fishbone artifacts (periodic non-uniformity patterns) and rainbow effects. To overcome these fundamental limitations, we present a physics-constrained generative adversarial network (PC-GAN) that systematically resolves the trilemma by incorporating two key physical principles: dilated pupil restraint ratio (DPRR) for uniformity control and periodic constraint theory (PCT) for dispersion management. This framework enables high-throughput discovery of metagrating designs while ensuring high-quality imaging performance in single-layer waveguides across the full visible spectrum and ultrawide field of view. Notably, the PC-GAN demonstrates its unique capability by autonomously discovering optimized snowflake-like metagrating (SLMG) geometries - fractal structures that provide breakthrough solutions for pupil expansion uniformity through their hierarchical light manipulation properties. Experimental realization of PC-GAN-optimized metagratings in disparate material systems (polymer and SiC) consistently delivered wide-angle, full-color operation in single-layer waveguides, while eliminating the characteristic fishbone artifacts and rainbow effects of conventional diffractive designs. This physics-constrained generative framework unlocks transformative potential for complex photonic systems beyond AR, enabling advanced designs ranging from ultrathin VR displays to multi-physics-optimized quantum optical devices.",crossref,0
Large-scale outdoor 3D trajectory measurements enabled by drone-assisted multicamera tracking,https://www.science.org/doi/abs/10.1126/sciadv.aeh8352?af=R,AAAS: Science Advances: Table of Contents,2026-08-19 07:00:00 UTC,2026-08-19 07:00:00+00:00,10.1126/sciadv.aeh8352,Jin-Tae Kim,"Accurate measurement of three-dimensional (3D) trajectories in outdoor environments is essential for studying complex dynamic processes such as atmospheric transport, aerial vehicle motion, and collective behavior. However, obtaining quantitative trajectory measurements over large outdoor volumes remains challenging because multicamera systems require reliable calibration and synchronization under field conditions. Here, we introduce a portable and automated drone-assisted multicamera 3D tracking (DAM3T) framework for georeferenced trajectory reconstruction. The system estimates multicamera extrinsic parameters from an autonomous drone flight without dedicated calibration markers and aligns the reconstructed coordinate system with geographic coordinates (WGS84) using real-time kinematic Global Positioning System (RTK-GPS) measurements. Validation under indoor motion-capture and outdoor RTK-GPS conditions demonstrates trajectory errors below 2%. We further demonstrate the framework through Lagrangian analysis using passive tracers, georeferenced tracking of multiple unmanned aerial vehicles, and 3D motion analysis in sports scenes. This establishes DAM3T as a scalable measurement platform that extends outdoor tracking from local-coordinate reconstruction to georeferenced measurement of complex dynamic systems.",crossref,0
"A biomimetic, ultralow-power edge-AI-empowered and self-sustaining gait analysis system",https://www.science.org/doi/abs/10.1126/sciadv.aeh9625?af=R,AAAS: Science Advances: Table of Contents,2026-08-19 07:00:00 UTC,2026-08-19 07:00:00+00:00,10.1126/sciadv.aeh9625,Simiao Niu,"Smart digital health has reshaped patient monitoring, but it faces a fundamental trade-off between device intelligence and continuous, energy-efficient monitoring. Inspired by self-sustaining intelligent biospecies, we develop a biomimetic, battery-free, and high-precision edge-AI system through a harvested-energy-constrained holistic co-design that couples ultralow-power edge-AI-empowered sensor hardware with biomechanical energy harvesting and cold-start power management. Our edge-AI-empowered motion sensor performs instantaneous, context-aware on-device inference and timely result updating from raw sensor data while consuming only 86 μW. A high-output energy harvester and tailored high-efficiency power management circuitry sustain energy levels exceeding system requirements, eliminating downtime associated with charging and enabling true 24/7, hassle-free monitoring. This breakthrough establishes a paradigm for system-level, edge-AI-empowered, and self-sustaining sensing, demonstrating that intelligence and energy autonomy can coexist within a single wearable platform and pointing to next-generation always-on, personalized digital health systems.",crossref,0
ROS-responsive nanogels enable inhaled CD24 immunotherapy for selective hyperinflammation suppression in severe pneumonia,https://www.science.org/doi/abs/10.1126/sciadv.aec3712?af=R,AAAS: Science Advances: Table of Contents,2026-08-19 07:00:00 UTC,2026-08-19 07:00:00+00:00,10.1126/sciadv.aec3712,Zhiyuan Zhong,"Acute pneumonia triggered by pathogen infection and lung injury persists as a critical global life-threatening issue. Cluster of differentiation 24 (CD24), by selectively inhibiting the inflammatory response associated with damage-associated molecular patterns (DAMPs) through the interaction with Siglec, has appeared as a unique paradigm to alleviate acute pneumonia, yet its effective pulmonary delivery remains challenging. Here, we report on reactive oxygen species (ROS)–responsive and mucus-penetrable nanogels (ROSμNG) for pulmonary CD24 delivery to rescue acute pneumonia by selective inhibition of hyperinflammatory response. CD24-loaded nanogels (CD24-ROSμNG) exhibit excellent stability during nebulization, efficient mucus penetration, and inflammation-triggered CD24 release, affording over 80% drug enrichment in lung tissues through nebulization inhalation. In lipopolysaccharide-induced severe acute pneumonia mouse models, nebulized CD24-ROSμNG effectively attenuates cytokine storm, suppresses DAMP-mediated inflammation, and mitigates lung injury, achieving an over 3.5-fold increase in survival rate compared to intravenous administration of over 12-fold higher dose of free CD24. In an H1N1 virus influenza model, CD24-ROSμNG not only prevents cytokine storm but also preserves neutrophil-mediated viral clearance by limiting excessive neutrophil extracellular trap formation, thereby avoiding uncontrolled inflammation while maintaining antiviral defenses. These inhalable CD24 nanogels establish a strategy to manage pulmonary hyperinflammatory disorders.",crossref,0
Potential survivable niches for microbial life on the lunar south pole,https://www.science.org/doi/abs/10.1126/sciadv.aec0811?af=R,AAAS: Science Advances: Table of Contents,2026-08-19 07:00:00 UTC,2026-08-19 07:00:00+00:00,10.1126/sciadv.aec0811,Noah E. Petro,"Most lunar surface conditions are incredibly harsh for microbial survival. High ultraviolet radiation, temperatures, and energetic particle radiation limit survival over most unprotected lunar surfaces, particularly in equatorial regions where all previous crewed exploration occurred. However, whether these harsh conditions are widespread at lunar poles has not been examined considering topographical effects. Here, we show that recent microorganism survivability data and lunar surface remote sensing reveal likely survivable niches in lunar polar regions. Analysis of topography and latitude-driven surface conditions using remote sensing data and high-resolution illumination models indicates the lunar south pole has substantial regions with persistent low temperatures and ultraviolet flux. Comparing these conditions to survivability data of specific microorganisms, we find that significant lunar polar areas likely have surface conditions amenable to microbial survival. Our findings suggest that lunar polar regions may be less hostile to microbial survival than previously assumed. This does not encompass growth likelihood, but survival in a cryptobiotic state where growth would be possible if habitable conditions were present. Potential microbial survivability at lunar poles is particularly significant given many examined microbes will likely be transported to the Moon during crewed lunar south pole exploration planned in numerous near-term missions. Thoughtfully planning exploration and tracking its impact is key to limiting and understanding potential unintended life transfer to the Moon.",crossref,0
Self-sustaining leadless intracardiac pacemaker powered by triboelectric nanogenerator,https://www.science.org/doi/abs/10.1126/sciadv.aef8903?af=R,AAAS: Science Advances: Table of Contents,2026-08-19 07:00:00 UTC,2026-08-19 07:00:00+00:00,10.1126/sciadv.aef8903,Xudong Wang,"Leadless intracardiac pacemakers (LIP) are a technological breakthrough that offer tremendous benefits to patients, including minimally invasive delivery, improved quality of life, and reduced financial burden. However, limited by its size and capacity, the battery component becomes a major roadblock to further advancing LIP technology toward lifelong, maintenance-free implants without the need for device retrieval or replacement. Here, we present an integrated, nanogenerator-powered LIP with a clinically compatible architecture. The LIP is solely powered by a double-oscillatory triboelectric nanogenerator (TENG) that is capable of generating a volumetric power density of 276.6 μW cc
                    −1
                    driven by heartbeats. The miniaturized TENG can also fit within the battery compartment of a commercial Medtronic Micra LIP, allowing standard femoral-venous delivery by commercial catheters. When implanted in the heart of a swine model, the device delivers stable, rate-responsive electrical energy in vivo, which reliably supports the cardiac pacing function for heart rates control at physiological levels through harvested energy. Long-term intracardiac implantation further confirmed secure fixation, unaffected cardiac function and minimal tissue reaction of the fully integrated device. This development suggests a clinically compatible path toward self-sustainable intracardiac electronic systems.",crossref,0
Evolutionary diversification via modular compliance for self-reconfigurable continuum robots,https://www.science.org/doi/abs/10.1126/sciadv.aeg9191?af=R,AAAS: Science Advances: Table of Contents,2026-08-19 07:00:00 UTC,2026-08-19 07:00:00+00:00,10.1126/sciadv.aeg9191,Yue Chen,"Modular self-reconfigurable robots promise adaptability through changes in morphology, yet most existing systems remain limited by low functional density, rigid modules, and constrained docking interfaces that restrict scalable locomotion and manipulation. In contrast, biological organisms achieve rich behavioral diversity through repeated compliant segments combined with flexible articulated body architectures to support locomotion, manipulation, and environmental interaction. Here, we present a modular self-reconfigurable continuum robot that exploits modular compliance as a unifying design principle to enable cross-species bioinspired loco-manipulation within a single platform. Each module integrates a continuum backbone for compliant bending and a pair of grippers for omnidirectional, quasi-freeform docking, achieving high functional density within a compact unit. As a result, a small number of modules can assemble into diverse morphologies capable of distinct capabilities. We further develop a morphology-conditioned gait library covering rolling, undulation, crawling, quadrupedal walking, and multisegment manipulation, organized within an evolutionary diversification tree that explicitly links biological locomotion strategies to corresponding robotic assembly patterns. To enable autonomous transitions between configurations, we introduce a unified geometric-topological representation and a self-reconfiguration planner that decomposes reconfiguration into discrete grasping and releasing actions and continuous deformation actions. Hardware experiments demonstrate online self-reconfiguration, followed by integrated loco-manipulation. Together, these results show that embedding compliance at the module level unifies locomotion, manipulation, and self-reconfiguration within a single robotic platform, suggesting a pathway toward more adaptable machines that exhibit organism-like behaviors across species.",crossref,0
Mitochondrial profiling across macrophage states reveals inhibition of IL-4/IL-13 reprogramming by the integrated stress response,https://www.science.org/doi/abs/10.1126/sciadv.aed6318?af=R,AAAS: Science Advances: Table of Contents,2026-08-19 07:00:00 UTC,2026-08-19 07:00:00+00:00,10.1126/sciadv.aed6318,Alexis A. Jourdain,"Mitochondria drive cellular reprogramming by integrating metabolism and signaling. In macrophages, mitochondria are central to immunometabolic responses to external cues, but the extent to which they are remodeled and participate in macrophage reprogramming remains unclear. Here, we integrate transcriptomics with whole-cell and purified mitochondrial proteomics to profile lipopolysaccharide (LPS)/interferon-γ (IFN-γ)– and interleukin-4 (IL-4)/IL-13–stimulated macrophages. We reveal a notable disconnect between mitochondrial transcript and protein levels following either stimulus and a signal transducer and activator of transcription 6 (STAT6)–dependent increase in mitochondrial DNA (mtDNA) expression and intramitochondrial translation in IL-4/IL-13 macrophages. We demonstrate that pharmacological inhibition of mitochondrial translation or individual respiratory chain complexes variably impairs reprogramming, whereas ATP synthase inhibition uniquely triggers a heme-regulated inhibitor (HRI)–dependent integrated stress response (ISR) through mitochondrial hyperpolarization, thereby preventing IL-4/IL-13 reprogramming. Mechanistically, we show that restoring mitochondrial membrane potential or inhibiting the ISR rescues IL-4/IL-13–mediated reprogramming. Together, we identify mtDNA expression, intramitochondrial translation, and mitochondrial membrane potential as critical, drug-sensitive determinants of the IL-4/IL-13 response.",crossref,0
Low-SWaP magneto-optical trap enabled by planar photonic and magnetic components,https://www.science.org/doi/abs/10.1126/sciadv.aeg0219?af=R,AAAS: Science Advances: Table of Contents,2026-08-19 07:00:00 UTC,2026-08-19 07:00:00+00:00,10.1126/sciadv.aeg0219,Cheng Zhang,"Compact, lightweight, and energy-efficient cold-atom systems are foundational for the development of deployable quantum technologies, yet their realization remains largely constrained due to reliance on bulky optical and magnetic components. Here, we demonstrate a record-low-SWaP (size, weight, and power) magneto-optical trap architecture seamlessly integrating planar photonic and magnetic components into a monolithic, scalable, and manufacturable platform. This is achieved by developing a multifunctional metasurface that converts a linearly-polarized Gaussian beam into a circularly-polarized flat-top beam (FTB), replacing conventional lens-waveplate assemblies. In parallel, a planar magnetic coil chip substitutes bulky anti-Helmholtz coils and generates the required quadrupole magnetic field with substantially reduced power consumption. Using D
                    2
                    line cooling of
                    87
                    Rb atoms, the fully planar system achieves nearly an order-of-magnitude improvement in trapped-atom number while operating at a fraction of the SWaP of traditional implementations. This planar integration strategy provides an energy-efficient and scalable pathway toward robust, deployable cold-atom platforms.",crossref,0
Central T cell tolerance from sparse peptide sampling,https://www.science.org/doi/abs/10.1126/sciadv.aeg8240?af=R,AAAS: Science Advances: Table of Contents,2026-08-19 07:00:00 UTC,2026-08-19 07:00:00+00:00,10.1126/sciadv.aeg8240,Saket Navlakha,"Negative selection in the thymus limits autoimmunity by eliminating T cells that react strongly to self. Individual T cells, however, are only exposed to a small fraction of all self-peptides during their “training” in the thymus, and how tolerance is generalized to the remaining “test” self-peptides across peripheral tissues in the body remains an open question. We show that this can be achieved because the immune system satisfies two conditions necessary for generalization in machine learning settings. Consequently, sparse, random sampling of only 10% of self-peptides in the thymus is sufficient to avoid reactivity to 90% of peripheral self. We support this result and validate predictions from our model with diverse experimental data. Overall, we provide a plausible answer to a long-standing question underlying adaptive immunity, and we highlight how generalization, a fundamental challenge faced by nearly every learning algorithm, is tackled by the immune system.",crossref,0
All-inorganic perovskites for four-dimensional dynamic encryption,https://www.science.org/doi/abs/10.1126/sciadv.aed3494?af=R,AAAS: Science Advances: Table of Contents,2026-08-19 07:00:00 UTC,2026-08-19 07:00:00+00:00,10.1126/sciadv.aed3494,Ben Zhong Tang,"In an era marked by increasing demand for advanced anticounterfeiting measures, we introduce a four-dimensional (4D) dynamic physical unclonable function that uses defect-engineered photoluminescence blinking in all-inorganic CsPbBr
                    3
                    perovskite quantum dots (QDs) embedded within a polymethylmethacrylate matrix. Even within a single
                    z
                    -axis layer, this system achieves an unprecedented theoretical encoding capacity of more than 10
                    216,742
                    , while each device can generate up to 25 billion distinct codes. The QDs exhibit stochastic transitions between emissive and nonemissive states, enabling binary encoding across both spatial and temporal dimensions. The mechanism reveals that surface lead interstitials predominantly mediate nonradiative Auger recombination, whereas cesium vacancies act as effective Shockley-Read-Hall recombination centers, jointly governing the blinking of CsPbBr
                    3
                    . Alkali metal doping modulates this blinking behavior, providing precise control over the emission dynamics. Practical utility is demonstrated through a dual-mode authentication strategy that enables rapid field verification via standard smartphones while retaining high-security 4D verification via microscopy. We further establish a spatial-temporal dual-model authentication framework that integrates convolutional neural network (CNN)–based spatial matching with a temporal-branch dynamic check and decision-fusion assessment. The framework resists 14 adversarial attacks spanning replay, impersonation, temporal and local manipulation, Z-stack modification, projection forgery, and synthetic forgery attack, showing robust sequence-level security beyond frame-level CNN recognition. This work transforms what was once considered a detrimental phenomenon—QD blinking—into a valuable asset for dynamic, high-capacity encryption, opening new avenues for ultrasecure cryptographic systems.",crossref,0
Lattice engineering of thermally evaporated perovskite enables monolithically integrated micro-display,https://www.science.org/doi/abs/10.1126/sciadv.aeg7804?af=R,AAAS: Science Advances: Table of Contents,2026-08-19 07:00:00 UTC,2026-08-19 07:00:00+00:00,10.1126/sciadv.aeg7804,Jiang Tang,"Perovskite light-emitting diodes (PeLEDs) have recently demonstrated substantial potential for next-generation micro-displays due to their excellent efficiency and brightness. However, the best-performing PeLEDs typically suffer from low brightness and severe efficiency roll-off, as well as the considerable challenge of monolithic integration at pixel sizes down to 2 μm. Here, we present a lattice-engineering approach for thermally evaporated perovskites that simultaneously achieves high-performance PeLEDs and high-definition monolithic integration for perovskite micro-display applications. The lattice engineering achieved by in situ incorporation of FABr effectively suppresses Ruddlesden–Popper (RP) faults within nanocrystals and yields a uniform electric-field distribution, thereby reducing charge accumulation and suppressing Auger recombination. We further fabricated PeLEDs with a fully vacuum-deposited device architecture, demonstrating an external quantum efficiency (EQE) of 20.6% and high brightness levels exceeding 160,000 cd m
                    −2
                    , with reduced efficiency roll-off. More importantly, through process and device optimizations, we achieved nanometer-scale conformal deposition on the surfaces of complementary metal-oxide-semiconductor (CMOS) driver pixel pits, thereby developing a perovskite micro-display with a resolution of 3,000 pixels per inch (PPI) capable of displaying vivid video. Our research paves the way for advancing micro-display technology.",crossref,0
BeetleBot: An integrated bioinspired soft robot for multimodal sensing and adaptive interaction,https://www.science.org/doi/abs/10.1126/sciadv.aeg8849?af=R,AAAS: Science Advances: Table of Contents,2026-08-19 07:00:00 UTC,2026-08-19 07:00:00+00:00,10.1126/sciadv.aeg8849,Wei Gao,"Biological organisms exhibit tightly integrated motor functions, sensory input, and control systems that enable adaptive behaviors across diverse environments. Emulating such coordination in robotics remains challenging, as most soft machines compartmentalize actuation, sensing, and control. Here, we present BeetleBot, an adaptive beetle-bioinspired soft robot platform that seamlessly integrates programmable locomotion, object manipulation, sensory feedback, and intuitive human-machine interaction. BeetleBot features electrothermally actuated liquid crystal elastomer muscles embedded in modular leg structures and a soft gripper, with a flexible circuit enabling independent control. A wearable strain-sensing patch supports wireless gesture-based operation, while embedded vision and tactile sensors provide real-time environmental feedback. All functional components are fabricated through scalable additive manufacturing techniques. We demonstrate terrain navigation, object recognition, and gesture-control synchronized bidirectional interaction between the user and the robot. This multifunctional platform emulates the adaptability of living systems and establishes a promising foundation for next-generation intelligent soft robotics.",crossref,0
"Coupled Atlantic atmosphere-ocean variability modulates cutaneous leishmaniasis in North Africa, enabling long-lead seasonal forecasts",https://www.science.org/doi/abs/10.1126/sciadv.aeb0774?af=R,AAAS: Science Advances: Table of Contents,2026-08-19 07:00:00 UTC,2026-08-19 07:00:00+00:00,10.1126/sciadv.aeb0774,Xavier Rodó,"Early warning systems for climate-driven diseases require predictors with sufficient lead time, a persistent challenge for many diseases and regions. While coupled atmosphere-ocean phenomena offer a potential solution, they remain largely underexploited in temperate zones. Here, we establish a multiscale connection between cutaneous leishmaniasis (CL) dynamics in North Africa, the North Atlantic Oscillation (NAO), and the Atlantic Multidecadal Variability (AMV). Beyond the NAO’s influence on seasonal rainfall, we uncover low-frequency variability in the NAO-AMV system that modulates interannual rainfall patterns in North Africa, yielding multiyear periods of high and low CL activity. To quantify this predictability, we develop a unified transmission model applied across Morocco and Tunisia for both anthroponotic (
                    Leishmania tropica
                    ) and zoonotic (
                    Leishmania major
                    ) forms. Predictive skill up to 12 months ahead improves across all contexts when we incorporate local temperature and precipitation alongside the multiscale signals of the NAO and AMV. This study shows how coupled Atlantic climate variability modulates an infectious disease across timescales, enabling an operational, long-lead seasonal forecast system for a vector-borne disease in the Mediterranean region.",crossref,0
China’s lakes remain carbon sources: Insights from the balance between intrinsic carbon sequestration and emissions,https://www.science.org/doi/abs/10.1126/sciadv.aed7393?af=R,AAAS: Science Advances: Table of Contents,2026-08-19 07:00:00 UTC,2026-08-19 07:00:00+00:00,10.1126/sciadv.aed7393,Zhongwu Li,"Accurate assessments of lake carbon balance are essential for filling gaps in the global carbon budget and addressing climate change. However, persistent uncertainties arise from an incomplete understanding of intrinsic carbon sequestration and its balance with emission effects. Here, using source fingerprinting techniques, we isolated the autochthonous organic carbon (OC
                    Auto
                    ) burial, which represents the intrinsic carbon sequestration of lakes. We found that OC
                    Auto
                    burial accounted for only 53.23% of total lake carbon emissions in the 2020s, leaving China’s lakes as carbon sources (−0.83 teragrams of carbon per year). Regionally, lakes on the Qinghai-Tibet and Yunnan-Guizhou Plateaus have shifted to carbon sinks, whereas lakes in the eastern and northeastern regions remain major carbon sources. Scenario projections indicated that restoring China’s lakes to macrophyte-dominated states under the Shared Socioeconomic Pathway SSP2-4.5 scenario could transition them into stable carbon sinks before OC
                    Auto
                    burial peaks around 2070. To facilitate this transition, we proposed a lake classification-and-management framework based on carbon sink potential and emission risks to guide carbon sequestration and climate mitigation efforts.",crossref,0
Screening of anti-metastasis drugs by targeting angiopellosis and cancer cluster extravasation,https://www.science.org/doi/abs/10.1126/sciadv.aed4204?af=R,AAAS: Science Advances: Table of Contents,2026-08-19 07:00:00 UTC,2026-08-19 07:00:00+00:00,10.1126/sciadv.aed4204,Ke Cheng,"Metastasis accounts for 90% of cancer-related deaths. Extravasation is a necessary step for cancer metastasis. Currently, there are no drugs that specially target extravasation. Most cancer therapies target either proliferation or angiogenesis. We previously identified “angiopellosis” as the dominant mechanism by which vascular endothelial cells undergo conformational changes and actively “push” circulating cancer cells out of blood vessels. In this study, we developed an image-based high-throughput drug screening assay by coculturing cancer membrane–coated spheres with endothelial monolayers. Through this platform, we identified Bay 61-3606 as a lead angiopellosis inhibitor. Bay 61-3606 substantially reduced cancer cluster extravasation, an activity solely supported by angiopellosis and associated with higher metastatic potential, in both zebrafish and mouse models. Furthermore, Bay 61-3606 decreased distant metastases in murine models of lung carcinoma and triple-negative breast cancer. Mechanistically, Bay 61-3606 targeted the c-Jun amino-terminal kinase signaling pathway, down-regulating COL8A1 expression in endothelial cells and impairing the angiopellosis process.",crossref,0
"Programmable photonic neural engine with all-optical nonlinear activation and 40,000 connections",https://www.science.org/doi/abs/10.1126/sciadv.aee9649?af=R,AAAS: Science Advances: Table of Contents,2026-08-19 07:00:00 UTC,2026-08-19 07:00:00+00:00,10.1126/sciadv.aee9649,José Azaña,"The rapid advancement of artificial neural networks (ANNs) demands computational platforms with higher speed, energy efficiency, and scalability. Optical computing offers an appealing solution owing to the high-speed processing, inherent parallelism, and low energy consumption. However, existing optical neural network architectures face fundamental trade-offs between scalability, reconfigurability, and processing latency, constrained by the need to rely on electronic nonlinearities or fixed optical interconnections. Here, we report an end-to-end photonic neuromorphic engine that integrates all-optical nonlinearity into a loop-based, time-multiplexed photonic architecture. This approach enables all optical neurons to share common hardware, supporting enhanced connectivity and full reconfigurability with reduced latency. Implementations of four distinct network topologies, with a maximum of 40,000 optical connections for the single-layer perceptron, achieve digital-level inference accuracy and computational latency over two orders of magnitude shorter than state-of-the-art electronic processors, potentially paving the way for scalable, reconfigurable, and ultrafast optical artificial intelligence systems.",crossref,0
A bacterial enzyme enhances both energy metabolism and health across the life span of C. elegans and mice,https://www.science.org/doi/abs/10.1126/sciadv.aef3262?af=R,AAAS: Science Advances: Table of Contents,2026-08-19 07:00:00 UTC,2026-08-19 07:00:00+00:00,10.1126/sciadv.aef3262,An-Ping Zeng,"The consequence of enhanced energy metabolism for health and life span of organisms is a fundamental yet controversially discussed issue of life and aging among others because of the fact that increasing energy metabolism often entails the risk of oxidative damage. To resolve this paradox, we introduce the bacterial-derived lipoic acid protein ligase A (LplA) as an orthogonal and defined molecular tool to enhance energy metabolism and at the same time to foster a low oxidative stress environment. Investigations in
                    Caenorhabditis elegans
                    (
                    C. elegans
                    ) and mouse models demonstrate that LplA expression significantly enhances energy metabolism and health across the life span, without compromising maximum longevity. Our work not only transcends the long-standing paradox between energy metabolism and health life span but also provides a hereto unreported strategy to intervene in human aging.",crossref,0
Perceptual meta-uncertainty reveals enhanced calibration of sensory confidence in autism,https://www.science.org/doi/abs/10.1126/sciadv.aee2332?af=R,AAAS: Science Advances: Table of Contents,2026-08-19 07:00:00 UTC,2026-08-19 07:00:00+00:00,10.1126/sciadv.aee2332,Amit Yashar,"Atypical metacognition has been suggested to underlie autistic phenotypes, given its role in social cognition and behavioral flexibility. However, no study has quantitatively assessed metacognitive abilities in autism. Here, we measured meta-uncertainty—the noise corrupting estimates of one’s own decision uncertainty—in autism. In three experiments, autistic and non-autistic participants (
                    N
                     = 145) performed orientation categorization tasks while simultaneously reporting their choice confidence. By independently manipulating each Bayesian component—sensory uncertainty, prior, and reward—and fitting a recently established process model, we assessed metacognitive abilities and their contingency on the Bayesian components while controlling for first-order decisions. Unlike non-autistic participants, autistic participants’ meta-uncertainty depended on which decision component was manipulated and was lower than that of non-autistic participants, specifically when decisions were adjusted for sensory uncertainty. These findings reveal that metacognition in autism is not generally reduced but rather enhanced for inferences that rely primarily on sensory information.",crossref,0
Hope for heart failure with preserved ejection fraction?,https://www.science.org/doi/abs/10.1126/sciadv.aek5991?af=R,AAAS: Science Advances: Table of Contents,2026-08-19 07:00:00 UTC,2026-08-19 07:00:00+00:00,10.1126/sciadv.aek5991,Robert M. Blanton,A common form of heart failure improves when cyclic guanosine monophosphate-dependent protein kinase is activated with a novel agent that promotes cysteine-42 oxidation.,crossref,0
Topological mixing and irreversibility in animal chromosome evolution,https://www.science.org/doi/abs/10.1126/sciadv.adz5561?af=R,AAAS: Science Advances: Table of Contents,2026-08-19 07:00:00 UTC,2026-08-19 07:00:00+00:00,10.1126/sciadv.adz5561,Oleg Simakov,"Animal chromosome homology can persist over hundreds of millions of years, despite fusions and translocations. The frequency, pace, and impact of these changes remain unclear. We develop a multiscale manifold representation of pan-animal genome homology to compare 5821 chromosome-scale genomes across 19 phyla and 4454 species. This “evolutionary genome topology” approach simultaneously captures chromosomal and subchromosomal organization. We find that while all 406 pairwise fusions of 29 ancestral animal linkage groups have been sampled by metazoan genome diversity, the full combinatorial potential within chromosomes remains far from explored. Our approach shows that irreversible genomic changes, caused in particular by chromosomal consolidation, dissociation, and fusion-with-mixing, place clades in distinct regions of genome architecture space. Progressive accumulation of these mixed states across genomic scales contributes to the diverging paths of animal genome evolution and has a long-lasting impact on a broad range of genes, including key developmental loci.",crossref,0
A spinoreticular pathway mediates nocifensive responses to noxious mechanical stimuli,https://www.pnas.org/doi/abs/10.1073/pnas.2604642123?mi=eymic2&af=R&access=on&content=articlesChapters&publication=pnas&sortBy=Earliest&target=default,Proceedings of the National Academy of Sciences: Keyword search for query,2026-08-19 07:00:00 UTC,2026-08-19 07:00:00+00:00,10.1073/pnas.2604642123,Yan-Nong Dou,"Spinal projection neurons (SPNs) relay somatosensory information to the brain, yet how molecularly defined SPN subsets transmit noxious mechanical signals to drive nocifensive behaviors remains unclear. Here, we identify
                    Sncg
                    -expressing SPNs (
                    
                      Sncg
                      +
                    
                    SPNs) that convey noxious mechanical signals through a spinoreticular ascending pathway. Using intersectional genetics, anatomical tracing, and pathway-specific manipulations in mice, we show that
                    
                      Sncg
                      +
                    
                    SPNs project predominantly to the parabrachial nucleus and the lateral reticular nucleus (LRN). Functional analyses reveal that
                    
                      Sncg
                      +
                    
                    spinoreticular pathway transmits noxious mechanical information. LRN neurons receiving
                    Sncg
                    +
                    spinal input are required for nocifensive behaviors elicited by noxious mechanical stimulation and contribute to mechanical allodynia of neuropathic pain. Monosynaptic tracing identifies local interneurons innervating
                    Sncg
                    +
                    SPNs, providing a substrate for spinal gating of ascending mechanical signals. These findings highlight a spinoreticular circuit involving the LRN that is essential for nocifensive behaviors to noxious mechanical stimuli.",crossref,0
Isocaloric switch from low-fat to Western high-fat diet triggers transcriptomic reprogramming and ectopic olfactory receptor responses,https://www.science.org/doi/abs/10.1126/sciadv.aef5698?af=R,AAAS: Science Advances: Table of Contents,2026-08-19 07:00:00 UTC,2026-08-19 07:00:00+00:00,10.1126/sciadv.aef5698,Andreas FH Pfeiffer,"Although Western diet (WD) rich in saturated fat is regarded as a trigger of metabolic disease and inflammation, the role of this diet in the absence of obesity is unclear. We studied the metabolic, inflammatory, anthropometric, and adipose tissue transcriptomic responses of 92 twins to 6 weeks of WD following 6 weeks of a healthy low-fat diet while maintaining stable body weight. The WD increased total, LDL and HDL cholesterol but not triglycerides or free fatty acids and induced transient and moderate increases of insulin resistance and some inflammatory markers after 1 week, which disappeared after 6 weeks. Extensive transcriptomic changes reflected restructuring of subcutaneous abdominal adipose tissue. Olfactory receptor (OR) mRNAs were increased in correlation with insulin resistance, liver, and visceral fat, cytokines like IL-18 and VEGF, but inversely related to adiponectin and extracellular NAMPT. In conclusion, WD triggers metabolic and transcriptomic reprogramming closely linked to ectopic OR responses.",crossref,0
"A pressure-tolerant, miniature ocean-sensing tag with acoustic telemetry for real-time CTD monitoring",https://www.science.org/doi/abs/10.1126/sciadv.aee9809?af=R,AAAS: Science Advances: Table of Contents,2026-08-19 07:00:00 UTC,2026-08-19 07:00:00+00:00,10.1126/sciadv.aee9809,Xueju Sophie Wang,"Real-time ocean monitoring enables instantaneous oceanographic analysis and supports maritime operations. However, conventional sensors require metallic housings to withstand high hydrostatic pressure, increasing their weight and power demand. Soft electronics offer a promising alternative, but their functionality and commonly used electromagnetic communication are ineffective underwater. Here, we present a pressure-tolerant, miniaturized ocean-sensing tag that seamlessly integrates soft conductivity, temperature, and depth (CTD) sensors with acoustic transducers for in situ monitoring and underwater data transmission. Measuring 17 mm by 20 mm by 7.5 mm and weighing 4.90 g, the tag maintains reliable performance under hydrostatic pressures of up to 15 MPa, corresponding to a depth of approximately 1,500 m, and achieves underwater transmission ranges of up to 492.7 m. Field testing in the Salish Sea demonstrates wireless, real-time CTD monitoring with measurement accuracy comparable to commercial sensors and reliable acoustic telemetry (87.34% detection efficiency and 100% accuracy over evaluated transmission distances). This ocean sensing platform enables energy-efficient deployment on diverse platforms and significantly advances next-generation ocean observation and deep-sea exploration.",crossref,0
Neutrophil-intrinsic Vgll4 constrains tumorigenesis by preventing a STAT3/STAT5-driven immunosuppressive switch,https://www.pnas.org/doi/abs/10.1073/pnas.2606983123?mi=eymic2&af=R&access=on&content=articlesChapters&publication=pnas&sortBy=Earliest&target=default,Proceedings of the National Academy of Sciences: Keyword search for query,2026-08-19 07:00:00 UTC,2026-08-19 07:00:00+00:00,10.1073/pnas.2606983123,Shi Jiao,"Neutrophils display profound functional plasticity within the tumor microenvironment (TME), a key determinant of cancer progression; however, the intrinsic mechanisms safeguarding their antitumor identity remain elusive. Here, we identify the Hippo pathway component Vgll4 as a pivotal guardian of neutrophil functional fate in the TME. While dispensable for homeostatic granulopoiesis, Vgll4 in neutrophils is crucial for restraining tumor growth. Neutrophil-specific ablation of Vgll4 triggers a phenotypic shift toward an immunosuppressive state, accelerating tumor progression. Mechanistically, Vgll4 binds STAT3 and STAT5 in a JAK-dependent manner; loss of Vgll4 reduces SOCS3 expression, a negative regulator of STAT3, thereby unleashing STAT3 hyperactivation while suppressing STAT5, leading to transcriptional reprogramming that establishes an immunosuppressive profile. This regulatory axis operates specifically in tumor-associated neutrophils, as Vgll4 is dispensable for steady-state development but essential within the TME. Consequently, Vgll4-deficient neutrophils remodel the TME by promoting regulatory T cell (Treg) differentiation and impairing CD8
                    +
                    T cell effector function. Our findings unveil a noncanonical role for Vgll4 in innate immune regulation and establish the Vgll4-STAT3/STAT5 axis as a crucial checkpoint in neutrophil polarization, presenting a therapeutic target for cancer immunotherapy.",crossref,0
Atomistic twinning process with ultra-high shear in hexagonal close-packed crystals,https://www.pnas.org/doi/abs/10.1073/pnas.2607072123?mi=eymic2&af=R&access=on&content=articlesChapters&publication=pnas&sortBy=Earliest&target=default,Proceedings of the National Academy of Sciences: Keyword search for query,2026-08-19 07:00:00 UTC,2026-08-19 07:00:00+00:00,10.1073/pnas.2607072123,Scott X. Mao,"Twinning is a critical deformation mechanism that can significantly enhance the mechanical performance of materials. Predicting active twinning modes has long been a fundamental challenge. It is generally believed that active twinning modes should exhibit low to moderate shear strains to minimize the associated strain energy. Here, using in situ atomic-scale straining experiments, we identify an unconventional twinning mode in hexagonal close-packed (HCP) rhenium nanocrystals, characterized by an extraordinarily large shear strain of ~1.2, the highest reported for HCP crystals to date. Remarkably, this twinning process proceeds via pure lattice shear without the atomic shuffling typically required for conventional HCP twinning. Our results indicate that high stress states attainable in nanocrystals, together with favorable energetics, enable activation of this mode. This ultra-high-shear twinning mechanism holds significant potential for enhancing the formability and ductility of HCP metals.",crossref,0
Perceptual and neural constraints on photometric measures of heterochromatic brightness,https://www.pnas.org/doi/abs/10.1073/pnas.2610398123?mi=eymic2&af=R&access=on&content=articlesChapters&publication=pnas&sortBy=Earliest&target=default,Proceedings of the National Academy of Sciences: Keyword search for query,2026-08-19 07:00:00 UTC,2026-08-19 07:00:00+00:00,10.1073/pnas.2610398123,Karl R. Gegenfurtner,"Luminance and the candela provide the foundation of photometry and define standard measures of the visual impact of light. They are defined by classical photometric methods that fail to capture key aspects of brightness judgments across different colors in spatially extended, real-world scenes: Highly saturated colors appear brighter, mixtures are subadditive relative to luminance, and short wavelengths contribute more strongly than expected. Despite these long-standing discrepancies, progress has been limited by the lack of scalable methods to measure heterochromatic brightness under steady viewing. Here, we introduce a ranking-based paradigm that enables reliable measurement of brightness across large stimulus sets. Observers ranked 144 colored stimuli spanning hue and intensity, yielding highly consistent results across sessions, observers, and display environments, including large-scale online studies. This approach reveals a stable global structure of heterochromatic brightness preserved across devices and viewing contexts. Using these data, we evaluate a broad range of candidate models. Luminance, radiance, and established color appearance models leave key systematic patterns unexplained. In contrast, simple nonlinear pooling rules, specifically taking the weighted maximum of the red, green, and blue channel values, provide a near-ceiling account of observed rankings. Neural recordings reveal a corresponding temporal dissociation: High-frequency responses track luminance, whereas low-frequency responses align with nonlinear predictions. Experiments with spectrally tunable illumination confirm the same pattern in spatially extended scenes. Together, these results establish a scalable framework for measuring heterochromatic brightness and identify a simple computational rule governing brightness under steady viewing.",crossref,0
"Soft matter, hard rules: Emulsions follow the laws of granular suspension rheology",https://www.pnas.org/doi/abs/10.1073/pnas.2611013123?mi=eymic2&af=R&access=on&content=articlesChapters&publication=pnas&sortBy=Earliest&target=default,Proceedings of the National Academy of Sciences: Keyword search for query,2026-08-19 07:00:00 UTC,2026-08-19 07:00:00+00:00,10.1073/pnas.2611013123,Bloen Metzger,"The flow of dense emulsions underlies applications from food and pharmaceutical processing to bioengineering, yet their rheology remains difficult to interpret under conventional volume-imposed conditions. Here, we change the control variable to osmotic-pressure using a recently developed instrument—the Capillarytron. This approach reveals a unified rheological structure where the osmotic pressure
                    
                      
                        Π
                      
                    
                    , by controlling droplet deformation, sets a
                    pressure-dependent
                    jamming volume fraction. When expressed in terms of the distance to this jamming point, all rheological data—spanning both
                    
                      
                        Π
                      
                    
                    - and
                    
                      
                        ϕ
                      
                    
                    -imposed measurements—collapse onto a single power-law divergence, akin to granular suspensions. The resulting constitutive relations provide a predictive, parameter-free description of emulsion rheology across Newtonian, yielding, and shear-thinning regimes. Together with recent results on soft spheres, our findings point to a unifying paradigm: Soft amorphous materials—from soft spheres to emulsions and likely foams—obey the same
                    hard rules
                    as granular suspensions, with softness entering through a pressure-dependent jamming point. This framework rationalizes Herschel–Bulkley rheology, assigns its parameters microscopic meaning, and opens perspectives on rigidity transitions in soft, deformable systems, including biological tissues.",crossref,0
Numerical investigation of the equilibrium Kauzmann transition in a two-dimensional atomistic glass,https://www.pnas.org/doi/abs/10.1073/pnas.2612355123?mi=eymic2&af=R&access=on&content=articlesChapters&publication=pnas&sortBy=Earliest&target=default,Proceedings of the National Academy of Sciences: Keyword search for query,2026-08-19 07:00:00 UTC,2026-08-19 07:00:00+00:00,10.1073/pnas.2612355123,Ludovic Berthier,"Dense liquids gradually transform into nonequilibrium amorphous solids as they pass through the experimental glass transition. Experimentally, ergodicity is lost because measurements are conducted within a finite time window. More than seventy years ago, Kauzmann posed a fundamental question: If experiments could run indefinitely, would there exist a critical temperature at which an ergodicity-breaking phase transition occurs? Random first-order transitions represent the modern theoretical framework for this idea. However, theoretical calculations in finite dimensions are challenging, whereas experimental and numerical limitations on accessible timescales hinder direct observation of the putative Kauzmann transition. Here, we overcome this longstanding barrier by developing a computational strategy that properly combines three Monte Carlo methods to access the desired equilibrium thermodynamic properties of a two-dimensional atomistic glass-former down to zero temperature across a range of system sizes up to 77 particles. This enables us to directly measure thermodynamic and structural observables that provide unambiguous evidence that the system undergoes a finite-size version of the Kauzmann transition at a temperature that is much lower than other energy scales and decreases rapidly with system size, thus suggesting the existence of a zero-temperature Kauzmann transition for two-dimensional glasses. The transition is toward an ideal glass state characterized by a complex energy landscape and a hierarchical organization of low-lying states.",crossref,0
Dynamic multiphase flow triggers chaotic mixing in porous media,https://www.pnas.org/doi/abs/10.1073/pnas.2612884123?mi=eymic2&af=R&access=on&content=articlesChapters&publication=pnas&sortBy=Earliest&target=default,Proceedings of the National Academy of Sciences: Keyword search for query,2026-08-19 07:00:00 UTC,2026-08-19 07:00:00+00:00,10.1073/pnas.2612884123,Tanguy Le Borgne,"Solute mixing plays a pivotal role in a broad spectrum of chemical and biological processes across natural and engineered porous media. However, current understanding of mixing dynamics remains largely constrained to steady flows in fully or partially water-saturated environments. Multiphase flow systems are generally unsteady, with moving fluid interfaces and flow paths that change in time. Despite the widespread occurrence of dynamic multiphase flows, their impacts on solute mixing are largely unknown. Here, we use experiments and numerical simulations to investigate the effect of dynamic two-phase flow on the stretching and folding of fluid elements, a fundamental mechanism driving solute mixing and reactions in porous media. We find that dynamic two-phase flows induce chaotic mixing, characterized by exponential stretching of fluid elements, leading to strongly enhanced mixing compared to steady single-phase flows. By extensive numerical multiphase flow simulations, we establish dynamic steady states where we reliably measure the mean fluid stretching rate as a function of flow rate. We show that stretching is maximized at an optimum flow rate which balances fluid shear deformation against the frequency of flow reorientation by the intermittent motion of the fluid interface. The findings are rationalized by a mechanistic model linking basic multiphase flow characteristics to the stretching rate, opening perspectives to understand and control mixing and reactions in a wide range of multiphase flow systems.",crossref,0
Regulatory logic of neuronal differentiation in the Drosophila visual system,https://www.pnas.org/doi/abs/10.1073/pnas.2614314123?mi=eymic2&af=R&access=on&content=articlesChapters&publication=pnas&sortBy=Earliest&target=default,Proceedings of the National Academy of Sciences: Keyword search for query,2026-08-19 07:00:00 UTC,2026-08-19 07:00:00+00:00,10.1073/pnas.2614314123,Mehmet Neset Özel,"Combinations of terminal selector transcription factors (tsTFs) are thought to establish and maintain the unique identities of the numerous cell types found in nervous systems. However, it remains largely unclear how tsTF combinations are specified during development and how they then coordinate the type-specific differentiation programs of each neuron. To investigate these regulatory mechanisms, we performed simultaneous single-cell RNA and ATAC (assay for transposase-accessible chromatin) sequencing on the
                    Drosophila
                    optic lobes at four stages of their development and identified over 250 distinct cell types. We characterized the common cis-regulatory features of neuronal enhancers and performed comprehensive inference of gene regulatory networks across cell types and stages. Our results reveal cell type– and stage-specific enhancers of many neuronal genes and the cooperative actions of tsTFs, pan-neuronal and ecdysone-responsive TFs on these enhancers. We show that the same effector genes are often regulated by different tsTF combinations acting through distinct enhancers in different neurons. During neurogenesis, tsTF codes are established within a brief critical period in newborn neurons, often through cell type–specific enhancers that are not accessible in their progenitors. Accordingly, when neuroblast temporal patterning TFs are reutilized as tsTFs in neurons, they are regulated independently through separate enhancers. Therefore, neuronal identity specification and differentiation is a multistep regulatory program, wherein the same TFs enact distinct regulatory codes at different steps and across cell types.",crossref,0
Probabilistically defining environmentally relevant concentrations in ecotoxicology,https://www.pnas.org/doi/abs/10.1073/pnas.2617990123?mi=eymic2&af=R&access=on&content=articlesChapters&publication=pnas&sortBy=Earliest&target=default,Proceedings of the National Academy of Sciences: Keyword search for query,2026-08-19 07:00:00 UTC,2026-08-19 07:00:00+00:00,10.1073/pnas.2617990123,John P. Sumpter,"A long-standing issue in ecotoxicology is the arbitrarily chosen and ambiguous definition of “environmentally relevant” concentrations, which undermines research comparability and hampers risk characterization. Here, we propose a probabilistic framework that anchors exposure levels to percentiles of environmental concentration distributions, defining low (&lt;5th percentile), typical (5th to 95th percentiles), and high (&gt;95th percentile) concentrations, as well as worst-case scenarios (e.g., the 99th percentile) for specific contexts. This framework transforms test concentration selection from a subjective assertion into a statistically justified practice, where each concentration corresponds to an explicit occurrence probability. Using global monitoring data, we demonstrate that environmental concentrations reliably follow cumulative probability distributions, validating the fundamental assumption. Crucially, the framework offers a statistical solution for designing proof-of-relevance and proof-of-concept studies. Collectively, this work provides an empirically grounded, immediately usable template for designing ecotoxicological experiments that bridge environmental monitoring, laboratory testing, and regulatory decision-making.",crossref,0
A cloaked glutamate decarboxylase sustains the GABA shunt in Mycobacterium tuberculosis,https://www.pnas.org/doi/abs/10.1073/pnas.2619778123?mi=eymic2&af=R&access=on&content=articlesChapters&publication=pnas&sortBy=Earliest&target=default,Proceedings of the National Academy of Sciences: Keyword search for query,2026-08-19 07:00:00 UTC,2026-08-19 07:00:00+00:00,10.1073/pnas.2619778123,Luiz Pedro S. de Carvalho,"Despite the exponential growth in genome sequencing, the functional annotation of genes, particularly the discovery of novel enzymatic activities, remains a formidable challenge. This gap is exacerbated by annotation biases that propagate assumptions about enzyme function across homologous sequences. Here, we report the identification of an unannotated enzymatic activity within a presumed well-characterized enzyme family. The gene
                    rv2531
                    c, under strong purifying selection across
                    Mycobacterium tuberculosis
                    strains, has been annotated as a member of the lysine-ornithine-arginine (KOR) decarboxylase superfamily, which includes over 26,000 sequences. Contrary to this annotation, we show that Rv2531c does not decarboxylate KOR substrates. Instead, using an integrative approach combining bioinformatics, microbiology, metabolomics, and enzymology, we demonstrate that Rv2531c is a L-glutamate decarboxylase that sustains carbon flux through the γ-aminobutyric acid shunt in
                    M. tuberculosis
                    . This newly identified subfamily of enzymes is conserved across Bacteria, Archaea, and Eukarya and exhibits distinct structural and kinetic features, including an additional domain, hysteresis, and strong positive cooperativity. These characteristics differentiate it from canonical, enterobacterial KOR decarboxylases. More broadly, our findings challenge the narrow substrate and functional scope traditionally assigned to the KOR-DC superfamily. We propose that many members of this large and diverse enzyme family catalyze distinct reactions and participate in previously unrecognized metabolic pathways, revealing a broader and more nuanced role for pyridoxal 5′-phosphate-dependent enzymes in microbial physiology and evolution.",crossref,0
Neuronal overexpression of Kcnn1 in A53T α-synuclein mice suppresses phospho-serine 129 α-synuclein formation and doubles survival time,https://www.pnas.org/doi/abs/10.1073/pnas.2622262123?mi=eymic2&af=R&access=on&content=articlesChapters&publication=pnas&sortBy=Earliest&target=default,Proceedings of the National Academy of Sciences: Keyword search for query,2026-08-19 07:00:00 UTC,2026-08-19 07:00:00+00:00,10.1073/pnas.2622262123,Arthur L. Horwich,"Synucleinopathies, including idiopathic Parkinson’s Disease, are driven by misfolding and aggregation of the 140 residue α-synuclein protein that plays a role in presynaptic vesicle regulation. We describe effects of a modifier, neuronal overexpression of the mouse calcium-activated potassium channel subunit Kcnn1, on a mouse model in which transgenic Thy1.2-driven human A53T α-synuclein directs fully penetrant lethal motor disease. Kcnn1 overexpression increased median survival of these mice from 8.5 to 18 mo, associated with an altered presentation from rapidly progressive dystonic-like behavior of the limbs to a later-onset (12 to 16 mo) and slowly progressive lower limb clasping when lifted by the tail. At the tissue level, accretion of disease-associated phospho-serine 129 α-synuclein was prevented by overexpression of Thy1.2-driven Kcnn1 in many brain regions/spinal cord, where phospho-serine 129 α-synuclein copiously accreted in A53T mice at endstage. The action of blocking production of phospho-serine 129 α-synuclein was also observed in adult A53T mice injected presymptomatically with an AAV9 scCMV-Kcnn1 virus into the right superior colliculus. At endstage ~2 mo later, the right superior colliculus exhibited overexpression of Kcnn1 and showed essentially no phospho-serine 129 α-synuclein, whereas the uninjected left superior colliculus exhibited copious phospho-serine 129 α-synuclein. The neuroprotective action of Kcnn1 overexpression remains to be fully resolved, but the channel protein subunit, targeted to the ER membrane, has been shown to induce an ER stress response. This response, which may activate autophagy, along with potential channel formation, may diminish the rate of formation or lifetime of neurotoxic forms of A53T α-synuclein.",crossref,0
"Peter H. Raven: Botanist, evolutionary biologist, and biodiversity champion",https://www.pnas.org/doi/abs/10.1073/pnas.2624553123?mi=eymic2&af=R&access=on&content=articlesChapters&publication=pnas&sortBy=Earliest&target=default,Proceedings of the National Academy of Sciences: Keyword search for query,2026-08-19 07:00:00 UTC,2026-08-19 07:00:00+00:00,10.1073/pnas.2624553123,Barbara A. Schaal,"Peter H. Raven was a transformative leader whose influence extended far beyond his own research. From a precocious childhood passion for natural history to landmark contributions to coevolution, ecological speciation, biogeography, and botanical systematics, his career reshaped modern plant science. He was also an extraordinary mentor, collaborator, and institution builder spending most of his career as Director of the Missouri Botanical Garden and professor at Washington University in Saint Louis, while taking leadership roles at the National Academy of Sciences, the National Geographic Society, and many other organizations. Raven advanced global biodiversity conservation and scientific infrastructure and worked tirelessly to provide opportunities for emerging scholars worldwide. His legacy lies not only in the breadth of his scholarship and public service but also in his enduring commitment to connecting people, fostering collaboration, and helping others realize their potential.",crossref,0
QnAs with Richard Ostfeld,https://www.pnas.org/doi/abs/10.1073/pnas.2626100123?mi=eymic2&af=R&access=on&content=articlesChapters&publication=pnas&sortBy=Earliest&target=default,Proceedings of the National Academy of Sciences: Keyword search for query,2026-08-19 07:00:00 UTC,2026-08-19 07:00:00+00:00,10.1073/pnas.2626100123,Sandeep Ravindran,,,0
"Correction for Dervishi et al., Sterol divergence across eukaryotic kingdoms determines membrane susceptibility to saponins, a class of plant defense compounds",https://www.pnas.org/doi/abs/10.1073/pnas.2627895123?mi=eymic2&af=R&access=on&content=articlesChapters&publication=pnas&sortBy=Earliest&target=default,Proceedings of the National Academy of Sciences: Keyword search for query,2026-08-19 07:00:00 UTC,2026-08-19 07:00:00+00:00,10.1073/pnas.2627895123,,,,0
Unlocking dormant Li+ pathways drives fast ion transport in Li4Ti5O12 oxide spinels,https://www.science.org/doi/abs/10.1126/sciadv.aef5575?af=R,AAAS: Science Advances: Table of Contents,2026-08-19 07:00:00 UTC,2026-08-19 07:00:00+00:00,10.1126/sciadv.aef5575,H. Martin R. Wilkening,"Li-rich lithium titanate (Li
                    
                      4+
                      x
                    
                    Ti
                    5
                    O
                    12
                    ,
                    x
                     &gt; 0) is known for superior ionic conductivity, yet we show that stoichiometric Li
                    4
                    Ti
                    5
                    O
                    12
                    (LTO,
                    x
                     = 0), typically characterized by sluggish ion dynamics, can be transformed into a fast ion conductor without changing its Li content. Local defects, most notably oxygen vacancies, introduced by vacuum treatment activate a previously inaccessible 8
                    a
                    -16
                    c
                    -8
                    a
                    diffusion pathway in stoichiometric LTO, markedly enhancing Li
                    +
                    mobility throughout the bulk. Using a synergistic combination of impedance spectroscopy, solid-state nuclear magnetic resonance (NMR), and electron paramagnetic resonance (EPR), we resolve the diffusion processes responsible for this transformation. Lithium NMR unambiguously shows that a formerly localized Li
                    +
                    hopping process becomes long-range transport after vacuum treatment, evidencing the activation of extended diffusion pathways. Atomic-scale insights reveal defect-driven structural and dynamical priming that enables rapid Li
                    +
                    insertion, establishing zero-strain LTO as a leading anode for solid-state lithium batteries. Defect-mediated transport emerges as the key mechanism underlying these dynamics, resolving the long-standing conductivity puzzle of stoichiometric spinel LTO (
                    x
                     = 0) and indicating transferable pathways in related spinel-type ion conductors with similar Li
                    +
                    distributions.",crossref,0
Endometriosis-derived iPSCs reveal conserved stromal maturation and endocrine responsiveness,https://www.science.org/doi/abs/10.1126/sciadv.aeg2362?af=R,AAAS: Science Advances: Table of Contents,2026-08-19 07:00:00 UTC,2026-08-19 07:00:00+00:00,10.1126/sciadv.aeg2362,J. Julie Kim,"Endometriosis is a chronic, hormone-dependent disease characterized by altered endometrial stromal function, but mechanistic and translational studies have been hindered by the lack of tractable human models. Here, we establish an induced pluripotent stem cell (iPSC)–based platform derived from patients with endometriosis to model endometrial stromal differentiation in a controlled human context. Using a defined differentiation protocol, endometriosis-derived iPSCs transition from pluripotency through mesenchymal commitment toward stromal-like states and acquire transcriptional hormone responsiveness. Transcriptomic analyses reveal coordinated repression of pluripotency and proliferative programs with induction of stromal lineage signatures. Comparison with independent transcriptomic datasets demonstrated that in vitro–derived stromal cells progressively acquired gene expression profiles resembling eutopic endometrial stromal programs in endometriosis. Conditioned media from iPSC-derived stromal cells also induced transcriptional reprogramming in THP-1 macrophage-like cells. Together, these findings establish a patient-derived platform for investigating stromal differentiation and stromal-immune interactions in endometriosis.",crossref,0
SKI is critical to counter TGF-β signaling to promote T cell function and autoimmunity,https://www.science.org/doi/abs/10.1126/sciadv.aeb7051?af=R,AAAS: Science Advances: Table of Contents,2026-08-19 07:00:00 UTC,2026-08-19 07:00:00+00:00,10.1126/sciadv.aeb7051,Yisong Y. Wan,"Transforming growth factor–β (TGF-β) is central to suppressing T cell function to maintain tolerance and immune homeostasis. The current TGF-β signaling paradigm is however inadequate in explaining how TGF-β controls T cell function. Here, we found a previously unappreciated, SKI-dependent mechanism of TGF-β signaling to better explain how TGF-β restricts T cell function to bolster tolerance. We found that SKI protein was up-regulated in activated T cells and down-regulated in response to TGF-β, indicating a reciprocal relationship between SKI and TGF-β in controlling T cell function. T cell–specific SKI deletion ameliorated spontaneous lethal autoimmunity due to T cell–specific TGFβRII deletion and mitigated MOG/CFA-induced experimental autoimmune encephalomyelitis. SKI was required for activation-induced T cell function and related molecular programs. Therefore, inhibition of TGFβR not only results in the loss of Smad-dependent function but, more importantly, leads to the gain of SKI-dependent activity, which is essential for T cell–mediated autoimmunity. A critical mechanism underlying TGF-β–mediated suppression of T cell function is overcoming SKI activity.",crossref,0
Ptpn2 limits plasma cell fate and antiviral immunity by integrating B cell receptor and IFN-γ signals in B cells,https://www.science.org/doi/abs/10.1126/sciadv.aec0162?af=R,AAAS: Science Advances: Table of Contents,2026-08-19 07:00:00 UTC,2026-08-19 07:00:00+00:00,10.1126/sciadv.aec0162,Michel L. Tremblay,"Antigen-specific humoral responses are critical for long-term protection against infectious diseases, yet the mechanisms that regulate B cell differentiation and antibody production remain incompletely defined. Here, we identify the Protein Tyrosine Phosphatase Nonreceptor Type 2 (Ptpn2) as a B cell–intrinsic regulator of plasma cell fate and isotype switching. Using a B cell–specific Ptpn2 knockout mouse model, we show that Ptpn2 restrains both B cell receptor and interferon-γ (IFN-γ) signaling by directly dephosphorylating Lyn, STAT1, and STAT3. Loss of Ptpn2 leads to hyperactivation of these two signaling pathways, resulting in transcriptional reprogramming that promotes plasma cell differentiation and increased IFN-γ–driven antibody production. Functionally, Ptpn2-deficient mice generated enhanced primary antiviral antibody responses following influenza infection and elevated virus-specific and neutralizing titers upon recall without compromising affinity. These findings identify Ptpn2 as a key intracellular checkpoint that integrates antigenic and inflammatory cues to regulate humoral immunity, with potential implications for enhancing vaccine-induced protective immunity.",crossref,0
Structural basis for target discrimination and activation by Cas13d,https://www.science.org/doi/abs/10.1126/sciadv.aec4221?af=R,AAAS: Science Advances: Table of Contents,2026-08-19 07:00:00 UTC,2026-08-19 07:00:00+00:00,10.1126/sciadv.aec4221,Ilya J. Finkelstein,"CRISPR-Cas13d is increasingly used for RNA knockdowns, but off-target cleavage of near-cognate RNAs hinders its broader adoption. Here, we solve seven cryo–electron microscopy structures of wild-type Cas13d in complex with matched and mismatched targets. These structures reveal active, intermediate, and inactive states that illustrate a detailed activation mechanism. Upon target RNA binding, the CRISPR RNA undergoes marked conformational changes. The Helical-1 domain transitions from a docked state with the amino-terminal domain to an allosterically switched conformation that stabilizes the RNA duplex. Quantitative kinetics show that a single proximal mismatch preserves the binding rate constant but abolishes nuclease activity by trapping Cas13d in an inactive state. We also identify an active site loop in the higher eukaryotes and prokaryotes nucleotide-binding (HEPN) domains that regulates substrate accessibility and can be mutated to generate both hypo- and hyperactivated variants. These findings establish the structural basis for Cas13d mismatch surveillance and provide a framework for engineering HEPN nuclease specificity and activity.",crossref,0
Reconstructing pathogen-specific antibody binding epitopes and age-dependent immune signatures from proteomic-scale peptide libraries,https://www.science.org/doi/abs/10.1126/sciadv.aec5478?af=R,AAAS: Science Advances: Table of Contents,2026-08-19 07:00:00 UTC,2026-08-19 07:00:00+00:00,10.1126/sciadv.aec5478,Benjamin F. Arnold,"High-density peptide arrays are useful for mapping linear antibody epitopes and resolution of antibody specificity in a single-assay platform. Here, we used peptide library screening to evaluate magnitude and breadth of humoral responses to enteric pathogens in the context of public health interventions. We characterized the epitope landscape to known immunogenic proteins to several viruses, bacteria, and parasites and used that to infer immunological profiles at age 3, 14, and 28 months. The peptide libraries detected immune signatures better for viruses compared with bacteria and parasites and captured distinct dynamics of protein-level variation in immune signatures over time. We found limited sensitivity for bacterial and protozoan pathogens whose humoral responses may depend more on conformational or natively modified epitopes than linear-peptide binding. Unbiased peptide libraries have potential utility for broad analysis of antibody responses in integrated serosurveillance, but our results reveal pathogen-specific limitations where peptide-based serology would be less predictive of true infection status and where it would provide greater surveillance value. Beyond assay performance, peptide arrays are useful for studying epitope architecture, and a practical implication would require augmentation with alternative antigen formats (whole-protein or folded antigens) in a complementary hybrid approach.",crossref,0
Targeting PKGIα Cys42 attenuates cardiac dysfunction in heart failure with preserved ejection fraction,https://www.science.org/doi/abs/10.1126/sciadv.aec8088?af=R,AAAS: Science Advances: Table of Contents,2026-08-19 07:00:00 UTC,2026-08-19 07:00:00+00:00,10.1126/sciadv.aec8088,Joseph R. Burgoyne,"Heart failure with preserved ejection fraction (HFpEF) is a highly prevalent condition associated with substantial morbidity and mortality, yet effective therapeutic options remain limited. As oxidation of Cys
                    42
                    in cyclic guanosine monophosphate (cGMP)-dependent protein kinase Iα (PKGIα) can enhance vessel and diastolic relaxation, processes impaired in HFpEF, we sought to target this mechanism using natural compounds with predicted thiol reactivity. Among these, urolithin A emerged as a compound with a previously unidentified and counterintuitive mode of action, directly modifying Cys
                    42
                    in PKGIα. In a multihit HFpEF model that closely mimics the human condition, urolithin A improved diastolic function and attenuated cardiac remodeling through cysteine 42–dependent activation of PKGIα. These findings were further validated in human engineered heart tissue, where urolithin A enhanced both relaxation and contraction kinetics. These findings collectively highlight Cys
                    42
                    in PKGIα as a promising therapeutic target for HFpEF and identify urolithin A as a previously unidentified activator of this protective mechanism.",crossref,0
Reconstruction and attribution of Late-Pleistocene changes in the Earth’s energy imbalance,https://www.science.org/doi/abs/10.1126/sciadv.aec9034?af=R,AAAS: Science Advances: Table of Contents,2026-08-19 07:00:00 UTC,2026-08-19 07:00:00+00:00,10.1126/sciadv.aec9034,Feng He,"The Earth’s energy imbalance (EEI) that develops at the top of the atmosphere is accommodated by gains or losses of energy in Earth’s heat reservoirs, leading to temperature and sea level change. The global ocean has stored about 90% of the EEI from anthropogenic forcing, but the attribution of past changes of EEI remains largely unknown, thus obscuring our understanding of past climate change. Here, we reconstruct changes in mean ocean temperature over the past 150,000 years that, with a reconstruction of ice sheet–volume changes, allow us to isolate the contributions of the dominant ocean and ice sheet heat reservoirs to the global energy inventory as well as to derive their associated contributions to EEI. We attribute orbital-scale EEI variability to joint precessional and CO
                    2
                    forcing that caused changes in rates of ice sheet energy storage. In contrast, millennial-scale EEI variability can be attributed to radiative responses to decreases in the Atlantic meridional overturning circulation and increasing CO
                    2
                    during Heinrich stadials that caused changes in rates of ocean energy storage.",crossref,0
"The structure of a complex, asymmetric coronal mass ejection revealed by 17 spacecraft across the inner heliosphere",https://www.science.org/doi/abs/10.1126/sciadv.aed9960?af=R,AAAS: Science Advances: Table of Contents,2026-08-19 07:00:00 UTC,2026-08-19 07:00:00+00:00,10.1126/sciadv.aed9960,Norbert Krupp,"Coronal mass ejections (CMEs) are enormous bursts of plasma and magnetic field from the Sun that propagate explosively through the Solar System. CMEs are the primary drivers of the most severe space-weather events, posing major radiation hazards for human exploration beyond Earth’s magnetosphere, including missions to the Moon and Mars. During Europa Clipper’s cruise between Earth and Mars, its Plasma Instrument for Magnetic Sounding (PIMS) recorded unusual solar-wind conditions later identified as the wake of a complex CME. Data from an unprecedented network of 17 spacecraft across the inner Solar System revealed a hidden Earth-directed component that propagated asymmetrically and could not have been predicted without off-Sun-Earth-line observations. This component also affected Europa Clipper and Mars, demonstrating how a missed forecast of this kind could endanger a crewed mission. These findings highlight the need for multipoint observations, including planetary missions in cruise, to improve space-weather forecasting, mission planning, and operations.",crossref,0
AI-driven robotics for optics,https://www.science.org/doi/abs/10.1126/sciadv.aee1381?af=R,AAAS: Science Advances: Table of Contents,2026-08-19 07:00:00 UTC,2026-08-19 07:00:00+00:00,10.1126/sciadv.aee1381,Marin Soljačić,"Optical experiments are essential across science and technology, yet their design, assembly, and alignment remain predominantly manual, limiting throughput, reproducibility, and scalability. Automating such experiments is challenging because of stringent precision requirements and the diversity of setups in typical real-world optical laboratory environments. Here, we introduce a platform that integrates generative artificial intelligence, computer vision, and precision robotics to automate free-space optical experiments. The system translates user-defined goals into valid optical configurations, assembles them with submillimeter accuracy, and performs micrometer-scale fine alignment using a robotic tool. It then executes a range of accurate measurements, including beam characterization, polarization mapping, and spectroscopy. This work establishes a platform for reconfigurable optics automation, potentially enabling programmable and adaptive experimental workflows.",crossref,0
Ultrafast energy transfer across Pd/MXene interface via hot phonon-electron interactions,https://www.science.org/doi/abs/10.1126/sciadv.aee2017?af=R,AAAS: Science Advances: Table of Contents,2026-08-19 07:00:00 UTC,2026-08-19 07:00:00+00:00,10.1126/sciadv.aee2017,Xueming Yang,"The interfacial structure and energy transfer (ET) in heterostructures have attracted tremendous attention for their growing importance in thermal management, catalysis, and optoelectronic applications. However, the role of carrier-lattice interaction in interfacial ET at the nanoscale remains unclear. Here, we construct metal/MXene heterostructures via in situ chemical growth as platforms to study interfacial energy flow. On the basis of femtosecond transient absorption spectroscopic measurements, interfacial ET within ∼1.3 picoseconds is observed in Pd/MXene, which could not be explained by traditional phonon-phonon interaction. Experimental results combined with density functional theory calculations identify an ultrafast ET route involving strong interfacial coupling and high-density-of-state electrons near the Fermi level, enabling hot phonon–driven electron excitation. Distinct from conventional diffusive phonon processes, this ET route exhibits higher ET rate and efficiency with increasing absorbed photon energy and pump fluence. These findings reveal that the tuning of interfacial chemical bonds holds the promise to achieve high-efficiency energy transport across nanoscale interfaces.",crossref,0
Unconventional role of hydroxymethylglutaryl-CoA synthase 1 in driving pathogenic TH17 cell immunity and autoimmune diseases,https://www.science.org/doi/abs/10.1126/sciadv.aee4337?af=R,AAAS: Science Advances: Table of Contents,2026-08-19 07:00:00 UTC,2026-08-19 07:00:00+00:00,10.1126/sciadv.aee4337,Bing Wu,"T helper 17 (T
                    H
                    17) cells are heterogeneous and able to adopt pathogenic and non-pathogenic phenotypes. Identifying factors controlling pathogenic T
                    H
                    17 cells is of importance for their vital role in inflammation and immune-pathology. Here, we demonstrated that HMGCS1, a cholesterol biosynthesis precursor enzyme, was highly induced by inflammatory cytokines and preferentially expressed by pathogenic T
                    H
                    17 cells in vitro and in vivo. HMGCS1 specifically dictated pathogenic T
                    H
                    17 cell differentiation and augmented autoimmune diseases, yet it has no discernible effect on nonpathogenic T
                    H
                    17 cells. Unexpectedly, this role is independent of its canonical function in cholesterol metabolism but requires its catalytic Cys
                    129
                    residue. Notably, HMGCS1 governs pT
                    H
                    17 cell generation and pathogenicity by leveraging an IRE1α-XBP1s–dependent ER stress response, which in turn transcriptionally activates the lineage-defining factor RORγt (encoded by
                    Rorc
                    ). Mechanistically, HMGCS1 is located to the ER membrane, where it bound and stabilized IRE1α protein. This stabilization is achieved by preventing IRE1α’s interaction with the E3 ubiquitin ligase MARCH5, thereby inhibiting its K48-linked ubiquitination and subsequent degradation. Moreover, interfering with HMGCS1 or the ER stress response in T cells impedes pT
                    H
                    17 immunity and mitigates autoimmune disease in vivo. Therefore, our work unveils a noncanonical axis in which HMGCS1 sustains ER stress to license pT
                    H
                    17 differentiation during autoimmune responses.",crossref,0
Large language models enhance annotation of enzymes in metagenomes,https://www.science.org/doi/abs/10.1126/sciadv.aee4389?af=R,AAAS: Science Advances: Table of Contents,2026-08-19 07:00:00 UTC,2026-08-19 07:00:00+00:00,10.1126/sciadv.aee4389,Guanxiang Liang,"Metagenomic data have notable biological potential, but their functional interpretation is frequently impeded by incomplete protein function annotations. Accurate enzyme annotation is essential for elucidating the metabolic capabilities of microbial communities within metagenomic datasets. To address this challenge, we developed FEDKEA, an enzyme annotation tool leveraging protein language models, and provided a web platform for its use. In addition, we designed a user-friendly, FEDKEA-based metagenomic pipeline, MEnzMap, which encompasses the entire analysis workflow—from raw data quality control to function prediction and downstream analyses. Applying MEnzMap to human gut metagenomic data from the iHMP2 project, we generated a comprehensive enzyme profile landscape for both healthy individuals and patients with inflammatory bowel diseases. These tools provide an efficient method for the functional annotation of microbial dark matter and facilitate the identification of disease-associated enzymes.",crossref,0
"Perspiration vapor lightens near-skin air, but hinders human evaporative cooling in arid heat",https://www.science.org/doi/abs/10.1126/sciadv.aee4703?af=R,AAAS: Science Advances: Table of Contents,2026-08-19 07:00:00 UTC,2026-08-19 07:00:00+00:00,10.1126/sciadv.aee4703,Konrad Rykaczewski,"Sweat evaporation is the body’s primary cooling mechanism, yet the physical factors governing it are not fully understood. We identify a “dueling buoyancy” effect in the context of the human body, in which perspiration vapor reduces the near-skin air density, counteracting the downward flow driven by cooling of warm air upon contact with the skin. In hot, arid, stagnant environments, this opposing buoyancy suppresses free convection and can reduce sweat evaporation by more than half. As a result, commonly used thermoregulation models can substantially underpredict body temperature (e.g., by 1°C after 2 hours of exposure to typical Arizona summer conditions). We develop compact, physics-informed models for free-convective heat transfer coefficients across wide temperature and humidity ranges, enabling improved thermoregulation modeling and thermal audits. These results enhance understanding of human heat balance and support more accurate heat-stress assessment to inform behavioral, infrastructural, and policy decisions for extreme-heat adaptations.",crossref,0
Tree selection in urban greening shapes air quality for global cities,https://www.science.org/doi/abs/10.1126/sciadv.aee5583?af=R,AAAS: Science Advances: Table of Contents,2026-08-19 07:00:00 UTC,2026-08-19 07:00:00+00:00,10.1126/sciadv.aee5583,Min Shao,"Mitigating ozone pollution remains a pressing challenge for megacities worldwide. Biogenic volatile organic compounds (VOCs) are proposed as pivotal precursors to urban ozone formation. However, direct observational evidence is scarce and the extent of this effect across cities is unclear. Here, by combining an unprecedented eddy covariance flux dataset from Beijing with modeling analysis, we find that urban vegetation contributes over half of organic reactivity essential for ozone production, predominantly driving ozone exceedances during hot periods. The unexpectedly high biogenic influences are attributed to the abundance of urban trees with strong emission potentials of VOCs within the city. Model extrapolations reveal that similar or even greater challenges exist for other cities across Asia and Oceania, where urban greening strategies often favor highly emitting trees. Our findings underscore the critical need for selective urban planning in greening programs to counteract a warming climate.",crossref,0
Ni‐Rich Cathodes for High‐Energy All‐Solid‐State Batteries Suppressing Phase‐Gradients,https://advanced.onlinelibrary.wiley.com/doi/10.1002/aenm.71455?af=R,Wiley: Advanced Energy Materials: Table of Contents,2026-08-19 07:20:04 UTC,2026-08-19 07:20:04+00:00,10.1002/aenm.71455,Yang‐Kook Sun,"ABSTRACT
                  
                    All‐solid‐state batteries (ASSBs) based on Ni‐rich layered cathode active materials (CAMs) promise high energy density and enhanced safety; however, their electrochemical performance is inferior to that of conventional Li‐ion batteries. A key challenge is the inefficient Li‐ion diffusion within the CAM particles, which limits Li‐ion utilization. Here, we investigate how the Ni‐rich Li[Ni
                    0.921
                    Co
                    0.069
                    Al
                    0.01
                    ]O
                    2
                    (NCA) CAM microstructure, tuned by doping with Ti
                    4+
                    , Ta
                    5+
                    , and W
                    6+
                    , influences the electrochemical performance of ASSBs. It is revealed that the CAM microstructure plays a crucial role in governing the Li‐ion diffusion dynamics, suppressing microcrack formation, and mitigating phase‐gradient development within the secondary CAM particles, thereby strongly influencing the overall electrochemical performance. W‐doped NCA, which features the most radially aligned columnar primary particles, provides efficient and sustainable Li‐ion diffusion pathways, leading to superior capacity, rate capability, and cycling retention. Furthermore, transmission electron microscopy revealed that W doping suppresses the formation of a crystallographic phase gradient, which is indicative of surface‐to‐core electrochemical heterogeneity within secondary CAM particles in ASSBs. These insights provide essential design principles for the optimization of Ni‐rich CAMs for ASSBs.",crossref,0
Half‐Electrode Absence and Asymmetric Arrangement Design Integrated With Shielding Electrodes for Boosting Sliding Triboelectric Nanogenerator Performance,https://advanced.onlinelibrary.wiley.com/doi/10.1002/aenm.71476?af=R,Wiley: Advanced Energy Materials: Table of Contents,2026-08-19 07:40:32 UTC,2026-08-19 07:40:32+00:00,10.1002/aenm.71476,Chenguo Hu,"ABSTRACT
                  Enhance charge transmission performance of sliding mode triboelectric nanogenerators (TENG) is critical approach for achieving efficient energy harvesting in constructing self‐powered systems. However, the charge transmission efficiency in practical applications remains challenge, and the output current regulation and control are still deficiency. Herein, a half‐electrode absence and asymmetric arrangement design combined with shielding‐electrodes (HAS) strategy is proposed to address the low charge transmission efficiency and output current loss for sliding‐TENGs. Through this unique design of the electrode structure and the interaction between different materials, HAS‐TENG enables uniform charge accumulation across the entire surface of the dielectric layer and prevents output current distortion. Additionally, the corresponding equivalent circuit model and dynamic charge transfer mechanism of the HAS‐TENG are analyzed. The HAS‐TENG outputs a root‐mean‐square current of 3.86 µA, which is approximately 3.3 and 2.2 times that of the sliding‐TENG and the charge‐space accumulation TENG, respectively, under equivalent dimensions. Furthermore, based on the charge accumulation effect, the rotational HAS‐TENG not only maintains a stable current after 100 000 operating cycles but also achieves an average power output of 53.94 mW. This work offers design strategies for optimizing charge accumulation and transport performance in sliding‐mode TENG, facilitating its path toward practical application.",crossref,0
