title,link,source,published_str,pub_date,doi,last_author,abstract,abstract_source,must_have_abstract
Anxious or outgoing? Huge study links ‘Big Five’ personality traits to genetic variants,https://www.nature.com/articles/d41586-026-02761-5,Nature,2026-09-02 00:00:00 UTC,2026-09-02 00:00:00+00:00,10.1038/d41586-026-02761-5,Ewen Callaway,"Researchers identify more than 1,200 personality-linked genetic variants, with effects largely independent of family background.",rss_nature,0
Lower-temperature bulk depolymerization of commercial polymethacrylates,https://www.nature.com/articles/s41557-026-02232-4,Nature Chemistry,2026-09-02 00:00:00 UTC,2026-09-02 00:00:00+00:00,10.1038/s41557-026-02232-4,Athina Anastasaki,"Abstract
                  
                    Chemical recycling back to monomer represents an attractive methodology to tackle plastic waste. However, current reports focus on either thermally unstable ‘designer’ polymers or highly diluted solution depolymerizations. Here we report a simple, yet efficient, bulk main-chain scission pathway, whereby the presence of
                    N
                    -hydroxyphthalimides triggers a hydrogen-atom-transfer reaction on the polymer backbone, followed by the rapid and near-quantitative depolymerization of polymethacrylates. Notably, this strategy can be directly applied to crude commercial polymers, does not rely on preinstalled end-groups or sacrificial co-monomers, operates at relatively low temperatures in the absence of light irradiation and precludes the use of a solvent, therefore enabling direct isolation of pristine monomers in high yields (∼90%). The methodology is compatible with polymethacrylates synthesized by either anionic, free radical or controlled radical polymerization and can also be applied to ultrahigh-molecular-weight materials (&gt;10
                    6
                     Da).",crossref,0
Palladium-triggered bioorthogonal phenylalanine decaging,https://www.nature.com/articles/s41557-026-02226-2,Nature Chemistry,2026-09-02 00:00:00 UTC,2026-09-02 00:00:00+00:00,10.1038/s41557-026-02226-2,Peng R. Chen,"Phenylalanine (Phe) orchestrates protein interfacial hydrophobicity and π-driven interactions that are critical for diverse biological processes. Its nonpolar architecture, however, precludes traditional heteroatom-dependent reactions, leaving its functional manipulation in living systems unresolved. Here, by systematically evaluating exogenous heteroatom-based (X = O, N, B or I) caging groups under physiological conditions, we present a haloatom-assisted decaging strategy that uses iodine to cage Phe's side chain. This blockade can be tracelessly rescued through palladium-triggered bioorthogonal decaging. Through precise modulation, the haloatom-assisted decaging strategy enables: unmasking fluorophore activity, directing peptide disassembly, reactivating protein-protein interactions and rewiring cell-cell recognition. Using genetic code expansion, we site-specifically incorporated iodinated Phe into HER2-targeting affibodies for dynamic control of ligand-receptor interaction on the cell surface. Moreover, Phe decaging permits temporally controlled reshaping of antigenic peptide immunogenicity on tumour cells, thereby rewiring tumour-T cell engagement. We further optimized the decaging chemistry in cell lysates as well as inside living cells, which unlocks the possibility of chemically manipulating ubiquitous and functionally critical nonpolar groups in living systems.",pubmed,0
Spaceborne sensing exposes Earth’s climate weak spots,https://www.nature.com/articles/s44460-026-00141-0,Nature Sensors,2026-09-02 00:00:00 UTC,2026-09-02 00:00:00+00:00,10.1038/s44460-026-00141-0,Giovanni Maria Matrone,Spaceborne sensing exposes Earth’s climate weak spots,rss_nature,0
Human judgment in AI-assisted dermatology,https://www.nature.com/articles/s44460-026-00136-x,Nature Sensors,2026-09-02 00:00:00 UTC,2026-09-02 00:00:00+00:00,10.1038/s44460-026-00136-x,Frank Sun,Human judgment in AI-assisted dermatology,rss_nature,0
The nutritional value of invertebrate aquatic foods,https://www.nature.com/articles/s41586-026-10908-7,Nature,2026-09-02 00:00:00 UTC,2026-09-02 00:00:00+00:00,10.1038/s41586-026-10908-7,Christopher D. Golden,"Abstract Aquatic invertebrates are a diverse, nutrient-dense, and socio-ecologically important food whose contribution to human nutrition is frequently overlooked. We quantify their contribution to global nutrient supplies and estimate the nutrient content of >50,000 macroinvertebrate species. Current aquatic invertebrate production supplies the equivalent annual requirement for >6 billion people in terms of vitamin B12 and selenium; >1 billion people for copper, omega 3 fatty acids, iodine and zinc; and >100 million people for nutrients such as vitamins B2 and B3, iron, manganese, and magnesium. Nutrient composition differs among taxonomic groups, consumption patterns, and environmental and life-history factors. Our study highlights the benefits of integrating aquatic invertebrates into dietary portfolios across global societies, mainstreaming their nutritional importance in development projects, sustainability assessments and food policy.",openalex,0
Current therapeutic landscape and future treatment perspectives of MASH,https://www.nature.com/articles/s41586-026-10672-8,Nature,2026-09-02 00:00:00 UTC,2026-09-02 00:00:00+00:00,10.1038/s41586-026-10672-8,Mathias Heikenwalder,"Metabolic dysfunction-associated steatohepatitis (MASH), the progressive form of metabolic dysfunction-associated steatotic liver disease (MASLD), is a heterogeneous and systemic disease that confers risk not only for cirrhosis and hepatocellular carcinoma (HCC) but also for extrahepatic complications including cardiovascular disease and chronic kidney disease. Over the past decade, numerous late-stage clinical trials have advanced the therapeutic landscape of MASH, culminating in a pivotal inflection point with accelerated approval of the thyroid hormone receptor-β (THRβ) agonist resmetirom and the glucagon-like peptide-1 receptor (GLP-1R) agonist semaglutide, establishing pharmacological options for patients with non-cirrhotic MASH and fibrosis. Concurrently, growing evidence indicates that MASH comprises distinct, partially overlapping disease subsets, ranging from liver-centric phenotypes with accelerated fibrogenesis and liver-related outcomes to cardiometabolic phenotypes characterized by insulin resistance and increased cardiovascular risk. This suggests that optimal treatment efficacy will require stratified and potentially combinatorial approaches. In addition to lifestyle interventions, a cornerstone of MASLD management, pharmacotherapies targeting metabolic dysfunction (including PPAR agonists, FGF21 analogues or incretin-based and glucagon-based therapies), fibrogenesis, inflammation and/or the gut-liver axis are emerging. In this Review, we summarize the therapeutic landscape for MASH and discuss how recent advances in disease phenotyping and biomarkers may enable a transition towards personalized therapy.",pubmed,0
Explainable deep learning improves human mental models of self-driving cars,https://www.nature.com/articles/s41586-026-10950-5,Nature,2026-09-02 00:00:00 UTC,2026-09-02 00:00:00+00:00,10.1038/s41586-026-10950-5,Julie A. Shah,"Abstract
                  
                    Self-driving cars increasingly rely on deep neural networks to achieve human-like driving
                    1–3
                    . The opacity of these black-box planners makes it challenging to accurately anticipate when they will fail
                    4–6
                    , with potentially catastrophic consequences
                    7–9
                    . Although research into interpreting these systems has surged, most of it is confined to simulations or toy setups because of the difficulty of real-world deployment
                    10,11
                    , leaving the practical utility of these techniques unknown. Here, we introduce the Concept-Wrapper Network (CW-Net), a method for faithfully explaining the behaviour of machine-learning-based planners that causally grounds their reasoning in human-interpretable concepts without sacrificing performance. We deploy CW-Net on a real self-driving car and show that the resulting explanations improve the human driver’s mental model of the vehicle, allowing them to better predict its behaviour, particularly in surprising situations. This demonstrates that explainable deep learning integrated into self-driving cars can be both understandable and useful in a realistic deployment setting. We anticipate our method could be applied to other safety-critical systems, such as autonomous drones and robotic surgeons, as well as to other architectures, such as end-to-end learning systems and vision–language–action models. Overall, our study establishes a deployment-validated pathway to interpretability for autonomous agents, which could help make them more transparent and safe.",crossref,0
Author Correction: Endocannabinoids facilitate reward engagement through retrograde gain control,https://www.nature.com/articles/s41586-026-11104-3,Nature,2026-09-02 00:00:00 UTC,2026-09-02 00:00:00+00:00,10.1038/s41586-026-11104-3,Michael R. Bruchas,Author Correction: Endocannabinoids facilitate reward engagement through retrograde gain control,rss_nature,0
Author Correction: Signalling thresholds and negative B-cell selection in acute lymphoblastic leukaemia,https://www.nature.com/articles/s41586-026-11080-8,Nature,2026-09-02 00:00:00 UTC,2026-09-02 00:00:00+00:00,10.1038/s41586-026-11080-8,Markus Müschen,Author Correction: Signalling thresholds and negative B-cell selection in acute lymphoblastic leukaemia,rss_nature,0
Retraction Note: Warming accelerates global drought severity,https://www.nature.com/articles/s41586-026-11027-z,Nature,2026-09-02 00:00:00 UTC,2026-09-02 00:00:00+00:00,10.1038/s41586-026-11027-z,Simon J. Dadson,"The authors have retracted this article after being notified of errors in the paper and independently identifying further issues. First, area-weighted grid cells were not used when calculating study-wide averages, an error that affected numerical values in the main text, Fig. 1b, and Extended Data Figs. 4 and 8. Second, results based on GLEAM v3 instead of GLEAM4 were inadvertently used in Extended Data Fig. 4: the two datasets are largely consistent for 1981–2021, but the area weighting based on GLEAM4 resulted in a reduced drought-affected area in 2022. Third, the underlying code included a timestepping error in the computation of regional drought-affected areas, meaning that dates were not properly parsed when subsetting the data for the 1981–2017 and 2018–2022 periods. This misclassification of time steps affected the regional averages in Extended Data Fig. 8h. Finally, it was not clearly explained how masking was applied in calculations. To clarify this point: the arid regions mask (defined as areas with mean annual precipitation < 180 mm) was applied to the SPEI time series in Fig. 1a but not Fig. 1b (the same distinction applies to Extended Data Figs. 4 and 8). The rationale for the masking approach was that in dry regions, extremely negative SPEI is common (associated with zero precipitation), and it was judged that their inclusion would have generated unrealistically low average values. Because the % values in Fig. 1b are insensitive to negative outliers, the mask was not applied there. Although the authors are willing to correct and clarify the above matters, given the scope of the necessary corrections and the need for additional revision and peer review, the authors have decided to retract the paper and to resubmit a fully revised and corrected version for peer review. All authors agree with the retraction.",openalex,0
Audio long read: Could mending damaged DNA prolong life?,https://www.nature.com/articles/d41586-026-02762-4,Nature,2026-09-02 00:00:00 UTC,2026-09-02 00:00:00+00:00,10.1038/d41586-026-02762-4,Benjamin Thompson,Researchers are hunting for ways to enhance DNA repair with the hopes that this will keep people healthier for longer.,rss_nature,0
Molecular mechanisms and pathogenesis of MASH,https://www.nature.com/articles/s41586-026-10529-0,Nature,2026-09-02 00:00:00 UTC,2026-09-02 00:00:00+00:00,10.1038/s41586-026-10529-0,Mathias Heikenwalder,"Metabolic dysfunction-associated steatotic liver disease (MASLD), including its progressive form metabolic dysfunction-associated steatohepatitis (MASH), represents the hepatic manifestation of metabolic syndrome and is increasingly recognized as a multi-organ disease. MASLD is now the most prevalent chronic liver disease worldwide and a rising indication for liver transplantation. MASLD incidence continues to increase, driven by sedentary lifestyles, the obesity epidemic and associated pathologies such as type 2 diabetes. MASH is a significant risk factor for fibrosis, cirrhosis and hepatocellular carcinoma (HCC)-a leading cause of cancer-related death. Over the past decade, substantial progress has been made in elucidating the molecular and cellular mechanisms driving MASLD initiation and progression. Key pathogenic processes include insulin resistance, genetic drivers, dysregulated hepatic lipid metabolism, lipotoxicity, adipose tissue dysfunction, immune-mediated inflammation, fibrogenesis and perturbations of the gut-liver axis. Increasingly, these mechanistic insights are informing clinical translation. Genetic risk variants and polygenic risk scores are beginning to enable improved risk stratification for disease progression and HCC. Furthermore, therapeutic strategies targeting defined metabolic pathways are emerging, including approaches that reduce hepatic lipogenesis or modulate mitochondrial metabolism. Here we highlight the state of the art of molecular and cellular mechanisms underlying MASH pathogenesis and its transition to HCC.",pubmed,0
Can GLP-1 drugs slow ageing? Mouse study shows promise,https://www.nature.com/articles/d41586-026-02757-1,Nature,2026-09-02 00:00:00 UTC,2026-09-02 00:00:00+00:00,10.1038/d41586-026-02757-1,Mariana Lenharo,Older female mice given an anti-obesity medication lived longer and in better health than did mice not taking one.,rss_nature,0
Rewiring the ribosome to translate proteins encoded in its own RNA,https://www.nature.com/articles/s41586-026-10962-1,Nature,2026-09-02 00:00:00 UTC,2026-09-02 00:00:00+00:00,10.1038/s41586-026-10962-1,Alexander S. Mankin,"Cellular protein synthesis relies on random encounters between ribosomes and mRNAs, limiting optimization of the translation machinery for production of a single protein-a key need in biotechnology. One potential solution is integrating the protein-coding sequence into the ribosome itself, thereby committing the ribosome to synthesis of a single polypeptide. The feasibility of such integration could also address a long-standing challenge in RNA world models: explaining how early protein synthesis could function reliably despite the scarcity and poor organization of its components1. Whether a ribosome can translate its own ribosomal RNA (rRNA) has remained unclear. Here we show that bacterial ribosomes can synthesize proteins encoded within their own RNA. We engineered a chimeric messenger-ribosomal RNA (mrRNA) by appending a protein-coding sequence to 16S rRNA. The hybrid mrRNA assembles into a small ribosomal subunit that binds to the large subunit to form Ribo-M, a ribosome capable of translating mrRNA-encoded proteins. Translation is abolished by mutations or antibiotics that impair the function of the small subunit, demonstrating that mrRNA translation is carried out in cis by ribosomes assembled on the chimeric mrRNA. Incorporating mrRNA into a ribosome with tethered subunits yielded Ribo-TM, in which encoding, decoding and peptide synthesis are united within a single RNA scaffold. These findings establish the mechanistic feasibility of a ribosome translating its own rRNA in vivo and in vitro, offering a versatile platform for orthogonal protein production and insights into the origin of translation.",pubmed,0
Pines grow faster and are more drought resilient in the Southern Hemisphere,https://www.nature.com/articles/s41586-026-10969-8,Nature,2026-09-02 00:00:00 UTC,2026-09-02 00:00:00+00:00,10.1038/s41586-026-10969-8,Ragan M. Callaway,"Drought-induced conifer mortality is a global concern1, yet conifers native to the Northern Hemisphere that have been planted at massive scales in the Southern Hemisphere do not appear to show the same magnitude of growth decline or mortality as in their native ranges. Using a standardized dendrochronological survey at 192 sites across four continents, we find that Northern Hemisphere conifers grow up to four times faster in the Southern Hemisphere and are also more resistant and resilient to drought than conspecifics in native ranges, suggesting that non-native populations respond fundamentally different to abiotic stress. Conifers in non-native ranges had higher concentrations of non-structural carbohydrates, commonly associated with drought tolerance2,3, and lower δ13C values, consistent with lower stomatal limitations on photosynthesis. In sum, higher concentrations of non-structural carbohydrate, lower δ13C values and higher stem growth rates all point towards higher net carbon assimilation by conifers in non-native ranges. This paradoxical combination of high growth rates yet resilience to drought emphasizes the importance of integrating eco-evolutionary history into ecological theory and is relevant for assessing the ultimate role of afforestation as global carbon sinks.",pubmed,0
Atmospheric CH4 plateau sustained by NOx emission rise and southward shift,https://www.nature.com/articles/s41586-026-10983-w,Nature,2026-09-02 00:00:00 UTC,2026-09-02 00:00:00+00:00,10.1038/s41586-026-10983-w,Shushi Peng,"Methane exhibits decadal variability in atmospheric growth rates1. During the 1990s, atmospheric methane growth slowed relative to the 1980s, largely attributed to the stabilization or decline in anthropogenic emissions2-7. By contrast, economic expansion in the early 2000s (ref. 8) led to an increase in anthropogenic methane emissions9. The anticipated rise in atmospheric methane concentrations, however, was not detected by global monitoring networks1. Instead, almost no atmospheric methane growth was observed between 1999 and 2006 (ref. 1). Several hypotheses have been proposed to explain this methane plateau10-13, but the underlying causes remain uncertain3. Here we combine model simulations with methane and isotopic observations and attribute the plateau to a 1.4 ± 0.4% hydroxyl radical (OH) increase during 2000-2006 relative to 1999, mostly occurring in the tropics. We find that the tropical OH enhancement was primarily driven by a global rise and spatial redistribution of nitrogen oxides (NOx) emissions towards developing regions and the oceans, spurred by economic growth in tropical countries and increased shipping emissions linked to global trade expansion14,15. These changes led to an amplified global methane loss of 2.2 ± 0.7% during 2000-2006 and 3.7 ± 1.3% in 2006 relative to 1999, with the 2000-2006 enhancement equivalent to 136% [90%, 184%] of the contemporaneous anthropogenic methane emission growth, thereby sustaining the observed methane plateau.",pubmed,0
Automating electrochemistry with microfabricated interdigitated electrode arrays,https://www.nature.com/articles/s44359-026-00217-7,Nature Reviews Clean Technology,2026-09-02 00:00:00 UTC,2026-09-02 00:00:00+00:00,10.1038/s44359-026-00217-7,Zirui Wang,Zirui Wang explains how interdigitated electrode arrays can be used to streamline studies for electrochemical systems.,rss_nature,0
Functional chimeric mRNAs encode proteins in mammalian immunity,https://www.nature.com/articles/s41586-026-10982-x,Nature,2026-09-02 00:00:00 UTC,2026-09-02 00:00:00+00:00,10.1038/s41586-026-10982-x,Ruaidhrí Jackson,"Abstract
                  
                    Individual mammalian mRNAs and proteins are typically believed to originate from single genomic loci, with isoform diversity arising through
                    cis
                    -splicing of pre-mRNA. Whether mRNA from distant genes can undergo
                    trans
                    -splicing to generate functionally relevant chimeric transcripts has remained unclear. Here we develop a pipeline combining long-read direct RNA sequencing with non-targeted and targeted validation to identify chimeric transcripts in macrophages. Chromatin conformation capture studies reveal that inflammation induces interchromosomal DNA interactions, positioning parent genes proximally to facilitate the formation of chimeric mRNA. Notably, we identify a protein-coding chimeric mRNA representing a fusion between the pore-forming protein gasdermin D (GSDMD)
                    1,2
                    and a C-terminal domain translated out of frame from
                    Tmem106a
                    (
                    Gsdmd
                    -
                    Tmem106a
                    ) in mice. We show that inflammasome priming upregulates
                    Gsdmd
                    -
                    Tmem106a
                    , with the protein localizing to the plasma membrane. After activation of the inflammasome, GSDMD–TMEM106A directly interacts with canonical GSDMD N termini to accelerate and enhance pore formation and IL-1β release. Finally, we show that GSDMD–TMEM106A balances host defence and immunopathology in vivo: its loss protects against lethal sepsis but compromises antibacterial defence, whereas overexpression enhances host protection while increasing sepsis lethality. We establish that protein-coding chimeric mRNAs formed by regulated transcript fusion events are operative during inflammation and immunity.",crossref,0
3D epigenome of glial cell types in developing human cortex,https://www.nature.com/articles/s41586-026-10987-6,Nature,2026-09-02 00:00:00 UTC,2026-09-02 00:00:00+00:00,10.1038/s41586-026-10987-6,Yin Shen,"Abstract
                  
                    The human cortex is complex and heterogeneous, undergoing extensive expansion during development
                    1,2
                    . Our prior study of neurogenesis, including radial glia (RG), intermediate progenitor cells, excitatory neurons and interneurons demonstrated that chromatin looping underlies transcriptional regulation for lineage-specific genes, shedding light on how non-coding genetic variants contribute to neuropsychiatric disorders by means of cell-type-specific gene regulation
                    3
                    . RG have a crucial role in generating cellular diversity through both neurogenesis and gliogenesis and can be further classified into ventricular RG (vRG) and outer RG (oRG)
                    4,5
                    . Given their significance in cortical development, we conducted a comprehensive three-dimensional (3D) epigenomic analysis of four main glial populations, including vRG, oRG, oligodendrocyte precursor cells and microglia, from the mid-gestational human neocortex. By integrating gene expression, chromatin accessibility, DNA methylation and 3D chromatin interactions, we identified cell-type-specific candidate
                    cis
                    -regulatory elements (cCREs) and validated their regulatory function using transgenic mouse embryos. Using machine learning, we prioritized 112 schizophrenia risk variants within glia cCREs and further confirmed the predicted vRG enhancer disruption by the rs4449074 risk allele in vivo. Finally, oRG cCREs are enriched for human accelerated regions compared with other cCREs and a subset of human accelerated regions show activity differences from their chimpanzee orthologues that interact with genes involved in neuronal development. Our findings advance the understanding of human-specific gene regulation during corticogenesis.",crossref,0
Connectome analysis of a cerebellum-like circuit for sensory prediction,https://www.nature.com/articles/s41586-026-10690-6,Nature,2026-09-02 00:00:00 UTC,2026-09-02 00:00:00+00:00,10.1038/s41586-026-10690-6,Nathaniel B. Sawtell,"Many forms of learning, for example, learning a model of the environment or a motor skill, rely on synaptic plasticity that is widely distributed across cell types and network stages. Understanding how this distributed plasticity functions is a central challenge in neuroscience1-5. Here we use connectomics to map the cell types and synaptic connections underlying a form of multi-layer continual learning that cancels predictable sensory responses in a cerebellum-like structure in electric fish6,7. Our analysis shows inhibitory and disinhibitory sensory input pathways that fulfil theoretical requirements for instructing synaptic plasticity8,9, structured synaptic connectivity between network stages that solves a credit assignment problem and structured recurrent connectivity that accelerates sensory prediction and cancellation. A computational model constrained by electrophysiological recordings shows how this synaptic connectivity ensures that multiple sites of plasticity cooperate to overcome their individual limitations, resulting in cancellation that is fast, accurate and robust to noise. Overall, these findings highlight the potential of connectomics, in combination with cell-type-specific physiological recordings and computational modelling, for deciphering learning in neural circuits.",pubmed,0
Designing physics experiments with artificial intelligence,https://www.nature.com/articles/s41586-026-10898-6,Nature,2026-09-02 00:00:00 UTC,2026-09-02 00:00:00+00:00,10.1038/s41586-026-10898-6,Mario Krenn,"Progress in physics has long been driven by ingenious experiments conceived by human experts. Recently, design methods driven by artificial intelligence (AI) have begun to move beyond tuning a handful of parameters to proposing entirely new experimental layouts. The discovered configurations often challenge established design conventions while matching or even exceeding the performance of human-designed set-ups. We frame experimental design as a search for optima over a vast space of hardware configurations subject to practical constraints and organize this Review around four guiding questions: how can we (1) engineer expressive search spaces; (2) build fast and reliable simulators; (3) translate scientific goals into computable objective functions; and (4) develop AI-based exploration methods that can navigate both discrete and continuous design choices. These questions place AI-driven design on a scale from parameter tuning to de novo discovery, and highlight the trade-offs between computational tractability, experimental feasibility, interpretability and solution reliability. Looking ahead, simulators spanning several physics domains, combined with large suites of experimental objectives, could discover unorthodox experimental concepts that are difficult to arrive at with human intuition alone. Ultimately, AI-designed experiments might thereby open new ways to explore the Universe.",pubmed,0
Creating bottom-up RNA transfer vehicles from synthetic protein assemblies,https://www.nature.com/articles/s41586-026-10952-3,Nature,2026-09-02 00:00:00 UTC,2026-09-02 00:00:00+00:00,10.1038/s41586-026-10952-3,Wolfgang Wurst,"Abstract
                  
                    Evolution guides biological systems to populate ecological niches, with viruses among the most successful examples of this principle. Viruses evolved over billions of years to efficiently transfer genetic information. Although viruses are highly diverse, most have converged towards remarkable similarity in the size and shape of their capsids
                    1,2
                    . By contrast, generative models for protein design enable the creation of protein architectures that are absent from nature
                    3–5
                    . Here we investigate whether protein assemblies designed by artificial intelligence can be functionalized to construct nucleic acid transport vehicles that are independent of evolutionary trajectories. By combining natural protein domains with synthetic protein assemblies, we create more than 100 bottom-up RNA transfer vehicles with unique sizes and shapes. These vehicles surpass the RNA transfer efficiency of widely used delivery vehicles by several orders of magnitude. In addition, we demonstrate that their tropism can be programmed by incorporation of computationally designed peptide binders and use them to deliver therapeutically relevant cargo RNAs into a wide range of cellular models. We show the in vivo biodistribution of one of these vehicles in a mouse at near-single-cell resolution, confirm its safety, and use it to perform a gene-editing treatment strategy for Duchenne muscular dystrophy in patient-derived cells and a pig. Our work demonstrates how proteins created by generative artificial intelligence can be harnessed for the rational engineering of RNA transport systems with the desired properties by overcoming the limitations of natural protein diversity.",crossref,0
Late-life semaglutide treatment slows ageing and extends lifespan in female mice,https://www.nature.com/articles/s41586-026-10940-7,Nature,2026-09-02 00:00:00 UTC,2026-09-02 00:00:00+00:00,10.1038/s41586-026-10940-7,Danica Chen,"Abstract
                  
                    Pharmacological glucagon-like peptide-1 receptor (GLP-1R) activation reduces food intake and is an effective therapy for type 2 diabetes and obesity
                    1
                    . The use of GLP-1 medicines has revealed pleiotropic beneficial effects beyond glucose and weight control
                    2–5
                    , but little is known about the underlying basis of the pleiotropic effects. Here, treatment of 20-month-old female C57BL/6 mice with the GLP-1R agonist semaglutide for 3 months improved physiological function, attenuated hallmarks of ageing and modulated nutrient sensors and conserved genetic regulators of ageing. Continued treatment extended mouse lifespan. These effects parallel key features of calorie restriction, a dietary intervention that slows ageing, extends lifespan and alleviates a wide spectrum of ageing-associated diseases
                    6
                    . In a longitudinal study in direct comparison to matched calorie restriction, semaglutide treatment preserved baseline function and recapitulated many functional benefits of calorie restriction by attenuating age-associated decline, while also producing improvements above baseline and more favourable trajectories than calorie restriction in exploratory drive, spatial memory and glucose control. Together, these findings demonstrate that GLP-1R activation initiated late in life slows ageing and extends lifespan in female mice, supporting its function as a calorie restriction mimetic and providing a mechanistic framework that may help to explain its broad beneficial effects while revealing effects beyond those attributable to reduced calorie intake.",crossref,0
Intracellular complement factor H protects neurons during CNS inflammation,https://www.nature.com/articles/s41586-026-10981-y,Nature,2026-09-02 00:00:00 UTC,2026-09-02 00:00:00+00:00,10.1038/s41586-026-10981-y,Manuel A. Friese,"Abstract
                  
                    Neurodegeneration is a major driver of disability in multiple sclerosis (MS), the most common chronic inflammatory disease of the central nervous system (CNS)
                    1
                    . Retinal ganglion cells (RGCs), a heterogeneous neuronal population in the eye, undergo degeneration in MS and provide a model to study neuronal subtype-specific resilience to inflammatory injury
                    2
                    . However, the neuron-intrinsic mechanisms underlying differential vulnerability remain unclear. Here we identify a neuroprotective role for intracellular complement factor H (CFH) in neurons. Using single-nucleus RNA-sequencing analysis of RGCs from donors with MS and control individuals, we found that
                    CFH
                    expression was strongly correlated with intrinsic resilience to RGC degeneration. Mechanistically,
                    CFH
                    was induced in retinal and other CNS neurons in response to inflammatory and oxidative stress, where it limited reactive oxygen species accumulation and lipid peroxidation. CFH localized to the endoplasmic reticulum, a major site of lipid peroxidation during neuronal ferroptosis. Its protective activity was dependent on its C-terminal SCR20 domain, was independent of CFH secretion and was preserved in the absence of complement component C3. These findings reveal a non-canonical intracellular function of CFH in neurons. Together, our results identify CFH as a key mediator of neuronal resilience across the CNS in mice and humans and provide mechanistic insight into inflammatory neurodegeneration with implications for MS therapy and neuroprotection more broadly.",crossref,0
Robust inference and correlates from genetic associations with personality,https://www.nature.com/articles/s41586-026-10992-9,Nature,2026-09-02 00:00:00 UTC,2026-09-02 00:00:00+00:00,10.1038/s41586-026-10992-9,Elliot M. Tucker-Drob,"Personality traits describe stable differences in how people think, feel and behave, and how they interact with and experience their social and physical environments1,2. Many questions remain unanswered about associations between DNA and personality traits, such as their robustness, their generalizability and the biological and social pathways through which they act. Here we meta-analyse data across 46 cohorts comprising 611,037 to 1.14 million participants with European-like and African-like genomes for genome-wide association studies (GWAS) of the Big Five personality traits (extraversion, agreeableness, conscientiousness, neuroticism and openness to experience), and data from up to 50,725 participants for within-family GWAS. We identify 1,260 lead genetic variants associated with personality, including 824 novel variants3. Common genetic variants explain a moderate 4.8–9.3% of the variance in measures of each trait, and 9.3–13.3% among instruments with typical measurement reliability. Genetic associations with personality are highly consistent but not identical across geography, reporter (self versus close other), age group and measurement instrument, and we find minimal spousal assortment for personality in recent history. In contrast to many other social and behavioural traits4,5, within-family GWAS and polygenic index analyses indicate that genetic associations with personality are minimally confounded by the shared family environment. Polygenic prediction, genetic correlation and Mendelian randomization analyses indicate that personality traits have widespread, potentially causal associations with consequential behaviours and life outcomes. Overall, we find that the genetic architecture of personality is robustly generalizable, minimally confounded and widely relevant to human experience. The genetic architecture of personality is robustly generalizable, minimally confounded and widely relevant to human experience.",openalex,0
Responding to ecological novelty,https://www.nature.com/articles/s41558-026-02742-6,Nature Climate Change,2026-09-02 00:00:00 UTC,2026-09-02 00:00:00+00:00,10.1038/s41558-026-02742-6,,"Climate change is shifting the world into new ecological states, prompting discussions of how humans and species will deal with this novelty, including how mitigation and adaptation will ultimately lead to further change.",rss_nature,0
Infrastructure links amplify impacts,https://www.nature.com/articles/s41558-026-02747-1,Nature Climate Change,2026-09-02 00:00:00 UTC,2026-09-02 00:00:00+00:00,10.1038/s41558-026-02747-1,Wenhui Cui,Infrastructure links amplify impacts,rss_nature,0
The death of Jason Arday must prompt deep reflection,https://www.nature.com/articles/d41586-026-02677-0,Nature,2026-09-02 00:00:00 UTC,2026-09-02 00:00:00+00:00,10.1038/d41586-026-02677-0,,Universities and media organizations need to scrutinize their roles in the events that led to this tragedy.,rss_nature,0
Landmark pancreatic cancer drug shows potential against lung cancer too,https://www.nature.com/articles/d41586-026-02745-5,Nature,2026-09-02 00:00:00 UTC,2026-09-02 00:00:00+00:00,10.1038/d41586-026-02745-5,Heidi Ledford,Results bolster hopes that the drug daraxonrasib could prove effective against a variety of tumours.,rss_nature,0
Antimatter ‘tag’ used to detect elusive particle decay,https://www.nature.com/articles/d41586-026-02123-1,Nature,2026-09-02 00:00:00 UTC,2026-09-02 00:00:00+00:00,10.1038/d41586-026-02123-1,Matt Kenzie,A long-underexplored test of particle-physics theory has been revived. This method uses quantum entanglement to infer the presence of undetectable particles.,rss_nature,0
NASA’s Roman telescope holds promise far beyond mapping the invisible Universe,https://www.nature.com/articles/d41586-026-02764-2,Nature,2026-09-02 00:00:00 UTC,2026-09-02 00:00:00+00:00,10.1038/d41586-026-02764-2,Priyamvada Natarajan,"Discovery flourishes when instruments, ideas and people come together in unpredictable ways.",rss_nature,0
"Self-driving cars make mistakes, and now users can see why",https://www.nature.com/articles/d41586-026-02467-8,Nature,2026-09-02 00:00:00 UTC,2026-09-02 00:00:00+00:00,10.1038/d41586-026-02467-8,Hyunmin Kang,An autonomous-vehicle system that directly explains its decisions in a way that can be interpreted by humans could improve driving safety.,rss_nature,0
Quantum-well metasurface for free-space-accessible enhanced nonlinear polarization,https://www.nature.com/articles/s41565-026-02268-0,Nature Nanotechnology,2026-09-02 00:00:00 UTC,2026-09-02 00:00:00+00:00,10.1038/s41565-026-02268-0,Federico Capasso,"Abstract
                  
                    Nonlinear frequency conversion underpins important technologies such as telecommunications and quantum computation; however, weak nonlinearities and architectures that resist miniaturization currently limit devices’ efficiency and widespread adoption. Here we combine a band-structure-engineered GaAs/AlGaAs multi-quantum-well heterostructure with a high-quality-factor dielectric metasurface and symmetry-broken guided-mode field profiles to enhance the material nonlinear susceptibility. By engineering a resonant interband transition in the heterostructure, we realize a second-order nonlinear tensor element of 1.6 nm V
                    −1
                    at 1.57 μm wavelength. We then make it free-space accessible and boost the effective nonlinearity to ~14 nm V
                    −1
                    using a metasurface patterned on the material. Our proof-of-concept experiment establishes that combining interband-transition engineering and metasurfaces enables giant effective nonlinearities in the near-infrared to visible spectrum. This addresses material and device-level constraints in nonlinear photonics, providing a scalable route to compact, efficient devices.",crossref,0
Dynamic biomass micro–nanofibre framework for entrapment and clearance of gastrointestinal microplastics,https://www.nature.com/articles/s41565-026-02266-2,Nature Nanotechnology,2026-09-02 00:00:00 UTC,2026-09-02 00:00:00+00:00,10.1038/s41565-026-02266-2,Xue Zhou,"Microplastics (MPs) are infiltrating global food systems, where they disseminate systemically, posing unmet health risks as current strategies fail to prevent bioaccumulation. We have engineered an oral alginate-chitin micro-nanofibre framework (Alg-Ch) as a pH-responsive scavenger, which was formed via lyophilization-induced hydrogen bonding and physical entanglement between alginate microfibres and chitin nanofibrous sheets (1:10 ratio). Alg-Ch captured MPs predominantly through two mechanisms: electrostatic adsorption onto a protonated chitin nanonetwork in gastric acid, and physical entrapment by swollen alginate at intestinal pH. It captured 500-nm spherical MPs of varying surface chemistry (polystyrene (PS), PS-COOH, PS-NH2) and composition (polyethylene terephthalate, polymethyl methacrylate), and irregular fragments including PS fibres, polypropylene, and polyethylene, achieving capacities of 816.6 mg g-1 (stomach) and 1114.5 mg g-1 (intestine), and retained >47% efficacy with food. In mice, Alg-Ch reduced colonic MP fluorescence by ∼50% within 2 h and accelerated faecal elimination. A 13-week Alg-Ch intervention restored tight-junction proteins ZO-1, occludin and claudin-5, decreased serum levels of interleukin-6, lipopolysaccharide, tumour necrosis factor and interleukin-1β, and promoted recovery of short-chain fatty acid-producing genera, with no evidence of body-weight loss, organ toxicity or histopathological lesions. This biocompatible platform unifies mechanical sequestration, barrier repair and microbiome rehabilitation, offering a scalable strategy to mitigate the risks of ingested MPs and the global health burden of plastic pollution.",pubmed,0
Biomarkers that predict improved outcomes after perioperative immune-based therapy for lung cancer,https://www.nature.com/articles/d41586-026-02486-5,Nature,2026-09-02 00:00:00 UTC,2026-09-02 00:00:00+00:00,10.1038/d41586-026-02486-5,,"Comprehensive exploratory analyses of biomarkers were done in the phase III CheckMate 77T study of pre- and post-surgical treatment with the immunotherapy nivolumab in individuals with surgically resectable non-small-cell lung cancer. The analyses indicate that pre-surgical clearance of circulating tumour DNA, among other markers, is associated with improved clinical outcomes with nivolumab. Pre-surgical clearance of circulating tumour DNA was associated with benefits when using the immunotherapy nivolumab.",openalex,0
Say hello to the next generation of lobsters — August’s best science images,https://www.nature.com/articles/d41586-026-02597-z,Nature,2026-09-02 00:00:00 UTC,2026-09-02 00:00:00+00:00,10.1038/d41586-026-02597-z,Dhruv Shenai,"The month’s sharpest science shots, selected by Nature’s photo team.",rss_nature,0
Peruvian ice has preserved a global methane record,https://www.nature.com/articles/d41586-026-02695-y,Nature,2026-09-02 00:00:00 UTC,2026-09-02 00:00:00+00:00,10.1038/d41586-026-02695-y,,"The first record of global methane in the tropics, collected from the summit of the mountain Nevado Huascarán in Peru, fills a crucial gap in historical methane data sets. It improves our understanding of the contribution of tropical sources to the past and current global methane distribution. An ice core from a tropical mountain shows that the equatorial input to methane levels was greater than previously thought.",openalex,0
When do infections lead to long COVID? Scientists close in on triggers and treatments for post-viral syndromes,https://www.nature.com/articles/d41586-026-02683-2,Nature,2026-09-02 00:00:00 UTC,2026-09-02 00:00:00+00:00,10.1038/d41586-026-02683-2,Simon Makin,Hundreds of millions of people have long-term conditions as a result of an infection. Researchers are working out how to help them.,rss_nature,0
City of slop,https://www.nature.com/articles/d41586-026-02414-7,Nature,2026-09-02 00:00:00 UTC,2026-09-02 00:00:00+00:00,10.1038/d41586-026-02414-7,Erin Cullen,Home is where you end up.,rss_nature,0
UN finally admits global warming will shoot past 1.5 ºC climate limit,https://www.nature.com/articles/d41586-026-02753-5,Nature,2026-09-02 00:00:00 UTC,2026-09-02 00:00:00+00:00,10.1038/d41586-026-02753-5,James Dinneen,"Earth will breach a long-standing target before the end of the decade, report says.",rss_nature,0
Aquatic invertebrates contribute substantially to global nutrient supplies,https://www.nature.com/articles/d41586-026-02541-1,Nature,2026-09-02 00:00:00 UTC,2026-09-02 00:00:00+00:00,10.1038/d41586-026-02541-1,,"An analysis of the nutritional content of aquatic invertebrate species suggests that their global production is a rich source of nutrients that are crucial for human health. The work provides a foundation for better recognition of these valuable invertebrate nutrients and incorporate them into conservation, management and policy efforts. Groups such as aquatic molluscs and crustaceans are often overlooked as sources of human nutrition.",openalex,0
Weight-loss drug slows ageing in female mice,https://www.nature.com/articles/d41586-026-02468-7,Nature,2026-09-02 00:00:00 UTC,2026-09-02 00:00:00+00:00,10.1038/d41586-026-02468-7,Rafael de Cabo,"In one inbred strain of laboratory mice, late-life treatment with a GLP-1 drug extends lifespan. This effect might be more than just a consequence of calorie restriction.",rss_nature,0
Blood cells replace the immune cells of the ageing human brain,https://www.nature.com/articles/d41586-026-02694-z,Nature,2026-09-02 00:00:00 UTC,2026-09-02 00:00:00+00:00,10.1038/d41586-026-02694-z,,"At birth, the brain contains its own immune cells, called microglia, that are thought to persist throughout life without being replaced by cells from outside the brain. Studies that trace cell lineage now show that these cells are replaced by circulating immune cells during ageing, revealing a previously unappreciated interaction between the brain and the rest of the body. Mutational analysis shows that cells derived from the bone marrow colonize the human brain during ageing.",openalex,0
Satellite images before Nepal disaster showed warning signs,https://www.nature.com/articles/d41586-026-02746-4,Nature,2026-09-02 00:00:00 UTC,2026-09-02 00:00:00+00:00,10.1038/d41586-026-02746-4,Mohana Basu,Images revealed the accelerated movement of a glacier–rock mass just days before it collapsed and triggered a deadly flash flood.,rss_nature,0
Structure and operating principles of a monkeypox virus replisome,https://www.nature.com/articles/s41586-026-10937-2,Nature,2026-09-02 00:00:00 UTC,2026-09-02 00:00:00+00:00,10.1038/s41586-026-10937-2,Jonathan Abraham,"Abstract
                  
                    Poxviruses are double-stranded DNA viruses with large genomes. Among them, monkeypox virus (MPXV) has been responsible for two recent public health emergencies as declared by the World Health Organization
                    1
                    . The MPXV polymerase comprises three subunits—a catalytic subunit (F8) and a heterodimeric processivity factor (A22 and E4). The viral polymerase must coordinate activities with the hexameric helicase–primase (E5) to initiate replication of the viral genome
                    2
                    . Although structures of MPXV E5 (refs. 
                    3,4
                    ) and the polymerase
                    5–7
                    in isolation are available, how they assemble into a functional replisome remains unclear. In isolation, E5 is in an autoinhibited conformation and has very weak helicase activity
                    3,4
                    , and the mechanism for helicase activation is unclear. Here we used cryo-electron microscopy to determine the structures of DNA-bound MPXV replisomes comprising the polymerase holoenzyme (F8, A22 and E4) and the E5 helicase hexamer. We show that, during replisome assembly, E5 undergoes large-scale conformational changes that allow two of its primase domains to interact with the polymerase F8 thumb and A22 subunit. Biochemical assays and single-molecule experiments reveal that this E5 conformational change is coupled to helicase activation and enhances primase activity. Taken together, these findings identify fundamental mechanisms governing coordinated helicase and polymerase activities during DNA replication for an important class of viral pathogens.",crossref,0
Probing far-from-equilibrium dynamics of electrical double layers,https://www.nature.com/articles/s41586-026-10986-7,Nature,2026-09-02 00:00:00 UTC,2026-09-02 00:00:00+00:00,10.1038/s41586-026-10986-7,Tao Wang,"Electrified solid-liquid interfaces are central to energy and matter conversion in biological1 and electrochemical systems2-4, in which intense local electric fields govern reaction kinetics5-9. Yet, under realistic electrocatalytic conditions involving rapid charge transfer and far-from-equilibrium dynamics, the molecular structure and evolution of the electrical double layer (EDL) remain poorly understood. Classical EDL models, derived under equilibrium and non-reactive conditions, cannot capture the interfacial processes emerging at reactive interfaces10-16. Here we develop an integrated experimental-computational framework to directly resolve EDL dynamics under the hydrogen evolution reaction (HER). Chemically stable nanostructured Pt film electrodes enable high-sensitivity, time-resolved surface-enhanced infrared absorption spectroscopy (SEIRAS) at increased overpotentials, whereas machine-learning molecular dynamics (MLMD) captures interfacial charge fluctuations and solvent dynamics over nanosecond timescales. This combined approach reveals a nonlinear, two-phase evolution of the inner layer that intensifies the local electric field. Time-resolved spectra further uncover irreversible restructuring of interfacial water during cyclic potential modulation. These findings show that ions and interfacial water respond asynchronously under the condition far from equilibrium, establishing a quantitative molecular framework for understanding electrostatic potential variations, interfacial electrostriction of ions17-19, electrolyte effects20-24 and rational electrolyte design for energy conversion technologies.",pubmed,0
Harnessing through-space orbital interactions for multicentred organosulfur catalysis,https://www.nature.com/articles/s41929-026-01602-y,Nature Catalysis,2026-09-02 00:00:00 UTC,2026-09-02 00:00:00+00:00,10.1038/s41929-026-01602-y,Seung Youn Hong,Geometric distortions are the prevailing approaches for engineering frontier molecular orbitals and chemical reactivity in p-block elements. Here the authors show a spirocyclic structure that exploits through-space orbital interactions in sulfur atoms to engineer highest-occupied molecular orbitals with elevated energies.,rss_nature,0
Power asymmetries in adaptation,https://www.nature.com/articles/s41558-026-02745-3,Nature Climate Change,2026-09-02 00:00:00 UTC,2026-09-02 00:00:00+00:00,10.1038/s41558-026-02745-3,Danyang Cheng,Power asymmetries in adaptation,rss_nature,0
Policy returns,https://www.nature.com/articles/s41558-026-02746-2,Nature Climate Change,2026-09-02 00:00:00 UTC,2026-09-02 00:00:00+00:00,10.1038/s41558-026-02746-2,Lingxiao Yan,Policy returns,rss_nature,0
Record-breaking wildfires in Canada,https://www.nature.com/articles/s41558-026-02744-4,Nature Climate Change,2026-09-02 00:00:00 UTC,2026-09-02 00:00:00+00:00,10.1038/s41558-026-02744-4,Shuai Yang,Record-breaking wildfires in Canada,rss_nature,0
Restoring reefs with heat-tolerant corals,https://www.nature.com/articles/s41558-026-02721-x,Nature Climate Change,2026-09-02 00:00:00 UTC,2026-09-02 00:00:00+00:00,10.1038/s41558-026-02721-x,Bianca Nogrady,"As the Great Barrier Reef reels from successive devastating bleaching events, researchers are working to regenerate small areas with corals selected or manipulated for better heat tolerance.",rss_nature,0
Exploring baryon semileptonic decays through polarization and entanglement,https://www.nature.com/articles/s41586-026-10818-8,Nature,2026-09-02 00:00:00 UTC,2026-09-02 00:00:00+00:00,10.1038/s41586-026-10818-8,J. Zu,"Abstract
                  
                    The unitarity of the Cabibbo–Kobayashi–Maskawa (CKM) matrix is a cornerstone of the standard model (SM). Precise tests of this unitarity require independent determinations of its elements, such as |
                    V
                    us
                    |, which governs the transition between strange and up quarks. Current measurements from kaon and tau decays show tensions that may hint at physics beyond the SM
                    1–3
                    . Hyperon semileptonic decays provide alternative probes but have remained largely untapped because previous experiments lacked sufficient kinematic information, making the measurements insensitive to the relevant form factors
                    4
                    . Here we report measurements of the axial-vector and weak-magnetism couplings, as well as the first determinations of the absolute branching fraction and weak-electricity coupling in
                    
                      
                        $$\Lambda \to {{\rm{pe}}}^{-}{\bar{\nu }}_{{\rm{e}}}$$
                        
                          Λ
                          →
                          
                            
                              
                                pe
                              
                            
                            
                              −
                            
                          
                          
                            
                              
                                
                                  ν
                                  ¯
                                
                              
                            
                            
                              
                                e
                              
                            
                          
                        
                      
                    
                    , achieved by exploiting the polarization and quantum entanglement of
                    
                      
                        $$\Lambda \bar{\Lambda }$$
                        
                          Λ
                          
                            
                              Λ
                              ¯
                            
                          
                        
                      
                    
                    pairs produced at the J/ψ resonance. Combining our results with recent lattice quantum chromodynamics (QCD) calculations
                    5
                    gives |
                    V
                    us
                    |
                    LQCD
                     = 0.2339 ± 0.0041, a model-independent determination consistent with CKM unitarity. By pioneering the exploitation of polarization and quantum entanglement in baryon semileptonic decays, our method enhances single-event sensitivity and is broadly applicable to other baryon semileptonic decays, establishing the foundation for a systematic research programme that can achieve precision comparable with that of kaon decays and provide a stringent independent test of the SM.",crossref,0
Ketone homologation via palladium-catalysed decarboxylative rearrangement,https://www.nature.com/articles/s41586-026-11091-5,Nature,2026-09-03 00:00:00 UTC,2026-09-03 00:00:00+00:00,10.1038/s41586-026-11091-5,Jieping Zhu,Ketone homologation via palladium-catalysed decarboxylative rearrangement,rss_nature,0
In situ Raman spectroscopy for characterization of electrochemical systems,https://www.nature.com/articles/s44359-026-00214-w,Nature Reviews Clean Technology,2026-09-03 00:00:00 UTC,2026-09-03 00:00:00+00:00,10.1038/s44359-026-00214-w,Shwetha Prakash,Shwetha Prakash explains how in situ Raman spectroscopy can be used to study electrochemical processes in real time.,rss_nature,0
Defect-bound states of exciton condensate as an analogue of the Yu–Shiba–Rusinov state,https://www.nature.com/articles/s41565-026-02267-1,Nature Nanotechnology,2026-09-03 00:00:00 UTC,2026-09-03 00:00:00+00:00,10.1038/s41565-026-02267-1,Han Woong Yeom,"Quantum condensed states in solids often reveal their fundamental nature via interactions with impurities, as epitomized by Yu–Shiba–Rusinov (YSR) bound states at magnetic impurities in superconductors. Although analogous bound states are predicted within quantum condensates of excitons, their existence has been elusive. Here we visualize in-gap electronic states bound to impurities inside an exciton condensate phase of a van der Waals crystal Ta2Pd3Te5 at 4.4 K, utilizing scanning tunnelling microscopy and spectroscopy. We find that the energies of in-gap states are correlated with the excitonic band gap, which is systematically tuned by local strain and carrier injection. Our theoretical analyses reveal that these in-gap states can be explained by charge dipoles associated with Pd atoms on Ta sites through a charge-exciton version of the YSR mechanism. Our findings introduce the analogue of YSR physics in exciton condensates and a microscopic tool to probe and control quantum properties in exciton condensates persisting up to room temperature. Impurities in a quantum exciton condensate create bound electronic states, as visualized in Ta2Pd3Te5, that are analogous to spin impurities in superconductors, enabling microscopic control of excitonic quantum matter.",openalex,0
Daily briefing: GLP-1 obesity drugs slow signs of ageing in mice,https://www.nature.com/articles/d41586-026-02781-1,Nature,2026-09-03 00:00:00 UTC,2026-09-03 00:00:00+00:00,10.1038/d41586-026-02781-1,Jacob Smith,"Mice on GLP-1s also performed better on cognitive tasks than those on a calorie restricted diet . Plus, satellite images showed early warning signs of glacier collapse near the Nepal–Tibet border and the impact of people saying fewer words aloud.",rss_nature,0
Octahedral connectivity reconfigures interfacial carrier-selective properties for efficient perovskite solar cells,https://www.nature.com/articles/s41563-026-02722-3,Nature Materials,2026-09-03 00:00:00 UTC,2026-09-03 00:00:00+00:00,10.1038/s41563-026-02722-3,Nam-Gyu Park,"Regulation of electron- or hole-selective interfacial properties has traditionally relied on extrinsic chemical doping. Here we report a structurally driven strategy for modulating carrier-selective electronic characteristics through the organic-cation-induced reconfiguration of lead iodide octahedral connectivity. Two closely related imidazoline-based cations, which differ by only a single heteroatom, drive the formation of one-dimensional organic lead triiodide phases with distinct octahedral-sharing patterns. Single-crystal analysis combined with theoretical calculations reveals that the variation in connectivity reshapes orbital coupling, leading to pronounced changes in the work function and absolute band-edge positions that give rise to distinct carrier-selective interfacial behaviour without the introduction of extrinsic dopants. Leveraging this structural reconfiguration-induced electronic modulation, we realize complementary charge-selective contacts in perovskite solar cells, achieving a power conversion efficiency of 27.61% (certified steady-state 27.19%), together with excellent operational stability and scalability, including 22.26% efficiency in 655-cm2 modules.",pubmed,0
Nations expanding their research programmes impose sweeping penalties for malpractice,https://www.nature.com/articles/d41586-026-02517-1,Nature,2026-09-03 00:00:00 UTC,2026-09-03 00:00:00+00:00,10.1038/d41586-026-02517-1,Benjamin Plackett,"India, Peru and Vietnam are rolling out policies that limit opportunities for scientists who fall foul of research-integrity guidelines.",rss_nature,0
"Magic-mushroom compound blocks a severe side effect of chemotherapy, in mice",https://www.nature.com/articles/d41586-026-02744-6,Nature,2026-09-03 00:00:00 UTC,2026-09-03 00:00:00+00:00,10.1038/d41586-026-02744-6,Max Kozlov,Study shows that psilocybin acts on nerves to prevent the painful condition called peripheral neuropathy.,rss_nature,0
Immune therapy engineered inside the body eases multiple sclerosis,https://www.nature.com/articles/d41586-026-02765-1,Nature,2026-09-03 00:00:00 UTC,2026-09-03 00:00:00+00:00,10.1038/d41586-026-02765-1,Rachel Fieldhouse,Results from a small trial suggest a modified virus can instruct the immune system to wipe out disease-causing cells.,rss_nature,0
Buried underpants and a new definition of kissing win 2026 Ig Nobel prizes,https://www.nature.com/articles/d41586-026-02650-x,Nature,2026-09-03 00:00:00 UTC,2026-09-03 00:00:00+00:00,10.1038/d41586-026-02650-x,Chris Simms,"The awards highlight weird, funny and improbable research that also makes you think.",rss_nature,0
Efficiency and durability of tin halide perovskite photovoltaics,https://www.nature.com/articles/s44359-026-00210-0,Nature Reviews Clean Technology,2026-09-03 00:00:00 UTC,2026-09-03 00:00:00+00:00,10.1038/s44359-026-00210-0,Lianzhou Wang,Tin halide perovskites are lead-free alternatives to traditional perovskite photovoltaics but their efficiency is limited by easy defect formation and oxidation. This Review examines materials and device engineering strategies that could enable commercially viable photovoltaics from these materials.,rss_nature,0
"Briefing Chat: How 1,000 pairs of buried underpants helped measure soil health",https://www.nature.com/articles/d41586-026-02800-1,Nature,2026-09-04 00:00:00 UTC,2026-09-04 00:00:00+00:00,10.1038/d41586-026-02800-1,Maren Hunsberger,"Nature staff discuss the winners of the 2026 Ig Nobel prizes — plus, the isolated energy flash that could be the first glimpse of dark matter.",rss_nature,0
Super-precise optical clocks in four nations tick in harmony,https://www.nature.com/articles/d41586-026-02741-9,Nature,2026-09-04 00:00:00 UTC,2026-09-04 00:00:00+00:00,10.1038/d41586-026-02741-9,,Comparison using signals sent over fibre-optic cable tests agreement between seven devices spread across Europe.,rss_nature,0
Body parts used for ancient Egyptian artworks traced to surprising source,https://www.nature.com/articles/d41586-026-02739-3,Nature,2026-09-04 00:00:00 UTC,2026-09-04 00:00:00+00:00,10.1038/d41586-026-02739-3,,Coffin decorations and wall paintings were made with tissue from a broad range of organisms.,rss_nature,0
Daily briefing: Psilocybin blocks side-effect of chemotherapy in mice,https://www.nature.com/articles/d41586-026-02812-x,Nature,2026-09-04 00:00:00 UTC,2026-09-04 00:00:00+00:00,10.1038/d41586-026-02812-x,Flora Graham,"Two doses of psilocybin completed prevented debilitating neuropathy in mice. Plus, a new direction for ‘time’s arrow’ and this year’s fun and thought-provoking Ig Nobel prizes.",rss_nature,0
"Tropical cyclones could be predicted with an extra day’s warning, thanks to an AI model",https://www.nature.com/articles/d41586-026-02643-w,Nature,2026-09-04 00:00:00 UTC,2026-09-04 00:00:00+00:00,10.1038/d41586-026-02643-w,Milton Gomez,"The track and intensity of tropical cyclones can be predicted with high accuracy using an AI model, which has the potential to protect lives if shared responsibly worldwide.",rss_nature,0
Revealed: inside the US military's plan to tap huge sums from the NIH,https://www.nature.com/articles/d41586-026-02799-5,Nature,2026-09-04 00:00:00 UTC,2026-09-04 00:00:00+00:00,10.1038/d41586-026-02799-5,Max Kozlov,An agreement paves the way for hundreds of millions of dollars’ worth of projects to be transferred from the NIH’s institute for infectious diseases to the Department of Defense.,rss_nature,0
Bunsen burners’ reputation for sterilizing workplaces flames out,https://www.nature.com/articles/d41586-026-02758-0,Nature,2026-09-04 00:00:00 UTC,2026-09-04 00:00:00+00:00,10.1038/d41586-026-02758-0,Kaia Glickman,"Study shows that the venerable device does not waft bacteria away from workbenches, as is often assumed.",rss_nature,0
Subnanometre ferroelectricity in strain-engineered gallium oxide,https://www.nature.com/articles/s41928-026-01702-4,Nature Electronics,2026-09-04 00:00:00 UTC,2026-09-04 00:00:00+00:00,10.1038/s41928-026-01702-4,Ni Zhong,A layer of gallium oxide that is only a half-unit-cell thick can be converted via strain engineering into a zincblende phase with switchable ferroelectricity and a coercive voltage below 1 V.,rss_nature,0
High-performance liquid chromatography for characterization of photoelectrochemical systems,https://www.nature.com/articles/s44359-026-00211-z,Nature Reviews Clean Technology,2026-09-04 00:00:00 UTC,2026-09-04 00:00:00+00:00,10.1038/s44359-026-00211-z,Lan Wen,Lan Wen discusses how high-performance liquid chromatography can be used to monitor products and yields in photoelectrochemical systems.,rss_nature,0
Ada Yonath obituary: Crystallographer who overcame ‘impossible’ challenge of mapping the ribosome,https://www.nature.com/articles/d41586-026-02801-0,Nature,2026-09-04 00:00:00 UTC,2026-09-04 00:00:00+00:00,10.1038/d41586-026-02801-0,Georgina Ferry,Nobel laureate persisted despite widespread derision and revolutionized structural biology by protecting fragile crystals.,rss_nature,0
A magnonic ruler for microwaves,https://www.nature.com/articles/s41928-026-01701-5,Nature Electronics,2026-09-04 00:00:00 UTC,2026-09-04 00:00:00+00:00,10.1038/s41928-026-01701-5,Wei Lu,"By driving a magnetic film with several microwave tones, a magnonic frequency comb with thousands of spin-wave comb lines can be created, providing a potential route to chip-scale microwave computing.",rss_nature,0
Redox-Driven Antiaromaticity Enables Multistate Conductance in 1D Topological Insulators,https://pubs.acs.org/jacsat/article/doi/10.1021/jacs.6c15721/5424722/Redox-Driven-Antiaromaticity-Enables-Multistate,Journal of the American Chemical Society: Latest Articles (ACS Publications),2026-09-07 00:00:00 UTC,2026-09-07 00:00:00+00:00,10.1021/jacs.6c15721,Latha Venkataraman,"Abstract Conjugated molecules with diradical character have emerged as promising building blocks for high-conductance single-molecule electronics because of their behavior as 1D topological insulators. However, the impact of antiaromaticity on these radical-based edge states has not been explored. Here, we introduce thiophene-based molecular wires that exhibit intrinsic diradical character in their ground state under ambient conditions and systematically investigate how their conductance responds to changes in aromaticity upon the oxidation of fluorene-based flanking moieties. Using scanning tunneling microscopy-based break junction (STM-BJ) techniques, we show that the conductance increases with molecular length in the neutral state, supporting one-dimensional topological behavior. We further examine the effect of oxidation on conductance through three complementary methods, revealing substantial conductance enhancements that we attribute to an increase in the antiaromatic character of the wires. Together, these findings establish a rational design strategy for highly conducting, electrochemically switchable molecular junctions, with implications for single-molecule electronics.",crossref,0
Anthropic AI ‘formalizes’ proof of Fermat’s last theorem in just 11 days,https://www.nature.com/articles/d41586-026-02822-9,Nature,2026-09-07 00:00:00 UTC,2026-09-07 00:00:00+00:00,10.1038/d41586-026-02822-9,Davide Castelvecchi,"Claude produced a 13-million-line, computer-checked proof of the famed conjecture — a major milestone in mathematics.",rss_nature,0
Isaac Newton’s remarkable year — and the plagiarism accusations that followed,https://www.nature.com/articles/d41586-026-02808-7,Nature,2026-09-07 00:00:00 UTC,2026-09-07 00:00:00+00:00,10.1038/d41586-026-02808-7,Andrew Robinson,"A deep dive into Newton’s major work, Principia Mathematica, reveals his hate of hypotheses and a habit of courting controversy.",rss_nature,0
Daily briefing: Bunsen burners don’t waft bacteria away from workbenches,https://www.nature.com/articles/d41586-026-02831-8,Nature,2026-09-07 00:00:00 UTC,2026-09-07 00:00:00+00:00,10.1038/d41586-026-02831-8,Flora Graham,"A new study could fuel debate about whether the Bunsen burner still has a place in the modern lab. Plus, the United States is shifting a huge swathe of biomedical research to the military and boat-bashing orcas are just having a good time.",rss_nature,0
The secret life of a cell-cycle gatekeeper of breast cancer,https://www.nature.com/articles/d41586-026-02470-z,Nature,2026-09-07 00:00:00 UTC,2026-09-07 00:00:00+00:00,10.1038/d41586-026-02470-z,Luca Malorni,A newly discovered function for the protein Rb explains why inhibiting cell division can enhance the signalling mediated by the oestrogen receptor that drives breast cancer.,rss_nature,0
Probing the proteome at cellular scale,https://www.nature.com/articles/d41586-026-02805-w,Nature,2026-09-07 00:00:00 UTC,2026-09-07 00:00:00+00:00,10.1038/d41586-026-02805-w,Michael Eisenstein,"Rapid technological advances are allowing researchers to identify thousands of proteins in individual cells, revealing the hidden mechanisms underlying development and disease.",rss_nature,0
Author Correction: A mouse brain stereotaxic topographic atlas with isotropic 1-μm resolution,https://www.nature.com/articles/s41586-026-11094-2,Nature,2026-09-07 00:00:00 UTC,2026-09-07 00:00:00+00:00,10.1038/s41586-026-11094-2,Qingming Luo,"In the version of this article initially published, in Extended Data Fig. 2, there was a typographical error in the figure and legend, where “Exm1-Cre” should have read “Emx1-Cre.” In the Extended Data Fig. 4e Source Data and associated figure, the Dice score for the isocortex region of dataset 210692 was incorrectly transcribed, while in the figure legend, the sample size for the medial habenula was incorrectly stated as “ n = 19” rather than “ n = 20”. In the Methods “Whole-head dataset acquisition,” in the text now reading “A skull-brain dataset with a voxel resolution of 0.325 × 0.325 × 1 μm 3 ”, the values have been updated from “0.32,” in line with the precise value reported in the Results. The text, figures and Source Data are now amended in the HTML and PDF versions of the article. For comparison, the original Extended Data Fig. 4 is available as Supplementary Information accompanying this amendment.",openalex,1
Author Correction: AhR inhibition promotes axon regeneration via a stress–growth switch,https://www.nature.com/articles/s41586-026-11103-4,Nature,2026-09-07 00:00:00 UTC,2026-09-07 00:00:00+00:00,10.1038/s41586-026-11103-4,Hongyan Zou,"In the version of this article initially published, due to data transfer errors to GraphPad Prism, the plots in Fig. 5i, Extended Data Fig. 4b and Extended Data Fig. 7c were assembled from incorrect files containing partially duplicated, shifted or incomplete data cells. The plots, figure legends and Source Data files have been replaced with the correct data.",openalex,1
Amorphous Nanodomains Enable High Device-Level Cooling Performance in Crack-Free Hot-Extruded n-Type Bi2Te3 Thermoelectrics,https://pubs.acs.org/aamick/article/doi/10.1021/acsami.6c08009/5421698/Amorphous-Nanodomains-Enable-High-Device-Level,ACS Applied Materials & Interfaces: Latest Articles (ACS Publications),2026-09-07 00:00:00 UTC,2026-09-07 00:00:00+00:00,10.1021/acsami.6c08009,Matthew Barnett,"Abstract Premature cracking during free hot deformation (FHD) of n-type Bi2Te2.7Se0.3 limits the attainable strain, thereby interrupting dynamic recrystallization (DRX) and capping (0001) basal-texture development. Here, we identify this crack-limited DRX bottleneck through thermomechanical compression and interrupted-deformation evidence, and then eliminate it using hot extrusion (HE), where the inherently triaxial compressive stress state suppresses crack initiation and propagation. Crack-free extrusion enables near-complete DRX and a near-ideal (0001) basal texture, while retaining ∼10 nm amorphous nanodomains, which contribute to reducing lattice thermal conductivity without degrading electrical transport. The optimized alloy is tougher—95.8 MPa in bending and 138.4 MPa in compression (+62%/+48% vs FHD)—and reaches zT ≈ 1.20 at 343 K. Importantly, under strictly identical single-stage micro-TEC assembly and test boundaries (identical p-legs; only n-legs varied), the extruded n-legs increase ΔTmax to an outstanding 75.8 K at Th ≈ 300 K, which is among the highest values reported for Bi2Te3-based TECs under comparable testing conditions. These results establish crack-free hot extrusion as a scalable route to remove the fracture-imposed DRX ceiling in layered brittle thermoelectrics and to translate microstructural gains into device-level cooling performance.",crossref,0
Nonreciprocal Vortex Pinning and Re-entrant Superconductivity through Niobium Interface Design,https://pubs.acs.org/aamick/article/doi/10.1021/acsami.6c09330/5421895/Nonreciprocal-Vortex-Pinning-and-Re-entrant,ACS Applied Materials & Interfaces: Latest Articles (ACS Publications),2026-09-07 00:00:00 UTC,2026-09-07 00:00:00+00:00,10.1021/acsami.6c09330,Young Keun Kim,"Abstract Abrikosov vortex motion in type-II superconductors generates finite resistance under applied current, limiting practical use. Traditional suppression via defect engineering is complex and hard to reproduce. Here, we show that interfacial engineering—specifically, tuning the penetration depth (λ) mismatch between an Nb superconducting channel and its capping layer—offers an alternative control of vortex dynamics and re-entrant behavior. Nb microstrips capped with Ta, V, or Cu reveal that force balance-induced vortex pinning yields a re-entrant, dissipationless state in Nb/Ta under magnetic fields of 1.64 T and currents above 0.5 mA, whereas Nb/V and Nb/Cu lack this effect. The phenomenon is strongly anisotropic, appearing only for a magnetic field along the in-plane y-axis and becoming asymmetric under field reversal above 0.8 mA, leading to nonreciprocal behavior. Force analysis shows a ∼0.56 meV/nm pinning energy per vortex, indicating an interface-controlled mechanism that is far weaker yet highly tunable compared to defect-based pinning.",crossref,0
Disentangling Electronic and Geometric Effects in Ternary NiFeX Layered Double Hydroxide Catalysts for Oxygen Evolution,https://pubs.acs.org/jacsat/article/doi/10.1021/jacs.6c12678/5422102/Disentangling-Electronic-and-Geometric-Effects-in,Journal of the American Chemical Society: Latest Articles (ACS Publications),2026-09-07 00:00:00 UTC,2026-09-07 00:00:00+00:00,10.1021/jacs.6c12678,P. Strasser,"Abstract Ternary NiFeX layered double hydroxide (LDH) electrocatalysts incorporating high-valence metals X from groups 5 and 6 have shown improved performance for the alkaline oxygen evolution reaction (OER), yet the molecular origin has remained speculative. Here, we synthesize a comprehensive series of phase-pure NiaFe1X1 LDHs (X = V, Nb, Ta, Cr, Mo, W) with controlled stoichiometry and unravel distinct catalytic enhancement mechanisms for different metals X. By combining impedance spectroscopy-based real ECSA determination, in situ high-energy resolution fluorescence detected X-ray absorption spectroscopy (HERFD-XAS), and density functional theory (DFT) calculations, we show that the geometric activity improvements of NiFeMo and NiFeV LDH arise from fundamentally different mechanisms: increased electrochemically active surface area for Mo, and a previously overlooked electronic promotional effect for V. In situ HERFD-XAS reveals that V uniquely modifies the activation of the NiFe LDH host, shifting the Ni K-edge prepeak of the active γ-phase to lower energies. DFT calculations demonstrate that surface V5+ acts as an electronic modulator at the V5+–OH–Ni2+ bridge site, enabling a favorable Ni-based redox pathway and lowering the overpotential to 0.37 V─an improvement of 0.08 V over γ-NiFe LDH. Both catalysts were validated in 25 cm2 anion exchange membrane electrolyzer cells, confirming their promise for large-scale alkaline water electrolysis.",crossref,0
Cobalt-Catalyzed Enantioselective Intermolecular C–H Carboamination with Racemic Allenes,https://pubs.acs.org/jacsat/article/doi/10.1021/jacs.6c14940/5422944/Cobalt-Catalyzed-Enantioselective-Intermolecular-C,Journal of the American Chemical Society: Latest Articles (ACS Publications),2026-09-07 00:00:00 UTC,2026-09-07 00:00:00+00:00,10.1021/jacs.6c14940,Nicolai Cramer,"Abstract Enantioselective carboamination of allenes especially in conjunction with 3D-metal catalysis remains a significant challenge. We report chiral cyclopentadienyl cobaltIII-catalyzed regio-, chemo-, and enantioselective intermolecular C–H carboamination of racemic allenyl esters with N-phenoxyisobutyramides. The protocol offers an efficient approach for highly selective carboamination of allenes and affords synthetically valuable chiral γ-substituted-β-enamido esters with exceptional selectivities (up to 88% yield, &gt;99:1 er, and &gt;20:1 E/Z). Operating by a kinetic resolution pathway, the transformation was additionally optimized for recovery of enantioenriched allenes with high selectivity factors of up to 138. The utility was showcased by the resolution of methyl-(R,E)-(−)-tetradeca-2,4,5-trienoate, the male bean weevil pheromone.",crossref,0
"Emergent Hf-Selective Precipitation of Aqueous (Zr,Hf) Thiocyanate Molecules through Nuclearity Control",https://pubs.acs.org/jacsat/article/doi/10.1021/jacs.6c10597/5422233/Emergent-Hf-Selective-Precipitation-of-Aqueous-Zr,Journal of the American Chemical Society: Latest Articles (ACS Publications),2026-09-07 00:00:00 UTC,2026-09-07 00:00:00+00:00,10.1021/jacs.6c10597,May Nyman,"Abstract Naturally occurring Zr with ∼2% Hf must be separated to high levels of purity for both nuclear and semiconductor industries. Since the dawn of the nuclear age, this process is executed on an industrial scale by selective Hf-isothiocyanate (N═C═S) extraction into methyl isobutyl ketone (MIBK). Yet SCN-MIBK mixtures yield toxic, noxious byproducts, also giving rise to performance variability. Here, we eliminate the MIBK and instead precipitate Hf-rich species via inclusion of choline, a common food additive, in the aqueous phase. Augmentation with sulfate, acid, and ammonium finely tunes Zr/Hf nuclearity and coordination, increasing separation factors (SF) from the industrial standard of 6/7 to 33, with Zr(Hf)(N═C═S)6/72/3– and Zr(Hf)(N═C═S)5(SO4)3 – as key Hf-rich coordination complexes. Solid-state (powder and single-crystal X-ray diffraction) and solution (Raman spectroscopy and small-angle X-ray scattering) characterization show increasing acid decreases nuclearity from tetrameric to trimeric to dimeric to monomeric Zr/Hf complexes by simultaneously decreasing oxyhydroxide ligation and increasing N═C═S ligation. In agreement with experiment, computation predicts increasing thermodynamic favorability for lower-nuclearity Hf species (monomer) compared to Zr species. This study demonstrates that precise atomic-level understanding and manipulation of both metal coordination and noncovalent interactions can yield competitive precipitation-based separations that have been notoriously inferior to their solvent extraction counterparts.",crossref,0
Electrostatic Regulation of Alpha-Synuclein Membrane Binding Couples Conformational Release to Aggregation Kinetics,https://pubs.acs.org/jacsat/article/doi/10.1021/jacs.6c08246/5422238/Electrostatic-Regulation-of-Alpha-Synuclein,Journal of the American Chemical Society: Latest Articles (ACS Publications),2026-09-07 00:00:00 UTC,2026-09-07 00:00:00+00:00,10.1021/jacs.6c08246,Vlad Ladizhansky,"Abstract Misfolding and aggregation of α-synuclein (α-syn) are central to Parkinson’s disease (PD) pathology and are increasingly believed to be modulated by lipid-rich cellular environments. Electrostatic interactions between α-syn and anionic lipids play a key role in membrane binding and can significantly influence aggregation, yet the mechanisms by which physiologically relevant changes in membrane charge regulate the structure and dynamics of membrane-associated α-syn remain incompletely understood. Here, we investigate how membrane electrostatics reshape the conformational ensemble of membrane-bound α-syn using residue-resolved magic-angle spinning (MAS) NMR, Thioflavin T (ThT) aggregation assays, and transmission electron microscopy (TEM). Proteoliposomes made of 1,2-dioleoyl-sn-glycero-3-phosphate (DOPA) and 1,2-dioleoyl-sn-glycero-3-phosphocholine (DOPC) containing 40%, 35%, or 25% anionic lipid were used to systematically vary bilayer surface charge. MAS NMR measurements show a progressive, charge-dependent redistribution of the α-syn structural ensemble. At a high 40% membrane negative charge, α-syn adopts a primarily α-helical membrane-associated conformation, where the N-terminal region and the aggregation-prone non-amyloid-β component (NAC) domain stay bound to the bilayer, while the C-terminus remains flexible. As bilayer negative charge decreases to 35% and 25% anionic lipid, electrostatic interactions weaken, and the NAC-proximal segments increasingly detach from the membrane, leading to helix-to-coil transitions and greater solvent exposure of residues that have been shown to form the core of α-syn fibrils. ThT aggregation assays, coupled with TEM analysis, reveal that these charge-dependent conformational redistributions correlate with faster primary nucleation, differences in fibril morphology, and higher-order organization. Finally, super-resolution imaging in primary neurons shows that aggregated α-syn accumulates on phosphatidic acid (PA)-enriched mitochondria-derived vesicles, providing a cellular context for the electrostatic regime examined in the model membrane system. Together, our results identify a membrane charge density of 25–35% anionic lipid range as an electrostatic transition region in which the aggregation-prone NAC domain becomes solvent-exposed while the N-terminal anchor remains membrane-associated. These findings provide a residue-level framework for how membrane electrostatics shape the conformational landscape of membrane-bound α-syn and define aggregation-competent states in lipid environments.",crossref,0
Redox-Dependent Intersite Coupling in Fe/Co/Se Clusters,https://pubs.acs.org/jacsat/article/doi/10.1021/jacs.6c10291/5423051/Redox-Dependent-Intersite-Coupling-in-Fe-Co-Se,Journal of the American Chemical Society: Latest Articles (ACS Publications),2026-09-07 00:00:00 UTC,2026-09-07 00:00:00+00:00,10.1021/jacs.6c10291,Alexandra Velian,"Abstract Intersite electronic coupling underpins cooperative behavior in biological systems and heterogeneous catalysts, yet how such coupling emerges and evolves with oxidation state remains poorly understood. Here, we use atomically precise Fe3Co6Se8L′6 (L′ = PPh2N(−)Tol) clusters to establish a direct connection between redox chemistry and intersite electronic communication within a well-defined metal–chalcogenide framework. Inner-sphere trioxidation of the cluster enables redistribution of charge across the Fe edge sites and the Co6Se8 support, as evidenced by single-crystal X-ray diffraction analysis, 57Fe Mössbauer spectroscopy, and magnetic and electrochemical measurements. The oxidized clusters exhibit a low-energy near-IR charge-transfer band and an overall antiferromagnetic response, while density functional theory reveals Fe/Se/Co orbital mixing and spin density distributed throughout the Fe–Se–Co framework. Together, these results identify a redox-dependent, support-mediated coupling regime in which the Co6Se8 scaffold electronically links spatially separated Fe sites.",crossref,0
Amphiphilicity Controls Nanostructure in Surfactant-Free Ionic Liquid Microemulsions,https://pubs.acs.org/jacsat/article/doi/10.1021/jacs.6c13294/5422104/Amphiphilicity-Controls-Nanostructure-in,Journal of the American Chemical Society: Latest Articles (ACS Publications),2026-09-07 00:00:00 UTC,2026-09-07 00:00:00+00:00,10.1021/jacs.6c13294,Gregory G. Warr,"Abstract Traditional microemulsions are ubiquitous nanostructured liquids stabilized by high surfactant concentrations that can be a significant drawback. Here, we show that surfactant-free microemulsions can be formulated when amphiphilicity is incorporated directly into a protic ionic liquid solvent. Using combined high-resolution X-ray and neutron scattering with isotopic labeling, we show that an amphiphilic ionic liquid, propylammonium nitrate, functions both as a polar solvent and hydrotrope, generating polar–apolar nanostructured domains without a conventional surfactant monolayer. In contrast, a non-amphiphilic ionic liquid, ethanolammonium nitrate, simply acts as a polar solvent, driving solvophobic segregation in purely non-aqueous mixtures. The balance between Coulomb interactions, hydrogen bonding, and amphiphilicity determines domain structure and phase coexistence. These results show that cation amphiphilicity is the molecular parameter that controls the nanostructure and phase behavior in surfactant-free microemulsions. This behavior is expected to apply to systems in which amphiphilicity is embedded within the solvent.",crossref,0
Boosting Industrial Hydrogen Evolution via OH– Spillover on Ru Single Atoms Enabled by a Hierarchical Ni@Ni3C Core–Shell Architecture,https://pubs.acs.org/jacsat/article/doi/10.1021/jacs.6c13759/5424814/Boosting-Industrial-Hydrogen-Evolution-via-OH,Journal of the American Chemical Society: Latest Articles (ACS Publications),2026-09-07 00:00:00 UTC,2026-09-07 00:00:00+00:00,10.1021/jacs.6c13759,Xiaoqing Huang,"Abstract Developing industrial-grade alkaline hydrogen evolution catalysts remains a critical challenge due to sluggish water dissociation and limited proton availability at the electrode–electrolyte interface. Here, we construct a metastable Ni/Ni3C core–shell structure and anchor atomically dispersed Ru single-atom sites (Ru SAs/Ni@Ni3C) to overcome this bottleneck. In situ studies reveal that Ru sites selectively adsorb hydroxyl species, enabling a dynamic OH– spillover that rapidly refreshes adjacent Ni active sites. Concurrently, an optimized interfacial water network accelerates proton transport. This synergy between Ru single atoms and the non-equilibrium core–shell substrate achieves exceptional activity and stability through a cooperative hydrogen adsorption–desorption cycle. Ru SAs/Ni@Ni3C demonstrated stable operation at 2 A cm–2 for more than 600 h in an anion-exchange-membrane water electrolyzer (AEMWE). These findings establish a generalizable strategy for designing efficient and durable electrocatalysts for alkaline water electrolysis.",crossref,0
Defect-Engineered Alumina Stabilizes Metallic Platinum Nanoclusters for Interfacial O2 Activation in Oxidation Catalysis,https://pubs.acs.org/jacsat/article/doi/10.1021/jacs.6c15120/5422171/Defect-Engineered-Alumina-Stabilizes-Metallic,Journal of the American Chemical Society: Latest Articles (ACS Publications),2026-09-07 00:00:00 UTC,2026-09-07 00:00:00+00:00,10.1021/jacs.6c15120,Yue Peng,"Abstract Controlling oxide support electronics provides direct access to the state and reactivity of supported noble metal catalysts via interfacial O2 activation. Here, defect-rich alumina (Al2O3–x), generated by pyrolysis of basic aluminum acetate hydroxide, stabilizes ultrafine metallic Pt nanoclusters without a separate reduction step, whereas commercial Pt/Al2O3 mainly forms oxidized Pt species and larger particles. The defective alumina contains abundant unpaired electrons and oxygen vacancy-related electronic defect states, which are believed to contribute to the stabilization of metallic Pt nanoclusters. Pt/Al2O3–x therefore shows enhanced low-temperature activity relative to Pt/Al2O3 in CO, C3H6, and NH3 oxidations. CO oxidation identifies the origin of this enhancement: the Pt/Al2O3–x interface facilitates O2 activation through a stronger Pt–O interaction and weakened O–O bonding in adsorbed oxygen species, lowering the barrier for oxidative turnover. The defect-rich nature of Al2O3–x is closely associated with the stabilization of metallic Pt nanoclusters and enhanced interfacial O2 activation, which together contribute to the superior oxidation performance. These findings establish defect-rich support environments as a key handle for stabilizing metallic Pt nanoclusters and controlling interfacial O2 activation, offering a general design principle for robust oxidation catalysts.",crossref,0
Bio-Inspired Chain Capping Selectively Inhibits Elongation to Direct Secondary Pathways in Supramolecular Polymers,https://pubs.acs.org/jacsat/article/doi/10.1021/jacs.6c12274/5422380/Bio-Inspired-Chain-Capping-Selectively-Inhibits,Journal of the American Chemical Society: Latest Articles (ACS Publications),2026-09-07 00:00:00 UTC,2026-09-07 00:00:00+00:00,10.1021/jacs.6c12274,Subi J. George,"Abstract Amyloid β aggregation in Alzheimer’s disease proceeds via fibril elongation and toxic oligomer generation through secondary nucleation. In biology, molecular chaperones selectively modulate these competing pathways to control aggregate formation and toxicity. Replicating such pathway selectivity in synthetic supramolecular polymerization─differentiating elongation from secondary nucleation─remains a major challenge. Here, we introduce a unique bioinspired small-molecule based inhibition strategy that achieves selective modulation of these pathways in seeded supramolecular polymerization. The rationally designed capper selectively binds fibril ends, suppressing elongation via the end-capping mechanism while preserving fibril surfaces for secondary nucleation. This redirects monomer flux from elongation to surface-catalyzed nucleation, dramatically enhancing branching and yielding hierarchical superstructures. In contrast to conventional seeded polymerization, which yields linear architectures dominated by elongation, this tunable kinetic switch establishes a synthetic analogue of chaperone-mediated regulation, providing a general framework for programming pathway selection in supramolecular polymerization to access complex hierarchical materials.",crossref,0
An Isolable Terminal Imido Complex of Platinum,https://pubs.acs.org/jacsat/article/doi/10.1021/jacs.6c13817/5422404/An-Isolable-Terminal-Imido-Complex-of-Platinum,Journal of the American Chemical Society: Latest Articles (ACS Publications),2026-09-07 00:00:00 UTC,2026-09-07 00:00:00+00:00,10.1021/jacs.6c13817,Liang Deng,"Abstract Late transition-metal imido species serve as key intermediates in a variety of catalytic transformations. However, their transient nature renders isolation challenging, and an isolable platinum terminal imido complex has remained elusive to date. In this work, we present a platinum terminal imido complex [(tBuXantphos)Pt(κ-N-NTs)] (tBuXantphos = 9,9-dimethyl-4,5-bis(di-tert-butylphosphino)xanthene, Ts = tosyl) that was prepared by the reaction of the platinum(0) complex [(tBuXantphos)Pt] with tosyl azide and fully characterized by NMR spectroscopy, single-crystal X-ray diffraction, and a Pt L3-edge X-ray absorption near-edge structure study. The platinum imido complex features a Pt–N distance of 1.978(6) Å and a bent Pt–N–S angle of 131.0(4) degrees. Computational studies suggest that the Pt–N bond is essentially a polarized σ-bond with weak π-interaction character and is associated with a strong attractive electrostatic interaction. Reactivity studies revealed that the platinum imido complex can perform nitrene transfer reactions with phosphines, CO, and isocyanides, and can also react with electrophiles to generate platinum(II) amido compounds as well as ion-pair species containing an amide anion as the counterion.",crossref,0
Rewiring the Target Landscape of Bioactive Natural Products by Photocatalytic Single-Atom Editing,https://pubs.acs.org/jacsat/article/doi/10.1021/jacs.6c14447/5422389/Rewiring-the-Target-Landscape-of-Bioactive-Natural,Journal of the American Chemical Society: Latest Articles (ACS Publications),2026-09-07 00:00:00 UTC,2026-09-07 00:00:00+00:00,10.1021/jacs.6c14447,Yoonsu Park,"Abstract The natural products provide a foundational chemical space for drug discovery, yet their clinical utility is often constrained by intrinsic liabilities. Skeletal editing, the direct manipulation of individual atoms within a cyclic moiety, has emerged as a strategy for remodeling these compounds, but whether the exchange of a single skeletal heteroatom is sufficient to redirect the pharmacological behavior of a fully elaborated natural product has not been established. Here, we show that the oxygen-to-nitrogen single-atom editing of natural products dramatically rewires their target engagement landscapes. We developed a mild photocatalytic methodology that converts densely functionalized, furan-based terpenoids and alkaloids into their free pyrrole analogues with excellent chemoselectivity. Applying the method to limonin, a cytotoxic citrus triterpenoid, the minimal atomic edit shifts the primary biological target from the canonical kinase pathway engaged by the native molecule to mitochondrial nicotinamide nucleotide transhydrogenase. This target redirection transforms a cytotoxic compound into a potent antifibrotic agent without measurable cytotoxicity up to 80 μM. These findings establish single-atom editing as a transformative strategy for repurposing natural-product scaffolds.",crossref,0
Direct Observation of a Cross-Coupling Catalyst Intermediate via Single-Molecule Spectroscopy,https://pubs.acs.org/jacsat/article/doi/10.1021/jacs.6c09868/5422260/Direct-Observation-of-a-Cross-Coupling-Catalyst,Journal of the American Chemical Society: Latest Articles (ACS Publications),2026-09-07 00:00:00 UTC,2026-09-07 00:00:00+00:00,10.1021/jacs.6c09868,Randall H. Goldsmith,"Abstract Single-molecule measurements on molecular catalysts are uniquely poised to allow observation of unsynchronized chemical dynamics and transient intermediates that are not observable using traditional bulk techniques. However, single-molecule fluorescence spectroscopy is typically performed at nanomolar concentrations, far lower than typical synthetic conditions. Here, we use nanophotonic zero-mode waveguides (ZMWs) to enable observation of the dynamics of a single catalyst under synthetically relevant (micromolar) reaction concentrations. We deploy ZMWs to perform the direct observation of a previously hypothesized intermediate of Pd-PEPPSI (Pyridine-Enhanced Precatalyst Preparation, Stabilization, and Initiation), a well-known molecular C–C cross-coupling catalyst, by using a fluorescently labeled ligand to report on ligand binding and dissociation. Kinetic analysis of single-catalyst ligand dynamics reveals how the presence of cross-coupling reactants influences the underlying mechanism. This paradigm for single-molecule investigation of molecular catalysts at synthetically relevant concentrations is general for investigation of a wide variety of ligand and reactant dynamics.",crossref,0
Ultrasound-Induced Valence Varying of Single-Atom Fe in Sub-Nanospiral Alternating Heterostructures for Tumor Pyroptosis and Immunotherapy,https://pubs.acs.org/jacsat/article/doi/10.1021/jacs.6c15685/5425699/Ultrasound-Induced-Valence-Varying-of-Single-Atom,Journal of the American Chemical Society: Latest Articles (ACS Publications),2026-09-07 00:00:00 UTC,2026-09-07 00:00:00+00:00,10.1021/jacs.6c15685,Xun Wang,"Abstract Inducing pyroptosis converts immunosuppressive “cold tumors” to immunogenic “hot tumors” for immunotherapy, yet unregulated pyroptosis may cause systemic inflammation and tumor metastasis. Here, we report single Fe atoms anchored on NiOxSy-phosphomolybdic acid (PMA) sub-1 nm spiral alternating heterostructures (Sub-NSPs) for ultrasound (US)-boosting reactive oxygen species (ROS) generation to induce controlled pyroptosis and metastasis immunotherapy. Sub-nanoscale electron delocalization renders the Fe and Mo elements in intermediate valence states, which provides a basis for the reversible redox processes that deplete glutathione (GSH) and trigger chemodynamic therapy (CDT) in the tumor microenvironment (TME). Notably, the unique curled structure significantly reduces hydrogen peroxide (H2O2) activation energy, promotes CDT-mediated hydroxyl radical (•OH) generation, and enhances oxygen (O2) generation to alleviate hypoxia. Additionally, the alternating heterostructures act as “compartments” of different charges, separating US-excited electrons and holes effectively to amplify singlet oxygen (1O2) yield for sonodynamic therapy (SDT). More importantly, under US, the atomically dispersed FeII converted from FeIII maximizes the production capacity of •OH. Consequently, Sub-NSPs induce over 50-fold higher US-triggered ROS and the abundant and distinct ROS together with GSH depletion synergistically provokes mitochondrial oxidative stress, activating caspase-1/GSDMD axis to induce pyroptosis for the metastasis immunotherapy.",crossref,0
Tuning the Frontier Molecular Orbitals of Aromatic Radicals via Chalcogen Substitution and Heterocyclic Stabilization,https://pubs.acs.org/jacsat/article/doi/10.1021/jacs.6c13572/5422105/Tuning-the-Frontier-Molecular-Orbitals-of-Aromatic,Journal of the American Chemical Society: Latest Articles (ACS Publications),2026-09-07 00:00:00 UTC,2026-09-07 00:00:00+00:00,10.1021/jacs.6c13572,Daofu Yuan,"Abstract Due to the intrinsic electron-donating effect of chalcogen lone pairs to the aromatic rings, well-characterized radicals, including phenoxy and thiophenoxy, demonstrate that sulfur substitution for oxygen generally raises the electron affinity (EA). Here we report a counterintuitive reversal using high-resolution photoelectron imaging of 4-pyridoxide (4-PyO–) and 4-pyridylthiolate (4-PyS–). Well-resolved vibronic features are obtained for their corresponding neutral radicals. The EAs are determined to be 23941 ± 7 cm–1 (2.9683 ± 0.0009 eV) for 4-PyO and 22975 ± 6 cm–1 (2.8485 ± 0.0007 eV) for 4-PyS, with EA(4-PyO) &gt; EA(4-PyS). Term energies of the A2B2 excited state also follow this order (0.6599 vs. 0.2219 eV). Combined quantum chemical calculations and molecular orbital analyses show that the electron-withdrawing ring nitrogen stabilizes the entire π-manifold, and the compact oxygen 2p orbitals undergo stronger conjugation-induced stabilization than diffuse sulfur 3p orbitals. This heterocycle-mediated p-π conjugation modulation overrides the classical donating effect and provides a critical design principle for tuning frontier orbitals in heteroaromatic radicals.",crossref,0
Elucidate the Metal-Catalyzed Decarboxylative Coupling of Carboxylic Acids on Metal Surfaces,https://pubs.acs.org/jacsat/article/doi/10.1021/jacs.6c04115/5422170/Elucidate-the-Metal-Catalyzed-Decarboxylative,Journal of the American Chemical Society: Latest Articles (ACS Publications),2026-09-07 00:00:00 UTC,2026-09-07 00:00:00+00:00,10.1021/jacs.6c04115,Hong-Ying Gao,"Abstract Metal-catalyzed thermodynamic difference in the stepwise decarboxylative coupling of carboxylic acids on metal surfaces is reported. Our study reveals that the decarboxylative coupling includes three steps: deprotonation, decarboxylation, and C–C coupling. Furthermore, it exhibits a strong underlying-metal-substrate dependency that shows no activity on Au(111), certain activity on Ag(111), and the highest activity on Cu(111). It is demonstrated that the central π-system of carboxylic acids plays a pivotal role, raising the barrier for deprotonation and lowering it for decarboxylation. Nevertheless, deprotonation remains the kinetically preferred first step on all surfaces. A combination of temperature-dependent X-ray photoelectron spectroscopy and scanning tunneling microscopy provides an intuitive map of the chemical states along temperature, enabling a clear determination of the deprotonation and decarboxylation temperature windows. Density functional theory calculations further support the proposed stepwise reaction mechanism and the pivotal dual role of the central π-system in carboxylic acids.",crossref,0
Design and Structure of Protein Cages Based on Helical Fusion and Machine Learning,https://pubs.acs.org/jacsat/article/doi/10.1021/jacs.6c11491/5422261/Design-and-Structure-of-Protein-Cages-Based-on,Journal of the American Chemical Society: Latest Articles (ACS Publications),2026-09-07 00:00:00 UTC,2026-09-07 00:00:00+00:00,10.1021/jacs.6c11491,Roger Castells-Graells,"Abstract Self-assembling protein cages are versatile nanoscale architectures with broad applications in drug delivery, vaccine development, and structural biology. Historically, two main strategies have been used to construct such cages: genetic fusion of oligomeric domains connected by helical linkers, and computational interface design using either physics-based or machine learning-based methods. Here, we extend the original fusion approach using modern AI algorithms and more sophisticated treatments of helix bending to create protein cages with novel architectures composed exclusively of trimeric building blocks arranged in tetrahedral symmetry. Of 15 designs tested experimentally, multiple sequence variants of two of these designs assembled predominantly into soluble, monodisperse particles of the expected size, with native molecular masses of 633 kDa (T33-Fus-1A, B) and 638 kDa (T33-Fus-2). Cryo-electron microscopy (cryo-EM) structures of three distinct sequence variants spanning from 3.0 to 3.9 Å in resolution confirmed the intended structures in atomic detail, with C-α RMSD values over the entire assemblies as low as 2 Å. The predicted modes of helix bending were similarly validated. The results highlight the impact of methodological improvements for achieving a level of regularity and design precision that has largely evaded prior applications of the fusion approach. These findings expand the prospects and accessible design space for self-assembling protein nanomaterials.",crossref,0
Online Quantification of Lattice Sodium for O3-Type Cathode Diagnostics during Scalable Manufacturing,https://pubs.acs.org/jacsat/article/doi/10.1021/jacs.6c17045/5422107/Online-Quantification-of-Lattice-Sodium-for-O3,Journal of the American Chemical Society: Latest Articles (ACS Publications),2026-09-07 00:00:00 UTC,2026-09-07 00:00:00+00:00,10.1021/jacs.6c17045,Yu-Guo Guo,"Abstract The precise control of lattice sodium stoichiometry in cathodes is paramount for sodium-ion battery performance, as it constitutes the sole charge carrier inside the battery during the charge/discharge process. However, precisely tracking the lattice sodium inventory within Na-layered oxide cathodes, particularly during manufacturing, remains a significant challenge. Here, we propose a reliable descriptor, the diffraction peak intensity ratio (α = I(003)/I(104)), which allows the rapid, accurate, and nondestructive quantification of lattice sodium and distinguishes it from inactive sodium. In particular, a rational correlation can be established among the α value, lattice sodium content, and electrochemical properties to enable the α value to predict the electrochemical performance of the as-prepared Na-layered oxides. To achieve continuous and scalable online lattice sodium quantification during manufacturing, we design an industrial automated testing platform applicable to the cathode material production lines with high efficiency and accuracy. Our work provides a universal solution for the prediction and adjustment of material performance during the synthesis and processing, which ultimately accelerates the sustainable development of sodium-ion batteries.",crossref,0
Engineered Multivariate Metal-Organic Frameworks for Magnetic Resonance Molecular Imaging Signal Enhancement,https://pubs.acs.org/jacsat/article/doi/10.1021/jacs.6c11301/5422100/Engineered-Multivariate-Metal-Organic-Frameworks,Journal of the American Chemical Society: Latest Articles (ACS Publications),2026-09-07 00:00:00 UTC,2026-09-07 00:00:00+00:00,10.1021/jacs.6c11301,Xin Zhou,"Abstract Trapping Xe atoms within MOFs represents a promising strategy for hyperpolarized 129Xe MRI, owing to their structural tunability and ultrahigh porosity. Enhancing the entrapped 129Xe NMR signal is critical to overcoming current limitations of 129Xe MRI in biomedical applications. Although metal-centered doping has been explored to boost 129Xe signals, ligand-centered precise engineering to optimize the entrapped 129Xe NMR signal in MOFs remains largely underexplored. Herein, we present, for the first time, a ligand-based multivariate engineering approach to enhance the entrapped 129Xe NMR signal of water-stable CAU-1-derived MTV-MOFs. By finely tuning the molar ratio of −OH and −NH2 functionalized linkers, the pore microenvironment and Xe-framework interactions are continuously modulated. The MTV-MOF with the optimal ligand composition exhibits a remarkable 65-fold enhancement in 129Xe NMR signal compared to the single-component MOF. Furthermore, this material demonstrates excellent 129Xe MRI performance in living cells, highlighting its potential for biomedical imaging. This ligand-engineered multivariate approach establishes a versatile platform for tailoring Xe-host interactions in MOFs, offering a promising pathway to develop high-performance Xe molecular cages and expand the frontier of MOF-based molecular imaging technologies.",crossref,0
Hierarchical Hybrid Assembly: Programming Structural Complexity in Crystalline Materials,https://pubs.acs.org/jacsat/article/doi/10.1021/jacs.6c07875/5422396/Hierarchical-Hybrid-Assembly-Programming,Journal of the American Chemical Society: Latest Articles (ACS Publications),2026-09-07 00:00:00 UTC,2026-09-07 00:00:00+00:00,10.1021/jacs.6c07875,Yong Cui,"Abstract The design of crystalline materials has evolved from the construction of periodic frameworks toward increasingly complex architectures featuring ordered heterogeneity and emergent functions. Despite substantial progress in hybrid crystalline materials, a general framework for understanding hybrid assembly across different levels of structural organization is still lacking. Here, we introduce hierarchical hybrid assembly (HHA) as a strategy for integrating chemically distinct interactions or components while preserving long-range crystallographic order. At the interaction level, HHA integrates multiple interactions cooperatively within a single crystallographically ordered framework, whereas at the component level, HHA organizes chemically or structurally distinct components in a deterministic manner within a coherent crystalline architecture. Representative examples show how these two modes generate ordered structural complexity beyond statistical compositional mixing or weak interfacial coupling. We further identify interaction compatibility, crystallographic organization, and assembly pathway control as design principles for crystallographically defined complexity. Finally, we discuss the key challenges and future directions for advancing HHA toward broader structural diversity and complexity, predictive synthesis, and function-oriented materials design.",crossref,0
Highly Water-Soluble Visible-Light-Responsive Azo Photoswitch,https://pubs.acs.org/jacsat/article/doi/10.1021/jacs.6c15684/5422472/Highly-Water-Soluble-Visible-Light-Responsive-Azo,Journal of the American Chemical Society: Latest Articles (ACS Publications),2026-09-07 00:00:00 UTC,2026-09-07 00:00:00+00:00,10.1021/jacs.6c15684,Tao Li,"Abstract Azo derivatives constitute one of the most widely explored classes of molecular photoswitches. However, low aqueous solubility and UV-induced E → Z isomerization have limited their widespread applications, particularly in biological systems. Herein, guided by computation-aided heteroaryl azo design, we report a novel class of imidazoleazopyrazole (IAP) photoswitches with high water solubility (up to 115.0 mM) and visible-light-responsive isomerization. The IAPs exhibit excellent reversible photoswitching (E → Z up to 90%, Z → E &gt;99%), high quantum yields (ΦE→Z: 0.38–0.41, ΦZ→E: 0.54–0.67), and tunable half-lives from hours to days in water. Notably, a representative IAP demonstrates robust performance across a wide pH range, over a range of concentrations, and under reductive conditions. Moreover, IAPs show broad application potential, as exemplified by TRPM5 modulation and reversible information storage in photoresponsive hydrogels. This work establishes heteroaryl incorporation as a rational design principle for highly water-soluble visible-light-responsive azo photoswitches, providing a versatile platform for applications in aqueous and biological environments.",crossref,0
Overcoming the Oxygen Activation Barrier: Dual-Functional Ce–OH Sites for Methanol Adsorption and Oxidation,https://pubs.acs.org/jacsat/article/doi/10.1021/jacs.6c09748/5422147/Overcoming-the-Oxygen-Activation-Barrier-Dual,Journal of the American Chemical Society: Latest Articles (ACS Publications),2026-09-07 00:00:00 UTC,2026-09-07 00:00:00+00:00,10.1021/jacs.6c09748,Hong He,"Abstract Engineering dual-functional sites that couple reactant adsorption with oxygen activation is a crucial strategy for enhancing catalytic oxidation. Despite the known adsorption function of metal hydroxyl groups, their role in activating molecular oxygen and driving subsequent oxidation reactions remains poorly understood. Herein, Ce–OH sites were rationally constructed within Ce-ZSM-5 channels via ion exchange into Brønsted acid sites (BAS), forming Z[Ce4+(OH)3]+ sites that integrate methanol adsorption with the more critical function of O2 activation. These sites reduce the O2 activation barrier to 1.12 eV, compared with BAS in H-ZSM-5 (3.35 eV) and CeO2 (1.39 eV). DFT calculations further reveal that, over Z[Ce4+(OH)3]+ sites, methanol oxidation proceeds via a pathway in which O2 adsorption and activation are concerted with *HCHO formation, with the decomposition of *HCHO identified as the rate-determining step (with a barrier of 1.55 eV). This cooperative mechanism, engaging both the Ce center and adjacent hydroxyl groups, promotes methanol deprotonation and C–H bond cleavage while simultaneously activating O2, thereby enabling efficient oxidation─a function inaccessible to BAS. These findings provide fundamental insights into oxygen activation over Ce–OH sites and offer a rational strategy for designing zeolite-based catalysts with tailored dual-functional sites for catalytic oxidation.",crossref,0
Quantifying the Interfacial Energy Gap for Reversible Lithium–Metal Anodes,https://pubs.acs.org/jacsat/article/doi/10.1021/jacs.6c14457/5422106/Quantifying-the-Interfacial-Energy-Gap-for,Journal of the American Chemical Society: Latest Articles (ACS Publications),2026-09-07 00:00:00 UTC,2026-09-07 00:00:00+00:00,10.1021/jacs.6c14457,Qifeng Zheng,"Abstract Lithium–metal batteries (LMBs) hold great promise for high-energy-density energy storage yet suffer from low Li plating/stripping Coulombic efficiency (CE), which originates from persistent electrolyte decomposition at the electrolyte/anode interface. Such parasitic reactions are driven by interfacial electron transfer, closely tied to both the passivation capability of solid electrolyte interphase (SEI) and reductive stability of electrolytes. Herein, the interfacial energy gap (ΔEgap) between Fermi level of Li/SEI and lowest unoccupied molecular orbital level of electrolyte is proposed as a descriptor to quantify the driving force for interfacial electron transfer, demonstrating that a reduced ΔEgap could effectively suppress interfacial parasitic reaction and thus enhance Li CE. Machine learning modeling coupled with Shapley additive analysis identifies the solvent minimum electrostatic potential (ESPmin) as the dominant governing factor of ΔEgap. Guided by these insights, we design two out-of-sample solvents with small ΔEgap, achieving high CEs exceeding 99%. Combined experimental and simulation results elucidate an ESPmin-governed interfacial regulation mechanism. This work provides a quantitative and interpretable strategy for rational electrolyte design toward highly reversible LMBs.",crossref,0
n -Butane Capture Accompanied by a Colorimetric Response in a Flexible Thiazolothiazole Metal–Organic Framework,https://pubs.acs.org/jacsat/article/doi/10.1021/jacs.6c10210/5423531/n-Butane-Capture-Accompanied-by-a-Colorimetric,Journal of the American Chemical Society: Latest Articles (ACS Publications),2026-09-07 00:00:00 UTC,2026-09-07 00:00:00+00:00,10.1021/jacs.6c10210,Agnieszka M. Janiak,"Abstract Simultaneous capture and optical detection of flammable gases in enclosed environments are critical for operational safety. Herein, using two dynamic MOFs, UAM-1S and UAM-1O, which differ compositionally by a single atom, we demonstrate the crucial role of framework flexibility in enabling this dual function. The mechanistic, kinetic, and energetic landscape of n-butane-induced structural transformations is revealed by in situ UV–vis spectroscopy and static/time-resolved powder X-ray diffraction conducted during adsorption along calorimetric studies. The integration of these results with single-crystal X-ray diffraction data of UAM-1O loaded with hydrocarbons, together with grand canonical Monte Carlo simulations and DFT calculations, enables us to propose a diffusion mechanism. Furthermore, isothermal adsorption measurements show that UAM-1S adsorbs 1.5 mmol g–1 of n-butane at 298 K and 0.016 bar, below its explosive limit (1.9%), while exhibiting minimal water uptake. Complementary dynamic column breakthrough and temperature-programmed desorption experiments reveal the selective capture of n-butane from simulated air at concentrations below 1.9% under dry conditions and below 3% under humid conditions. Finally, the loading of n-butane leads to a distinct color change of the host material thereby enabling its use as a visual indicator. These results open a new research direction, highlighting the untapped potential of flexible MOFs for capturing and detecting flammable gases at low concentrations.",crossref,0
Quantum Field Approaches to Chemical Systems,https://pubs.acs.org/jacsat/article/doi/10.1021/jacs.6c02077/5424366/Quantum-Field-Approaches-to-Chemical-Systems,Journal of the American Chemical Society: Latest Articles (ACS Publications),2026-09-07 00:00:00 UTC,2026-09-07 00:00:00+00:00,10.1021/jacs.6c02077,Alexandre Tkatchenko,"Abstract Quantum-matter theory (QMT), based on the Schrödinger or Dirac equations, is firmly established for both intra- and intermolecular interactions. However, there are two key issues with QMT. First, its applicability to large molecular complexes is hindered by the relatively high computational cost of the calculations required to achieve high accuracy. Second, fields are also quantum objects that produce many intriguing effects beyond standard QMT approaches to molecular systems. This review focuses on recent developments in quantum-field theory (QFT) approaches to both covalent and noncovalent interactions for molecules in vacuum and subject to environments such as cavities and solvents. QFT provides a rich playground for novel chemical theories and insights. For example, chemical reactions and van der Waals interactions can be manipulated by cavities, boundaries, and optical excitations; novel interactions emerge when molecules interact with quantized fields; systems with millions of atoms could soon be treated with coarse-grained QFT formalisms; and unexpected scaling laws for atomic and molecular properties can emerge when QFT is applied to sets of chemical systems. This review sets the stage for an exciting QFT-driven path for further development of chemical theory.",crossref,0
De Novo Design of Targeted Drugs by Precisely Programming Multiple Molecular Binding,https://pubs.acs.org/jacsat/article/doi/10.1021/jacs.6c15828/5422234/De-Novo-Design-of-Targeted-Drugs-by-Precisely,Journal of the American Chemical Society: Latest Articles (ACS Publications),2026-09-07 00:00:00 UTC,2026-09-07 00:00:00+00:00,10.1021/jacs.6c15828,Yuanchen Dong,"Abstract Targeted drug discovery has enabled the development of effective therapies for many diseases. However, a fundamental challenge remains in translating molecular binding into functional performance for the development of novel targeted drugs. Here, we present a programmable DNA nanoframe (NF) strategy that converts ligand binding into robust biological functions through precise spatial organization of multiple ligands. By encoding target dimensions and binding geometry, we have successfully constructed potential targeted nanodrugs against diverse proteins, which exhibit high avidity with markedly enhanced binding affinity and selectivity. A design-driven blockade of VEGF has also been translated into marked antiangiogenic efficacy both in vitro and in vivo. Overall, the programmable DNA NFs establish a modular and generalizable paradigm for targeted drug design, upgrading weak or non-functional binders into effective inhibitors through rational spatial programming.",crossref,0
Ubiquitin Chloromethylketone Probe Enables Activity-Based Protein Profiling of E2 Ubiquitin Conjugating Enzymes,https://pubs.acs.org/jacsat/article/doi/10.1021/jacs.6c08586/5422403/Ubiquitin-Chloromethylketone-Probe-Enables,Journal of the American Chemical Society: Latest Articles (ACS Publications),2026-09-07 00:00:00 UTC,2026-09-07 00:00:00+00:00,10.1021/jacs.6c08586,Wenshe Ray Liu,"Abstract Ubiquitin (Ub) conjugating enzymes (E2s) are central to Ub signaling, yet their systematic activity-based profiling remains challenging because of the weak nucleophilicity and elevated pKa of their catalytic cysteines. Existing Ub probes primarily target deubiquitinases (DUBs), and the only reported E2-targeting probe requires E1-dependent activation to capture limited E2s. To profile E2s broadly, here, Ub chloromethylketone (UbCMK) is reported as a standalone activity-based probe. Density functional theory calculations identified CMK as a highly electrophilic warhead with a low activation barrier for reaction with weakly nucleophilic thiolates. UbCMK was synthesized via activated cysteine-based protein ligation and irreversibly labeled multiple E2s and cysteine DUBs. Activity-based protein profiling and quantitative proteomics in HEK293T cell lysates revealed broad enrichment of E2 enzymes, including many previously inaccessible to other probes. UbCMK furthermore enables activity-dependent quantification of endogenous E2 mobilization across oxidative, proteotoxic, inflammatory, metabolic, lipid oxidative, and genotoxic stress conditions. In addition, UbCMK engages both E1s and DUBs, as well, indicating its broad utility as a probe. Collectively, these results establish UbCMK as a powerful chemical tool that expands activity-based protein profiling coverage across the Ub-proteasome system and enables functional interrogation of E2 enzymes under physiological and pathological conditions.",crossref,0
Cu-Catalyzed Funneling Oxidation Enables C–C Bond Cleavage in Lignin-derived Compounds,https://pubs.acs.org/jacsat/article/doi/10.1021/jacs.6c12506/5422148/Cu-Catalyzed-Funneling-Oxidation-Enables-C-C-Bond,Journal of the American Chemical Society: Latest Articles (ACS Publications),2026-09-07 00:00:00 UTC,2026-09-07 00:00:00+00:00,10.1021/jacs.6c12506,Mahdi M. Abu-Omar,"Abstract The structural complexity and chemical heterogeneity of lignin present a formidable barrier to its use as a sustainable replacement for petroleum-derived aromatics. Here, we report a robust, earth-abundant copper/nitroxyl catalytic system that achieves the aerobic oxidative funneling of crude, non-pre-fractionated reductive catalytic fractionation (RCF) lignin oil into a single, high-value platform chemical: 2,6-dialkoxybenzoquinone. This transformation operates via a cooperative proton-coupled electron transfer (PCET) mechanism to cleave robust aromatic–aliphatic C–C bonds under mild aerobic conditions (O2 or open air). Using various alcohols as both solvent and nucleophile, the reaction provides modular access to a library of 2,6-dialkoxybenzoquinones in up to 86% isolated yield from model monomers/dimers and an impressive 27 wt % yield (gram product per gram lignin) directly from high-S poplar wood lignin oil (62 mol % convergent yield based on the S-phenol equivalents in the lignin oil). Crucially, we demonstrate that these tunable biomass-derived quinones serve as highly versatile synthons for advanced chemical synthesis to access precursors of bioactive natural product (scutellarein), organic electronics (TCNQ-type acceptors), platform building blocks (1,4-cyclohexanediol), cross-coupling reactions, and a modified high-performancepolyether ether ketone (PEEK) polymer. This work establishes a bridge connecting raw biomass fractionation to diverse applications in synthetic chemistry and materials science.",crossref,0
Copper-Catalyzed Cross-Nucleophile Coupling of Organoboranes,https://pubs.acs.org/jacsat/article/doi/10.1021/jacs.6c10362/5423052/Copper-Catalyzed-Cross-Nucleophile-Coupling-of,Journal of the American Chemical Society: Latest Articles (ACS Publications),2026-09-07 00:00:00 UTC,2026-09-07 00:00:00+00:00,10.1021/jacs.6c10362,Gojko Lalic,"Abstract Metal-catalyzed cross-coupling reactions are an essential tool for carbon–carbon bond formation and generally involve one electrophilic and one nucleophilic coupling partner. In the wake of these traditional cross-coupling reactions, cross-electrophile coupling has emerged as a powerful complementary approach for joining two electrophilic components. The third general strategy, cross coupling of two nucleophiles, remains largely underdeveloped. Here we report a cross-nucleophile coupling of alkenylboronic esters and alkylboranes using a copper catalyst and acetophenone as the terminal oxidant. The reaction tolerates a range of functional groups and provides access to 1,2- and 1,1-disubstituted alkenes. Cross-selectivity is achieved by exploiting the ambiphilicity of organoboranes and fine-tuning their propensity to act as nucleophiles through transmetalation or as electrophiles in the formation of boron-ate complexes. Mechanistic studies reveal an unprecedented sequence of anti-selective carbometalation and anti-selective β-hydride elimination that results in stereospecific alkene formation, establishing a new mode of catalytic cross coupling.",crossref,0
SPARC-Targeted ZnS/BSA Nanoparticles For Multi-Mechanistic Mitigation of Early Brain Injury after Subarachnoid Hemorrhage,https://pubs.acs.org/aamick/article/doi/10.1021/acsami.6c09755/5421613/SPARC-Targeted-ZnS-BSA-Nanoparticles-For-Multi,ACS Applied Materials & Interfaces: Latest Articles (ACS Publications),2026-09-07 00:00:00 UTC,2026-09-07 00:00:00+00:00,10.1021/acsami.6c09755,Xiaofeng Sun,"Abstract Subarachnoid hemorrhage (SAH) remains a devastating stroke subtype with high morbidity and mortality, largely due to complex early brain injury (EBI) within the first 72 h involving cerebral vasospasm (CVS), oxidative stress, and neuroinflammation. Existing therapies such as nimodipine offer limited protection and fail to address multiple injury pathways. Here, we report a SPARC-targeted albumin-based zinc sulfide nanoparticle (ZnS/BSA NPs) designed for lesion-specific delivery and multi-mechanistic therapy for SAH. We demonstrate that SPARC is significantly upregulated in both human and rat SAH brains, enabling active targeting of injured vasculature and crossing the blood–brain barrier (BBB). ZnS/BSA NPs exhibit good colloidal stability in serum-containing medium and pH-responsive release of Zn2+ and H2S. Mechanistically, Zn2+ suppresses Ca2+ influx/CaMKII activation to alleviate CVS; H2S activates NRF2/HO-1 to scavenge reactive oxygen/nitrogen species (RONS) and inhibits NF-κB/NLRP3 signaling to shift microglia from M1 to M2 polarization. Additionally, the NPs inhibit Caspase-1/GSDMD-mediated pyroptosis in microglia and suppress both Caspase-1/GSDMD-mediated pyroptosis and Bax/Caspase-3-mediated apoptosis in neurons, thereby preserving BBB integrity and reducing brain edema. In a rat SAH model, ZnS/BSA NPs significantly improved learning, memory, and motor function, outperforming nimodipine. This work highlights SPARC as a viable druggable target and represents a “targeted, multi-mechanistic” nanotherapeutic paradigm for EBI after SAH.",crossref,0
Edge-Hydroxylated Boron Nitride Nanosheets for Simultaneous Improvement of Thermal and Mechanical Properties of Composite Films,https://pubs.acs.org/aamick/article/doi/10.1021/acsami.6c14798/5421593/Edge-Hydroxylated-Boron-Nitride-Nanosheets-for,ACS Applied Materials & Interfaces: Latest Articles (ACS Publications),2026-09-07 00:00:00 UTC,2026-09-07 00:00:00+00:00,10.1021/acsami.6c14798,Weigang Ma,"Abstract With the rapid evolution of high-power electronics driven by advanced communication technologies and artificial intelligence, efficient thermal management has become a critical challenge. Hexagonal boron nitride (h-BN)/polymer composites, which integrate the flexibility of polymers with high thermal conductivity, low dielectric constant, and electrical insulation of inorganic fillers, are promising candidates for electronic packaging and communication systems. However, inefficient micro/nanoscale interfacial heat transport and weak interfacial bonding severely limit simultaneous improvements in thermal conductivity and mechanical robustness. Here, we demonstrate an edge-selective hydroxylation strategy that overcomes this limitation. Edge hydroxyl groups bridge the filler-matrix interface via hydrogen bonding interactions, markedly decreasing interfacial thermal resistance by 24.5%, while reducing the intrinsic thermal conductivity of BNNS by only 4.1%. Both molecular dynamics simulations and experimental results consistently show that the significantly enhanced interfacial coupling enables the edge-hydroxylated boron nitride nanosheets/polyvinyl alcohol (BNNS-OH/PVA) films to achieve a high in-plane thermal conductivity of 45.8 W m–1 K–1 and a tensile strength of 47.2 MPa, while maintaining low dielectric constant and loss for high electromagnetic wave transparency. These findings establish interfacial bridging as an effective route to simultaneously optimize heat transport and mechanical performance, offering a viable pathway for thermal management in next-generation high-power electronics and communication devices.",crossref,0
Machine-Vision-Authenticated Hue-Programmable Bilayer Heterostructures for Anticounterfeiting,https://pubs.acs.org/aamick/article/doi/10.1021/acsami.6c10689/5421896/Machine-Vision-Authenticated-Hue-Programmable,ACS Applied Materials & Interfaces: Latest Articles (ACS Publications),2026-09-07 00:00:00 UTC,2026-09-07 00:00:00+00:00,10.1021/acsami.6c10689,Yihang Chen,"Abstract Conventional anticounterfeiting based on structural color relies on human vision for authentication, which introduces subjective bias and ambiguity, particularly for individuals with color vision deficiencies. Here, we propose a strategy that overcomes this limitation by integrating hue–programmable bilayer heterostructures with machine–vision authentication, wherein optical information is encrypted by structural color and objectively decrypted via a smartphone–based pattern recognition system. To realize this strategy, we design bilayer heterogeneous photonic crystals (BHPCs) comprising monolayers of polystyrene nanospheres with diameters of 400 nm and 500 nm, fabricated by gas–liquid interface self–assembly and tape–assisted transfer. The BHPCs uniquely access a magenta hue sector unattainable by either monolayer, offer a large angular extension, and enable dual–region authentication. We elucidate its diffraction mechanism as incoherent spectral superposition, validated by experiment and simulation. This approach eliminates subjective color perception bias, avoids expensive spectrometers, and allows user–defined encryption levels. The work provides a new paradigm for high–security, machine–readable anticounterfeiting and offers design insights for PC-based displays and sensors.",crossref,0
Interfacial dynamic hydroxyl flux mediated adsorbate-adsorbate interaction for efficient electrocatalytic 5-hydroxymethylfurfural oxidation,https://academic.oup.com/nsr/advance-article/doi/10.1093/nsr/nwag579/8787370?rss=1,National Science Review Advance Access,2026-09-07 00:00:00 UTC,2026-09-07 00:00:00+00:00,10.1093/nsr/nwag579,Shaohua Shen,"Electrocatalytic 5-hydroxymethylfurfural (HMF) oxidation (HMFOR) has been challenged by sluggish proton transfer and hydroxylation kinetics. Herein, SnO2 species were highly dispersed in glassified zeolite imidazole frameworks (ZIF) and sufficiently exposed to interface with CoOOH via glassification and electrochemical activation, creating an interfacial dynamic OH− flux at enriched CoOOH/SnO2 interfaces. The obtained CoSn(g) electrocatalyst shows a current density of 179.7mA cm−2 at 1.48V vs. reversible hydrogen electrode (RHE), along with 100% HMF conversion, 99.1% 2,5-furandicarboxylic acid (FDCA) yield, and 96.9% FDCA faradaic efficiency (FE). Impressively, with CoSn(g) as the anode, the integrated 5 × 5 cm2 membrane electrode assembly (MEA) electrolyzer remains above 93% FDCA yield for ten cycles at a 5 A industrial-scale current. Experimental and theoretical investigations demonstrate that the interfacial dynamic OH− flux mediates the adsorbate-adsorbate interactions, accelerating both the deprotonation and hydroxylation. Specifically, abundant *OH species anchored at Sn sites drive C–H/O–H bond cleavage in the intermediates on neighboring CoOOH and dynamically capture protons, thus facilitating the proton transfer process. Additionally, concentrated *OH at interfaces rapidly supplies OH− to adsorbed *HMF, facilitating hydroxylation. This work offers a fundamental understanding of microenvironment engineering via interfacial dynamic OH− flux for efficient biomass electrooxidation.",rss_oup,0
Dynamic regulation in solar interfacial evaporation,https://academic.oup.com/nsr/advance-article/doi/10.1093/nsr/nwag580/8787355?rss=1,National Science Review Advance Access,2026-09-07 00:00:00 UTC,2026-09-07 00:00:00+00:00,10.1093/nsr/nwag580,Liangti Qu,"Solar interfacial evaporation (SIE) has emerged as a promising strategy for sustainable water purification by localizing solar-driven photothermal conversion at the air–liquid interface. However, most conventional SIE systems rely on static structural optimization and therefore exhibit limited adaptability under fluctuating environmental conditions. This Review presents SIE as a dynamically regulated multiphysics system governed by the coupled interactions among energy flow, mass transport, boundary-layer transport, and material responses. We summarize recent advances in dynamic regulation of light harvesting, thermal management, water transport, salt evolution, and vapor transport, and further discuss their integration through energy–mass coupling, water–ion coupling, material-mediated coupling, and hierarchical coupling. Finally, we outline future directions toward predictive multiphysics models, adaptive responsive materials, intelligent system integration, and scalable real-world deployment. By shifting the focus from optimizing individual transport processes to coordinating their interactions, this Review provides a unified framework for developing adaptive solar-driven water purification and resource recovery systems.",rss_oup,0
Lignin valorization orbiting pharmacological molecules and materials,https://academic.oup.com/nsr/advance-article/doi/10.1093/nsr/nwag581/8787354?rss=1,National Science Review Advance Access,2026-09-07 00:00:00 UTC,2026-09-07 00:00:00+00:00,10.1093/nsr/nwag581,Feng Wang,"This Perspective summarizes the research strategies, current challenges and potential directions for converting native lignin polymers into pharmaceutical molecules and materials.",crossref,0
My research experience in China’s Space Station,https://academic.oup.com/nsr/advance-article/doi/10.1093/nsr/nwag575/8787353?rss=1,National Science Review Advance Access,2026-09-07 00:00:00 UTC,2026-09-07 00:00:00+00:00,10.1093/nsr/nwag575,Hongzhang Zhang,Hongzhang Zhao recounted his six-month experience aboard the China Space Station as a payload specialist.,crossref,0
Dual-Component Coating Enables Stable 4.6 V Cycling of High-Voltage LiCoO2 Cathodes,https://pubs.acs.org/aamick/article/doi/10.1021/acsami.6c16435/5423461/Dual-Component-Coating-Enables-Stable-4-6-V,ACS Applied Materials & Interfaces: Latest Articles (ACS Publications),2026-09-07 00:00:00 UTC,2026-09-07 00:00:00+00:00,10.1021/acsami.6c16435,Jiuqing Liu,"Abstract Lithium cobalt oxide (LCO) cathode materials are widely used in 3C electronic products but suffer from rapid capacity fading at high voltages (&gt;4.2 V). We propose a synergistic LiF/ZrO2 double-coating strategy to construct a flexible-rigid intimately intermingled nano-mosaic artificial interphase on Al-doped LiCoO2 (LCO-Al), significantly improving its cycling stability. Electrochemical tests show that the modified LCO-Al@LiF/ZrO2 has an initial discharge specific capacity of 205 mAh g–1 at 4.6 V and 0.5 C, much higher than 179 mAh g–1 of unmodified LCO (BLCO); after 100 cycles, its capacity retention reaches 81.9% (vs. 63.5% of BLCO). LCO-Al@LiF/ZrO2 also exhibits 97% capacity retention at 4.55 V. Mechanism analysis reveals that this strategy not only stabilizes the electrode–electrolyte interface and suppresses high-voltage phase transition but also enhances Li+ transport kinetics and reduces battery polarization, thus providing an effective approach for developing high-voltage LCO cathodes for high-energy-density lithium-ion batteries.",crossref,0
Directed heterogeneous hydride transfer enables selective CO2 reduction using a Janus palladium membrane electrode,https://www.nature.com/articles/s41557-026-02243-1,Nature Chemistry,2026-09-07 00:00:00 UTC,2026-09-07 00:00:00+00:00,10.1038/s41557-026-02243-1,Yujie Sun,"Electrochemical CO2 reduction is typically constrained by proton-coupled electron transfer, which intrinsically intertwines CO2 conversion with the competing H2 evolution reaction. Here we introduce a Janus palladium membrane electrode that circumvents proton-coupled electron transfer by enabling selective CO2 reduction through heterogeneous hydride transfer. The membrane spatially separates hydrogen generation from CO2 reduction and independently polarizes the CO2-facing interface, converting permeated hydrogen atoms into Pd-H species with tunable hydricity. This design sustains directional hydride flux from water to CO2, enabling highly selective formate production under mild cathodic polarization. We achieve excellent Faradaic efficiencies and turnover frequencies in aqueous electrolytes, while isotope labelling experiments confirm hydride transfer as the dominant reaction pathway. Continuous hydrogen delivery stabilizes a hydrogen-rich surface of the electrode, suppressing CO formation and enabling stable operation. This electrode's success for CO2 reduction in both aqueous and fully aprotic electrolytes offers a general route to access heterogeneous hydride reactivity beyond proton-mediated electrocatalysis.",pubmed,0
Reprogramming spatial ion–solvent organization in the inner Helmholtz plane for high-energy-density and long-life lithium metal batteries,http://pubs.rsc.org/EE/article-lookup/doi/10.1039/D6EE03965K,Energy & Environmental Science,2026-09-07 00:00:00 UTC,2026-09-07 00:00:00+00:00,10.1039/d6ee03965k,Liqiang Mai,We propose reprogramming the spatial ion–solvent organization within the Inner Helmholtz Plane to regulate the SEI formation pathways and spatial evolution and construct an optimized interphase throughout cycling.,crossref,0
Breaking the Activity-Stability Trade-off in Oxygen Reduction via Sulfur-Modulated Fe–Zr Dual-Site Microenvironment Engineering,http://pubs.rsc.org/EE/article-lookup/doi/10.1039/D6EE05522B,Energy & Environmental Science,2026-09-07 00:00:00 UTC,2026-09-07 00:00:00+00:00,10.1039/d6ee05522b,Tianyi Ma,"The oxygen reduction reaction (ORR) lies at the heart of metal–air batteries and emerging sustainable energy technologies; however, the persistent trade-off between catalytic activity and operational durability poses a formidable...",crossref,0
Solvent molecular branching drives synergistic solvation and antifreezing for ultra-low-temperature anode-free sodium metal batteries,http://pubs.rsc.org/EE/article-lookup/doi/10.1039/D6EE03355E,Energy & Environmental Science,2026-09-07 00:00:00 UTC,2026-09-07 00:00:00+00:00,10.1039/d6ee03355e,Chao Wu,"Molecular branching triggers synergistic solvation to achieve “weak + weak = strong” electrolyte behavior. The binary system stays liquid to −80 °C, enabling anode free full cell cycling at −60 °C and 123 Wh kg −1 in Ah-scale pouch cells at −40 °C.",crossref,0
Electronic‐Brake‐Enabled Generation and Stabilization of Dynamic Active Interfaces for CO 2 ‐to‐Formate Electroreduction,https://advanced.onlinelibrary.wiley.com/doi/10.1002/aenm.71561,Advanced Energy Materials,2026-09-07 00:00:00 UTC,2026-09-07 00:00:00+00:00,10.1002/aenm.71561,Bin Hua,"ABSTRACT Controlling the dynamic reconstruction of oxide‐derived catalysts is critical for electrochemical CO 2 reduction because their active structures are often metastable under cathodic conditions. For SnO 2 ‐based catalysts, partial reduction generates reconstructed SnO 2 /Sn interfacial structures that favor formate production, whereas excessive reduction to metallic Sn destroys these interfaces and promotes hydrogen evolution. Here, we develop a dopant‐regulated reconstruction strategy in which low‐valence, high‐electronegativity Bi acts as an electronic brake to modulate SnO 2 reduction kinetics. The optimized Bi0.2 catalyst delivers a formate Faradaic efficiency above 93% for more than 130 h at 250 mA cm −2 in a flow cell and maintains robust performance across diverse electrolyte environments. In situ and ex situ structural/electronic characterizations show that Bi incorporation mitigates deep SnO 2 reduction and helps preserve the reconstructed SnO 2 /Sn interface under cathodic operating conditions. In situ Raman spectroscopy and attenuated total reflection surface‐enhanced infrared absorption spectroscopy measurements reveal potential‐dependent changes in the interfacial water environment and support the involvement of activated CO 2 ‐related and * OCHO‐related species in formate formation. Density functional theory calculations further show that Bi lowers the largest uphill Gibbs free‐energy step for * OCHO formation while increasing that for the competing hydrogen evolution reaction pathway. These results establish dopant‐regulated reconstruction and interfacial proton‐coupled reaction regulation as design principles for sustainable CO 2 valorization.",crossref,0
Surface Lattice‐Adaptive Integrity Reconstruction of Perovskite Quantum Dots for Efficient Solar Cells,https://advanced.onlinelibrary.wiley.com/doi/10.1002/aenm.71547,Advanced Energy Materials,2026-09-07 00:00:00 UTC,2026-09-07 00:00:00+00:00,10.1002/aenm.71547,Xiaoliang Zhang,"ABSTRACT Formamidinium lead triiodide perovskite quantum dots (FAPbI 3 PQDs) receive increasing attention for next‐generation solar cells owing to their remarkable optoelectronic properties and solution processability. However, the dynamic binding of native surface ligands inevitably induces surface lattice vacancies and distortions, significantly deteriorating the optoelectronic properties and stability of PQDs. Herein, a facile surface lattice‐adaptive integrity reconstruction strategy is reported to regulate the surface lattice of PQDs. After molecule screening, the 3‐guanidinopropionic acid (GPA) with a geometry‐adaptive configuration can effectively passivate the intrinsic surface lattice vacancies through the Pb‐O coordination and guanidinium‐mediated hydrogen‐bonding interactions. Meanwhile, the surface lattice‐adaptive configuration of the GPA can also substantially ameliorate the distorted surface lattice, which largely improves the surface lattice integrity and enhances the electronic coupling of PQDs, facilitating charge carrier transport in the PQD solids. Consequently, the power conversion efficiency is increased from 16.15% for the control solar cell to 19.32% for the GPA‐based solar cell. This work provides important insight into the physical design principles for the surface lattice of PQDs through lattice‐adaptive molecules and offers implementable strategies for the development of high‐performance optoelectronic devices.",crossref,0
Composite Polymer Electrolytes With Hierarchical Confinement of Anions and Solvents for Stable Solid‐State Li Metal Batteries,https://advanced.onlinelibrary.wiley.com/doi/10.1002/aenm.71556,Advanced Energy Materials,2026-09-07 00:00:00 UTC,2026-09-07 00:00:00+00:00,10.1002/aenm.71556,Ce‐Wen Nan,"ABSTRACT Solid‐state lithium‐metal batteries leveraging solid polymer electrolytes (SPEs) represent a promising technological pathway. Among these, polyvinylidene fluoride (PVDF)‐based SPEs are particularly noteworthy, yet they face a fundamental dilemma: electrode/electrolyte interfacial degradation from solvent‐dominated Li + coordination versus constrained Li + transport under solvent‐deficient conditions. To resolve this paradox, a 3D porous few‐layered MoS 2 was synthesized and employed as the filler in PVDF‐based SPEs. The fillers concurrently weaken Li + coordination with both FSI − and solvent through targeted dipole interactions, thereby enhancing Li + migration rate and inducing structural reorganization to anion‐dominated Li + solvation. The optimized PVDF‐based electrolyte demonstrates record‐breaking ionic conductivity (1.13 mS cm −1 ), Li + transference number (0.68), and exceptional compatibility with lithium metal anodes under solvent‐lean conditions. The LiNi 0.8 Co 0.1 Mn 0.1 O 2 ||Li cell demonstrates exceptional cycling stability, achieving a record‐high capacity retention of 90.5% after 1500 cycles at 2 C. Furthermore, practical applicability is confirmed through a 54 mAh pouch cell configuration. The ultra‐stable interfacial characteristics establish new performance benchmarks, demonstrating a viable pathway toward practical solid‐state batteries with minimal solvent dependence.",crossref,0
"(α, γ) cross-section measurements on the lightest p nucleus 74Se and on 76Se",https://www.sciencedirect.com/science/article/pii/S0370269326007823?dgcid=rss_sd_all,ScienceDirect Publication: Physics Letters B,2026-09-07 00:00:00 UTC,2026-09-07 00:00:00+00:00,10.1016/j.physletb.2026.140932,P. Dimitriou,"Publication date: Available online 7 September 2026Source: Physics Letters BAuthor(s): S. Harissopulos, V. Foteinou, M. Axiotis, F. Maragkos, H.-W. Becker, A. Lagoyannis, P. Dimitriou",rss_description,0
Measurement of coincident photon-initiated processes in ultra-peripheral pb+pb collisions with the ATLAS detector,https://www.sciencedirect.com/science/article/pii/S0370269326007598?dgcid=rss_sd_all,ScienceDirect Publication: Physics Letters B,2026-09-07 00:00:00 UTC,2026-09-07 00:00:00+00:00,10.1016/j.physletb.2026.140909,T. Adye,"Publication date: Available online 7 September 2026Source: Physics Letters BAuthor(s): G. Aad, E. Aakvaag, B. Abbott, S. Abdelhameed, K. Abeling, N.J. Abicht, S.H. Abidi, M. Aboelela, A. Aboulhorma, H. Abramowicz, Y. Abulaiti, B.S. Acharya, A. Ackermann, C. Adam Bourdarios, L. Adamczyk, S.V. Addepalli, M.J. Addison, J. Adelman, A. Adiguzel, T. Adye",rss_description,0
"Bio‐Inspired Janus All‐Nanofiber Self‐Powered Electronic Skins for Multifunctional, High‐Resolution, Artifact‐Free Human–Machine Interface",https://advanced.onlinelibrary.wiley.com/doi/10.1002/adma.74900,Advanced Materials,2026-09-07 00:00:00 UTC,2026-09-07 00:00:00+00:00,10.1002/adma.74900,Junying Zhang,"ABSTRACT Artificial skins combining sustainable tactile sensing and high‐precision contextual interaction could transform medical devices and robotics yet developing body‐integrated systems that are electrically stable, comfortable, and scalable remain challenging. We develop a heterogeneous Janus e‐skin enabled by gel‐fiber‐mediated interlayer adhesion and co‐design of materials, structure, and architecture. An engineered polyurethane ionogel (PUIL) coupled with an elastic SBS scaffold redistributes mechanical stress. Hydrogen bonding and ion‐dipole interactions immobilize the liquid metal (LM) conductor to form a reconfigurable interface. Consequently, interleaved conductive, strain‐insensitive nanofiber electrodes mitigate LM migration and leakage and exhibit exceptional long‐term electrical stability, withstanding 400% strain with minimal resistance change (R/R 0 ≈ 1.07). The bonding interlayer and hierarchically porous Janus membrane create a surface‐energy gradient that promotes air permeability and unidirectional moisture transport, thereby improving comfort and cycling durability. Additionally, the Janus fibrous membrane mitigates strain/thermal/moisture‐induced signal distortion, ensuring stable bioelectrical feedback and bolstering the robustness of machine‐learning‐assisted decoding in self‐powered human–machine interactions. Remarkably, the e‐skin exhibits excellent scalable bioinspired multifunctional protection, enabling seamless module integration for electromagnetic shielding and on‐demand thermal management. This work paves the way for next‐generation human–machine interfaces by demonstrating a holistic strategy that achieves wearer comfort, multifunctional integration, and multi‐scenario AI interaction.",crossref,0
Topology‐Controlled Dual Stacking Enables High Performance Anion Exchange Membranes,https://advanced.onlinelibrary.wiley.com/doi/10.1002/adma.74938,Advanced Materials,2026-09-07 00:00:00 UTC,2026-09-07 00:00:00+00:00,10.1002/adma.74938,Tongwen Xu,"ABSTRACT Developing anion exchange membranes (AEMs) with high hydroxide conductivity and dimensional stability remains a key challenge for anion exchange membrane water electrolysis (AEMWE). While microporous architectures can facilitate ion transport, the accompanying structural disorder often compromises membrane stability. In this study, we introduce a topology‐regulated packing strategy by incorporating triphenylene (TP) units into the polymer backbone to manipulate intermolecular organization. Molecular simulations and structural characterizations reveal that the TP topology induces dual stacking configurations, consisting of compact and tilted packing motifs. The coexistence of these two stacking modes enables the formation of ordered domains while preserving interconnected free volume, thereby promoting continuous ion‐transport pathways without excessive swelling. As a result, the optimized membrane exhibits a hydroxide conductivity of 178.39 mS cm −1 with a low swelling ratio of approximately 10% at 80°C. Diffusion analyses further suggest that the topology‐induced packing structure creates a favorable hydrated environment and facilitates efficient hydroxide transport. In AEMWE operation, the membrane delivers a current density of 3.163 A cm −2 at 1.8 V and 80°C and maintains stable operation for over 4000 h at 1 A cm −2 . These findings establish molecular topology as an effective design parameter for simultaneously regulating ion transport and dimensional stability in AEMs.",crossref,0
A method for adaptive spectral clustering in flexibility markets,https://www.sciencedirect.com/science/article/pii/S0306261926014236?dgcid=rss_sd_all,ScienceDirect Publication: Applied Energy,2026-09-07 00:00:00 UTC,2026-09-07 00:00:00+00:00,10.1016/j.apenergy.2026.128767,Nilson Henao,"Market-based frameworks require aggregating flexible, granular resources into stable trading products to achieve efficient grid congestion management. The heterogeneous nature of demand-side flexibility, which entangles topological constraints with dynamic user preferences, renders static clustering ineffective. Frequent reclustering could capture these dynamics, but it introduces operational volatility and remains mathematically intractable for near-real-time operations. To resolve this stability-efficiency trade-off, this paper proposes a grid-aware State-Adaptive Hybrid Clustering (SAHC) method. Unlike rigid topological partitioning, SAHC employs a spectral approach to capture non-linear interactions between grid physics and economic behavior. The framework integrates a day-ahead initialization—Affinity Aggregation with Spectral Clustering (AASC)—with a dynamic intra-day engine that autonomously switches between a lightweight stateful update (Power Iteration Clustering) and a stateless re-estimation (Nyström approximation) based on spectral structural integrity. Simulations on the IEEE 33-bus system under an abrupt behavioral shift demonstrate that SAHC achieves lower computational latency with minor effects on economic efficiency. The approach attains flexibility costs comparable to high-fidelity benchmarks while reducing computation time by more than one order of magnitude relative to full spectral decomposition, enabling operation under strict real-time constraints. These results support SAHC as a scalable solution that ensures market continuity without the limitations of static approaches.",openalex,0
Green hydrogen production system design optimisation with strategic reliability decisions,https://www.sciencedirect.com/science/article/pii/S0306261926014157?dgcid=rss_sd_all,ScienceDirect Publication: Applied Energy,2026-09-07 00:00:00 UTC,2026-09-07 00:00:00+00:00,10.1016/j.apenergy.2026.128759,Claver Diallo,"Green hydrogen (GH) is central to global decarbonisation strategies, yet its large-scale deployment remains constrained by high costs, limited operational experience, and the lack of integrated planning frameworks that jointly account for reliability, maintenance, and renewable resource variability across diverse grid connectivity and demand conditions. This study develops a novel reliability-based mixed-integer nonlinear programming (MINLP) framework that uses stochastic optimisation to simultaneously optimise technology selection, subsystem sizing, maintenance planning, and availability investment decisions for GH production systems, with green ammonia serving as the downstream energy carrier for long-distance transport. A case study in Eastern Canada identifies a wind-dominated configuration with supplemental solar and battery storage as the optimal solution, achieving a levelised cost of hydrogen (LCOH) of $4.44 kg −1 . Comparative geographic analyses reveal that wind-dominant regions achieve costs 18% to 41% lower than solar-dominant regions across best- to worst-case operating conditions, where lower solar capacity factors and stronger seasonal generation patterns necessitate substantially larger storage investments with limited production benefits. The framework also identifies two primary sources of renewable energy curtailment: the mismatch between installed renewable capacity and electrolyser absorption capability, and electrolyser downtime. Improving electrolyser availability reduces total curtailment by up to 48%, yet imposing stricter curtailment limits increases system costs without improving hydrogen production, with low-demand systems experiencing the greatest economic penalty due to higher incremental maintenance requirements. The findings demonstrate that maintenance strategies, curtailment management, grid interaction, and technology configuration must be jointly optimised under region-specific resource and demand conditions to achieve viable GH production. This study provides a practical framework to support these decisions during the design phase.",openalex,0
Multi-period coordinated dispatch of coupled power-transportation networks with dynamic lane reconfiguration,https://www.sciencedirect.com/science/article/pii/S0306261926014339?dgcid=rss_sd_all,ScienceDirect Publication: Applied Energy,2026-09-07 00:00:00 UTC,2026-09-07 00:00:00+00:00,10.1016/j.apenergy.2026.128777,Hongbin Sun,"The lane reconfiguration has been utilized in practice to decrease the traffic congestion and travel costs in the urban transportation network (UTN) by changing travelling direction and lane numbers. As the interdependence between the power and transportation networks intensifies, the lane flexibility needs exploiting to further solve the issues of high electric vehicle (EV) charging loads and power congestion in the coupled power and transportation network (CPTN). This paper proposes a coordinated dispatch model of the CPTN considering the dynamic lane reconfiguration. A dynamic lane reconfiguration model is developed accurately by considering buffer time and elastic reconfiguration time to ensure the UTN safety and CPTN flexibility simultaneously. Specifically, the number of reconfigured lanes and duration of lane reconfiguration are both determined by the real-time traffic flow, which is described by the dynamic traffic assignment (DTA) model in the UTN. Moreover, due to the non-convexity introduced by the DTA and lane-reconfiguration models, the nonlinear transportation-side constraints are reformulated into a solver-compatible mixed-integer linear approximation, which can be embedded into the coordinated CPTN dispatch framework. Numerical simulations are conducted in both the UTN and CPTN test systems to demonstrate the advantages of applying DTA models. In the CPTN case, compared with the DTA case without lane reconfiguration, the proposed lane reconfiguration reduces the total social cost from 3339.46 to 2759.80 (17.36%), including a 32.66% reduction in transportation travel cost and a 5.08% reduction in power generation cost, while also mitigating both traffic and power congestion.",openalex,0
Techno-economic analysis on an integrated system for direct air capture and atmospheric water harvesting,https://www.sciencedirect.com/science/article/pii/S0306261926014182?dgcid=rss_sd_all,ScienceDirect Publication: Applied Energy,2026-09-07 00:00:00 UTC,2026-09-07 00:00:00+00:00,10.1016/j.apenergy.2026.128762,L. Jiang,"Moisture-swing adsorption (MSA) has emerged as a promising technology for direct air capture (DAC) due to its ability to decouple from high-grade heat, which can offer significant potential for low cost and sustainable carbon removal. Achieving scalable deployment requires fully closed-loop materials and energy management, remaining a critical challenge underexplored in current MSA research. The continuous water loss inherent in conventional MSA limits its viability in water-constrained environments. This study proposes an integrated system that couples atmospheric water harvesting (AWH) with MSA. This framework adopts a sequential material flow configuration in which ambient air is processed through a CO 2 contactor before entering a water contactor. This design synergistically boosts the relative humidity at AWH inlet, which enhances CO 2 and water capture efficiencies. The results indicate that the integrated system is capable of capturing 8–15 tons of CO 2 annually. The levelized cost of DAC falls within the range of approximately 240–260 $/t. The system demonstrates exceptional performance in arid regions by maintaining a closed-loop water balance and achieving net-negative emissions without external water inputs. It proves that AWH-MSA integration provides a cost-effective pathway for deploying DAC across diverse geographical landscapes.",openalex,0
CBX4 stabilizes NEUROD1 through SUMO-ubiquitin crosstalk to delay β-cell senescence,https://www.nature.com/articles/s41467-026-77536-7,Biological sciences : Nature Communications subject feeds,2026-09-07 00:00:00 UTC,2026-09-07 00:00:00+00:00,,Fangfang Zhang,"Aging-associated β-cell senescence is a key driver of type 2 diabetes mellitus (T2DM). However, its associated molecular mechanisms remain poorly explored. This study identifies Chromobox 4 (CBX4), a Polycomb group protein with SUMO E3 ligase activity, as an essential regulator of β-cell aging and function. The results show that CBX4 expression progressively downregulates in both aged and diabetic pancreatic islets. Targeted deletion of Cbx4 in β-cell accelerates cellular senescence, impairs glucose tolerance, and compromises mitochondrial function. CBX4 interacts directly with the transcription factor NEUROD1 via its SUMO-interacting motif 1 (SIM1). CBX4 promotes SUMOylation of NEUROD1 at lysine 38 and drives its assembly into nuclear condensates via phase separation. These processes collectively antagonize NEDD4-mediated ubiquitination at the same site, stabilizing NEUROD1. The preserved NEUROD1 enhances Ins2 transcription and suppresses Camk2n1 expression, thus activating CaMKII signaling, promoting calcium influx, and maintaining mitochondrial bioenergetics. Furthermore, the study identifies STAT5A as a transcriptional regulator upstream of Cbx4. These findings reveal a STAT5A-CBX4-NEUROD1 signaling axis associated with β-cell aging in T2DM and suggest CBX4 as a promising therapeutic target to maintain β-cell function in metabolic disorders.",nature_html,0
High-performance tunnel-junction selectors with graded tunnel barriers based on five-layer van der Waals heterostructures,https://www.nature.com/articles/s41928-026-01704-2,Nature Electronics,2026-09-07 00:00:00 UTC,2026-09-07 00:00:00+00:00,10.1038/s41928-026-01704-2,J. Joshua Yang,"Using five vertically stacked van der Waals layers, a tunnel-junction selector can be created that exhibits a nonlinearity above 107, an endurance of more than 1012 cycles, a switching speed of less than 20 ns, minimal temperature dependence and low device-to-device variability.",rss_nature,0
Engineering Redox–Transport Balance in Cobalt-Metalated Al-PMOFs for CO2 Photoreduction,https://pubs.acs.org/aamick/article/doi/10.1021/acsami.6c07492/5421576/Engineering-Redox-Transport-Balance-in-Cobalt,ACS Applied Materials & Interfaces: Latest Articles (ACS Publications),2026-09-07 00:00:00 UTC,2026-09-07 00:00:00+00:00,10.1021/acsami.6c07492,Justyna Łuczak,"Abstract Porphyrin metal–organic frameworks (PMOFs) are recognized for their significant potential as photocatalysts active under visible light due to their adjustable structural attributes and extensive π-conjugated porphyrin core. In this study, the photocatalytic efficacy of aluminum-based porphyrin MOFs (Al-PMOFs) modified with four non-noble metals (Co2+, Cu2+, Zn2+, and Ni2+) is systematically examined. Among the evaluated materials, Al-PMOF(Co) exhibited the highest photoactivity toward CO2 reduction to formic acid. Through systematic variation of the cobalt loading (0.25–15 wt %), the 8 wt % incorporation level was identified as the best-performing among those investigated. The photocatalytic activity of Al-PMOF(Co)_8 was 1.6-fold higher than that of pristine Al-PMOF. Theoretical simulations enhanced through an active learning approach identified the critical descriptors governing photocatalytic performance, including band gap characteristics, band edge positions, charge separation, and carrier effective masses under operando conditions. These findings demonstrate the importance of cobalt incorporation for improving charge separation and enhancing photocatalytic CO2 reduction, providing useful guidelines for the rational design of highly efficient photocatalysts for sustainable carbon conversion.",crossref,0
Cross-Scale Defects Enable Ultralow Lattice Thermal Conductivity and High Thermoelectric Performance in Silver Nanowire-Integrated Bi2Te3/Sb2Te3 Nanoheterojunctions,https://pubs.acs.org/aamick/article/doi/10.1021/acsami.6c14071/5421897/Cross-Scale-Defects-Enable-Ultralow-Lattice,ACS Applied Materials & Interfaces: Latest Articles (ACS Publications),2026-09-07 00:00:00 UTC,2026-09-07 00:00:00+00:00,10.1021/acsami.6c14071,Wen Li,"Abstract Decoupling the intrinsically coupled electrical and thermal transport remains a central challenge for achieving high-performance thermoelectrics. Herein, we report a defect-modulated transport-decoupling strategy in anisotropic Bi2Te3/Sb2Te3 (BT/ST) heterojunction nanomaterials with silver nanowires. By guiding defect evolution at the BT/ST phase boundaries, nanopore-containing heterointerfaces are constructed. Combined spatially resolved EELS observations and HRTEM/IFFT suggest that nanopores are preferentially associated with dislocation-rich heterogeneous interfacial regions. These engineered nanopores and heterogeneous interfaces effectively suppress phonon transport, leading to an ultralow lattice thermal conductivity of ∼0.13 W m–1 K–1 at 600K. Meanwhile, the two-dimensional nanoplate framework provides anisotropic transport characteristics, while silver nanowires provide additional conductive pathways and modify the interfacial electronic transport, enabling enhanced electrical conductivity while preserving a high Seebeck coefficient. As a result, the electrical and thermal transport processes are spatially regulated. The optimized BT/ST nanoheterojunctions containing 2 vol % AgNWs exhibits a peak ZT⊥ of 0.74, corresponding to a substantial ∼174% enhancement compared with the pristine matrix. More importantly, the combination of suppressed phonon transport and preserved electrical transport parallel to the SPS pressing direction yields a high S∥ of 169 μV K–1 and an outstanding peak ZT∥ of 1.25 at 600 K. This work demonstrates that controllable nanopore construction and directional electrical pathway engineering are effective for realizing anisotropic carrier-phonon decoupling in high-performance thermoelectric materials.",crossref,0
Programmable CAR-engaging particles rewire human CAR T-cell signaling for sustainable ex vivo expansion,https://www.nature.com/articles/s41467-026-76570-9,Biological sciences : Nature Communications subject feeds,2026-09-07 00:00:00 UTC,2026-09-07 00:00:00+00:00,,Xiao Huang,"T cell proliferative capacity and persistence determine the therapeutic efficacy of chimeric antigen receptor (CAR) T cells. However, strategies to externally enhance CAR-T cell expansion without genetic rewiring are lacking. Here, we engineer CAREp, programmable DNA-scaffolded PLGA microparticles displaying CAR-targeting antigens and CD28-costimulatory antibodies, to repeatedly stimulate human CD8+ CAR-T cells ex vivo. CAREp sustains a-EGFR CAR-T cell expansion for over 100 days across both 4-1BBζ and CD28ζ constructs, achieving up to 1018-fold cumulative expansion and surpassing tumor-cell or CD3/CD28-Dynabeads stimulation. Expanded cells retain effector function and mitochondrial fitness while exhibiting clonal enrichment, initially preserved memory-associated progenitor states, delayed exhaustion, and transiently activated telomerase delaying telomere attrition. Early transcriptomic responses show coordinated activation of DNA repair, chromatin remodeling, telomere maintenance, and mitochondrial function while restricting differentiation-associated signaling programs, mirroring long-term functional outcomes. These findings demonstrate that nanoscale ligand organization synchronizes acute CAR-T signaling with durable proliferative and metabolic states.",nature_html,0
Electroactive Poly(Vinylidene Fluoride-Trifluoroethylene)-Zinc Oxide Nanorod Films for Macrophage Polarization Regulation,https://pubs.acs.org/aamick/article/doi/10.1021/acsami.6c11748/5422160/Electroactive-Poly-Vinylidene-Fluoride,ACS Applied Materials & Interfaces: Latest Articles (ACS Publications),2026-09-07 00:00:00 UTC,2026-09-07 00:00:00+00:00,10.1021/acsami.6c11748,Kui Cheng,"Abstract Mimicking the nanotopographical and electrical characteristics of the native bone interface provides an effective strategy for designing biomimetic bone repair materials. In this study, a PVTF-ZNR composite film was developed to establish a coupled topographical–electrical biomimetic microenvironment by constructing low-exposure-height zinc oxide nanorod (ZNR) arrays on the surface of a poly(vinylidene fluoride-trifluoroethylene) (PVTF) electroactive film followed by electrical poling. The low-exposed ZNR structures provided bone-inspired nanoscale topographical cues and promoted the crystallization of the surrounding PVTF, while the poled PVTF matrix enabled tunable overall surface potentials and a stable ZNR/PVTF heterogeneous potential distribution. Biological evaluations showed that the introduction of surface nanostructures enhanced the interfacial responsiveness of bone marrow-derived macrophages (BMDMs), accompanied by the simultaneous upregulation of M1- and M2-related phenotypic markers and cytokines. Under positive poling, the larger positive surface potential change further suppressed pro-inflammatory signals and enhanced the secretion of anti-inflammatory and repair-related factors in highly activated BMDMs, leading to a more pronounced M2 phenotypic bias. Consequently, a pro-reparative osteoimmune microenvironment was established, which promoted the adhesion, proliferation and osteogenic differentiation of bone marrow mesenchymal stem cells (BMSCs). These results indicate that the PVTF-ZNR composite film can regulate macrophage activation and phenotypic bias through the synergistic effects of nanotopographical cues and surface potential modulation. This work highlights the potential of coupled topographical–electrical biomimetic interfaces for osteoimmune microenvironment regulation during bone defect repair.",crossref,0
Dynamic coupling enables impulsive ejection in a hydrogel catapult,https://www.nature.com/articles/s41467-026-77391-6,Physical sciences : Nature Communications subject feeds,2026-09-07 00:00:00 UTC,2026-09-07 00:00:00+00:00,,Li Zhang,"Ejection dynamics can provide miniature robots with high-speed, cross-scale locomotion and non-contact operation. Here, we present a dynamic coupling ejection strategy for generating and transferring kinetic energy in miniature robotics. We demonstrate this strategy using a bilayer hydrogel catapult, in which rapid phase-transition-driven deformation couples dynamically with the projectile and the substrate, enabling substantial power output and kinetic energy release. The resulting ejection actuation system achieves a broadened projectile mass range (0-1000 times the catapult’s body weight), a launch velocity of 16.6 m/s for a same-mass projectile, and a power density ( > 8.74×104 W/kg) that surpassing most natural and engineered miniature catapults. As a proof of concept, we demonstrate a hydrogel catapult-driven biopsy robot that ejects a thick needle to acquire deep tissue samples in a single operation. These results establish a platform for advancing rapid motion and high-power output in miniature soft robotics.",nature_html,0
Extreme-bandwidth valley photonic metamaterials approaching Dirac velocity,https://www.nature.com/articles/s41467-026-77577-y,Physical sciences : Nature Communications subject feeds,2026-09-07 00:00:00 UTC,2026-09-07 00:00:00+00:00,,Cheng-Wei Qiu,"Valley photonics supports edge transport robust to sharp bends and disorder. However, conventional valley states, typically developed within a quantized valley Chern number framework, remain limited group velocity and bandwidth, restricting their applicability in high-speed, high-capacity on-chip transport. By relaxing the use of a sizable valley Chern number as the primary constraint in performance optimization, we leverage Dirac-mass engineering and electromagnetic mode control to simultaneously enhance the bandwidth and group velocity of valley transport. By combining extreme inversion-symmetry breaking with effective suppression of mode mixing, the platform restores an approximately scale-invariant interfacial mass profile, enabling both a maximized valley bandgap and a near-Dirac group velocity. Near-field measurements directly confirm unidirectional valley propagation with deep-subwavelength confinement and robustness against sharp bends. The system supports estimated error-free transmission at 2 Gbps and an open eye at symbol rates approaching the carrier frequency, with a carrier-normalized symbol rate exceeding those of previously reported valley photonic platforms by more than one order of magnitude. These findings establish a practical design route for high-performance valley photonics, offering ultrabroadband, high-velocity, and compact signal transport with potential applications in high-capacity photonic interconnect.",nature_html,0
Superior flexibility merges high power density in single-crystal Bi2Te3 film thermoelectric generators,https://www.nature.com/articles/s41467-026-77574-1,Physical sciences : Nature Communications subject feeds,2026-09-07 00:00:00 UTC,2026-09-07 00:00:00+00:00,,Jiehe Sui,"Developing high-performance, mechanically robust power sources is critical for wearable microelectronic networks. Flexible thermoelectric technology offers a promising solution, but the central challenge remains the synergistic optimization of mechanical flexibility and functional performance in high-efficiency materials. Here, we report an antisite defect suppression strategy to resolve these conflicting demands in Bi2Te3 single-crystal thin films. By utilizing Se alloying, we tailor interplanar energetics to improve yield strength while enabling an unusual microcrack propagation mechanism that retains superior plasticity. This defect engineering approach also optimizes carrier mobility, leading to ultrahigh power factors of 50.6 for n-type and 48.2 μW cm−1 K−2 for p-type single-crystal films. A flexible thermoelectric generator fabricated from these films demonstrates robust bendability over 10,000 cycles and achieves a record power density of 805.0 W m−2 under a temperature difference of 79.6 K in natural cooling conditions. This study highlights intrinsic defect engineering’s transformative potential for next-generation durable, high-power flexible thermoelectric generators.",nature_html,0
Safe electrolyte design with isolated solvation nanoclusters for high-energy lithium metal batteries,https://www.nature.com/articles/s41467-026-77589-8,Physical sciences : Nature Communications subject feeds,2026-09-07 00:00:00 UTC,2026-09-07 00:00:00+00:00,,Fei Du,"The pursuit of high-energy-density lithium metal batteries is often hampered by severe safety hazards and limited cycle life, leading to increased environmental impact and higher costs. Here, we demonstrate that tuning the underappreciated miscibility between electrolyte components could provide an effective approach. By introducing a non-coordinating, non-flammable cyclic fluorinated diluent, we minimize diluent-ion pair intermolecular forces, thereby enabling the formation of isolated solvation nanoclusters. The designed microstructure could facilitate enhanced Li+ transport to suppress dendrite growth and foster an inorganic-rich interphase to enhance interfacial electrochemical and thermal stability. This electrolyte design enables 50 μm Li | |2.5 mAh cm−2 LiNi0.8Mn0.1Co0.1O2 cells to retain 80% capacity after 800 cycles and over 95% capacity following an 8-month calendar aging test. Moreover, the Ah-level pouch cells could achieve a specific energy exceeding 500 Wh kg−1 based on the total mass of the pouch cell, while withstanding fully charged nail penetration and 200% overcharge without fire or swelling. Therefore, the nanocluster electrolyte reduces lifetime safety costs and material consumption per unit energy delivered, collectively enhancing practical sustainability for high-energy-density, safe, and long-lasting lithium metal batteries.",nature_html,0
Harvesting environmental circadian oscillations for energy autonomy of soft robots,https://www.nature.com/articles/s41467-026-77422-2,Physical sciences : Nature Communications subject feeds,2026-09-07 00:00:00 UTC,2026-09-07 00:00:00+00:00,,Johannes T. B. Overvelde,"Energy autonomy remains elusive in soft robotic devices, yet is essential for real-world operation beyond laboratory environments. Existing onboard energy-source strategies for air-powered soft robots require manual intervention for long-term use. We propose a thermopneumatic strategy that exploits circadian thermal oscillations and a pneumatic control circuit to enable energy autonomy in soft robotic systems. Our thermodynamic cycle harvests environmental thermal energy, stores it as pneumatic pressure, and autonomously discharges it to power soft pneumatic devices. Using a low-boiling-point fluid, our design repeatedly generates sufficient energy for pneumatic soft robots. Our model indicates this strategy is applicable worldwide under sufficient light intensity and ambient temperature. In a single real-world thermal cycle, our design triggered 142 activations of a self-oscillating actuator, while a two-limbed soft pneumatic robot harvested thermal energy to achieve locomotion. This study presents a long-term energy-harvesting strategy enabling energy autonomy in electronic-free soft robots without repeated manual intervention.",nature_html,0
Isoform‐Selective Targeting of Akt Through Covalent Allosteric Inhibition,https://onlinelibrary.wiley.com/doi/10.1002/anie.3567206,Angewandte Chemie International Edition,2026-09-07 00:00:00 UTC,2026-09-07 00:00:00+00:00,10.1002/anie.3567206,Daniel Rauh,"ABSTRACT The Akt family of serine/threonine kinases plays a crucial role in various cellular processes, including proliferation, survival, and metabolism. Three Akt isoforms (Akt1, Akt2, and Akt3) have distinct physiological roles, and while individual isoform dysregulation is disease‐linked, unselective Akt inhibition leads to side effects. Here, we report the development of selective covalent‐allosteric Akt inhibitors (CAAIs) targeting Akt2 and Akt3 while sparing Akt1. Guided by protein x‐ray crystallography and molecular modeling, key structural differences within the allosteric pockets of the isoforms were identified and exploited in a structure‐based design strategy. By stabilizing the inactive kinase conformation, CAAIs overcome the intrinsic selectivity limitations of ATP‐competitive inhibitors. After biological characterization, the pyrazole‐containing inhibitors emerged as the most potent and selective Akt2 inhibitors, while inhibitors with pyridines as an isoform‐selective element were predominantly targeting Akt3 selectively. Importantly, these new inhibitors were also evaluated in patient‐derived colorectal cancer organoids. Co‐crystal structures of inhibitors bound to an engineered construct mimicking the Akt2 allosteric pocket elucidated the molecular basis of isoform selectivity, guiding further optimization. This work not only establishes a framework for the development of isoform‐selective therapeutics but also highlights the potential for unraveling isoform‐specific functions in signaling pathways relevant to cancer biology.",crossref,0
Stable Breakdown‐Resistant Molecular Antiferroelectric Triggered by Confinement‐Dependent Atomic Displacement,https://onlinelibrary.wiley.com/doi/10.1002/anie.8019471,Angewandte Chemie International Edition,2026-09-07 00:00:00 UTC,2026-09-07 00:00:00+00:00,10.1002/anie.8019471,Zhihua Sun,"ABSTRACT Molecular antiferroelectrics (AFEs) with antiparallel dipole alignment are promising for energy‐storage capacitor applications. However, it is challenging to design new molecular AFEs with superior breakdown resistance, owing to the lack of knowledge on the atomic‐level origin regarding AFE orders. Here, we present stable breakdown resistance in 2D perovskite AFE, (2‑MBA) 2 CsPb 2 Br 7 (2‑MBA = 2‑methylbutylammonium), involved with the confinement‐dependent atomic displacement. It shows antiferroelectricity with a large spontaneous polarization of 5.0 µC/cm 2 . Particularly, the cage‑confined Cs + cations display atomic displacement to create stable antifatigue merits, including high breakdown field up to 175 kV/cm and the fatigue endurance beyond ∼10 6 cycles, falling in the range of the highest level for molecular AFEs. Combination of energy barrier calculation and in situ solid‐state NMR spectroscopy was used to reveal the crucial role of displacive dynamics. Contrary to order‐disordering dynamics, it is the high energy barrier ( E a = 2.91 eV) of cage‐confined Cs + cation displacement that leads to the increase in Curie temperature ( ∼ 327 K) and forward coercive field (∼56.8 kV/cm). Such attributes allow for AFE switching under stronger external stimuli, thus endowing stable fatigue resistance even at higher breakdown fields. This work provides a feasible principle of delicately manipulating cage‐confined dynamics to design new electric‐ordered candidates.",crossref,0
Redox‐Neutral Vicinal Dialkylation of Aryl Boronic Esters via the Palladium/Norbornene Cooperative Catalysis,https://onlinelibrary.wiley.com/doi/10.1002/anie.2236309,Angewandte Chemie International Edition,2026-09-07 00:00:00 UTC,2026-09-07 00:00:00+00:00,10.1002/anie.2236309,Guangbin Dong,"ABSTRACT Palladium/norbornene (Pd/NBE) cooperative catalysis has become an increasingly important tool for ipso/ortho difunctionalization of arenes; however, the ipso functionalization is primarily limited to coupling of a nucleophile or a π‐system. Here, we report a new type of Pd/NBE‐catalyzed difunctionalization reaction that simultaneously couples two alkyl electrophiles at the ipso and ortho positions of arenes. Diverse aryl boronic esters are employed as substrates. The redox‐neutral feature of this reaction allows broad functional group tolerance. The synthetic utility is demonstrated in a streamlined preparation of a complex benzoazepane. Mechanistic studies reveal the potential involvement of an unusual radical‐mediated ipso functionalization.",crossref,0
Flexible Room‐Temperature Phosphorescent Materials With Matrix‐Independent Luminescence Enabled by Host–Guest Encapsulation,https://onlinelibrary.wiley.com/doi/10.1002/anie.8735110,Angewandte Chemie International Edition,2026-09-07 00:00:00 UTC,2026-09-07 00:00:00+00:00,10.1002/anie.8735110,Zheng‐Hui Guan,"ABSTRACT Flexible room‐temperature phosphorescence (RTP) materials hold great promise for a wide range of optical applications. However, the strong interdependence between luminescent and mechanical properties severely hampers further advances in this field. Herein, we report a γ‐cyclodextrin (γ‐CD)‐based host–guest encapsulation strategy to address this challenge. The intrinsic cavity of γ‐CD stabilizes triplet excitons to afford robust phosphorescence emission, while compositional regulation enables broad tuning of the mechanical properties, thereby achieving effective decoupling of these two properties and endowing the system with matrix‐independent phosphorescence. The mechanical properties can be tailored across a wide range, with a tensile strength of 4.0–30.7 MPa, elongation at break of 402%–1501%, modulus of 1.6–280.1 MPa, and toughness of 11.1–193.6 MJ . m −3 , whereas the phosphorescence lifetime remains largely unchanged within the range of 1109–1234 ms. Importantly, this strategy exhibits good generality, as replacing the phosphor only affects the phosphorescence performance while exerting a negligible effect on the mechanical properties.",crossref,0
Large‐Pore 3D Covalent Organic Frameworks with Light‐Sensitized Synergy for Efficient Photocatalytic Antibacterial Therapies and Wound Healing,https://onlinelibrary.wiley.com/doi/10.1002/anie.7443715,Angewandte Chemie International Edition,2026-09-07 00:00:00 UTC,2026-09-07 00:00:00+00:00,10.1002/anie.7443715,Jin Wang,"ABSTRACT Escalating antimicrobial resistance and declining antibiotic efficacy spur interest in photocatalytic antibacterial therapies. Covalent organic frameworks (COFs) are promising photodynamic antibacterial agents, though rapid carrier recombination, low reactive oxygen species (ROS) yields, and poor photostability remain constraints. Herein, we report the successful synthesis of two large‐pore [8+2] 3D‐bcu‐COFs. SEU‐301 was constructed from an 8‐connected porphyrin building unit and a linear tetraphenyl linker. Introducing a linear side‐chain bis(benzothiadiazole) linker via three‐component functional modulation afforded SEU‐302, which enhances light absorption, accelerates charge separation, and suppresses carrier recombination, thereby extending the excited‐state lifetime—confirmed by femtosecond transient absorption spectroscopy (fs‐TAS) and density functional theory (DFT) calculations. Further proteomic analysis shows that the ROS efficiently generated by light‐activated SEU‐302 elicit membrane damage and homeostatic imbalance, precipitating a cascade of stress responses that culminate in metabolic dysregulation, while also synergistically combating bacteria and inflammation. The therapeutic potential was further validated in vitro and in vivo, where light‐activated SEU‐302 not only effectively eliminated Staphylococcus aureus and inhibited its proliferation, but also promoted wound healing with increased collagen deposition and hair follicle regeneration. Results identify 3D COFs as very promising materials for both photodynamic therapies and antibacterial therapies.",crossref,0
Ambient‐Pressure Polyolefin Upcycling With Earth‐Abundant Catalyst,https://onlinelibrary.wiley.com/doi/10.1002/anie.9907362,Angewandte Chemie International Edition,2026-09-07 00:00:00 UTC,2026-09-07 00:00:00+00:00,10.1002/anie.9907362,Ding Ma,"ABSTRACT Polyolefin hydrogenolysis offers a promising route for the upcycling of plastic waste, yet is hindered by the high cost of noble‐metal catalysts and the safety concerns of high‐pressure H 2 . Current systems typically rely on Ru or Pt catalysts to mediate key elementary steps, including H 2 dissociation and C─C bond cleavage. However, achieving comparable performance with earth‐abundant metals under near‐ambient hydrogen pressure remains a significant challenge. Here, we present an elementary reaction kinetic matching strategy to enable efficient hydrogenolysis over a non‐noble metal catalyst. By tuning the electronic structure of Ni, the kinetics of H 2 activation, C─C bond cleavage, and hydrogenation are balanced, facilitating the rapid removal of CH x * intermediates and sustaining the dynamic exposure of catalytic active sites. As a result, the Ni‐based catalyst exhibited superior hydrogenolysis activity and selectivity toward waste polyolefins under low pressure, even at atmospheric pressure, surpassing the benchmark Ru and Pt catalysts. This study overturns the traditional perception of low efficiency in non‐noble metal‐catalyzed hydrogenolysis and provides new design principles for efficient catalysis under mild conditions.",crossref,0
A Modular Tecton Matrix for Mechanosynthesis of Large‐Pore Hydrogen‐Bonded Organic Frameworks With Programmable Pore Environments,https://onlinelibrary.wiley.com/doi/10.1002/anie.4338297,Angewandte Chemie International Edition,2026-09-07 00:00:00 UTC,2026-09-07 00:00:00+00:00,10.1002/anie.4338297,Chenfeng Ke,"ABSTRACT Hydrogen‐bonded organic frameworks (HOFs) offer versatile porous architectures, yet predictable pore expansion via tecton extension remains challenging because framework assembly is highly sensitive to solvent‐mediated crystallization. Here, we establish a mechanosynthesis‐enabled modular tecton matrix for constructing large‐pore HOFs. Pairwise combination of complementary tectons systematically generates four micro‐ and mesoporous HOFs, including G4, which is difficult to obtain by solution crystallization. These HOFs exhibit surface areas up to 1824 m 2 /g, pore apertures up to 2.4 nm, with record CO 2 and C 2 H 2 adsorption capacities for HOFs at 195 K. One‐pot incorporation of AgOTf during mechanosynthesis enables programmable pore decoration, enhancing room‐temperature C 2 H 2 uptake through stronger framework‐substrate interactions. This work establishes a modular tecton matrix enabled by mechanosynthesis as a general design and discovery strategy for constructing and functionalizing large‐pore HOFs.",crossref,0
Up to 16% Optical Carbon‐13 Hyperpolarization of Donor–Acceptor Molecules at 14.1 T,https://onlinelibrary.wiley.com/doi/10.1002/anie.7711870,Angewandte Chemie International Edition,2026-09-07 00:00:00 UTC,2026-09-07 00:00:00+00:00,10.1002/anie.7711870,Lyndon Emsley,"ABSTRACT Solid‐state nuclear magnetic resonance (NMR) is a powerful technique for structure determination with applications ranging from biology to material sciences. However, its inherent low sensitivity prevents many applications. In solids, optical hyperpolarization techniques such as solid‐state photochemically induced dynamic nuclear polarization (photo‐CIDNP) could alleviate this limitation, by generating nuclear spin hyperpolarization. We recently showed that 1 H and 13 C photo‐CIDNP can be observed for synthetic donor–acceptor (D–A) molecules. However, polarization levels in these systems are so far relatively low (13 C solid‐state photo‐CIDNP, AnthraPol, which yields steady‐state signal enhancements of up to a factor −4500 at 14.1 T, corresponding to a nuclear polarization of ∼16%. We combine magnetic field dependent experiments and numerical simulations to demonstrate possible new rational design principles for solid‐state photo‐PAs, which guided the identification of AnthraPol as a suitable D–A system, and which led here to threefold improved signal enhancement over the previously reported CarboPol. By comparing bulk 13 C enhancements, we also show that these local differences in polarization are directly reflected in the bulk signal enhancement.",crossref,0
Supramolecular Mechanophore Additives Enable Mechanochromic Hydrogels,https://onlinelibrary.wiley.com/doi/10.1002/anie.7699472,Angewandte Chemie International Edition,2026-09-07 00:00:00 UTC,2026-09-07 00:00:00+00:00,10.1002/anie.7699472,Christoph Weder,"ABSTRACT Mechanochromic hydrogels that report deformation through optical signals require mechanophores that function in aqueous environments, are activated at low force, and allow integration into the hydrogel matrix. Here, we report a new strategy to address these challenges that involves deploying a supramolecular mechanophore as a water‐soluble macromolecular additive. The mechanophore developed for this purpose features a loop‐forming architecture, in which a naphthalene diimide (NDI) quencher and a 9,10‐bis(phenylethynyl)anthracene (BPEA) fluorophore are connected by a short spacer. Intramolecular charge‐transfer interactions between these moieties induce loop formation and quench the BPEA emission. Mechanical deformation unfolds the loop, disrupts the charge‐transfer interaction, and increases the BPEA emission. The functionalization of this loop‐forming motif with poly(oligo(ethylene glycol) methyl ether methacrylate) (pOEGMA) affords a macromolecular water‐soluble additive that can simply be blended into different hydrogel matrices, including cross‐linked poly(acrylamide) and pOEGMA. These hydrogels exhibit a pronounced increase in emission intensity upon swelling, stretching, and compression. Spectroscopic investigations reveal correlations between the applied deformation and the optical response and show that the mechanophore activation is fully reversible. The results establish macromolecular supramolecular mechanophores as a general strategy for imparting reversible mechanochromism to hydrogels.",crossref,0
Molecularly Engineered Self‐Assembled Molecular Layer for pH‐Tolerant CO 2 Electroreduction With Enhanced Activity and Stability,https://onlinelibrary.wiley.com/doi/10.1002/anie.2810076,Angewandte Chemie International Edition,2026-09-07 00:00:00 UTC,2026-09-07 00:00:00+00:00,10.1002/anie.2810076,Jiacheng Wang,"ABSTRACT The electrochemical CO 2 reduction is crucial for achieving carbon neutrality, wherein the catalytic performance is governed not only by the intrinsic catalytic activity but also by the microenvironment of the triple‐phase interface. In this study, a self‐assembled molecular (SAM) of trimethoxy(3,3,3‐trifluoropropyl)silane (TFTPS) is constructed on a traditional Bi‐based electrocatalyst to enhance its catalytic efficiency. The modified catalyst delivers a high current density of 800 mA cm −2 and maintains a formate Faradaic efficiency of up to 95% across a wide pH range. Notably, it also exhibits an excellent long‐term durability of 250 h in a membrane electrode assembly system. Density functional theory calculations and classical molecular dynamics simulations reveal that this hydrophobic SAM possesses three key functions: (i) it maintains interfacial hydrophobicity to reduce H + activity and prevent electrode flooding; (ii) it stabilizes a relatively higher oxidation state on the catalyst surface, thereby enhancing *OCHO adsorption; and (iii) it facilitates CO 2 mass transfer and local enrichment. These findings are further supported by in situ x‐ray diffraction and spectroscopic measurements. Overall, this study proposes a molecular self‐assembly strategy for optimizing tri‐phase interfaces in electrocatalysis, which could drive advances in energy conversion technologies.",crossref,0
SnSe/SnO2 Heterojunction-Based Single-Sensor Virtual Electronic Nose with Low Reaction Barrier for Trace Identification of Volatile Sulfur Compounds toward Illicit Methamphetamine Trafficking Traceability,https://pubs.acs.org/aamick/article/doi/10.1021/acsami.6c13231/5424680/SnSe-SnO2-Heterojunction-Based-Single-Sensor,ACS Applied Materials & Interfaces: Latest Articles (ACS Publications),2026-09-07 00:00:00 UTC,2026-09-07 00:00:00+00:00,10.1021/acsami.6c13231,Yong He,"Abstract Illicit methamphetamine (MA, ice) trafficking poses a severe global threat to public security, while non-contact on-site detection of MA remains a grand challenge due to its ultra-low saturated vapor pressure at room temperature (25 °C). Volatile sulfur compounds (VSCs), including hydrogen sulfide (H2S), methanethiol (CH3SH), and dimethyl sulfide (C2H6S, DMS), are stable characteristic markers released throughout the entire MA production, purification, storage, and transportation chain. Herein, we develop a single-sensor virtual electronic nose based on SnSe/SnO2 p-n heterojunction for precise VSC identification in illicit MA scenarios. The SnSe/SnO2 heterojunction, synthesized via a facile liquid-phase ultrasonic method, exhibits significantly enhanced room-temperature H2S sensing adsorption kinetics, delivering a high response of 2.57 (response = Ra/Rg, where Ra is the resistance in air and Rg is the resistance in the atmosphere, including H2S and air) to 2.5 ppm H2S in air, a low detection limit of 75 ppb, excellent anti-sulfur poisoning ability, and long-term stability. Combined with density functional theory (DFT) calculations, we reveal that interfacial charge redistribution in SnSe/SnO2 optimizes reactant adsorption energy, lowers the energy barrier of electronic modulation during H2S interactions to only 0.157 eV, and amplifies the adsorption–desorption kinetic differences between distinct VSCs. By extracting 12-dimensional static features from single-device response curves without any external modulation, we construct a PCA-KNN machine learning framework that achieves an overall identification accuracy of 79.65% for six VSC systems, with an ultra-high accuracy of 96.7% for target H2S even in complex mixtures. By circumventing the inter-sensor variance and complexities typical of multi-sensor arrays, this single-sensor virtual electronic nose provides a highly integrated, physically compact, and high-precision solution for on-site non-contact traceability of illicit MA trafficking.",crossref,0
Symmetry breaking induces room-temperature interface ferroelectricity in two-dimensional metastable mosaic-like heterostructures,https://www.nature.com/articles/s41467-026-77566-1,Physical sciences : Nature Communications subject feeds,2026-09-07 00:00:00 UTC,2026-09-07 00:00:00+00:00,,Jun He,"Metastable structures exhibiting unique properties hold significant potential for electronic applications. However, their inherent tendency to transform into thermodynamically more stable phases presents substantial challenges, as the stabilization of such metastable phases typically necessitates extreme conditions and complex synthesis strategy. Here, we demonstrate the synthesis of a metastable SmO2/Sm2O3 mosaic-like lateral heterostructure using molten eutectic salt. While both SmO2 and Sm2O3 are individually centrosymmetric, interfacial symmetry breaking at the junction simultaneously suppresses screw symmetry and inversion symmetry, resulting in a locally non-centrosymmetric configuration with broken spatial inversion. This structural asymmetry induces an intrinsic built-in dipole, a nonlinear optical response, and room-temperature interface ferroelectric polarization. Furthermore, vertically oriented interfaces provide confined pathways for directional ion transport, suppressing non-directional diffusion. Memristors based on the metastable heterostructure exhibit high performance, characterized by a maximum on/off ratio exceeding 109, switching speeds as fast as 47.3 ns, and retention times surpassing 104 s. The switching mechanism is consistent with field-driven oxygen vacancy migration along the vertical heterointerface, regulated by reversible oxygen adsorption and desorption at the electrode. This work offers a potential route for developing high-performance memristors leveraging metastable oxide heterointerfaces with coupled ferroelectric-like polarization and resistive switching functionalities.",nature_html,0
Integrated Thick Flexible Iodine Electrode with Polyiodide Immobilization Hydrogelation Interphase for Practical Ah-Level Aqueous Zinc-Iodine Pouch Cells,https://www.nature.com/articles/s41467-026-77387-2,Physical sciences : Nature Communications subject feeds,2026-09-07 00:00:00 UTC,2026-09-07 00:00:00+00:00,,Yang Yang,"Aqueous zinc-iodine batteries are promising candidates for grid-scale energy storage, but their practical application is hindered by low areal-capacity and shuttling of polar polyiodides on positive-electrode side. Herein, a high-areal-capacity iodine electrode (up to 14 mAh cm−2) with mechanical flexibility is developed through an integrated thick electrode processing technology, which synergistically combines enhanced ion transport with a polyiodide-immobilization hydrogelation interphase. A viscoelastic polyamide thermoplastic elastomer network is in situ formed throughout electrode bulk via a rapid phase inversion method, acting as structural skeleton to preserve transient slurry-level uniformity, concurrently ensuring interconnected ion transport network and mechanical robustness even under high thickness (>2 mm). Moreover, the polyamide interphase, rich in functional amide groups, demonstrates strong binding affinity for polyiodides, effectively immobilizing them within the hydrogelation layer and facilitating their reutilization during redox cycling. Consequently, the high-loading flexible electrode (70 mg cm−2) delivers an average areal-capacity of 11.5 mAh cm−2 at 0.62 A g−1 with over 1600 cycles. Notably, the integrated electrode can be directly used to assemble Ah-level single-layer pouch cells (~1.6 Ah), demonstrating stable operation over 1200 cycles and validating practical applications in powering wearable electronics and high-power devices, thereby paving the way toward high-energy-density zinc-iodine batteries.",nature_html,0
Gate-level three-dimensional integration of two-dimensional logic cells,https://www.nature.com/articles/s41467-026-77530-z,Physical sciences : Nature Communications subject feeds,2026-09-07 00:00:00 UTC,2026-09-07 00:00:00+00:00,,Yue Zhang,"Monolithic three-dimensional (M3D) integration is a promising strategy to increase logic density within a limited footprint. Conventional M3D circuits rely on transistor-level partitioning, in which logic functions are constructed through interconnections among numerous transistors across different tiers, limiting circuit compactness. Here, we propose a gate-level M3D integration architecture based on two-dimensional (2D) logic cells (LCs), in which the basic interlayer connection unit is shifted from an individual transistor to a logic gate. Through multidimensional modulation of carrier transport in the WSe2 channel, LCs can realize eight distinct logic functions, markedly expanding the functional reconfigurability of 2D logic devices. Building on this architecture, we experimentally demonstrate stacking of two-tier LCs, realizing complex 3D logic circuits with unprecedented compactness. Across all demonstrated logic functions, only 4 devices are required, whereas a conventional CMOS design would require 79 transistors. This gate-level M3D integration provides a scalable pathway for constructing highly compact and multifunctional electronics.",nature_html,0
Glucose-induced histone lactylation confers metformin resistance in colorectal cancer stem cells,https://www.nature.com/articles/s41467-026-77051-9,Biological sciences : Nature Communications subject feeds,2026-09-07 00:00:00 UTC,2026-09-07 00:00:00+00:00,,Han-Ping Shi,"Cancer stem cells (CSCs) can adapt their metabolism, which limits the effectiveness of therapies targeting metabolic pathways. Here we show that high glucose conditions promote metformin resistance in CD133⁺ colorectal CSCs by driving a switch from glucose dependence to lipid use. Mechanistically, metformin increases LDHA-dependent lactate production in these cells under high glucose conditions. Lactate accumulation enhances histone H3 lysine 18 lactylation (H3K18la), which activates c-JUN and induces CD36 expression. CD36 promotes free fatty acid (FFA) uptake and lipid droplet (LD) formation, providing fuel for fatty acid β-oxidation. This process generates ATP and NADPH, reduces energy stress and reactive oxygen species, and thereby supports CSC survival during metformin treatment. In vitro and in vivo, inhibition of either LDHA or CD36 restores metformin sensitivity in CD133⁺ colorectal CSCs. These findings identify a lactate-driven epigenetic and metabolic pathway underlying metformin resistance and suggest LDHA and CD36 as potential therapeutic targets.",nature_html,0
Telomere variant sequences encode the genetic blueprint for allele-specific telomere length,https://www.nature.com/articles/s41467-026-77310-9,Biological sciences : Nature Communications subject feeds,2026-09-07 00:00:00 UTC,2026-09-07 00:00:00+00:00,,Shang Li,"The ends of human chromosomes are capped by specialized nucleoprotein structures, termed telomeres, which are essential for genome stability. Recent advances in long-read sequencing have enabled allele-specific telomere length measurements at nucleotide resolution, uncovering extreme heterogeneity in telomere length between alleles. The progressive telomere shortening over time makes steady-state telomere length in human somatic cells a promising biomarker for age-associated diseases. However, the mechanisms underlying allele-specific telomere maintenance and its stability remain poorly understood. Here, we developed a high-resolution workflow combining PacBio and Nanopore long-read sequencing platforms to map allele-specific telomere length in human blood samples as well as cultured cell lines. By tracing allele-specific telomeric sequence in family members across multiple generations, we show that the allele-specific telomeric variant sequences (TVSs) are heritable and underlie the extreme heterogeneity of telomere length between alleles. Continuous cell proliferation likely drives the slow but stochastic evolution of allele-specific TVSs, resulting in asymmetry in telomere inheritance from father and mother (p-value = 2.354e-7). Targeted deletion of allele-specific TVSs using CRISPR-Cas9 resets telomere length, further confirming their causal role in the control of allele-specific telomere maintenance. These results indicated that TVSs are heritable genetic elements underlying the allele-specific telomere length.",nature_html,0
A multitask framework for automated multi-frame right upper quadrant ultrasound interpretation and clinical decision support,https://www.nature.com/articles/s41467-026-77498-w,Biological sciences : Nature Communications subject feeds,2026-09-07 00:00:00 UTC,2026-09-07 00:00:00+00:00,,Harrison Bai,"Ultrasound is a cornerstone of emergency and hepatobiliary imaging, yet its interpretation remains highly operator-dependent and time-sensitive. Here, we present a multitask vision-language agent (VLM) developed to assist with right upper quadrant (RUQ) ultrasound interpretation across the diagnostic workflow. The system was trained on data from a single tertiary academic medical center (9189 cases, 594,099 images) and evaluated on datasets from two independent institutions (1704 cases, 90,616 images; and 108 cases, 3240 images). The agent integrates frame-level visual understanding with report-grounded language reasoning to perform three tasks: (i) classification of 16 clinical findings, (ii) generation of diagnostic reports, and (iii) surgical decision support based on ultrasound findings and clinical data. For classification, the model achieved macro areas under the receiver operating characteristic curve (AUROCs) of 0.820, 0.794, and 0.775 on the internal, University of Colorado, and Stanford cohorts, respectively, and an internal micro AUROC of 0.865. It also generated post-edited reports that were difficult for radiologists to distinguish from expert-written versions in blinded evaluations. The agent further predicted cholecystectomy using generated reports and clinical data. These results support further evaluation of vision-language models for improving diagnostic consistency, reporting efficiency, and surgical triage in ultrasound practice.",nature_html,0
Switchable single-atom catalysts for highly selective C–C coupling in direct methane oxidation,https://www.nature.com/articles/s41565-026-02271-5,Nature Nanotechnology,2026-09-07 00:00:00 UTC,2026-09-07 00:00:00+00:00,10.1038/s41565-026-02271-5,Yadong Li,"Direct selective conversion of methane into high value-added chemical products has long attracted attention in both industry and academia. The production of C2 oxygenates is especially challenging owing to the requirement for both C-H activation and C-C coupling. Here we report a boron nanosheet-supported Cu single atom with Cu-B4 sites (Cu-SAs/B), which can effectively catalyse the conversion of methane to acetic acid with 97% selectivity and a high activity of 221.3 mmol gCu-1 h-1 without the addition of CO. In situ X-ray absorption fine structure analysis reveals that Cu single atoms undergo reversible 'switching' to Cu4 clusters under CH4 oxidation conditions, enabling efficient C-H activation and C-C coupling. The switching behaviour is triggered by the presence of H2O2, and the coupling occurs between CH3* and CHO* intermediates formed on Cu single atoms and Cu clusters, respectively, as confirmed by in situ spectroscopic techniques. These findings provide a proof of concept for designing highly effective methane oxidation catalysts based on switchable nanocatalysts.",pubmed,0
SPE-55 and VHA-18 are essential for FB-MO complex assembly and transport during spermatogenesis in C. elegans,https://www.nature.com/articles/s41467-026-75577-6,Biological sciences : Nature Communications subject feeds,2026-09-07 00:00:00 UTC,2026-09-07 00:00:00+00:00,,Long Miao,"The spatiotemporal control of asymmetric positioning of cellular cargoes, such as macromolecules and organelles, during spermatogenesis is essential for producing functional sperm in most animal species. However, the regulatory mechanisms that regulate cargo sorting and transporting remain largely unknown. Here, we demonstrate that the casein-like kinase SPE-55 localized on the surface of a membranous organelle (MO) is required for the SPE-18 localization/puncta formation and facilitates the assembly of major sperm protein (MSP) condensate, named the fibrous body (FB), in spermatocytes during spermatogenesis in Caenorhabditis elegans. Furthermore, we discover that the H subunit of v-ATPase, which is localized on MOs, played a crucial role in maintaining MO morphology and function, promoting FB–MO connections, and thus ensuring efficient MSP sorting during spermatogenesis. Therefore, the interplay between the membraneless condensate FBs mediated by SPE-55 and the membrane-bound MOs regulated by VHA-18 provides a coordinated mechanism for cargo sorting and directional transport during spermatogenesis in C. elegans.",nature_html,0
Divergent microbial functional pathways and declining redundancy in lake sediments across eutrophication gradients,https://www.nature.com/articles/s41467-026-77595-w,Biological sciences : Nature Communications subject feeds,2026-09-07 00:00:00 UTC,2026-09-07 00:00:00+00:00,,Susanna A. Wood,"Microbial communities underpin nutrient cycling across aquatic ecosystems and are strongly influenced by human disturbance, yet the implication for functional redundancy remains poorly understood. Lake eutrophication is a global threat to freshwater systems, primarily driven by human activities within lakes and surrounding catchments. We hypothesize that eutrophication alters functional redundancy of key metabolic pathways in lake sediments. To test this, we conducted a national scale metagenomic study of surface sediments from 144 New Zealand lakes spanning a broad nutrient gradient. Increasing eutrophication is associated with reduced taxon-based functional redundancy, the potential of multiple species to perform the same function, indicating a narrower taxa pool supporting core functions. In contrast, abundance-based functional redundancy, characterized by the abundance of organisms that can perform the function, showed pathway-specific responses across trophic gradients. For example, nitrification and denitrification have greater abundance-based functional redundancy under higher nutrient conditions, whereas phosphorus transport shows reduced redundancy. By eroding microbial functional redundancy, eutrophication may increase susceptibility of microbial communities to environmental perturbations, potentially compromising their ability to sustain key metabolic processes. As lakes play key roles in biogeochemical cycles, the lower stability of vital biogeochemical pathways in lake sediments is likely to have an impact across ecosystems globally.",nature_html,0
Designing Pitch-Derived Spherical Hard Carbon via Catalytic Aerobic Oxidation and Closed-Pore Regulation,https://pubs.acs.org/aelccp/article/doi/10.1021/acsenergylett.6c01910/5425583/Designing-Pitch-Derived-Spherical-Hard-Carbon-via,ACS Energy Letters: Latest Articles (ACS Publications),2026-09-07 00:00:00 UTC,2026-09-07 00:00:00+00:00,10.1021/acsenergylett.6c01910,Jie Zeng,"Abstract Pitch-derived hard carbon emerges as an anode material for sodium-ion batteries, but its performance still suffers from the trade-offs among plateau capacity, rate capability, and compaction density. Herein, a catalytic aerobic oxidation strategy that enables controllable oxidation of pitch is employed to fabricate spherical hard carbon with tunable pore structures, realizing simultaneous enhancement of these abovementioned metrics. The spherical hard carbon achieves charging of 126.5 mAh g–1 within about 50 s and sustains sodium storage over continuous 1000 cycles at 9 A g–1. Under an increased areal loading, the anode maintains an areal capacity of 1.65 mAh cm–2, a volumetric capacity up to 332.6 mAh cm–3 and endures 100 charge–discharge cycles at a current density of nearly 3 mA cm–2. This work provides a strategy to design hard carbon anodes with enhanced volumetric capacity and rate performance for space-constrained energy storage scenarios.",crossref,0
Modulating *CO Adsorption Behavior: A Mechanistic Strategy for High‐Efficiency C–N Coupling in Urea Electrochemical Synthesis,https://onlinelibrary.wiley.com/doi/10.1002/anie.3793785,Angewandte Chemie International Edition,2026-09-07 00:00:00 UTC,2026-09-07 00:00:00+00:00,10.1002/anie.3793785,Fengshou Yu,"ABSTRACT Electrochemical urea synthesis through CO 2 and nitrate/nitrite (NO 3 − /NO 2 − ) co‐reduction represents a revolutionary alternative pathway for urea formation. Although studies reveal that restraining C‐intermediates desorption is beneficial for C‐N coupling, *CO adsorption behaviors were usually described by *CO binding energy based on DFT calculations. The intrinsic reason why the *CO adsorption behaviors could modulate the activity for urea formation remains ambiguous. Herein, a series of high‐density Cu 1 /M 1 ‐NOC electrocatalysts regarding single‐atomically dispersed Cu 1 /Cu 1 , Cu 1 /Ni 1 , Cu 1 /Au 1 , or Cu 1 /Pd 1 sites anchored on N, O‐co‐doped carbon were developed for electrochemical urea synthesis. In situ spectroscopy reveals that strengthening *CO binding energy not only enhances *CO coverage but also increases the proportion of linear *CO absorption configuration (*CO L ). The *CO L with sp hybridization exhibits stronger electrophilicity than that for bridge adsorption, thereby favoring coupling with N‐intermediates. Notably, a linear relationship was established by plotting urea yield versus *CO L coverage. As such, the intrinsic reason for facilitating C─N coupling was originated from the local enrichment of *CO L . The optimal Cu 1 /Pd 1 ‐NOC catalyst exhibits the high urea Faradaic efficiencies of 73.73% and 67.3% with NO 2 − and NO 3 − as N source, respectively. This research provides an effective strategy to boost urea performance by precisely controlling the *CO adsorption behaviors.",crossref,0
Regulating Asynchronous Crystallization via Additive Coordination Enables Efficient Perovskite/Silicon Tandems,https://pubs.acs.org/aelccp/article/doi/10.1021/acsenergylett.6c02301/5424681/Regulating-Asynchronous-Crystallization-via,ACS Energy Letters: Latest Articles (ACS Publications),2026-09-07 00:00:00 UTC,2026-09-07 00:00:00+00:00,10.1021/acsenergylett.6c02301,Hanlin Hu,"Abstract Wide-bandgap perovskites are essential for high-efficiency perovskite/silicon tandem solar cells but are limited by halide segregation and a narrow crystallization temperature window. Although temperature is known to influence perovskite film formation, its role in driving asynchronous crystallization between I-rich and Br-rich domains—and thus the extent of phase segregation—remains insufficiently understood. Here, we reveal that substrate temperature critically regulates these asynchronous crystallization pathways and propose an additive-engineering strategy to overcome this bottleneck. By introducing 2-mercapto-4-(trifluoromethyl) pyrimidine (2-MTP), the strong PbX2 coordination regulates DMSO–PbX2 intermediates, substantially broadening the processing temperature window. This controlled coordination modulates precursor conversion kinetics, mitigates asynchronous halide-rich domains crystallization, and effectively suppresses phase segregation in wide-bandgap perovskite films. As a result, 2-MTP-modified wide-bandgap devices achieve PCEs of 23.79% (1.67 eV; certified 23.02%) and 19.81% (1.84 eV). When implemented in perovskite/silicon tandem architectures, additive-regulated crystallization delivers 32.48% PCE (certified 31.60%) and markedly improved operational stability.",crossref,0
Global analysis of nitrogen inputs from irrigation water to cropland,https://www.nature.com/articles/s41893-026-01930-8,Nature Sustainability,2026-09-07 00:00:00 UTC,2026-09-07 00:00:00+00:00,10.1038/s41893-026-01930-8,K. Butterbach-Bahl,"Irrigation is typically overlooked as a source of reactive nitrogen to cropland. However, nitrate-rich irrigation water constitutes a substantial portion of the global agricultural nitrogen budget that should be accounted for in fertilizer application and irrigation strategies.",rss_nature,0
3D-printed living materials for anammox–denitrification coupling in wastewater treatment,https://www.nature.com/articles/s41893-026-01921-9,Nature Sustainability,2026-09-07 00:00:00 UTC,2026-09-07 00:00:00+00:00,10.1038/s41893-026-01921-9,Yingxin Zhao,Nitrate accumulation limits the sustainability of anammox-based nitrogen removal in wastewater treatment. This study shows that 3D-bioprinted engineered living materials with spatial confinement enable complete nitrogen removal by enhancing cross-feeding between anammox bacteria and denitrifiers.,rss_nature,0
Plasmid–Host Networks Reveal Persistent Mobile Elements Across Wastewater Treatment,https://www.nature.com/articles/s41467-026-77447-7,Biological sciences : Nature Communications subject feeds,2026-09-07 00:00:00 UTC,2026-09-07 00:00:00+00:00,,Lauren B. Stadler,"Plasmids drive horizontal gene transfer and antimicrobial resistance spread in water resource recovery facilities, yet their in situ dynamics in complex microbial communities remain poorly characterized. We apply Hi-C metagenomics to resolve plasmid–host associations across influent, activated sludge, and effluent at three facilities. We identify 944 plasmid clusters with facility- and stage-specific distributions. Plasmid host range narrows from influent to effluent, indicating that treatment selectively constrains plasmid–host associations. Persistent plasmid clusters with detectable mobility markers show a trend toward broader, less modular host networks than those with no detected markers. Hi-C-supported antibiotic resistance gene associations highlight Burkholderiaceae and Rhodocyclaceae as prominent hosts of beta-lactam, tetracycline and sulfonamide resistance genes across facilities. These findings indicate that wastewater treatment narrows plasmid host range while maintaining dominant plasmid-carrying taxa and adaptive mobile elements, providing a framework for understanding plasmid persistence across treatment systems.",nature_html,0
Spatiotemporal dynamics of tire wear particles reveal escalating emission inequalities across China’s road network,https://www.nature.com/articles/s41467-026-77475-3,Earth and environmental sciences : Nature Communications subject feeds,2026-09-07 00:00:00 UTC,2026-09-07 00:00:00+00:00,,Yan Lin,"Non-exhaust emissions are rapidly emerging as a major contributor to traffic-related particulate pollution, yet their emission patterns and impacts remain poorly constrained at large spatial scales. Here we present a nationwide, road-network-resolved assessment of tire and road wear particles (TRWP), integrating harmonized field measurements, machine-learning models, traffic activity data, and epidemiological models. China’s road network emitted 425 kt of TRWP-derived fine particulate matter (PM2.5) in 2023, nearly 80% originating from modeled vehicle-induced resuspension. These emissions and exposures exhibit spatial inequalities, concentrating health risks in densely populated economic corridors and megacities. The contribution of TRWP to PM2.5 is projected to increase 34-fold from 2011 to 2050, with tire-derived particles accounting for 67% of traffic-related PM2.5 emissions by 2050. Implementing synergistic mitigation strategies could reduce these annual emissions by 41%. Our findings highlight an urgent need to expand transport and public health strategies beyond exhaust control to include non-exhaust particle mitigation.",nature_html,0
The Hidden Health and Climate Burden of Black Carbon under China’s Dual Carbon Strategy,https://www.nature.com/articles/s41467-026-77632-8,Earth and environmental sciences : Nature Communications subject feeds,2026-09-07 00:00:00 UTC,2026-09-07 00:00:00+00:00,,Shu Tao,"Black carbon (BC) is a highly toxic air pollutant and potent short-lived climate pollutant. China’s Dual Carbon strategy—peaking carbon emissions before 2030 and achieving carbon neutrality before 2060—has driven rapid BC emission reductions. However, global inventories still misrepresent BC emissions in China, biasing estimates of its health and climate impacts. Using a localized BC inventory and revised health risk function, we estimate that over 540,000 premature deaths were attributable to BC in China in 2015, more than twice previous reports. Conversely, the Coupled Model Intercomparison Project Phase 6 (CMIP6) inventory overestimates BC radiative forcing by 45%. Future projections show that demographic aging may offset health benefits from emission reductions. Our findings reveal that simulation based on CMIP6 inventory systematically underestimate health burden while exaggerating climate mitigation potential of BC. Accurate, region-specific assessments are urgently needed to guide integrated air quality and climate policies under the Dual Carbon goals.",nature_html,0
Ultrafast directional hot carrier transfer in bilayer perovskite heterojunctions,https://www.nature.com/articles/s41467-026-76790-z,Physical sciences : Nature Communications subject feeds,2026-09-07 00:00:00 UTC,2026-09-07 00:00:00+00:00,,Ulrich W. Paetzold,"Hot carrier dynamics in semiconductors govern unique mechanisms in high-performance devices with potential to exceed thermodynamic limits of optoelectronic device efficiency. Here, we report ultrafast directional transfer of hot carriers within laminated bilayer CsPbBr3/FAPbBr3 perovskite heterojunctions. Using ultrafast spectroscopy, we show that hot carriers generated in the FAPbBr3 layer are directed to the CsPbBr3 layer within picoseconds. This process is driven by differences in cooling pathways that create density gradients for directional hot carrier transfer. Such ultrafast hot carrier inter-junction transfer boosts the carrier density in CsPbBr3 layer to the level of population inversion. By fabricating perovskite heterojunction vertical-cavity surface-emitting lasers, we achieve hot-carrier laser devices with threshold down to 1.4 μJ cm−2 under nanosecond pulsed excitation, five times lower than that of individual perovskite layers. Our findings establish hot carrier transfer in hybrid perovskites as a promising strategy for high-performance hot-carrier lasers, ultrafast laser diodes, and photodetectors.",nature_html,0
MOF-assisted cryo-adsorption delivers near-liquid volumetric capacity and suppressed boil-off for LH₂ transport,https://www.nature.com/articles/s41467-026-77420-4,Physical sciences : Nature Communications subject feeds,2026-09-07 00:00:00 UTC,2026-09-07 00:00:00+00:00,,Hyunchul Oh,"Liquid hydrogen (LH2) offers exceptional energy density but suffers from boil-off losses that limit long-term storage and global transport. We introduce a materials-based solution using metal–organic frameworks (MOFs) to suppress boil-off by enhancing gas–surface interactions and stabilizing confined hydrogen. IRMOF-20 achieves up to ~97% of neat-LH2 volumetric capacity, while MIL-53(Al) shifts desorption onsets to higher temperatures (over the critical point of H2), both markedly reducing modeled boil-off rates under realistic tank conditions (e.g., from 2 to 7 months extended dormancy under a mid-vacuum stack). Inelastic neutron scattering provides indirect evidence for confined, super-dense H₂. Importantly, these values represent theoretical upper bounds (e.g., crystal-density occupancy, idealized void fraction) that benchmark feasibility; incorporating practical packing density and inter-particle voids will lower absolute numbers but preserve trends.",nature_html,0
"Unraveling Thermal Accumulation in Perovskite/Silicon Tandems: Structure- and Material-Driven Heating in SHJ, TOPCon, and TBC Bottom Cells",https://pubs.acs.org/aelccp/article/doi/10.1021/acsenergylett.6c01614/5422281/Unraveling-Thermal-Accumulation-in-Perovskite,ACS Energy Letters: Latest Articles (ACS Publications),2026-09-07 00:00:00 UTC,2026-09-07 00:00:00+00:00,10.1021/acsenergylett.6c01614,Jianhui Chen,"Abstract Perovskite/silicon (PVK/Si) tandem solar cells approach 35% efficiency, while near-infrared (NIR)-induced thermal accumulation severely restricts their operational stability. This work reveals structural and material heating origins of three mainstream silicon bottom sub-cells: SHJ, TOPCon, and TBC. Under NIR irradiation, the SHJ bottom cell shows the highest steady-state temperature (65.2 °C) and maximum efficiency loss (7.91% at 150 °C) due to its rear texture extending the NIR optical path and low-thermal-conductivity ITO/a-Si:H layers. In contrast, the TBC bottom sub-cell with a planar rear surface and high-thermal-conductivity SixNy/poly-Si stack presents the weakest heat buildup and best stability with only 5.86% PCE decay. IEC-standard long-term thermal aging tests confirm the serious performance degradation of SHJ bottom sub-cell. COMSOL simulations validate our findings in both 2T and 4T tandem configurations. This work offers useful references for thermally driven bottom-cell selection among the studied architectures, toward efficient, stable, and industrially viable PVK/Si tandem solar cells.",crossref,0
Mechanically Coupled Supramolecular Scissors Govern Photomechanical and Elastic Responses in Molecular Crystals,https://onlinelibrary.wiley.com/doi/10.1002/anie.2931090,Angewandte Chemie International Edition,2026-09-07 00:00:00 UTC,2026-09-07 00:00:00+00:00,10.1002/anie.2931090,Jye‐Shane Yang,"ABSTRACT Mechanically responsive molecular crystals offer a powerful platform for transducing molecular motion into macroscopic mechanical work, yet molecular‐level understanding of how crystal structures govern molecular motion and, consequently, mechanical behavior remains limited. A notable example is the anthracene‐pentiptycene‐semifluorinated alkyl crystal 1‐F4 , recently reported to exhibit large elastic bending (ε ≈ 12%) and >15% photoinduced crystal expansion without fracture. Here, we investigate a homologous crystal series ( 1‐F n , n = 2, 3, 4, and 6) and reveal a mechanically coupled supramolecular scissoring motion that governs their diverse mechanical responses. The balance between scissor stretchability and compressibility, tuned by semifluorinated alkyl substituents, dictates the deformation mode, elasticity, and crystal integrity. An optimally balanced scissor state in 1‐F4 enables exceptional elastic and photomechanical deformation while preserving crystal integrity, whereas fully‐extended ( 1‐F2 ), over‐contracted ( 1‐F6 ), or mechanically unbalanced ( 1‐F3 ) scissor states lead to brittle failure or explosive photosalient behavior. These results establish a direct structure−motion−property relationship within this homologous series, demonstrating that key mechanical properties, including deformation mode and elastic limit, are encoded in the initial scissor geometry within the crystal packing arrangement.",crossref,0
A Three-Descriptor Framework for Solvation Design of Low-Temperature Electrolytes in Lithium Batteries,https://pubs.acs.org/jacsat/article/doi/10.1021/jacs.6c08135/5423050/A-Three-Descriptor-Framework-for-Solvation-Design,Journal of the American Chemical Society: Latest Articles (ACS Publications),2026-09-07 00:00:00 UTC,2026-09-07 00:00:00+00:00,10.1021/jacs.6c08135,Fangyi Cheng,"Abstract Low-temperature operation of lithium–metal batteries is limited by kinetic penalties in electrolytes, yet electrolyte discovery for subzero operation remains largely empirical, lacking a predictive basis linking molecular structure to Li+–solvent interactions. Here, we establish a three-descriptor topology–electronic coupling framework combining O–O bond separation, lone pair orbital contribution and net oxygen charge to predict Li+–solvent binding energetics by screening a diverse ether, ester, ketone, carbonate, and sulfone solvent library. 2,2,2-trifluoroethylmethanesulfonate (TM) featuring S═O moiety and −CF3 group is identified as a solvent model that favors weakly point-contact Li+ coordination, which effectively lowers the desolvation barrier, induces anion-involved solvation structures, and promotes the formation of an inorganic LiF-rich interphase. A newly formulated electrolyte consisting of lithium bis(fluorosulfonyl)imide (LiFSI), 1,1,2,2-tetrafluoroethyl-2,2,3,3-tetrafluoropropyl ether (TTE), and TM delivers 99.38% Li plating/stripping Coulombic efficiency and enables reversible Li||Ni0.8Mn0.1Co0.1O2 cells at −60 °C with a cutoff voltage of 4.6 V. This multi-factor solvent-screening strategy advances electrolyte design from empirical trial-and-error toward descriptor-guided development.",crossref,0
Homo/Heterogeneous Dual Active Centers Enable Selective Electrochemical C─N Coupling of CO 2 and Nitrate to Formamide,https://onlinelibrary.wiley.com/doi/10.1002/anie.9113894,Angewandte Chemie International Edition,2026-09-07 00:00:00 UTC,2026-09-07 00:00:00+00:00,10.1002/anie.9113894,Mufan Li,"ABSTRACT Electrochemical C─N coupling from carbon dioxide and nitrogen oxoanions offers a sustainable route to value‐added amides, yet achieving high selectivity remains challenging due to competing reaction pathways and insufficient substrate activation. Here we report a homo/heterogeneous dual‐active‐center catalyst that integrates molecular copper phthalocyanine with atomically dispersed chromium sites on porous carbon nanospheres to enable selective electrosynthesis of formamide under neutral conditions. The molecular Cu centers selectively reduce CO 2 to CO, while Cr single atoms promote nitrate (NO 3 − ) and nitrite (NO 2 − ) activation to *NO intermediates, furnishing spatially separated yet kinetically matched reactive species. As a result, the catalyst achieves a formamide faradaic efficiency (FE) of 35.2% from CO 2 and NO 3 – , increasing to 44.9% using NO 2 − , with high stability and activity even at low NO 3 − concentrations. In situ spectroscopy and density functional theory calculations reveal *NO─CO coupling via a *NOCO intermediate as the key pathway. This work establishes a general strategy for designing dual‐site electrocatalysts for selective C─N bond formation.",crossref,0
Synergistic Biofirefighting: Closed-Loop Nutrient-Recycling Hydrogel for Forest Fire Extinguishment and Postfire Agroecosystem Regeneration,https://pubs.acs.org/aamick/article/doi/10.1021/acsami.6c12872/5422258/Synergistic-Biofirefighting-Closed-Loop-Nutrient,ACS Applied Materials & Interfaces: Latest Articles (ACS Publications),2026-09-07 00:00:00 UTC,2026-09-07 00:00:00+00:00,10.1021/acsami.6c12872,Hong Liu,"Abstract Global wildfires have grown increasingly severe. Conventional fire suppressants exhibit low fire-extinguishing efficiency, re-ignition risks, environmental contamination, and cumbersome preparation procedures. Herein, a biofertilizer-based hydrogel (BBH) was fabricated using food additives and compound fertilizers as all-biomass raw materials. The resultant material is low-cost and suitable for large-scale production. Different from traditional single-functional hydrogels, this material operates via a gas-liquid-solid three-phase coupled flame-retardant mechanism based on bound water cooling, phosphorus radical quenching, and the formation of carbon “aerogel-like” barriers. BBH achieves a high limiting oxygen index (LOI) of 84.2%, and its flame-retardant efficacy delivers a 3.3-fold improvement compared with commercial counterparts. Compared with pure water, this hydrogel shortens the fire-extinguishing time by 60% and reduces material consumption by nearly 70%, and no re-ignition is observed throughout all tests. Furthermore, BBH supports an integrated closed-loop system combining fire suppression and in situ ecological restoration. After BBH effectively extinguishes wildland fires, appropriate residues remaining in soil and on plant surfaces impose no environmental burden; its biodegradable residues can release nitrogen, phosphorus, and potassium, which effectively promote plant growth. This work provides a theoretical foundation and feasible technical route for the development of high-efficiency and eco-friendly wildfire suppression materials.",crossref,0
Multifunctional CuSbS2 Nanocrystals as an Integrated Flexocatalytic–Photocatalytic–Nanozymatic Platform for Antibacterial Therapy,https://pubs.acs.org/aamick/article/doi/10.1021/acsami.6c11297/5421840/Multifunctional-CuSbS2-Nanocrystals-as-an,ACS Applied Materials & Interfaces: Latest Articles (ACS Publications),2026-09-07 00:00:00 UTC,2026-09-07 00:00:00+00:00,10.1021/acsami.6c11297,Ozlem Ates Sonmezoglu,"Abstract Ultrasound-enabled catalytic strategies offer a non-invasive route for antibacterial therapy but are typically limited to non-centrosymmetric piezoelectric materials. Herein, we developed ultrasound-assisted flexocatalysis as a symmetry-independent approach for reactive oxygen species (ROS) generation using ternary copper antimony disulfide (CuSbS2, CSS) nanocrystals synthesized via a hot-injection method, and engineered an all-in-one synergistic catalytic platform integrated with multiple catalytic activities, including flexocatalytic, photocatalytic, and oxidase-/peroxidase-like nanozymatic activities to promote antibacterial treatment. As a result, rapid and efficient antibacterial performance is achieved, with inhibition efficiencies up to 97.0% against Escherichia coli, 98.73% against Pseudomonas aeruginosa, and 97.8% against Staphylococcus aureus within 30 min, enabling synergistic ROS production under mechanical, optical, and enzymatic stimulations. Besides, CSS exhibited high catalytic activity toward organic pollutant degradation, achieving over 97% rhodamine B removal within 40 min. This work sheds light on the rational design of centrosymmetric chalcogenide nanomaterials as versatile flexocatalysts, paving the way for their application in advanced antibacterial and biomedical catalytic systems.",crossref,0
Over 10 Times Enhanced Therapeutic Performance of Sonosensitizers/Photosensitizers via Nanocarrier-Based Mitochondria Targeting,https://pubs.acs.org/aamick/article/doi/10.1021/acsami.6c12605/5422161/Over-10-Times-Enhanced-Therapeutic-Performance-of,ACS Applied Materials & Interfaces: Latest Articles (ACS Publications),2026-09-07 00:00:00 UTC,2026-09-07 00:00:00+00:00,10.1021/acsami.6c12605,Nikhil R. Jana,"Abstract Although mitochondria targeting is crucial for enhanced therapeutic performance of various diseases, such delivery is challenging, which requires crossing of the cell membrane barrier followed by intracellular trafficking to mitochondria. Recent works show that direct membrane penetrating nanocarriers can offer efficient cell nucleus/mitochondria delivery, bypassing the endosomal/lysosomal trafficking. Here, we show that nanocarrier-based mitochondria delivery of a sonosensitizer/photosensitizer can enhance the therapeutic performance by &gt;10 times. The sonosensitizer/photosensitizer is delivered into mitochondria via a nanocarrier-based nonendocytic approach. Next, cells are exposed with ultrasound/light for generating reactive oxygen species at/near mitochondria that induce oxidative stress and cytotoxicity. We observe that mitochondria targeting has enhanced the therapeutic performance by 10−20 times as compared to the conventional carrier-based endocytic delivery-based therapy of the sonosensitizer/photosensitizer. This developed approach can be adapted for mitochondria-targeted advanced therapeutic applications.",crossref,0
Unlocking reaction pathways for CO2 and CO electrocatalytic reduction to C3+ hydrocarbons and oxygenates using plasma activation,https://www.nature.com/articles/s41929-026-01609-5,Nature Catalysis,2026-09-07 00:00:00 UTC,2026-09-07 00:00:00+00:00,10.1038/s41929-026-01609-5,Lea R. Winter,"Achieving efficient electrocatalytic conversion of CO2 and CO to high-value multi-carbon products remains a major challenge. Now, plasma activation is coupled with electrocatalysis on copper to enable unexplored reaction pathways, enhancing the production rates of C3+ hydrocarbons and oxygenates.",rss_nature,0
"Polymers on Metal Nanoparticles: Emerging Chemistry, Self-Assembly, and Their Biomedical Applications",https://pubs.acs.org/aamick/article/doi/10.1021/acsami.6c12741/5422398/Polymers-on-Metal-Nanoparticles-Emerging-Chemistry,ACS Applied Materials & Interfaces: Latest Articles (ACS Publications),2026-09-07 00:00:00 UTC,2026-09-07 00:00:00+00:00,10.1021/acsami.6c12741,Jie He,"Abstract Advances in ligand design and nanoscale surface engineering have transformed metal nanoparticles (NPs) into highly programmable platforms with tunable optical, plasmonic, and therapeutic properties. This review provides a perspective on polymer-ligand functionalization, charting how macromolecular-level binding chemistry translates into multiscale structure–property relationships and ultimately governs material function. We first examine strategies for incorporating diverse ligand chemistries, through both covalent and noncovalent interactions, into polymer architectures with controlled multivalency and spatial organization to generate robust and stable surface coatings. We then discuss how facet-selective binding and polymer–solvent interactions give rise to asymmetric surface functionalization and directional interparticle interactions, providing a basis for programmable NP self-assembly. Next, we review chiral ligand- and biomolecule-directed assembly as a powerful strategy for organizing these NPs into plasmonic architectures with amplified chiroptical responses. We then illustrate how these precise surfaces and assembly concepts dictate biomedical performance, specifically by defining biological identity, minimizing nonspecific interactions, and enabling multifunctional platforms for imaging, sensing, and therapy. Ultimately, this review bridges the gap between synthetic polymer chemistry and nanoscale self-assembly to offer design rules for the next generation of programmable metal nanomaterials.",crossref,0
Heterogeneous Interface Engineering Enabled ZnO/C Hybrid Aerogels for High-Performance Radar-Infrared Compatible Stealth,https://pubs.acs.org/aamick/article/doi/10.1021/acsami.6c09610/5423460/Heterogeneous-Interface-Engineering-Enabled-ZnO-C,ACS Applied Materials & Interfaces: Latest Articles (ACS Publications),2026-09-07 00:00:00 UTC,2026-09-07 00:00:00+00:00,10.1021/acsami.6c09610,Ailin Xia,"Abstract Pure carbon aerogels are constrained by insufficient electromagnetic loss mechanisms and poor compatibility between radar wave absorption and infrared stealth. Here, a heterogeneous interface engineering strategy is developed to construct ZnO/C hybrid aerogels derived from ZIF-8 and chitosan, featuring ZnO/C interfacial structures and hierarchical meso/macroporous structures. The hybrid aerogel sample, carbonized at 800 °C (CA-Z-800), achieves optimal microwave absorption performance with a minimum reflection loss (RLmin) of –35.74 dB and an effective absorption bandwidth (EAB) of 4.55 GHz at a matching thickness of only 1.5 mm. Simultaneously, it maintains effective infrared stealth performance with a low thermal conductivity of 0.151 W/(m·K), a surface temperature rise of only ∼4 °C, and infrared emissivity of 0.654 (3–5 μm) and 0.638 (8–14 μm). Notably, although increasing carbonization temperature to 900 °C further reduces emissivity to 0.601 and 0.595, it severely degrades impedance matching, leading to a much weaker reflection loss (–13.53 dB) and a narrower effective bandwidth (2.85 GHz). This trade-off reveals that CA-Z-800 represents the optimal balance for radar-infrared compatible stealth. Density functional theory (DFT) calculations elucidate charge redistribution and enhanced interfacial polarization at the ZnO/C interfacial structures, while computer simulation technology (CST) simulations confirm strong microwave attenuation. Systematic control of pyrolysis temperature and ZnO microstructure enables tuning of dielectric properties and thermal insulation. These findings demonstrate a correlation between radar absorption and infrared suppression, with CA-Z-800 achieving the optimal balance among the samples tested.",crossref,0
Flexible Ammonium Salts Induce Dipole Field-Effect Passivation in Inverted Perovskite Solar Cells,https://pubs.acs.org/aamick/article/doi/10.1021/acsami.6c11567/5421845/Flexible-Ammonium-Salts-Induce-Dipole-Field-Effect,ACS Applied Materials & Interfaces: Latest Articles (ACS Publications),2026-09-07 00:00:00 UTC,2026-09-07 00:00:00+00:00,10.1021/acsami.6c11567,Guilong Cai,"Abstract Ammonium salt-based top-interface passivation is effective for inverted perovskite solar cells, yet how the head-group conformation governs the passivation mechanism remains unresolved. Herein, using 9H-fluoren-9-amine hydrochloride (FAMACl) and aminodiphenylmethane hydrochloride (DPMACl) as a comparative pair, we reveal that structural differences in the head groups drive fundamentally distinct passivation pathways. The rigid, conjugated structure of FAMACl enables strong chemical passivation through coordination with undercoordinated Pb2+ defects, but introduces unfavorable energy level alignment that limits efficiency gains. In contrast, the flexible DPMACl architecture generates a substantial molecular dipole moment, which induces a strong interfacial electric field that optimizes energy level alignment and suppresses nonradiative recombination via field-effect passivation, delivering a champion power conversion efficiency of 26.02%. This work establishes a direct link between the conformational flexibility of ammonium head-groups and their passivation functionality, offering a new molecular design principle for high-performance perovskite photovoltaics.",crossref,0
Enhanced Fog Harvesting via Synergistic Regulation of the Entire Process on a Multi-Bioinspired Patterned Surface,https://pubs.acs.org/aamick/article/doi/10.1021/acsami.6c14930/5421898/Enhanced-Fog-Harvesting-via-Synergistic-Regulation,ACS Applied Materials & Interfaces: Latest Articles (ACS Publications),2026-09-07 00:00:00 UTC,2026-09-07 00:00:00+00:00,10.1021/acsami.6c14930,Yongmei Zheng,"Abstract Freshwater scarcity has become an urgent global issue. Bioinspired fog harvesting is a promising route to freshwater supply, whereas conventional bioinspired surfaces merely optimize partial procedures independently, severely restricting fog harvesting efficiency. Herein, inspired by cactus spines, Sarracenia trichomes, spider silk, and leaf veins, we rationally designed a multi-bioinspired patterned surface (MBPS) featuring nanoneedles, wettability-gradient microchannels, and vein-like networks to synergistically regulate the entire harvesting process. Specifically, once a continuous water film forms within the microchannels, fog droplets effectively captured by dense nanoneedles, upon contacting the hydrophilic pattern, are rapidly drawn into the microchannels and directionally transported toward the designated collection area via the interconnected network under the combined effect of multiple driving forces. This unique harvesting mode synergizes fog capture, droplet coalescence, and transport, endowing the MBPS with a high efficiency of 2.52 g cm–2 h–1 as well as excellent cyclic stability. Such multi-effect synergy further facilitates efficient fog harvesting.",crossref,0
Atomic customization for water electrolysis,http://pubs.rsc.org/CS/article-lookup/doi/10.1039/D6CS00291A,Chemical Society Reviews,2026-09-07 00:00:00 UTC,2026-09-07 00:00:00+00:00,10.1039/d6cs00291a,Yue Zhang,"We outline atomic customization for water electrolysis catalysts through single-atom coordination/location tuning, dual-atom inter-site interaction, cross-scale synergy with hierarchical decorations, and multi-spatiotemporal dynamic reconstruction.",crossref,0
Pyridinium Cations Act as Charge Reservoirs in Expanded Halide Perovskite Analogs at High Pressure,https://onlinelibrary.wiley.com/doi/10.1002/anie.2495859,Angewandte Chemie International Edition,2026-09-07 00:00:00 UTC,2026-09-07 00:00:00+00:00,10.1002/anie.2495859,Roc Matheu,"ABSTRACT Introducing charge reservoirs within semiconductors is a promising strategy for controlled electronic doping. We previously showed that dmpz 2+ ( N , N ’‐dimethylpyrazinium) molecules placed within the cavities of an expanded analog of halide perovskites, (dmpz)[Sn 2 I 6 ], could serve as electron acceptors and hole‐dope the material upon compression. However, the number of such small redox‐active cations is limited, and they tend to engage in unwanted redox reactions that compromise material stability. Herein, we show that redox‐innocent pyridinium cations (H 2 apy 2+ = 3‐amidinopyridinium) contained within the cavities of an expanded perovskite, (H 2 apy)[Sn 2 I 6 ], can also act as charge reservoirs upon compression. At ambient pressure, the energy of the H 2 apy 2+ π* acceptor orbital is ≥1.84 eV above the valence‐band maximum of (H 2 apy)[Sn 2 I 6 ]. Upon compression, this energy difference is decreased to 2 apy 2+ π* orbital. This electron transfer increases the valence‐band hole concentration, affording substantial electronic conductivity (7 S•cm −1 , 36 GPa). Notably, this behavior is comparable to that of (dmpz)[Sn 2 I 6 ], albeit at higher pressure, and is not matched in (H 2 bda)[Sn 2 I 6 ] (H 2 bda 2+ = butane‐1,4‐diammonium), where the organic aliphatic cations do not have π* acceptor orbitals. This work expands charge reservoir candidates in perovskite analogs to include simple, stable, and abundant aromatic molecules.",crossref,0
Ultrahigh pressure phase transition in ice,https://www.nature.com/articles/s41563-026-02732-1,Nature Materials,2026-09-07 00:00:00 UTC,2026-09-07 00:00:00+00:00,10.1038/s41563-026-02732-1,Ross T. Howie,"Abstract
                  
                    One of the most enduring problems in dense H
                    2
                    O ice has been the experimental realization of the pressure-induced symmetry breaking of cubic ice X to an orthorhombic crystal structure. Here, through diamond anvil cell experiments combined with synchrotron X-ray diffraction and Raman spectroscopy techniques, we demonstrate that post-symmetrization, the crystal structure of ice X continuously distorts with pressure. Subjecting ice to pressures in excess of 308(5) GPa, we observe a first-order phase transition to ice XXII, consistent with the long-predicted phase possessing an orthorhombic crystal structure with
                    Pbcm
                    symmetry. We find that ice XXII is stable to pressures of at least 340(5) GPa.",crossref,0
Electric-field switching of g-wave phonon chirality in ferroelectric BaTiO3,https://www.nature.com/articles/s41563-026-02737-w,Nature Materials,2026-09-07 00:00:00 UTC,2026-09-07 00:00:00+00:00,10.1038/s41563-026-02737-w,Urs Staub,"Abstract
                  
                    Lattice vibrations carrying angular momentum, known as chiral phonons, offer a route to couple lattice, electronic and magnetic degrees of freedom, but their deterministic control has remained elusive. Here we demonstrate reversible electric-field switching of phonon angular momentum in the technologically relevant ferroelectric BaTiO
                    3
                    . Using circularly dichroic resonant inelastic X-ray scattering, we directly resolve phonon chirality via angular momentum transfer between circularly polarized X-rays and the lattice. We observe a momentum-dependent dichroic response that switches with ferroelectric polarization, establishing a robust and non-volatile gyroelectric effect. The measured dichroism is in quantitative agreement with first-principles calculations. These results establish phonon angular momentum as an electrically controllable degree of freedom and provide a pathway towards phonon-based information and energy technologies.",crossref,0
The role of individual nickel surface species in the hydrogen evolution reaction on nickel in alkaline electrolytes,https://www.nature.com/articles/s41929-026-01605-9,Nature Catalysis,2026-09-07 00:00:00 UTC,2026-09-07 00:00:00+00:00,10.1038/s41929-026-01605-9,Dušan Strmčnik,"Abstract
                  
                    The role of Ni surface species in the hydrogen evolution reaction (HER) under alkaline conditions remains a key challenge in the development of cost-effective and efficient catalysts for sustainable hydrogen production. Here we systematically investigate well-defined Ni surfaces through carefully designed experiments to unravel the contributions of specific Ni species (NiO, Ni(OH)
                    2
                    and NiH
                    
                      x
                    
                    ) to HER kinetics. Using detailed electrochemical and surface characterization, combined with density functional theory calculations, we demonstrate that NiO, contrary to a body of literature, acts as a passive spectator, blocking active sites without altering intrinsic activity; NiH
                    
                      x
                    
                    inhibits HER by modifying the electronic structure of Ni; and Ni(OH)
                    2
                    promotes HER by facilitating water dissociation and creating new, highly active sites in its vicinity on metallic Ni. Our findings establish a unified framework for understanding the intrinsic activity of Ni-based catalysts, addressing discrepancies in the literature and providing insights into the design of next-generation alkaline water electrolysers.",crossref,0
Multifunctional Molecular Bridge Strategy for Efficient and UV-Resilient Perovskite Solar Cells,https://pubs.acs.org/aamick/article/doi/10.1021/acsami.6c10630/5423401/Multifunctional-Molecular-Bridge-Strategy-for,ACS Applied Materials & Interfaces: Latest Articles (ACS Publications),2026-09-07 00:00:00 UTC,2026-09-07 00:00:00+00:00,10.1021/acsami.6c10630,Yang Zhao,"Abstract Nonradiative recombination originating from the defect-rich SnO2/perovskite buried contact and the absorber interior imposes a major constraint on photovoltaic output and device durability. Here, ethylenediaminetetraacetic acid dipotassium salt (EDTA-2K) is inserted as a molecular bridge that modifies the chemical environment and electronic structure on both sides of this buried junction. Its multiple binding sites coordinate with undercoordinated Sn4+ on SnO2 and Pb2+ in the perovskite. In parallel, K+ supplied by EDTA-2K combines with iodide to form KI, while the remaining functional groups interact with halides through hydrogen bonding; together, these effects impede halide migration. This concerted regulation lowers the defect density, relaxes interfacial strain, guides perovskite growth, and produces a more favorable depth distribution of residual PbI2. It also improves interfacial energy alignment and electron extraction. Employing poly[bis(4-phenyl)(2,4,6-trimethylphenyl)amine] (PTAA) for hole transport enabled the best-performing cell to achieve a power conversion efficiency (PCE) of 24.32%. Following 3000 h of storage, the remaining efficiency exceeds 95% of the starting value; a separate 500 h test under intense ultraviolet (UV) light in ambient air leaves 94.77% of the original PCE. The proposed interfacial architecture thus combines high photovoltaic performance with pronounced resistance to UV-induced aging.",crossref,0
Dynamic Compression Reveals Donor-Age-Associated Inflammaging in Human Mesenchymal Stromal Cell Spheroids,https://pubs.acs.org/aamick/article/doi/10.1021/acsami.6c14409/5421684/Dynamic-Compression-Reveals-Donor-Age-Associated,ACS Applied Materials & Interfaces: Latest Articles (ACS Publications),2026-09-07 00:00:00 UTC,2026-09-07 00:00:00+00:00,10.1021/acsami.6c14409,J. Kent Leach,"Abstract Mechanical cues play a critical role in musculoskeletal homeostasis and disease pathophysiology, where excessive loading induces tissue damage and promotes inflammation. Aging further exacerbates this process, particularly in age-related diseases, such as osteoarthritis (OA). Although both hyper-mechanical loading and aging are known to contribute to chronic inflammation in OA and other age-related diseases, their combined effects remain poorly modeled in vitro. Here, we developed a dynamic 3D culture platform integrating gelatin hydrogels, human bone marrow-derived mesenchymal stromal cell (MSC) spheroids, and a compressive bioreactor to recapitulate joint-like mechanical environments. Gelatin hydrogel-encapsulated MSC spheroids maintained mechanical stability under repeated loading (10–20 kPa) while preserving cell viability and spreading. Aged MSC spheroids exhibited metabolic reprogramming toward glycolysis, elevated secretion of pro-inflammatory cytokines (IL-6 and IL-8), and increased PIEZO1 expression. Compressive loading further amplified inflammatory signaling and promoted M1-like macrophage polarization, particularly in aged donor-derived MSCs, modeling key features of inflammaging. Dexamethasone suppressed inflammatory cytokine secretion and promoted M2-like macrophage polarization, whereas tocilizumab modulated immune responses without reducing cytokine production. This platform establishes a donor-specific, mechanobiological model of inflammaging for precision therapeutic screening in osteoarthritis and related diseases.",crossref,0
Vessel-like Channeled Superelastic and Biocompatible Aerogels for Acoustic Absorption and Oil Removal,https://pubs.acs.org/aamick/article/doi/10.1021/acsami.6c12142/5422785/Vessel-like-Channeled-Superelastic-and,ACS Applied Materials & Interfaces: Latest Articles (ACS Publications),2026-09-07 00:00:00 UTC,2026-09-07 00:00:00+00:00,10.1021/acsami.6c12142,Yan Zhang,"Abstract Modern industrialization and urbanization have led to environmental challenges, including noise pollution and water contamination, which threaten ecosystems and human health. Current materials designed to address these issues are limited in performance and functionality. In this study, vessel-like channeled cellulose aerogels (VCAs) with hierarchical and anisotropic pore structures were proposed. These aerogels exhibited an ultralow density of 1.5 mg cm−3 (VCAs-0.1) with negative Poisson's ratio behavior and superelasticity at liquid nitrogen temperature. Additionally, VCAs-0.4 demonstrated efficient sound-absorbing performance with a noise reduction coefficient of 0.47 under low areal density (11.17 mg cm−2). VCAs-0.2 exhibited a chloroform absorption capacity of 384 g g−1 and a thermal conductivity of 24.3 mW m−1 K−1. The aerogels further exhibited preliminary in vitro cytocompatibility and degradation under the tested soil burial conditions. These results demonstrate the potential of VCAs as multifunctional porous materials for acoustic control and environmental remediation.",crossref,0
Electrically programmable polariton symmetry breaking via non-Hermitian dissipation engineering,https://www.nature.com/articles/s41563-026-02734-z,Nature Materials,2026-09-07 00:00:00 UTC,2026-09-07 00:00:00+00:00,10.1038/s41563-026-02734-z,Qing Dai,"The optical response of natural materials is constrained by crystal symmetry, limiting the design of reconfigurable nanophotonic devices. Here we demonstrate the electrically programmable symmetry breaking of phonon polaritons via non-Hermitian dissipation engineering. In a heterostructure composed of α-MoO3 and aligned carbon nanotubes (A-CNTs), we identify the A-CNT layer as an anisotropic dissipative medium. Driven by overdamped carrier dynamics, the nanotubes preclude polariton hybridization, exerting a proximity-induced resistive coupling instead. Thus, the A-CNT layer operates as a tunable momentum-space loss filter that selectively attenuates propagation along specific crystallographic directions. By electrostatically gating the A-CNTs to regulate their Drude loss, we achieve the continuous and reversible tuning of the polariton topology with transitions from symmetric hyperbolas to asymmetric shear wavefronts. Unlike refractive-index engineering that requires strict wavevector matching, this dissipative filtering mechanism allows for topology shaping without coherent hybridization, establishing dissipation as a programmable degree of freedom in topological nanophotonics and non-Hermitian device physics.",pubmed,0
A Modified Close-Spaced Sublimation Strategy Enabling Orientation Control and Defect Healing of Sb2S3 Indoor Photovoltaics,https://pubs.acs.org/aamick/article/doi/10.1021/acsami.6c16376/5422408/A-Modified-Close-Spaced-Sublimation-Strategy,ACS Applied Materials & Interfaces: Latest Articles (ACS Publications),2026-09-07 00:00:00 UTC,2026-09-07 00:00:00+00:00,10.1021/acsami.6c16376,Ru Zhou,"Abstract Indoor photovoltaics (IPVs) offer a promising solution to the sustainable energy demand of Internet of Things (IoT) terminal devices. Among various IPV candidate absorbers, Sb2S3 stands out due to its ideal bandgap of approximately 1.75 eV, well-matching the spectral distributions of commonly used indoor light sources. Moreover, Sb2S3 has a high absorption coefficient, is eco-friendly, and has low-cost components, as well as a quasi-one-dimensional crystal structure that could offer high carrier transport if the crystal orientation could be well controlled. However, the performance of Sb2S3 solar cells has been limited by difficulty in controlling orientations and suppressing defects of Sb2S3 absorber films. In this work, a modified close-spaced sublimation strategy is explored to fabricate high-quality Sb2S3 films. Through systematic characterization of crystal structure, surface morphology, carrier dynamics, and photovoltaic performance, it is revealed that the resultant Sb2S3 films exhibit enhanced [hkl, l ≠ 0] preferred orientation and suppressed detrimental defects. Due to facilitated charge transport and suppressed carrier recombination, the all-vacuum processed planar heterojunction Sb2S3 solar cells yield a power conversion efficiency (PCE) of 4.09% under one-sun illumination and an indoor PCE of 10.04% under a 3000 K 1000 lux white light-emitting diode (WLED). This work proposes a facile strategy that allows effective orientation control and defect healing for vacuum processed Sb2S3 films and highlights great application potential of Sb2S3 IPVs for self-powered IoT systems.",crossref,0
Porous Membrane Adsorption for Capturing Small Extracellular Vesicles Enables Accessible Single-Particle Analysis,https://pubs.acs.org/aamick/article/doi/10.1021/acsami.6c12881/5422119/Porous-Membrane-Adsorption-for-Capturing-Small,ACS Applied Materials & Interfaces: Latest Articles (ACS Publications),2026-09-07 00:00:00 UTC,2026-09-07 00:00:00+00:00,10.1021/acsami.6c12881,Seiichi Nishizawa,"Abstract Quantitative analysis of small extracellular vesicles (sEVs) at single-particle resolution remains challenging due to their nanoscale dimensions and compositional heterogeneity. Existing methods often rely on specialized and costly instrumentation, limiting accessibility for many researchers and necessitating extensive optimization. Here, we present a porous membrane adsorption for capturing small vesicles (PMACS), which employs a porous anodized aluminum oxide (AAO) membrane as nanoscale compartments to spatially isolate individual vesicles. This allows accessible single-particle discrimination using standard wide-field fluorescence microscopy without either advanced equipment or expert skills. Single-particle discrimination is achieved based on the principle that AAO membranes accommodate vesicles at most one particle per pore according to Poisson distribution and that occupied pores are sufficiently separated beyond the optical resolution limit, which ensures reliable attribution of fluorescent spots to individual vesicles. PMACS achieves reliable quantification of culture cell-derived sEVs across a broad dynamic range (103 to 106 particles/μL). This performance exceeds conventional methods without the need for either advanced instrumentation or expert operation. We demonstrate that PMACS allows colocalization analysis of sEV cargos by assessing the tetraspanin (CD9, CD63, and CD81) population of cultured cell-derived sEVs (Hela, A549, and HEK293T cell lines). The heterogeneous protein expressions on sEVs are visualized by means of a simple facile setup. Owing to its simplicity, sensitivity, and accessibility, PMACS provides a practical platform to advance studies of sEV heterogeneity and broaden participation in sEV science.",crossref,0
Electrothermal Tandem Catalysis for Acetaldehyde Synthesis From CO 2 and Water,https://onlinelibrary.wiley.com/doi/10.1002/anie.8641524,Angewandte Chemie International Edition,2026-09-07 00:00:00 UTC,2026-09-07 00:00:00+00:00,10.1002/anie.8641524,Bo You,"ABSTRACT Acetaldehyde (CH 3 CHO) is an important intermediate in various market sectors, while its industrial production mainly relies on fossil fuels‐derived C 2 H 4 and elevated temperature/pressure, leading to massive CO 2 emission. In this study, we proposed a novel electrothermal tandem strategy to efficiently synthesize CH 3 CHO from CO 2 and water under mild conditions, by integrating aqueous CO 2 electrolysis and Fe 3+ ‐promoted Pd 2+ ‐catalyzed Wacker oxidation. Specifically, CO 2 is electrochemically reduced to C 2 H 4 over Ga‐doped Cu/Cu 2 O hybrid and water is oxidized to O 2 over reconstructed Ni 5 P 4 array simultaneously, with respective Faradaic efficiencies of 63.9% and 100%. Then, the generated C 2 H 4 and O 2 react with each other in a separate chemical reactor to produce CH 3 CHO with high production rate of 253.9 µmol h −1 and superior selectivity of 98.3%. Systematic experiments and operando Raman and infrared spectroscopy characterizations verify that the electron‐deficient Ga 3+ induces electron transfer to stabilize Cu + species for promoted adsorption and coupling of key *CO intermediates for C 2 H 4 generation, and the Fe 3+ cocatalyst with higher oxidative property relative to traditional Cu 2+ more effectively alleviates Pd 2+ poison caused by CO impurity. This work exhibits tremendous potential for CH 3 CHO synthesis from CO 2 with both economic and environmental benefits.",crossref,0
Coordination of Electron Transfer and Proton Supply in Conjugated Polymer Frameworks for Efficient Hydrogen Peroxide Photosynthesis,https://onlinelibrary.wiley.com/doi/10.1002/anie.3374480,Angewandte Chemie International Edition,2026-09-07 00:00:00 UTC,2026-09-07 00:00:00+00:00,10.1002/anie.3374480,Hangxun Xu,"ABSTRACT Hydrogen peroxide (H 2 O 2 ) is a versatile green oxidant and energy carrier, yet its solar production from water and oxygen is limited by the kinetic mismatch between water oxidation and oxygen reduction, as well as insufficient coordination between photogenerated electrons and proton delivery. Here, we report conjugated bithiophene frameworks (CBFs) that integrate molecularly differentiated redox motifs with alkynyl‐regulated electron–proton coordination for efficient H 2 O 2 photosynthesis. Progressive extension of alkynyl bridges from CBF‐TB to CBF‐TDB induces an intraframework excited‐state redox polarization that biases photogenerated holes toward benzene/alkynyl motifs and electrons toward thiophene units, facilitating water oxidation and oxygen reduction, respectively. Simultaneously, the alkynyl‐rich framework organizes interfacial water into a hydrogen‐bonded network that facilitates proton delivery to the oxygen reduction interface. The resulting synergy between directional charge transport and localized proton supply promotes proton‐coupled two‐electron oxygen reduction to H 2 O 2 . Consequently, CBF‐TDB achieves a solar‐to‐chemical conversion efficiency of 1.01% under simulated solar irradiation, more than 4 times that of the alkynyl‐free analogue CBF‐TB (0.21%). This study establishes the coordinated regulation of excited‐state charge polarization and interfacial proton delivery as a molecular design principle for efficient H 2 O 2 photosynthesis and, more broadly, multistep solar‐to‐chemical conversions.",crossref,0
Host–Guest Chemistry Creates an Oriented Shuttle Channel to Overcome Mass Transport Limitations in Electrocatalytic Hydrogenation,https://onlinelibrary.wiley.com/doi/10.1002/anie.9228845,Angewandte Chemie International Edition,2026-09-07 00:00:00 UTC,2026-09-07 00:00:00+00:00,10.1002/anie.9228845,Bin Zhang,"ABSTRACT Electrocatalytic hydrogenation offers a promising route to value‐added chemicals, yet mass transport limitations at industrial current densities remain a critical challenge. Here, we introduce a cyclodextrin‐regulated interfacial microenvironment that delivers a Faradaic efficiency (FE) of up to 88% for pyrazine hydrogenation at −100 mA cm −2 . The hydroxyl‐rich outer surface disrupts the ordered hydrogen‐bond network by inhibiting the reorientation of interfacial H 2 O, facilitating the migration of the reactant to the electrode surface. Simultaneously, the hydrophobic cavities selectively recognize and bind substrates via host–guest interactions, creating oriented shuttle channel that lowers the transfer energy barrier and accelerates mass transport kinetics. This strategy can be extended to diverse hydrogenation reactions and to other deuteration reactions with improved FE at −100 mA cm −2 . Moreover, the synthesis of deuterated piperazines and their conversion into deuterium‐labeled drugs highlights their practical potential. This work provides a general interfacial engineering strategy to overcome mass transport bottlenecks in electrosynthesis, with broad implications for the production of high‐value chemicals and isotopically labeled compounds.",crossref,0
Helical Single Crystals of Porous Hydrogen‐Bonded Organic Frameworks as a Candidate for Morphologically Functional Organic Materials,https://onlinelibrary.wiley.com/doi/10.1002/anie.7959451,Angewandte Chemie International Edition,2026-09-07 00:00:00 UTC,2026-09-07 00:00:00+00:00,10.1002/anie.7959451,Ichiro Hisaki,"ABSTRACT Modulation and control of the crystalline morphology of porous materials are important for their functionality yet remain underdeveloped. In this study, we report the first example of a porous hydrogen‐bonded organic framework (HOF) with helical crystalline morphology. The helical HOF was prepared using pyrene‐based tetracarboxylic acid. The formation of helical‐shaped and needle‐shaped crystals of the HOFs can be controlled by the solvent evaporation rate and temperature during heating. X‐ray diffraction analysis indicates that both crystals have the same layered porous structure. Based on these data and theoretical calculations, we propose the hypothesis that certain structural defects are locally generated, which induces nonuniform crystal growth and consequently results in the formation of the helical crystals. The obtained HOFs exhibit thermal stability and permanent porosity with Brunauer‐Emmett‐Teller (BET) surface area up to 1602 m 2 g −1 . Interestingly, the helical HOFs exhibited dynamic expansion and contraction through the desorption and adsorption of a guest solvent. Moreover, doping with a second component in the helical HOF enables the modulation of fluorescence properties and crystalline morphology into a double helix. These results highlight the potential of a new category of organic materials: helical porous crystals and morphologically functional organic materials.",crossref,0
Ultrafast 4‐Azidopyridinium‐Based Staudinger (UApS) Ligation for Bioorthogonal Labeling and Imaging,https://onlinelibrary.wiley.com/doi/10.1002/anie.5591090,Angewandte Chemie International Edition,2026-09-07 00:00:00 UTC,2026-09-07 00:00:00+00:00,10.1002/anie.5591090,Long Yi,"ABSTRACT Fast click reactions that operate efficiently in aqueous buffers are highly desirable across many areas of chemistry, yet remain scarce. Herein, we report an u ltrafast 4‐ a zido p yridinium‐based S taudinger (UApS) ligation that proceeds with large bimolecular reaction rate constants (10 3 –10 4 M −1 s −1 ) under catalyst‐free, physiologically relevant conditions. We introduced a new class of substituted 4‐azido‐1‐alkylpyridinium reagents that are both water‐stable and exceptionally reactive toward triarylphosphines, yielding phosphazide adducts that release nitrogen gas and convert into iminophosphoranes. These products were structurally validated by single‐crystal x‐ray diffraction studies and possess good aqueous stability. Mechanistic and computational investigations elucidated the UApS ligation pathway and its fast kinetics arising from the substituted 4‐azidopyridinium scaffolds. We demonstrate that the UApS ligation enables efficient protein labeling and cell‐surface imaging at low reagent concentrations. In combination with the established tetrazine ligation, we demonstrate that the UApS ligation facilitates dual labeling of distinct cellular compartments in living cells. Moreover, the UApS ligation is suitable for live‐cell stimulated emission depletion (STED) super‐resolution imaging of filopodia. Overall, the UApS ligation should extend fast click chemical space, providing a new addition to the bioconjugation toolkit.",crossref,0
Methanol Decomposition on TiO 2 Under Ambient Conditions: Cooperative Proton Transfer at Hydrated Interfaces,https://onlinelibrary.wiley.com/doi/10.1002/anie.3448039,Angewandte Chemie International Edition,2026-09-07 00:00:00 UTC,2026-09-07 00:00:00+00:00,10.1002/anie.3448039,Ahmed Ghalgaoui,"ABSTRACT Methanol decomposition is a benchmark reaction for understanding surface‐mediated redox chemistry and photocatalytic processes on oxide materials. While its mechanism on TiO 2 has been extensively studied under ultra‐high‐vacuum (UHV) conditions, the reaction pathway under ambient, liquid‐phase environments remains largely unexplored. Here, we investigate the photocatalytic decomposition of methanol on rutile TiO 2 (110) following direct adsorption from liquid solution by combining surface‐sensitive sum frequency generation (SFG) spectroscopy with density functional theory (DFT) calculations. SFG measurements identify methoxy as the dominant surface species under these conditions. DFT calculations reveal that cooperative hydrogen‐bonding interactions stabilize both the transition state and the dissociated configuration, leading to a systematic reduction in activation barriers. Concurrently, localized excess charge facilitates proton transfer through dynamic redistribution along the reaction coordinate, thereby lowering the barrier for O─H bond cleavage and stabilizing reaction intermediates. Under resonant bandgap excitation, methoxy undergoes structural reorientation followed by oxidation to form a stable surface hydroxymethyl species. DFT calculations further demonstrate that interfacial water and hydroxyl groups stabilize localized charge carriers, reduce activation barriers, and promote proton‐coupled electron transfer. These findings provide molecular‐level insight into the role of interfacial hydration in governing photocatalytic reaction pathways at oxide–liquid interfaces.",crossref,0
SOLiD‐MaP: A Photoproximity Labeling Platform for Small Molecule Binding Site Mapping on RNA,https://onlinelibrary.wiley.com/doi/10.1002/anie.2050497,Angewandte Chemie International Edition,2026-09-07 00:00:00 UTC,2026-09-07 00:00:00+00:00,10.1002/anie.2050497,Zeshi Li,"ABSTRACT RNA‐targeting small molecules are emerging as promising therapeutic modalities, but their development requires methods that define binding sites and evaluate RNA target selectivity. Existing approaches for detecting ligand–RNA interactions have provided powerful foundations, yet many rely on direct cross‐linking or covalent‐capture chemistries whose performance depends on ligand‐specific probe design, warhead compatibility, and local reaction geometry. Here, we report Singlet Oxygen footprinting on RNA in a Ligand‐Directed manner for Mutational Profiling (SOLiD‐MaP), a photochemical platform achieving the labeling resolution for small molecule binding site identification. Using the Mango‐II aptamer and thiazole orange derivatives as a model system, we establish aniline as an efficient nucleophile for singlet oxygen‐mediated RNA labeling and demonstrate target‐selective labeling driven by ligand‐localized photosensitization. We further show that labeling selectivity can be tuned by chemically constraining the singlet oxygen diffusion with a quencher. Finally, we develop a pairwise reverse transcription stop assay and a mutational profiling with next‐generation sequencing readouts to infer ligand‐proximal regions and unambiguously map binding sites. We further extended binding‐region inference to a cellular context. SOLiD‐MaP provides a new, orthogonal strategy for studying small molecule‐RNA recognition and should support RNA‐focused mechanism‐of‐action studies.",crossref,0
A Dual Redox Mediator Concept to Catalyze Both Reaction Directions of the Two‐Electron Transfer Path of MnO 2 Cathodes for Aqueous Zn Batteries,https://onlinelibrary.wiley.com/doi/10.1002/anie.4789078,Angewandte Chemie International Edition,2026-09-07 00:00:00 UTC,2026-09-07 00:00:00+00:00,10.1002/anie.4789078,Xiaoqi Sun,"ABSTRACT The dissolution/deposition energy storage path of MnO 2 cathodes involves two‐electron transfer and provides doubled theoretical capacity of the typical one‐electron transfer reaction. However, its reaction activity and contribution in aqueous Zn batteries are seriously limited. Herein, we present a dual redox mediator (RM) concept to catalyze both of the reduction/oxidation reaction directions of this two‐electron transfer path. Uniquely, the 2,2,6,6‐tetramethylpiperidine‐1‐oxyl (TEMPO) compound features two pairs of redox couples with potentials below and above that of the MnO 2 cathode. TEMPO also exhibits facile conversion kinetics during both electrochemical processes and chemical reactions with Mn‐active materials via two‐electron transfer. These properties allow TEMPO to catalyze the dissolution/deposition between MnO 2 /Mn 2+ using either redox couple, respectively. The substituent group on the TEMPO molecule further determines its functioning stabilities. As a result, the optimal TEMPO dual RM enables the MnO 2 cathode to achieve a high capacity of 517 mAh g −1 at 0.3 A g −1 and 80.4% capacity retention after 20 000 cycles at 10 A g −1 in typical Swagelok‐type Zn batteries. The electrolytic‐type battery also realizes a high areal capacity up to 80 mAh cm −2 with 105 mWh cm −2 energy density. This work provides an effective dual RM concept toward high‐performance Zn–Mn batteries.",crossref,0
Managing Crystallization of CsPbI2Br Films for High-Performance Indoor and Outdoor Photovoltaics,https://pubs.acs.org/aamick/article/doi/10.1021/acsami.6c10460/5421841/Managing-Crystallization-of-CsPbI2Br-Films-for,ACS Applied Materials & Interfaces: Latest Articles (ACS Publications),2026-09-07 00:00:00 UTC,2026-09-07 00:00:00+00:00,10.1021/acsami.6c10460,Hai-Qiao Wang,"Abstract The all-inorganic CsPbI2Br material shows promise for indoor photovoltaics but suffers from a severe open-circuit voltage (Voc) deficit under low light due to defect-mediated recombination. Here, we introduce 3,4-thiophenedicarboxylic anhydride (TDA) into the precursor solution to synergistically retard crystallization and passivate defects. Density functional theory and synergistic experiments confirm that TDA strongly coordinates with PbI2, outcompeting DMSO and increasing the activation energy for CsPbI2Br nucleation. This yields CsPbI2Br films with larger grains, enhanced crystallinity, and reduced trap density. Residual TDA molecules can passivate uncoordinated Pb2+ at grain boundaries, suppressing nonradiative recombination. Using a dopant-free P3HT hole-transport layer, the optimized device achieves a champion power conversion efficiency (PCE) of 17.33% with a remarkable Voc of 1.42 V under standard illumination. Under 1000 lux LED indoor light, the device delivers a PCE of 36.22%. More importantly, TDA-optimized devices can retain 90% of initial efficiency after 1500 h in ambient air and 90% after 1000 h at 85 °C. This work provides a facile strategy to overcome the Voc deficit and instability of CsPbI2Br indoor photovoltaics.",crossref,0
"Enzymatic skeletal editing reaction forming the 1,3,5-triazine core during biosynthesis of the anticancer nucleoside analogue 5-azacytidine",https://www.nature.com/articles/s41929-026-01611-x,Nature Catalysis,2026-09-07 00:00:00 UTC,2026-09-07 00:00:00+00:00,10.1038/s41929-026-01611-x,Tohru Dairi,"Despite decades of clinical use, the biosynthetic origin of 5-azacytidine remained unknown. Now the responsible gene cluster is identified, revealing enzymes that convert guanosine triphosphate into a triazine nucleobase through rare skeletal editing and unconventional thiamine-dependent chemistry.",rss_nature,0
Toward the design validation of water-cooled ceramic breeder test blanket module in physical mock-up testing,https://iopscience.iop.org/article/10.1088/1741-4326/ae9e48,Nuclear Fusion - latest papers,2026-09-07 23:00:00 UTC,2026-09-07 23:00:00+00:00,10.1088/1741-4326/ae9e48,H. Tanigawa,"A large-scale heat flux testing methodology for the water-cooled ceramic breeder (WCCB) Test Blanket Module (TBM) submodule was developed and demonstrated using a newly constructed electron-beam (EB) heat load facility. Specialized calibration techniques were implemented to accurately measure the net heat flux intensity applied to the specimen, the EB beam profile, and the surface temperature under ITER-relevant thermal conditions. Utilizing these calibrations, a full-scale physical mock-up of the WCCB TBM submodule was subjected to irradiation under pressurized water reactor (PWR)-like coolant circulation conditions. Post-test evaluations indicated no instances of melting, coolant leakage, weld detachment, or thermal hot spots, thereby confirming the integrity of the WCCB TBM design and the efficacy of the testing methodology. These findings lay a solid groundwork for future qualification tests in preparation for ITER installation.",rss_description,0
Probing kinetic enhancement of fusion reactivity in turbulent hot spots,https://iopscience.iop.org/article/10.1088/1741-4326/aea008,Nuclear Fusion - latest papers,2026-09-07 23:00:00 UTC,2026-09-07 23:00:00+00:00,10.1088/1741-4326/aea008,Jie Zhang,"Traditionally, fusion reactivity in thermonuclear plasmas has been calculated by assuming a local Maxwellian ion distribution. However, recent theoretical work (Fetsch and Fisch 2025 Phys. Rev. Lett.135 155101) suggests that turbulence in plasmas can generate non-Maxwellian tail distributions, thereby enhancing reactivity. In this paper, we investigate this effect through numerical simulations of a sinusoidal shear flow. By comparing steady-state distributions obtained with the Bhatnagar–Gross–Krook (BGK) and Fokker–Planck (FP) collision operators, respectively, we demonstrate that the BGK model overestimates the reactivity enhancement while the FP operator gives a much more modest enhancement that is nearly halved under typical inertial confinement fusion (ICF) parameters. Particle-in-cell (PIC) simulations incorporating nuclear reactions are also conducted, which reveal that the combined effects of preferential ion heating during shear flow dissipation and tail enhancement can even amplify the reactivity enhancement to be larger than the steady-state prediction.",rss_description,0
Simulation study of tungsten erosion and impurity transport under the assumption of a full-tungsten wall in EAST plasmas,https://iopscience.iop.org/article/10.1088/1741-4326/aea007,Nuclear Fusion - latest papers,2026-09-07 23:00:00 UTC,2026-09-07 23:00:00+00:00,10.1088/1741-4326/aea007,Fang Ding,"Future fusion reactors are expected to employ full-tungsten plasma-facing components (PFCs), and the generation and core accumulation of tungsten impurities under full-tungsten wall environment is one of the key issues that limit the stable operation of tokamak devices. In this work, the upgraded impurity transport code IMPEDGE is coupled with the extended-grid version of SOLPS-ITER to investigate the erosion and transport of tungsten impurity in full-tungsten wall environment. The background plasma in our simulation is based on experimental data from EAST discharge #140718, with all PFCs assumed to be tungsten. The simulations show that, under full-tungsten wall assumption, both the tungsten impurity erosion and its core concentration remain at relatively high levels even in the detached regime, with dominant contributions originating from the far scrape-off layer (far-SOL) of the lower divertor and the upper divertor region. The main reason is that, although the electron temperature at the near SOL (near-SOL) of the lower divertor decreases significantly during detachment, that in the far-SOL region remains difficult to further reduce (∼10 eV), resulting in substantial tungsten erosion. The total impurity penetration probability (defined as the probability for emitted particles to enter the plasma core) also remains at a relatively high level, mainly because the lower plasma density in the far-SOL weakens the impurity screening effect. In the downstream region, the reduced ion density decreases the friction force acting on impurities, allowing them to more easily escape from the region and migrate upstream. In the upstream region, the lower electron density increases the ionization mean free path, causing impurities to be ionized closer to the last closed flux surface and thereby enhancing impurity penetration. These results indicate that impurity screening in the near-SOL divertor region can be significantly enhanced by impurity-seeded detachment. However, erosion and penetration from the far-SOL region still dominate the core impurity accumulation, suggesting that more effective impurity control strategies for the far-SOL region are required in future studies.",rss_description,0
Impact of toroidal-field-coil generated error field over ADITYA Ohmic breakdown and start-up,https://iopscience.iop.org/article/10.1088/1741-4326/ae97f7,Nuclear Fusion - latest papers,2026-09-07 23:00:00 UTC,2026-09-07 23:00:00+00:00,10.1088/1741-4326/ae97f7,ADITYA Team,"The conventional Ohmic plasma breakdown and current ramp-up in the ADITYA tokamak have been investigated over a wide range of input parameters to understand the error field generated by the toroidal field (TF) coils. The plasma breakdown and ramp-up phases are quantified by the breakdown time ( ) and the CIII emission intensity rollover time. A good number of discharges having in the range of 0.8–2 ms, the applied loop voltage in the range of 20–25 V, pre-fill fuel pressure in the range of – Torr, and toroidal magnetic field ( ) in the range of 0.75–1.1 T have been analyzed. For the constant sets of E/P (V m Torr and equilibrium field during breakdown, it has been observed that the decreasing trend of with increasing ceases at a particular value of after which remains constant with . With the errors generated by other coils remaining constant, should continuously decrease with as the increase in increases the connection length, thereby facilitating early breakdown. However, remaining constant with increasing (after a threshold value) indicates that there exists an error field due to TF coils, which negates the gains associated with connection length at higher TFs. The magnitude of error field is estimated to be, 4–7 in ADITYA. Further investigation revealed that although ceases to decrease with increasing , beyond a threshold , the rollover of carbon (CIII spectral emission) occurs more rapidly at higher . This indicates a faster temperature rise with higher in the current ramp-up phase of the discharges and suggests a weak connection between breakdown and current ramp-up phases of a discharge.",rss_description,0
Nonlinear dynamic evolution of energetic particle mode due to nonadiabatic wave-particle interaction,https://iopscience.iop.org/article/10.1088/1741-4326/ae97f6,Nuclear Fusion - latest papers,2026-09-07 23:00:00 UTC,2026-09-07 23:00:00+00:00,10.1088/1741-4326/ae97f6,Zhiyong Qiu,"Adopting dedicated phase-space diagnostics, we analyze the nonlinear dynamic evolution of an energetic particle mode (EPM) due to nonlinear wave–particle interactions, including nonlinear frequency chirping and secular particle motion due to trapping and de-trapping. By tracking representative particle orbits, we show that the nonlinear evolution is dominated by continuous turnover of the distinct resonant populations via self-consistent trapping and de-trapping, rather than by adiabatic frequency sweeping of a fixed cohort. The resulting clump motion in phase space follows the instantaneous low-frequency resonance contour, leading to pronounced downward frequency chirping. The measured EPM frequency chirping rate scales linearly with the mode amplitude, as predicted by general theory.",rss_description,0
Evidence for enhanced mass ablation rate driven by a broadband laser,https://iopscience.iop.org/article/10.1088/1741-4326/ae9edb,Nuclear Fusion - latest papers,2026-09-07 23:00:00 UTC,2026-09-07 23:00:00+00:00,10.1088/1741-4326/ae9edb,Anle Lei,"For laser-driven inertial confinement fusion (ICF), implosion performance depends critically on the efficiency of laser energy coupling to mass ablation. Although recent experiments have confirmed that broadband lasers improve energy absorption efficiency by mitigating stimulated Brillouin scattering, evidence for a corresponding increase in mass ablation rate has remained absent. In this paper, we present the first experimental evidence that a broadband laser (0.6% fractional bandwidth) drives a higher mass ablation rate than a narrowband laser on planar titanium foils. Under matched laser intensity, the foil thickness that maximizes the Ti He‐α x-ray yield—the optimal thickness—shifts from ∼10 μm for the narrowband case to ∼15 μm for the broadband case. Simulations relating optimal thickness to mass ablation rate show that this shift corresponds to an approximately (50 ± 26)% enhancement in mass ablation rate. Analysis suggests that, in addition to the improved laser absorption, the greater nonlocal thermal transport induced by the enhanced hot electron yield from broadband lasers may contribute to this ablation enhancement. These findings provide evidence that a broadband laser can markedly enhance mass ablation, supporting its use as a practical route toward better implosion performance in ICF.",rss_description,0
ELM suppression and confinement in negative triangularity with stronger shaping in ASDEX Upgrade,https://iopscience.iop.org/article/10.1088/1741-4326/ae9b21,Nuclear Fusion - latest papers,2026-09-07 23:00:00 UTC,2026-09-07 23:00:00+00:00,10.1088/1741-4326/ae9b21,the EUROfusion Tokamak Exploitation Team,"Recent experiments conducted during the 2025 campaign in ASDEX Upgrade have pushed the limits of negative triangularity shaping, achieving top triangularity values of 0.55 while keeping bottom triangularity around 0 in diverted plasmas. Guided by ideal-MHD stability calculations using the linear MHD BALOO solver and supported by TCV results, these experiments have demonstrated a transition to an edge that is more stable against peeling-ballooning modes, leading to ELM-free plasmas. Those ELM-free plasmas also exhibit a dithering behavior similar to limit-cycle oscillations. Linear MHD modeling showed that the achieved shapes remained marginal with respect to the second stability region for ballooning modes suggesting that with minor further shaping, a robust NT edge could be achieved. The associated energy confinement is generally reduced, with clear signs of strong power degradation. In addition, a high fraction of fast-ion energy is observed, particularly in high-power/low density discharges. An approximately 15% improvement in normalized energy confinement is obtained when seeding nitrogen. As this effect comes from the edge, it highlights a path towards pedestal tailoring for further confinement optimization and supporting negative triangularity as a potentially viable reactor-relevant operational scenario in full-metal-wall devices.",rss_description,0
Surrogate model of transport quantities of gyrokinetic simulations on HL-2A,https://iopscience.iop.org/article/10.1088/1741-4326/ae9e4a,Nuclear Fusion - latest papers,2026-09-07 23:00:00 UTC,2026-09-07 23:00:00+00:00,10.1088/1741-4326/ae9e4a,Y. Xiao,"Artificial intelligence techniques, particularly machine learning, are increasingly being employed to reduce the computational cost of high-fidelity fusion simulations. In this work, nonlinear gyrokinetic simulations are performed to systematically scan the plasma gradient parameter space relevant to HL-2A discharge #27055 plasmas, generating a database of electrostatic drift-wave turbulence for the development of transport surrogate models. A local surrogate model for turbulent transport is first constructed using a feedforward neural network (FNN) trained on 4267 nonlinear local simulation data points, achieving coefficients of determination of up to for key transport coefficients. Building upon this, a second-stage global surrogate model based on support vector regression (SVR) is developed to map local transport predictions to global turbulent transport, trained on 40 global gyrokinetic simulation cases. The resulting global surrogate model is subsequently coupled to an reduced transport solver, which successfully reproduces the steady-state plasma profiles in good agreement with experimental observations. This study provides a practical workflow for predicting global turbulent transport using local surrogate models and machine learning techniques. The proposed approach offers an accurate and computationally efficient strategy for integrated transport simulations, with potential applications in scenario development and control-oriented real-time simulations for present and future fusion devices.",rss_description,0
CORRIGENDUM: Global stellarator coil optimization with quadratic constraints and objectives (2025 Nucl. Fusion 65 026045),https://iopscience.iop.org/article/10.1088/1741-4326/ae9e47,Nuclear Fusion - latest papers,2026-09-07 23:00:00 UTC,2026-09-07 23:00:00+00:00,10.1088/1741-4326/ae9e47,Amitava Bhattacharjee,,,0
Characterization of ELM pacing via vertical jogs on DIII-D,https://iopscience.iop.org/article/10.1088/1741-4326/aea00a,Nuclear Fusion - latest papers,2026-09-07 23:00:00 UTC,2026-09-07 23:00:00+00:00,10.1088/1741-4326/aea00a,E. Kolemen,"Edge localized mode (ELM) pacing via vertical plasma oscillations or jogging has been successfully demonstrated on DIII-D. Rapid vertical movement of the plasma toward the X-point has been shown to effectively trigger ELMs. By vertically oscillating the plasma at a rate of 10 Hz, the ELM frequency increased from 5 Hz, the natural ELM frequency in similar DIII-D discharges, to 20 Hz. Downward jogs have been observed to trigger multiple ELMs in one cycle. ELMs triggered at higher than natural frequencies lead to smaller decreases in stored energy, from 8% to as little as below 1%. As a consequence, the peak heat flux to the divertor has been observed to be reduced by a factor of 2. In addition, a reduction in the carbon impurity concentration has been observed. During downward jogs in the lower single null (LSN) configuration, the X-point movement is slower and smaller than the top of the plasma. As a result, a reduction in the plasma cross-section and hence volume has been observed. To understand the mechanism of ELM triggering by jogging, a toy model of the edge toroidal current has been built and tested with DIII-D experiment data. The experimental data and model suggest that when the plasma moves down toward the X-point, a net positive toroidal current is locally induced in the edge region. ELITE stability analysis suggests that this current pushes the plasma state across the peeling side of the peeling–ballooning stability boundary into the unstable region triggering ELMs.",rss_description,0
Tungsten limiter start-up experiments on ASDEX Upgrade and WEST in different boronization states in support of ITER,https://iopscience.iop.org/article/10.1088/1741-4326/ae9bd4,Nuclear Fusion - latest papers,2026-09-07 23:00:00 UTC,2026-09-07 23:00:00+00:00,10.1088/1741-4326/ae9bd4,the EUROfusion WPTE Team,"Understanding the performance of limiter plasmas in the ITER start-up phase is important for the whole pulse and a possible challenge if performed on tungsten, as will now be the case following the switch to a W first wall in the new 2024 ITER Baseline. Experiments were performed on ASDEX Upgrade and WEST to characterise limiter plasmas using boronizations with different degree of boron surface coverage and toroidal asymmetries. Non-boronized start-up is shown to be slow and laborious, and, on both machines, was aborted in favor of a non-homogeneous boronization, performed also in support of the ITER re-baseline to study the impact of spatially non-uniform boron coatings. This allows normal start-up and short (few 100 m s , ITER will run s long limiter phases) limiter phases can be run without problems. Even with a full boronization, the limiter can de-condition and long limiter plasmas of several seconds suffer from high densities and radiation. Short limiter plasmas for plasma current ramp-up remain possible. The conditioning effect on limiter plasmas is documented, but also how the start-up is affected by an ageing boronization.",rss_description,0
Real-time total ECRH power control for reliable long-pulse operation and density feedback at Wendelstein 7-X,https://iopscience.iop.org/article/10.1088/1741-4326/ae9cc9,Nuclear Fusion - latest papers,2026-09-07 23:00:00 UTC,2026-09-07 23:00:00+00:00,10.1088/1741-4326/ae9cc9,W7–X Team,"The electron cyclotron resonance heating (ECRH) system at the Wendelstein 7-X (W7–X) stellarator is equipped with eleven megawatt-class gyrotrons that operate at a frequency of 140 GHz, designed for pulse durations of up to thirty minutes. For long-pulse detached-divertor plasma experiments at W7–X, a stable total ECRH power delivered to the plasma is crucial, because the radiated power at the plasma edge is preferably close to the heating power. Consequently, the unexpected shutdown of only one gyrotron can cause a premature end of the experiment due to radiation collapse of the plasma. This paper introduces a system-level controller that dynamically redistributes power among gyrotrons to maintain total ECRH power, improving reliability and enabling feedback control. The controller maintains a specified total ECRH power output by adjusting the accelerating voltage of all gyrotrons. First implemented in the operational phase (OP) 2.2, the system contributed to two major milestones of W7–X during OP 2.3: highest long-pulse triple product for 43 s and highest energy turnover of 1.8 GJ during 360 s. In addition to reliability improvements, the controller enables the adjustment of the total ECRH power for other control objectives, such as maintaining a desired line-integrated plasma density to counteract the ECRH pump-out effect in high-performance scenarios. This paper also presents the first proof-of-principle experiments demonstrating an ECRH-based density feedback system.",rss_description,0
Dynamic mechanisms across the transition from the L-mode to steady-state H-mode in Large Helical Device,https://iopscience.iop.org/article/10.1088/1741-4326/ae9ccb,Nuclear Fusion - latest papers,2026-09-07 23:00:00 UTC,2026-09-07 23:00:00+00:00,10.1088/1741-4326/ae9ccb,D.N. Wu,"Dynamic features across the transition from low (L) to steady-state high (H)-mode in Large Helical Device are investigated. We focus on several transition processes from the L-mode, developing high confinement-mode (H-mode) towards the stable H-mode. It appears that for the initial L–H transition, the mean Er × B flow curvature and nonlinear energy cascading of ambient turbulence both play significant roles for entering the developing H-mode. From the developing to stable H-mode, experimental results reveal essential effects of nonlinear energy coupling between turbulence and large-scale MHD modes on sustaining the steady H-mode, for which the MHD bursts act as a predator whereas turbulence is a prey. These findings provide additional insight into the dynamic evolution from the L-mode to steady-state H-mode.",rss_description,0
Edge turbulence spreading and blob transport broaden the heat flux width approaching the density limit,https://iopscience.iop.org/article/10.1088/1741-4326/ae9d95,Nuclear Fusion - latest papers,2026-09-07 23:00:00 UTC,2026-09-07 23:00:00+00:00,10.1088/1741-4326/ae9d95,M. Xu,"This paper investigates how edge turbulence spreading and blob transport broaden the heat flux width in Ohmic-plasma approaching the operational density limit of the J-TEXT tokamak. At the plasma edge, shear flow collapses while turbulent transport and spreading are significantly enhanced when approaching the density limit. The heat flux widths correlate positively with edge radial flux of turbulence internal energy through the last closed flux surface (LCFS) (i.e. turbulence spreading) as well as the energy production ratio (the ratio of turbulence spreading from the edge into the scrape-off layer (SOL) to the net local production of turbulence in the SOL). The energy production ratio model combining experimental data shows that turbulence spreading at the LCFS is likely the origin of the SOL turbulence. The mechanism of the heat flux width broadening in high density operation may be the stronger edge turbulence spreading across the LCFS to increase the SOL turbulence as the plasma approaches the density limit. How blob transport (turbulent particle flux and/or radial flux of turbulence internal energy) broadens the heat flux width is investigated in detail. The blob-induced turbulent particle flux fraction ( ) is 0.2–0.4 while blob-induced turbulence spreading fraction ( is 0.5–0.9, suggesting that blob-induced spreading is more important than blob-induced turbulent particle flux. Blobs with larger radial scales induce stronger edge spreading into the SOL, thus dominating the SOL turbulence. These results suggest that edge turbulence spreading and blob transport play crucial roles in broadening the heat flux width as the plasma approaches the density limit.",rss_description,0
Temporal prediction captures retinal spiking responses across animal species,https://www.nature.com/articles/s41467-026-77399-y,Biological sciences : Nature Communications subject feeds,2026-09-08 00:00:00 UTC,2026-09-08 00:00:00+00:00,,Nicol S. Harper,"The retina’s role in visual processing has been viewed as two extremes: an efficient compressor of incoming visual stimuli, akin to a camera, or a predictor of future stimuli. Addressing this dichotomy, we developed a spiking neural network model of the retina trained on natural movies under metabolic-like constraints to either encode the present or to predict future scenes. When optimized for efficient temporal prediction ~100 ms into the future, the model not only captures retina-like receptive fields and their mosaic-like organizations, but also exhibits complex retinal processes such as latency coding, motion anticipation, differential motion tuning, and stimulus-omission responses. Notably, the temporal prediction model also accurately predicts the way retinal ganglion cells respond across different animal species to natural images and movies. Our findings suggest that the retina is not merely a compressor of visual input, but rather is fundamentally organized to provide the brain with foresight into the visual world.",nature_html,0
A review of key economic indicators for assessment of hydrogen in the transportation sector,https://www.sciencedirect.com/science/article/pii/S0306261926013656?dgcid=rss_sd_all,ScienceDirect Publication: Applied Energy,2026-09-08 00:00:00 UTC,2026-09-08 00:00:00+00:00,10.1016/j.apenergy.2026.128709,Alexandre K. da Silva,"Hydrogen has been considered a promising solution for decarbonizing the transportation sector and even an energy carrier that could move us away from a hydrocarbon-based economy. In addition to the fact that hydrogen production, transport, and refueling processes are proven concepts, there are still challenges to be addressed, especially with regard to economic viability. In this context, the correct use of indicators and the clarity of the information and parameters used are paramount for a fair assessment and to improve the bankability of hydrogen use in the transportation sector. Using the PRISMA guideline and a Scopus® search, the present study performs a systematic review of recent studies related to the economic evaluation of hydrogen use in the transportation sector. Data from 57 journal articles were evaluated in terms of six features, e.g., key economic indicators, analysis envelope, hydrogen color, financial assumptions, including additional information, and costs, which were reported and discussed. In total, 988 values of economic indicators were reported, related to 25 different indicators, such as LCOH, NPV, LCOE, hydrogen price, IRR, and others. Most of these values, i.e., 50%, are related to green hydrogen, while in 24% of them the color was not defined and the rest were distributed in yellow, gray, etc. Surprisingly, several issues were identified during the review process of the studies, most of them related to the lack of clarity in defining the boundaries of the analyzed system or the economic premises adopted to formulate the methodology. On the basis of that, it is virtually impossible to compare the studies and obtain a general figure on the cost-effectiveness of hydrogen in different scenarios. As a suggestion, the present study proposes a checklist of recommended information to be used in future studies reporting economic evaluations.",openalex,0
A state-of-the-art review and analysis of battery system technologies for maritime electrification,https://www.sciencedirect.com/science/article/pii/S030626192601439X?dgcid=rss_sd_all,ScienceDirect Publication: Applied Energy,2026-09-08 00:00:00 UTC,2026-09-08 00:00:00+00:00,10.1016/j.apenergy.2026.128783,Pooya Davari,"The maritime industry is among the key players in global trade, transporting the largest portion of the world’s goods. It connects economies, supports millions of jobs, and enables the movement of raw materials, energy resources, and manufactured products efficiently across continents. However, this industry is also a major source of greenhouse gas emissions. Considering these emissions, this industry is undergoing a transition to maritime electrification with net-zero emissions. In order to achieve that goal, batteries are the main tool, including the development of fully electric and hybrid vessels. To this end, this paper provides a structured overview of battery systems in marine electrification, covering various aspects of this rapidly evolving field. It presents an analysis of different ship types and the power topologies of electric and hybrid vessels, supported by updated examples of real-world commercialized and produced vessels across different regions. Additionally, the evolution of battery technology is demonstrated by detailing both commercialized and early-stage batteries, with a focus on their power rating, energy density, specific energy, cycle life, and management systems. Furthermore, the applications of Artificial Intelligence (AI) and digital twin technologies in marine electrification are presented with a detailed review of recent developments. The Artificial Intelligence (AI) strategies are classified into several categories, and a case study from a representative strategy of each class in battery and marine electrification is presented. It also includes guidelines and standards issued by official organizations to ensure compliance and safety in the sector. Additionally, it highlights recently completed and ongoing funded projects in marine electrification in the U.S. and the EU, as well as the related software tools and industry white papers. Moreover, the correlation between battery systems and marine electrification is provided with the United Nation (UN) Sustainable Development Goals (SDGs) and which SDGs they are effective and aligned. Finally, the updated challenges and future research directions are presented for a forward-looking perspective on the marine electrification sector and its transition to a net-zero industry.",jina_reader,0
Hydrogen technology pathways in metropolitan energy systems: An application to Montréal,https://www.sciencedirect.com/science/article/pii/S0306261926014364?dgcid=rss_sd_all,ScienceDirect Publication: Applied Energy,2026-09-08 00:00:00 UTC,2026-09-08 00:00:00+00:00,10.1016/j.apenergy.2026.128780,Martin Trépanier,"Low-carbon hydrogen is increasingly considered a key option for decarbonizing hard-to-abate sectors, yet most transition analyses are conducted at national or global scales, with limited attention to metropolitan energy systems where climate policies are implemented. This paper examines how hydrogen can contribute to urban decarbonization under multi-level climate governance by extending the Energy Technology Environment Model (ETEM) to integrate full hydrogen supply chains and applying a structured downscaling approach to translate national and provincial data to the metropolitan scale. The framework is applied to the Montréal Metropolitan Community (CMM), a member of the C40 Cities network, to evaluate hydrogen deployment under different decarbonization scenarios. Results show that under full carbon neutrality constraints, hydrogen reaches approximately 7% of total final energy consumption by 2050, with total production exceeding 33 PJ, yet uptake remains concentrated in heavy industry and hard-to-electrify transport, underscoring hydrogen's role as a targeted complement to electrification rather than a dominant energy carrier. As climate constraints tighten, hydrogen production shifts toward electrolysis and CCS-enabled pathways, with deployment increasing significantly after 2040. Carbon neutrality further requires a minimum direct air capture capacity of 1 MtCO₂/year to offset residual emissions from sectors where abatement through fuel switching alone is technically infeasible. The proposed modeling framework is designed to be adaptable to other metropolitan regions and C40 cities with similar data infrastructure, offering a structured approach for assessing hydrogen integration in urban energy transitions.",openalex,0
A multivariate collaborative perception framework for enhanced load forecasting in smart grids with high penetration distributed energy resources,https://www.sciencedirect.com/science/article/pii/S0306261926013954?dgcid=rss_sd_all,ScienceDirect Publication: Applied Energy,2026-09-08 00:00:00 UTC,2026-09-08 00:00:00+00:00,10.1016/j.apenergy.2026.128739,Qiuwei Wu,,,0
Arrhenius-anchored impedance thermometry for transferable LFP battery temperature estimation in grid-scale storage,https://www.sciencedirect.com/science/article/pii/S0306261926014418?dgcid=rss_sd_all,ScienceDirect Publication: Applied Energy,2026-09-08 00:00:00 UTC,2026-09-08 00:00:00+00:00,10.1016/j.apenergy.2026.128785,Minggao Ouyang,,,0
Strategic multi-market bidding of energy storage systems: A unified game-theoretic framework and system-level impact analysis,https://www.sciencedirect.com/science/article/pii/S0306261926014170?dgcid=rss_sd_all,ScienceDirect Publication: Applied Energy,2026-09-08 00:00:00 UTC,2026-09-08 00:00:00+00:00,10.1016/j.apenergy.2026.128761,Wenhao Shen,,,0
A bilevel framework for shared PV-storage configuration and P2P trading in the building cluster,https://www.sciencedirect.com/science/article/pii/S0306261926013723?dgcid=rss_sd_all,ScienceDirect Publication: Applied Energy,2026-09-08 00:00:00 UTC,2026-09-08 00:00:00+00:00,,Jun Shen,,,0
"Coordinated optimization of virtual power plants in coupled electricity and carbon markets for energy systems: a review of models, algorithms and challenges",https://www.sciencedirect.com/science/article/pii/S0306261926014492?dgcid=rss_sd_all,ScienceDirect Publication: Applied Energy,2026-09-08 00:00:00 UTC,2026-09-08 00:00:00+00:00,10.1016/j.apenergy.2026.128793,Guoao Shi,,,0
LLM-based automated hyperparameter optimization method for data quality improvement of distribution networks,https://www.sciencedirect.com/science/article/pii/S0306261926014285?dgcid=rss_sd_all,ScienceDirect Publication: Applied Energy,2026-09-08 00:00:00 UTC,2026-09-08 00:00:00+00:00,10.1016/j.apenergy.2026.128772,Ke-Jun Li,,,0
Physics-based prediction of the impact of electrocatalyst degradation and radical scavenger transport on PEM fuel cell performance under real-world driving cycle ageing,https://www.sciencedirect.com/science/article/pii/S030626192601398X?dgcid=rss_sd_all,ScienceDirect Publication: Applied Energy,2026-09-08 00:00:00 UTC,2026-09-08 00:00:00+00:00,10.1016/j.apenergy.2026.128742,Andrea Baricci,"Polymer electrolyte membrane fuel cells (PEMFCs) are a promising technology for decarbonizing the transportation sector. However, stack component degradation and the resulting performance ageing remain major barriers to large-scale commercialization. Reliable state-of-health assessment is essential to support the development of durability-oriented control and operation strategies. In this work, a modelling framework coupling a semi-empirical electrocatalyst degradation model, a 1 + 1D physics-based PEMFC performance model, and a 1D in-plane Ce transport model is developed and validated against automotive-representative experimental data. A key innovation is a methodology that converts dynamic voltage profiles into an equivalent sequence of square-wave cycles, enabling the direct application of degradation laws derived from accelerated stress tests to realistic driving conditions. The degradation model accounts for the effects of relative humidity, temperature, upper potential limit, dwell time, and low-voltage excursions on electrochemically active surface area (ECSA) loss. Coupled with the PEMFC model, the framework predicts the heterogeneous ECSA loss in a segmented cell after 1000 h of the automotive ID-FAST driving cycle, which increases from air inlet to air outlet. The average normalized ECSA at end of life is 0.62. The experimentally observed heterogeneous performance ageing, however, is mainly attributed to in-plane Ce redistribution, which accumulates at the air inlet hindering both proton and oxygen transport. After 1000 h, efficiency decreases by 4.5% and 7.5% under low-power and high-power operating modes of the ID-FAST cycle, respectively. The proposed model framework therefore represents a valuable tool for PEMFC durability assessment and state-of-health monitoring under realistic automotive operating conditions.",openalex,0
Global and regional climate change impacted Paleogene mammal faunas in Central Asia,https://www.nature.com/articles/s41467-026-77374-7,Biological sciences : Nature Communications subject feeds,2026-09-08 00:00:00 UTC,2026-09-08 00:00:00+00:00,,Susanne A. Fritz,"Global climate change has been linked to faunal turnover throughout geological history, but the effects of regional environmental change remain comparatively less understood. Central Asian environments changed repeatedly throughout the Paleogene (ca. 66 to 23 Ma) due to topographic reshaping and global climate change. Additionally, recently published geological records indicate that intense, regional aridification occurred during the mid-Eocene. We test the signatures of regional versus global climate change events in the fossil record, reconstructing Paleogene sampling-corrected taxonomic richness, faunal turnover, and body size change for all Central Asian mammals. We find three macroevolutionary transitions in mammal assemblages. One associated with regional Asian mid-Eocene aridification and two with global events — the Paleocene-Eocene Thermal Maximum (short-lived extreme warming 56 Ma) and the Eocene-Oligocene Transition (prolonged cooling 34 Ma). Our results indicate that both global and regional climate were associated with mammal evolution in the Paleogene of Asia. We also find that a previously described Eocene/Oligocene transition from Perissodactyla-dominated to Glires-dominated faunas — thought to be associated with cooling at the Eocene-Oligocene Transition – may be a sampling bias artifact.",nature_html,0
A quality-value dual-driven interval prediction method for source and load: An application in the cascade diversion hydro-wind-solar complementary system operation,https://www.sciencedirect.com/science/article/pii/S0306261926014406?dgcid=rss_sd_all,ScienceDirect Publication: Applied Energy,2026-09-08 00:00:00 UTC,2026-09-08 00:00:00+00:00,10.1016/j.apenergy.2026.128784,Chaoshun Li,,,0
Hierarchical components optimization of constant-electrode proton exchange membrane unitized regenerative fuel cells for synchronous enhancement of fuel cell and electrolysis cell performance,https://www.sciencedirect.com/science/article/pii/S030626192601442X?dgcid=rss_sd_all,ScienceDirect Publication: Applied Energy,2026-09-08 00:00:00 UTC,2026-09-08 00:00:00+00:00,10.1016/j.apenergy.2026.128786,Ben Chen,,,0
Low-carbon policy simulation for cost-effective decarbonization pathways of China's hydrogen production considering regional heterogeneity,https://www.sciencedirect.com/science/article/pii/S0306261926014297?dgcid=rss_sd_all,ScienceDirect Publication: Applied Energy,2026-09-08 00:00:00 UTC,2026-09-08 00:00:00+00:00,10.1016/j.apenergy.2026.128773,Lixin Cui,,,0
Gut microbiota composition outperforms chronological age in predicting systemic inflammation and incident disease risk,https://www.nature.com/articles/s41467-026-77499-9,Biological sciences : Nature Communications subject feeds,2026-09-08 00:00:00 UTC,2026-09-08 00:00:00+00:00,,Susanne Brix,"Low-grade systemic inflammation increases with age and accompanies many age-associated lifestyle-related diseases, yet substantial inter-individual variability exists beyond chronological age. Given the gut microbiota’s role in immune regulation, we analyzed paired fecal microbiota profiles, 30 plasma cytokines, and 19 biochemical and physiological measures in 1,199 adults (aged 20-72) from the population-based DanFunD cohort to assess the relative associations of microbiota composition and age with systemic inflammation and subsequent disease risk. Here we show that despite an association between age and 40% of inflammatory cytokines and most physiological variables, gut microbiota composition explained more variance than age for 97% of cytokines and 84% of physiological variables. Individuals with the Bacteroides 2 enterotype exhibited elevated pro-inflammatory cytokines and adverse metabolic profiles already in early adulthood, displaying an inflammaging-like phenotype up to 37 years earlier than other enterotypes. This enterotype was associated with increased risk of future incident disease across multiple organ systems (hazard ratio 1.21), with mediation analyses suggesting that inflammatory cytokines accounted for part of this association. Conversely, a high-diversity enterotype was linked to lower inflammation and reduced disease risk. These findings position gut microbiota composition as a stronger correlate of systemic inflammatory tone than chronological age and a potentially modifiable determinant of inflammation-related disease trajectories across adulthood.",nature_html,0
Sarcandra glabra genome unveils functional conservation and divergence of O-methyltransferases catalyzing isofraxidin biosynthesis in angiosperms,https://www.nature.com/articles/s41467-026-77631-9,Biological sciences : Nature Communications subject feeds,2026-09-08 00:00:00 UTC,2026-09-08 00:00:00+00:00,,Wei Li,"Isofraxidin, a characteristic coumarin extracted from the root of Sarcandra glabra, prevents human hepatoma cell invasion, while its biosynthesis remains elusive. Here, we construct a 4.23-Gb chromosome-level genome of S. glabra. We find that its intergenic and genic regions are profoundly longer than those of other angiosperms. Among the root-enriched O-methyltransferase candidates, SgOMT3 produces comparable amounts of isofraxidin and the byproduct fraxidin from fraxetin, while SgOMT5 only produces fraxidin. SgOMT3 and SgOMT5 are dispersed duplication genes, and site-directed mutagenesis reveals that Leu127 in SgOMT3 and Val292 in SgOMT5 are the key residues for isofraxidin and fraxidin biosynthesis, respectively. SgOMT3 orthologs from eudicot species preferentially produce more isofraxidin than fraxidin. The molecular docking and site-directed mutagenesis reveal that a Leu-to-Ile substitution at position 307 alters the regioselectivity of SgOMT3, shifting the conversion predominantly toward isofraxidin. These findings accelerate germplasm improvement of S. glabra and provide evidence for isofraxidin biosynthesis in chassis.",nature_html,0
Near-term increased exposure to political risk for African power trades,https://www.nature.com/articles/s41467-026-77362-x,Scientific community and society : Nature Communications subject feeds,2026-09-08 00:00:00 UTC,2026-09-08 00:00:00+00:00,,Andrea Castelletti,"Conflicts and socio-political instability plague electricity security in many African countries, hindering a transition to a net-zero emissions energy system. Established large-scale energy system planning approaches, relying on least-cost optimization models, regularly neglect the impact of political turmoil on energy security. This study assesses how six cost-optimal energy transition strategies for Africa might be affected by future socio-political instability and power trade volumes through a measure of power trade-related political risk. Our findings indicate that the most vulnerable period for Africa is the first half of the 2020-2030 decade, with socio-political risk hotspots in Western, Southern, and Central-Eastern Africa. Different socio-demographic, climatic and hydrological regime assumptions influence the distribution of socio-political risk across different regions, as countries uniquely adapt to future scenarios. These findings underscore the crucial need to integrate socio-political factors into energy systems planning, ensuring that transition strategies are flexible and cognizant of the involved risks.",nature_html,0
"Puberty, pregnancy, and menopause show shared and distinct structural changes across the lifespan",https://www.nature.com/articles/s41467-026-76755-2,Biological sciences : Nature Communications subject feeds,2026-09-08 00:00:00 UTC,2026-09-08 00:00:00+00:00,,Elseline A. Hoekzema,"The female brain undergoes substantial reorganization during major hormonal transitions, yet whether puberty, pregnancy, and menopause engage shared or distinct neuroplastic mechanisms remains unknown. We compared longitudinal structural brain changes across all three major hormonal life events using identical analytical methods within a single cohort framework (n = 1095), with stable control groups to control for normative developmental and aging trajectories. Both pre-to-post menarche and pre-to-post pregnancy groups showed widespread cortical gray matter reductions, with cross-cohort comparisons revealing divergent profiles across more than half of cortical regions alongside convergence in prefrontal, parietal, and temporal association cortices. Pre-to-post menopausal women showed a fundamental divergence from both puberty and pregnancy, as they showed no volumetric loss, while stable pre- and postmenopausal control groups did. Puberty and pregnancy thus share both convergent and divergent cortical remodeling, while menopause represents a qualitatively distinct pattern, defined by the absence rather than acceleration of volumetric change.",nature_html,0
Integrating multi-omics technologies to decipher microbiome functions,https://www.nature.com/articles/s41467-026-77539-4,Biological sciences : Nature Communications subject feeds,2026-09-08 00:00:00 UTC,2026-09-08 00:00:00+00:00,,Pratik Dilip Jagtap,"Multi-omics approaches have revolutionized our understanding of microbial communities by enabling simultaneous interrogation of genomic, transcriptomic, proteomic, and metabolomic data. The systematic integration and analysis of these deep datasets help decipher the functional roles of microbiomes, providing critical insights into microbial activities, interactions, and dynamics across diverse environments. Biological complexity makes multi-omics analysis of a single, isolated organism demanding but highly informative, yet this complexity increases further when samples comprise hundreds to thousands of individual species. As microbiome research continues to expand into clinical, environmental, and engineered systems, standardized workflows, benchmarked datasets, and community-driven initiatives are essential to ensure reproducibility, standardization and interpretability. Establishing and disseminating best practices for experimental design, data processing, and integrative analyses will be critical for maximizing comparability and scientific rigor across studies. This perspective highlights recent advances in multi-omics microbiome research, outlines key obstacles in data integration and metadata harmonization, and proposes a collaborative roadmap for scalable, FAIR-compliant multi-omics investigations and potentially disruptive Artificial Intelligence (AI) advances comparable to those of AlphaFold in the field of microbiome science.",nature_html,0
Distinct cell states define larval and adult body plans in a hemichordate,https://www.nature.com/articles/s41467-026-77191-y,Biological sciences : Nature Communications subject feeds,2026-09-08 00:00:00 UTC,2026-09-08 00:00:00+00:00,,Christopher J. Lowe,"A major gap in our understanding of animal development is how adult body plans arise in animals with indirect development, where adults emerge from the transformation of a distinct larval form during metamorphosis. We address this question by examining cellular changes in the enteropneust hemichordate Schizocardium californicum, a species with a complex lifecycle and dramatic metamorphosis. Employing whole-body single-cell RNA sequencing, we chart the cellular composition and transcriptional dynamics of larval, metamorphic, and adult stages. Our tissue-level atlas reveals that ectodermal and endodermal cell types in larvae and adults occupy distinct transcriptional spaces, showing greater similarity to other cell types within the same life stage than to their counterparts in the opposite stage. In contrast, mesodermal cell types from both larvae and adults cluster closely together, indicating conserved transcriptional profiles. These findings demonstrate that the extensive morphological reorganization during metamorphosis is accompanied by broad shifts in transcriptional identity and reveal life-history stage as a major organizing axis of cellular state during the larva-to-adult transition.",nature_html,0
Arginine metabolism as a mutualistic strategy in the interaction between Porphyromonas gingivalis and Filifactor alocis,https://www.nature.com/articles/s41467-026-77383-6,Biological sciences : Nature Communications subject feeds,2026-09-08 00:00:00 UTC,2026-09-08 00:00:00+00:00,,Jiyao Li,"Metabolic cross-feeding is a main driver of microbial mutualism under various stresses. Elevated arginine levels in the periodontal microenvironment reshape pathogen physiology. Here, we discovered that increased arginine levels disrupted the intracellular amino acid metabolism of the periodontal pathogen Porphyromonas gingivalis by repressing glutamate dehydrogenase activity and α-ketoglutarate production via the accumulation of NH3. This perturbation inhibited P. gingivalis growth and was accompanied by increased expression of the PorX/PorY-associated T9SS and enhanced small-peptide acquisition. Given the frequent co-occurrence of P. gingivalis and Filifactor alocis in periodontitis, our findings suggested that F. alocis partially relieved arginine-associated growth inhibition of P. gingivalis through ArcA-dependent arginine degradation, thereby promoting its persistence under high-arginine conditions. This cooperative arginine metabolism is critical for the resilience of microbial communities and may serve as a therapeutic target.",nature_html,0
Molecular basis of N2 fixation in a hyperthermophilic archaeon,https://www.nature.com/articles/s41467-026-77173-0,Biological sciences : Nature Communications subject feeds,2026-09-08 00:00:00 UTC,2026-09-08 00:00:00+00:00,,Tristan Wagner,"Exploring the natural diversity of phylogenetically distant nitrogenases is crucial for gaining new insights into the mechanism of atmospheric N2 fixation and unlocking biotechnological developments in sustainable ammonia production. Here, we investigated the N2-fixing system of Methanocaldococcus infernus, a deep-sea hyperthermophilic archaeon growing diazotrophically at 92 °C. This natively isolated nitrogenase has a melting temperature close to the water boiling point, with an extrapolated specific activity superior to mesophilic homologues. The crystal structures obtained at near-atomic resolution present the most simplified known nitrogenase, harbouring strategic hot spots for thermostability. It combines the structural traits of all three known nitrogenase isoforms, reinforcing the proposal that ancestral nitrogenases were more similar to the archaeal enzyme than to the bacterial homologues. In contrast to structural homologues, the electron-transferring metallocofactor “P-cluster” is trapped in a rare state awaiting electron delivery, providing a detailed picture of the physiological state. The active site, harbouring the FeMo-cofactor catalyst, exhibits a mixture of the resting and “turnover” states, previously described solely in the bacterial vanadium and iron-only nitrogenases. Therefore, these results unify a mechanistic principle of all nitrogenases and highlight the advantages of the hyperthermostable nature of the archaeal enzyme, opening new avenues for further understanding of how nature splits the N2 triple bond.",nature_html,0
Role of PER-WDR5 interactions in the mammalian circadian clock,https://www.nature.com/articles/s41467-026-77583-0,Biological sciences : Nature Communications subject feeds,2026-09-08 00:00:00 UTC,2026-09-08 00:00:00+00:00,,Eva Wolf,"In the mammalian circadian clock, the transcription factor CLOCK/BMAL1 cycles between an active state recruiting co-activators like MLL1 and repressed states associated with PER1/2 and CRY1/2 clock proteins. The MLL1 complex component WDR5 was also found in a repressive PER complex. Here we show that WDR5 directly binds to the CRY binding domain (CBD) regions of PER1 and PER2. PER2 binds WDR5 via a WBM motif within the PER2/CRY interface, imposing competition between PER2/WDR5-, PER2/CRY- and RbBP5/WDR5 complexes. PER1 binds WDR5 predominantly via a WIN motif outside the CBD, enabling formation of trimeric PER1WIN/WDR5/RbBP5WBM - and PER1/WDR5/CRY complexes. WDR5 WIN site inhibitors weaken PER1/WDR5 interactions and impact cellular Bmal1- and Per2 expression dependent on the PER1 WIN motif, likely modulating the primary BMAL1/CLOCK/PER/CRY- and secondary BMAL1/REV-ERB/ROR circadian feedback loop. Together, our studies revealed a role of WDR5 as a direct PER interaction partner with critical differences between PER1 and PER2.",nature_html,0
Systematic benchmarking of ambient RNA decontamination tools to advance precision in single-cell transcriptomic analysis,https://www.nature.com/articles/s41467-026-77458-4,Biological sciences : Nature Communications subject feeds,2026-09-08 00:00:00 UTC,2026-09-08 00:00:00+00:00,,Jin Xu,"Single-cell RNA sequencing measures gene expression in individual cells, but RNA released from damaged cells can be captured alongside RNA from intact cells, producing spurious signals that affect cell identification and biological interpretation. Although many computational tools aim to remove ambient RNA, their relative performance has not been systematically evaluated.Using simulated and experimental datasets from diverse tissues and species, we assessed seven tools for accuracy in estimating contamination levels, robustness across biological and technical conditions, and sensitivity to subtype-specific contamination. Here we show that the tools have distinct strengths, underscoring the need to match methods to data characteristics and research goals. DecontX provides the most accurate contamination-level estimation. scAR is the most robust across conditions but tends to overestimate contamination, whereas CellClear performs best for resolving closely related cell subtypes. This benchmark guides method selection to improve the reliability of single-cell analyses and identifies priorities for future method development.",nature_html,0
A cytoskeleton-associated Plasmodium protein critical for organelle segregation,https://www.nature.com/articles/s41467-026-77586-x,Biological sciences : Nature Communications subject feeds,2026-09-08 00:00:00 UTC,2026-09-08 00:00:00+00:00,,Jeffrey D. Dvorin,"The malaria parasite, Plasmodium falciparum, replicates asexually within red blood cells by schizogony, a mode of division in which organelles divide multiple times before a final coordinated cytokinesis event, called segmentation, partitions them into dozens of merozoites. The Plasmodium cytoskeleton functions critically during this process, facilitating one-per-cell organelle segregation. Here, we identify and characterize a cytoskeleton-associated protein, PfOGRE (organelle retention, PF3D7_1435600), required for segregation of the mitochondrion and apicoplast, a non-photosynthetic plastid. Immunofluorescence paired with ultrastructure expansion microscopy demonstrates that PfOGRE localizes alongside subpellicular microtubules in nascent merozoites, adjacent to the segregating apicoplast. Conditional knockout of PfOGRE produces organelle-less merozoites with abnormal subpellicular microtubules, impairing asexual replication. Immunoprecipitation and mass spectrometry identify several candidate interactors, including PfMyoF. Conditional knockdown of PfMyoF produces similar organelle segregation defects. Together, these results establish PfOGRE as a critical mediator of organelle segregation and define a non-structural role for Plasmodium subpellicular microtubules during this process.",nature_html,0
Ki-67 regulates heterochromatin organization in neurons and forms condensates with heterochromatic components,https://www.nature.com/articles/s41467-026-77430-2,Biological sciences : Nature Communications subject feeds,2026-09-08 00:00:00 UTC,2026-09-08 00:00:00+00:00,,Galia T. Debelouchina,"The dysregulation of chromatin organization has been associated with numerous forms of neurological disease. In the ANAPC7 neurodevelopmental syndrome, a disease mechanistically linked to defective proteasomal degradation, the mitotic protein Ki-67 accumulates abnormally in heterochromatin compartments. Here, we investigate Ki-67’s role in heterochromatin through in vivo examination of neurons from two relevant genetic mouse models, in vitro assays and computational studies. We find that Ki-67 modulates the size and number of heterochromatin compartments in neurons. Furthermore, we demonstrate that an engineered Ki-67 construct enhances the propensity of HP1α and nucleosome arrays to form condensates in vitro, a process that is mediated through a complex network of electrostatic interactions and is robust to relevant histone post-translational modifications. These observations suggest that Ki-67 may regulate heterochromatin through a phase separation mechanism involving additional heterochromatin components, thus providing insights into the roles of Ki-67 during both typical neurodevelopment and in disease.",nature_html,0
Structural insights into a dual-substrate O-methyltransferase reveal the enzymatic mechanism of parallel paeonol biosynthesis,https://www.nature.com/articles/s41467-026-77639-1,Biological sciences : Nature Communications subject feeds,2026-09-08 00:00:00 UTC,2026-09-08 00:00:00+00:00,,Wei Huang,"Paeonol, the medicinal indicator component of the traditional Chinese medicine ‘Mudanpi’, has an incompletely elucidated biosynthetic pathway, particularly its post-modification steps. Specifically, the post-modification processes involve 4′-O-methylation and 2′-hydroxylation, thus the formation can occur either sequentially or in parallel. Here, using integrated transcriptomic and metabolomic analyses, we identify a key dual-substrate 4′-O-methyltransferase, PoOMT1, in Paeonia ostii. In vitro assays demonstrate that PoOMT1 exhibits high affinity, catalytic efficiency, and strict regioselectivity toward two paeonol precursors: 4′-hydroxyacetophenone and 2′,4′-dihydroxyacetophenone. Heterologous expression in tobacco and silencing in P. ostii of PoOMT1 further confirm its role in paeonol biosynthesis, supporting a parallel pathway. Structural analysis of the PoOMT1 ternary complex, combined with mutagenesis studies, uncover a His-Asn-Gln catalytic triad essential for the 4′-O-methylation, and reveal a T-shaped substrate binding pocket. This pocket operates through dual-anchor and steric constraint mechanisms, which provide the structural basis for strict regioselectivity toward the 4′-OH group and facilitate the parallel biosynthetic pathway. Moreover, the divergent catalytic profiles of ten PoOMT1 homologs that recognize the same substrates further corroborate the proposed catalytic mechanism. Our work elucidates the molecular basis of 4′-O-methylation and parallel biosynthetic pathway of paeonol, and lays a foundation for the complete elucidation of its pathway.",nature_html,0
Contact percolation governs collective motility via mechano-chemical feedback in heterogeneous breast cancer,https://www.nature.com/articles/s41467-026-77357-8,Biological sciences : Nature Communications subject feeds,2026-09-08 00:00:00 UTC,2026-09-08 00:00:00+00:00,,Giorgio Scita,"Breast carcinomas are heterogeneous tissues containing cell populations with distinct molecular programs and mechanical states. How this heterogeneity drives collective invasion remains unclear. Tissue fluidization, the shift from a crowded, solid-like state to a more deformable and mobile one, promotes collective motion of cancer cells. Using percolation theory, which explains how connected clusters generate system-wide behavior, here we show that a critical fraction of motile cells expressing RAB5A, a membrane-trafficking regulator, triggers an abrupt transition to coordinated, flock-like movement in heterogeneous breast cancer monolayers. Above this threshold, RAB5A cells form connected networks that mechanically and chemically reprogram neighboring control cells. Under these conditions, control cells acquire aligned migratory protrusions, soften and elongate through E-cadherin-dependent EGFR–MAPK signaling. They further activate a STAT1/STAT2-dependent inflammatory gene program through both cell contact and soluble signals. Our findings reveal a mechano-chemical switch through which local tumor heterogeneity organizes tissue-wide fluidization, inflammation and invasive behavior in breast cancer.",nature_html,0
Supramolecular janus eutectic engineered from panthenol and bisabolol overcomes transdermal delivery paradoxes,https://www.nature.com/articles/s41467-026-77613-x,Biological sciences : Nature Communications subject feeds,2026-09-08 00:00:00 UTC,2026-09-08 00:00:00+00:00,,Jiaheng ZHANG,"Conventional transdermal delivery systems are constrained by inherent trade-offs among penetration efficiency, bioactive potency, and skin biocompatibility. To overcome these limitations, here we show a supramolecular Janus eutectic engineered from D-panthenol and α-(-)-bisabolol (SPB). This carrier-free system effectively integrates autonomous permeation with multimodal therapeutic functions. SPB demonstrates synergistic enhancement of panthenol transdermal delivery while markedly improving the biocompatibility of bisabolol, alongside multiplex anti-irritation and pro-repair efficacy—a combination unattainable by its individual components or physical mixtures. Mechanistic investigations indicate that the supramolecular architecture modulates the active transport pathway and antagonizes the TRPV1 receptor. This work provides a practical strategy for designing biofunctional materials that intrinsically unify delivery, efficacy, and safety.",nature_html,0
Natural variation in GmRVE4d facilitates soybean latitudinal adaptation by regulating GmPRR5a-dependent flowering and maturity,https://www.nature.com/articles/s41467-026-77316-3,Biological sciences : Nature Communications subject feeds,2026-09-08 00:00:00 UTC,2026-09-08 00:00:00+00:00,,Tianfu Han,"Timely flowering and maturity are crucial for plant reproduction and environmental adaptation. Light–dark cycle-associated regulatory networks integrate photoperiodic cues with intrinsic developmental programs and play pivotal roles in flowering, maturity and environmental adaptation. Soybean is a short-day crop with strong photoperiod responsiveness; however, the molecular mechanisms by which these networks mediate soybean adaptation to diverse environments remain largely elusive. Here, we combine genome-wide association analysis with deep learning-based assessment of soybean maturity variation and identify GmRVE4d, a homolog of the Arabidopsis clock-associated REVEILLE, as a maturity-associated locus across both field environments. Genetic analysis reveals evidence of domestication-related artificial selection at GmRVE4d and identifies the late-maturing haplotype GmRVE4dH3. Functional analyses further demonstrate that the GmRVE4d protein directly binds to the promoter of GmPRR5a, a soybean homolog of the Arabidopsis clock-associated component PSEUDO-RESPONSE REGULATOR 5, and represses its transcription, thereby delaying soybean flowering and maturity. Taken together, our findings suggest that GmRVE4d is a negative regulator of soybean flowering and maturity that functions by directly repressing GmPRR5a expression and represents a promising molecular target for expanding cultivation latitudes through molecular breeding.",nature_html,0
CNIH4 regulates systemic metabolism and exercise adaptations in male mice primarily through the modulation of β-adrenergic receptor trafficking,https://www.nature.com/articles/s41467-026-77408-0,Biological sciences : Nature Communications subject feeds,2026-09-08 00:00:00 UTC,2026-09-08 00:00:00+00:00,,Yong Zhang,"Exercise improves glucose and lipid metabolism by remodeling skeletal muscle and adipose tissue, processes that depend on beta-adrenergic receptor signaling. How receptor trafficking and activation are coordinated across tissues remains unclear. Here we show that Cornichon homolog 4 controls beta-adrenergic receptor localization and activity in metabolic tissues. Cornichon homolog 4 expression increases in human and mouse skeletal muscle after resistance training. Loss of Cornichon homolog 4 in all tissues or skeletal muscle impairs beta2-adrenergic receptor trafficking and causes exercise-induced hyperglycemia and defective glucose use. Its loss also worsens diet-induced obesity. In adipose tissue, loss of Cornichon homolog 4 weakens beta3-adrenergic receptor signaling, thermogenesis and exercise-induced lipolysis. Pharmacological activation of beta2- or beta3-adrenergic receptors partially restores glucose or adipose defects. Mechanistically, Cornichon homolog 4 links adrenergic receptor signaling to extracellular matrix gene expression and Smad signaling. These findings identify Cornichon homolog 4 as a coordinator of metabolic adaptation.",nature_html,0
Deep learning recognises antibiotic modes of action from brightfield images,https://www.nature.com/articles/s41467-026-76355-0,Biological sciences : Nature Communications subject feeds,2026-09-08 00:00:00 UTC,2026-09-08 00:00:00+00:00,,Christophe Zimmer,"The antimicrobial resistance crisis urgently calls for antibiotics with novel modes of action (MoAs). While growth inhibition assays can identify antibiotic molecules, they miss promising compounds below inhibitory concentrations and cannot reveal their MoA. Imaging-based profiling of drug-treated bacteria can inform on MoA, but current approaches generally require fluorescent labelling and/or inhibitory concentrations and it remains unclear whether compounds with novel MoAs can be robustly detected. Here, we demonstrate a deep learning approach to recognise antibiotic MoAs from unlabelled images. We train a convolutional neural network to predict treatment conditions from brightfield images of Escherichia coli exposed to antibiotics covering eight MoAs. Our approach can detect drug exposure at subinhibitory concentrations and allows near-perfect MoA recognition, even when trained on only eight images per treatment condition. Previously unseen compounds are assigned to their correct MoA with good accuracy if the MoA is represented in the training data, and our method can robustly detect MoA novelty in five out of six considered MoAs, enabling microscopy-based identification of new antibiotic classes. We also achieve near-perfect MoA recognition in Klebsiella pneumoniae, suggesting applicability to other species. Our approach complements growth inhibition assays and is poised to improve the search for innovative antibiotic compounds.",nature_html,0
Geometry of braided DNA dictates supercoiling partitioning,https://www.nature.com/articles/s41467-026-77356-9,Biological sciences : Nature Communications subject feeds,2026-09-08 00:00:00 UTC,2026-09-08 00:00:00+00:00,,Michelle D. Wang,"DNA’s helical structure requires the replisome to rotate relative to the parental DNA during replication, generating supercoiling that partitions ahead and behind the fork. The influence of DNA substrate geometry on supercoiling partitioning and torsional resistance remains unclear. Here, we have engineered DNA-braiding substrates with end separations found during replication, measured braiding torques using an angular optical trap, and interpreted the results using Monte Carlo simulations. A substrate with small separations readily initiates braiding, suggesting that the fork would rotate during replication, partitioning supercoiling behind the replisome and reducing torsional resistance. In contrast, a substrate with a substantial separation at one end imposes a pronounced ‘torsional barrier’ that hinders braiding initiation, suggesting a lack of fork rotation during replication, so supercoiling would partition ahead of the replisome. Our findings reveal a physical mechanism in which DNA fork geometry could modulate replisome dynamics, manage topological stress, and regulate replication progression in vivo.",nature_html,0
Room-temperature correlated microwaves from magnons,https://www.nature.com/articles/s41928-026-01703-3,Nature Electronics,2026-09-08 00:00:00 UTC,2026-09-08 00:00:00+00:00,10.1038/s41928-026-01703-3,Xufeng Zhang,A tiny magnetic film placed atop a microwave circuit can be used to create a compact source of correlated microwave signals that operates at room temperature.,rss_nature,0
An all-electric on-chip nanoplasma pulse generator for picosecond field-free spin–orbit torque switching in magnetic heterostructures,https://www.nature.com/articles/s41928-026-01699-w,Nature Electronics,2026-09-08 00:00:00 UTC,2026-09-08 00:00:00+00:00,10.1038/s41928-026-01699-w,Hyunsoo Yang,A nanoplasma pulse generator that can produce current pulses with widths down to 6.4 ps and amplitudes exceeding 100 V can control field-free spin–orbit torque magnetization switching in magnetic heterostructures.,rss_nature,0
Interpretable machine learning enables de novo mapping of cell type-specific RNA splicing regulation from scRNA-seq data,https://www.nature.com/articles/s41467-026-77627-5,Biological sciences : Nature Communications subject feeds,2026-09-08 00:00:00 UTC,2026-09-08 00:00:00+00:00,,Xuerui Yang,"Context-dependent regulation of alternative splicing, largely mediated by RNA-binding proteins, is a key post-transcriptional mechanism shaping diverse biological processes. Experimental approaches for probing splicing regulation, such as crosslinking-immunoprecipitation assays and RNA-binding protein perturbations, suffer from low throughput, poor physiological relevance, and bulk resolution that overlooks cellular heterogeneity. Here, we present CASREL, a machine learning framework that reconstructs candidate regulatory circuitry between RNA-binding proteins and alternative splicing directly from single-cell RNA sequencing data without reliance on prior protein-RNA binding annotations. CASREL integrates ensemble learning with model interpretation based on Shapley additive explanations to infer associations between RNA-binding proteins and alternative splicing, leveraging distinctive features of single-cell splicing profiles, including polarized isoform usage, minimal averaging of regulatory programs, and resilience to expression noise. Applications across diverse tissues and cell types demonstrate its robustness, accuracy, and biological relevance, supporting CASREL as an effective method for de novo mapping of putative cell-specific RNA splicing regulation in physiological contexts.",nature_html,0
"Leveraging AI for the sustainable energy transition: a systematic review of techniques, applications, and future prospects",https://www.sciencedirect.com/science/article/pii/S0306261926014121?dgcid=rss_sd_all,ScienceDirect Publication: Applied Energy,2026-09-08 00:00:00 UTC,2026-09-08 00:00:00+00:00,10.1016/j.apenergy.2026.128756,Taehoon Hong,,,0
"Nuclear energy adoption pathways for SDG 7 in newcomer countries: Readiness barriers, technology options, and policy frameworks",https://www.sciencedirect.com/science/article/pii/S0306261926013577?dgcid=rss_sd_all,ScienceDirect Publication: Applied Energy,2026-09-08 00:00:00 UTC,2026-09-08 00:00:00+00:00,10.1016/j.apenergy.2026.128701,Tania Urmee,"The world’s shift toward low-carbon energy presents new challenges for non-nuclear countries. Due to the decommissioning of fossil-fuel power plants and the deployment of renewable energy sources, the need for reliable, low-carbon, and dispatchable energy production becomes more relevant. In this context, nuclear energy emerges as a potential complement to renewable electricity generation because of its capacity factor, low life cycle greenhouse gas emissions, and grid-stabilizing capacity. However, there is still a lack of studies that consider the integration of the technology, economics, and policy of nuclear adoption in light of Sustainable Development Goal (SDG) compliance while focusing on non-nuclear and nuclear-aspiring countries. To fill this gap, the current review provides an analysis of modern reactor development, global policies, economic realities, SDG compliance, and readiness barriers in different countries. The analysis assesses the extent to which Generation III/III + reactors, small modular reactors, and fusion technologies may address challenges related to safety, cost, and deployment flexibility. It then examines global trends in nuclear adoption, tools used in nuclear policies, financing issues, and existing cases in nuclear countries and newcomer countries. Moreover, the paper proposes a multi-dimensional model of readiness for nuclear energy adoption based on the analysis. The reviewed evidence indicates that nuclear energy can positively impact SDG 7 and other SDGs, but this requires a comprehensive nuclear energy governance system with regulations on safety, waste management, funding, workforce, grid capacity, and public acceptance. Thus, nuclear energy adoption should not be assessed solely in terms of technological capability; it also requires a comprehensive readiness framework for non-nuclear countries.",openalex,0
Regulation-aware combinatorial optimization of energy community formation under geographic proximity constraints,https://www.sciencedirect.com/science/article/pii/S0306261926014327?dgcid=rss_sd_all,ScienceDirect Publication: Applied Energy,2026-09-08 00:00:00 UTC,2026-09-08 00:00:00+00:00,10.1016/j.apenergy.2026.128776,Seifeddine Ben Elghali,"Renewable Energy Communities (RECs) enable collective self-consumption by allowing geographically proximate households to share locally generated renewable energy. While most existing studies optimize the operation of a pre-defined community, the prior problem of how to partition a set of households into multiple regulation-compliant communities remains underexplored. This paper formalizes REC formation as a pre-operational combinatorial design problem: households are partitioned under a strict diameter-based proximity constraint derived from European national regulatory rules. Within this feasible space, we minimize the quadratic imbalance of yearly community energy balances, a structural proxy for self-consumption potential equivalent to variance minimization over community balances, and prove it tightens the theoretical upper bound of annual aggregate self-consumption. The problem is shown to be NP-hard via reduction from 3- Partition . A hybrid particle swarm optimization (PSO) framework with strict feasibility repair and local memetic refinement is proposed. Experiments on residential data from two urban zones of Murcia, Spain ( 𝑁 = 2 0 0 , 𝑁 = 1 5 1 households; 130 profiles from the FlexCHESS European project) under the Spanish regulatory distance cap of 2 km (Real Decreto-ley 29/2021) demonstrate 86–93% reduction in quadratic imbalance over random and geographic baselines, and 7–9% over greedy local search (Wilcoxon 𝑝 < 0 . 0 0 4 , 10 independent runs). Hourly validation on independently generated PVGIS-calibrated profiles (annual balances derived a posteriori , eliminating reconstruction circularity) reveals a strong negative correlation between annual imbalance and hourly self-consumption ( 𝜌 = − 0 . 4 2 , 𝑝 < 1 0 − 5 , 𝜌 2 ≈ 0 . 1 8 ), supporting the annual proxy as a useful pre-operational structural criterion. Ablation studies confirm robustness to PSO hyperparameters, and climate sensitivity analysis shows PSO dominance across irradiance levels from 1000 to 1900 kWh/kWp. Beyond solution quality, the proposed framework is intended as a pre-operational planning and screening tool that can assist municipalities, community organizers, and Distribution System Operators in identifying promising community configurations before undertaking detailed network-constrained or operational studies.",openalex,0
"Thermal runaway in lithium-ion batteries: a critical review of mechanisms, models, early warning systems, and safety strategies",https://www.sciencedirect.com/science/article/pii/S0306261926013620?dgcid=rss_sd_all,ScienceDirect Publication: Applied Energy,2026-09-08 00:00:00 UTC,2026-09-08 00:00:00+00:00,10.1016/j.apenergy.2026.128706,Qi Huang,,,0
Friction-Based Interconnection of Stretchable Liquid Metal-Based Coil with Rigid Capacitors for Mechanically Durable Wireless Powering Textiles,https://pubs.acs.org/aamick/article/doi/10.1021/acsami.6c06181/5426574/Friction-Based-Interconnection-of-Stretchable,ACS Applied Materials & Interfaces: Latest Articles (ACS Publications),2026-09-08 00:00:00 UTC,2026-09-08 00:00:00+00:00,10.1021/acsami.6c06181,Wataru Iwasaki,"Abstract Textile-integrated meander coils offer a promising platform for body-scale wireless powering of wearable devices. Liquid metal (LM)-filled stretchable tubes are ideal wiring for these coils given their high stretchability and conductivity. Efficient wireless power transfer requires integrating rigid capacitors into this stretchable wiring. However, conventional rigid–soft interconnections using adhesion-based chemical fixation remain mechanically fragile due to poor adhesion in stretchable materials. To address this, we propose capsule-assisted, friction-based mechanical fixation. Rigid capsule-covered capacitors are inserted into LM-filled tubes and secured via friction. These capsules increase contact area and pressure for robust mechanical fixation during stretching while covering capacitor edges to minimize stress concentration during bending. By experimentally optimizing capsule dimensions, our friction-based interconnection withstood stretching and bending forces of 30.3 ± 0.9 and 25.6 ± 2.0 N, respectively, outperforming conventional adhesive joints by 2.7 and 3.4 times. Applied to a body-scale meander coil as a proof of concept, this interconnection maintained wireless power for multiple light-emitting diode (LED) and sensor devices. The coil demonstrated stable electrical performance, yielding impedance changes of &lt;1.7% after 100 bending cycles and &lt;3.1% after 100 washing cycles. This method enables washable, durable wireless powering textiles to support battery- and wiring-free wearable sensors in everyday clothing.",crossref,0
Rational Design of a Smart Phototheranostic Nanoagent Based on a NIR-II-Conjugated Polymer for Highly Tumor-Specific Multimodal Imaging-Guided Synergistic Therapy,https://pubs.acs.org/aamick/article/doi/10.1021/acsami.6c15282/5426526/Rational-Design-of-a-Smart-Phototheranostic,ACS Applied Materials & Interfaces: Latest Articles (ACS Publications),2026-09-08 00:00:00 UTC,2026-09-08 00:00:00+00:00,10.1021/acsami.6c15282,Wei Huang,"Abstract Exploration of precise cancer therapy promotes the development of tumor microenvironment (TME)-responsive imaging-guided phototheranostic nanoagents. Currently, near-infrared-II (NIR-II, 1000−1700 nm) phototheranostic nanoagents are highly desired for deep and high-fidelity imaging. Besides, nontumor-specific imaging and some inherent physiological conditions in TME have severely hindered the enhancement of therapeutic efficacy. Herein, two amphiphilic conjugated polymers (CPs), P1 and P2, were designed with the backbone containing electron-deficient diketopyrrolopyrrole (DPP) as the acceptor (A) and doped electron-rich fluorene as the donor (D). As the doping ratio of fluorene was tuned from 0 to 0.2, P2 was obtained as an “always-on” probe with excellent NIR-II photoacoustic/fluorescence imaging (PAI/FLI) capability as well as photodynamic/photothermal therapy (PDT/PTT) efficacy. Then, a smart phototheranostic nanoagent P2@MnO2@HA-SS-BFVPBT (PMH) based on the combination of “always-on” and “turn-on” probes was rationally designed for dual-FL/PA imaging-guided synergistic PDT/PTT/chemodynamic therapy (CDT). In PMH, the fluorescence of BFVPBT, a conjugated oligomer linked to the side chains of hyaluronic acid (HA) by cystamine containing disulfide (−SS−) bonds, was quenched by MnO2 via an inner filter effect. After the tumor-targeting delivery of PMH via HA, the degradation of HA-SS-BFVPBT and MnO2 was triggered by overexpressed hyaluronidase (HAase), glutathione (GSH), and H2O2 in TME, leading to the “turn-on” BFVPBT fluorescence and the generation of in situ O2 and Mn2+ along with the consumption of GSH, and thereby synergistically enhancing the efficacy of PDT and Fenton-like reaction-mediated CDT by modulating TME. Moreover, the “always-on” NIR-II photoacoustic/fluorescence intensity and the “turn-on” fluorescence intensity at the tumor site can reach up to about seven times the background intensity, achieving effective dynamic monitoring of the nanoagent distribution in vivo. Thus, this smart nanoagent simultaneously combined active tumor targeting and TME response for highly tumor-specific multimodal imaging-guided synergistic PDT/PTT/CDT, providing a simple and universal strategy for enhancing the precision and efficiency of phototheranostics.",crossref,0
Engineered Mitochondria-Targeted Biomimetic Hybrid Nanovesicles Ameliorate Rheumatoid Arthritis via Regulating Macrophage Autophagy and cGAS-STING Signaling,https://pubs.acs.org/aamick/article/doi/10.1021/acsami.6c13918/5426523/Engineered-Mitochondria-Targeted-Biomimetic-Hybrid,ACS Applied Materials & Interfaces: Latest Articles (ACS Publications),2026-09-08 00:00:00 UTC,2026-09-08 00:00:00+00:00,10.1021/acsami.6c13918,Xiaohua Wang,"Abstract Despite decades of intensive investigation, rheumatoid arthritis (RA) remains a therapeutic challenge, primarily attributed to its intricate pathological microenvironment and poorly elucidated etiology. However, mitochondrial dysfunction and abnormal activation of the cGAS-STING signaling pathway play a key role in RA. Herein, we report mitochondria targeted biomimetic nanovesicles (SS31-CB@MM-FNVs/CLT) for the targeted therapy of RA. SS31-CB@MM-FNVs/CLT is constructed by macrophage membrane fusion nanovesicles, which are encapsulated with celastrol (CLT) and functionalized with the chitosan-bilirubin (CS-BR) conjugate and SS-31 peptide. SS31-CB@MM-FNVs/CLT bypasses immune surveillance and prolongs circulatory persistence through macrophage membrane fusion, targets macrophage mitochondria by CS and SS-31 peptide decoration, and scavenges reactive oxygen species (ROS), activates autophagy, and repolarizes macrophages from the M1 to M2 subtypes through the synergistic effects of bilirubin, celastrol, and the nanoplatform. In general, SS31-CB@MM-FNVs/CLT exhibits therapeutic efficacy in vitro and in vivo by scavenging ROS, inhibiting the STING pathway, and enhancing autophagy, thereby regulating macrophage polarization. Taken together, this biomimetic nanoplatform provides a promising basis for safer and more potent therapeutic interventions.",crossref,0
Decoupling mechanical and morphometric properties in meta-biomaterials,https://www.nature.com/articles/s41467-026-77121-y,Physical sciences : Nature Communications subject feeds,2026-09-08 00:00:00 UTC,2026-09-08 00:00:00+00:00,,Mohammad J. Mirzaali,"A significant challenge in developing meta-biomaterials is the effective decoupling of their intrinsically intertwined mechanical properties (e.g., elastic and shear moduli, Poisson’s ratio, and anisotropy level), morphometric properties (e.g., relative mass density, pore size, and surface-to-volume ratio), and mass-transport properties (e.g., permeability). To address this challenge, we introduce a general framework for decoupling mechanical and morphometric properties in non-stochastic, three-dimensional meta-biomaterials. We first derived explicit geometrical relationships to determine the upper and lower bounds of the input geometrical parameters while ensuring relevance to in vitro biological conditions. Using a high-throughput numerical homogenization method (44,837 simulations) combined with systematic multi-objective optimization, we successfully decoupled Poisson’s ratio and relative mass density from all other properties, with average deviations below ~14%. The optimized meta-biomaterials were additively manufactured at the macro- and microscales using PolyJet 3D printing and two-photon polymerization, respectively, and experimentally validated in terms of effective elastic modulus, Poisson’s ratio, and permeability. The established decoupling framework provides a promising route for advancing tissue engineering and cell mechanobiology studies by enabling independent investigation of the effects of individual scaffold properties on cell behavior.",nature_html,0
Additive Manufacturing of Redox-Active Covalent Organic Frameworks for High-Areal-Capacity Lithium-Sulfur Batteries,https://pubs.acs.org/aamick/article/doi/10.1021/acsami.6c09920/5425994/Additive-Manufacturing-of-Redox-Active-Covalent,ACS Applied Materials & Interfaces: Latest Articles (ACS Publications),2026-09-08 00:00:00 UTC,2026-09-08 00:00:00+00:00,10.1021/acsami.6c09920,Hani M. El-Kaderi,"Abstract Covalent organic frameworks (COFs) have emerged as promising sulfur hosts for lithium-sulfur batteries; however, most studies rely on conventional two-dimensional cast cathodes, which restrict practical sulfur loading levels and areal capacity. Here, we report a 3D direct ink writing (DIW) strategy for fabricating metal-free, redox-active COF-based cathodes that enable electrodes with practical sulfur loadings essential for achieving high areal capacity. This study addresses the long-standing processing challenges associated with COF-based DIW to fabricate sulfur cathodes by carefully optimizing the ink rheology, printing parameters, and postprocessing conditions. A porous anthraquinone COF (DAAQ-TFP), synthesized via a scalable terracotta method, was used as the sulfur host and further formulated as a printable ink with shear-thinning behavior suitable for DIW. The free-standing 3D-printed cathodes delivered high sulfur loadings (up to 10 mg cm–2) and areal capacities (up to 11.1 mAh cm–2) at 0.05 C. Furthermore, battery cycling studies of a 5.1 mg cm–2 sulfur-loaded cathode-based coin cell demonstrated good cycling stability over 300 cycles with &gt;95% Coulombic efficiency. These results support advancement in battery technology by offering promising solutions to improve active-site accessibility and enhance performance and reliability in metal-sulfur batteries under higher loading conditions.",crossref,0
Observation of the amplified transverse thermoelectric signals by reduced-dimensionality transport anisotropy,https://www.nature.com/articles/s41467-026-77569-y,Physical sciences : Nature Communications subject feeds,2026-09-08 00:00:00 UTC,2026-09-08 00:00:00+00:00,,Claudia Felser,"Transverse thermoelectric devices offer simplified geometries with flexible designs for next-generation cryogenic technologies. However, mechanisms on geometrical amplification of transverse thermoelectric effects remain elusive. Here we establish a general framework linking reduced dimensionality with its geometrical anisotropy to enhanced transverse thermoelectric responses. Taking quasi-one-dimensional Li0.9Mo6O17 as a model platform, we combine theoretical modeling with systematic experiments to reveal extraordinarily large Nernst and Ettingshausen signals, reaching 11,430 μV/K (25 K, 9 T) and 0.0063 K · m/A (43.1 K, 9 T), respectively, together with a high power factor of 814 μW cm−1 K−2 at 25 K and 9 T. Dimensional reduction amplifies the Seebeck-driven electric field and enhances the reduced mobility through anisotropic Fermi surface geometry. These effects yield the transverse thermoelectric response far exceeding those of higher-dimensional systems with even ultrahigh carrier mobilities. Our findings highlight enhanced geometrical anisotropy as a powerful principle of design for engineering high-performance transverse thermoelectric systems.",nature_html,0
Generation of GPC-3-targeted radicals for precise therapy of hepatocellular carcinoma,https://www.nature.com/articles/s41467-026-77544-7,Biological sciences : Nature Communications subject feeds,2026-09-08 00:00:00 UTC,2026-09-08 00:00:00+00:00,,Dalong Ni,"Exogenous free radicals oxidize and damage tumor proteins, but their non-specific reactivity also causes unintended harm to tumor-suppressive proteins, which compromises the therapeutic efficacy. Here we show a nanosystem that generates in-situ radical-conjugated species with predefined targeting capability toward oncogenic protein. This nanosystem consists of lipid nanoparticles encapsulating polyphenolic tannic acid and hydrophobic calcium peroxide nanoparticles in spatially segregated compartments. Upon cellular uptake, the components are released into the cellular membrane through membrane fusion. Consequently, calcium peroxide nanoparticles act as oxidizing agents, radicalizing tannic acid, which generates gallic acid species conjugated with phenoxyl radicals. Since gallic acid confers specific binding affinity for the oncogenic GPC-3 protein in hepatocellular carcinoma, the radical-conjugated species integrate dual functionalities: a targeting module that binds to the oncogenic GPC-3 protein, and a stabilized phenoxyl radical inducing site-specific oxidative damage. These species direct to GPC-3 and induce localized disruption of critical peptide segments and lipid domains, triggering protein cleavage and membrane shedding, which suppresses downstream signaling including the canonical Wnt/β-catenin pathway and finally inhibits hepatocellular carcinoma progression. By enabling site-specific radical delivery, this strategy achieves precise inactivation of predefined oncogenic targets and establishes a framework for molecularly free-radical-mediated antitumor therapy.",nature_html,0
Active inference and artificial reasoning,https://www.nature.com/articles/s41467-026-77209-5,Biological sciences : Nature Communications subject feeds,2026-09-08 00:00:00 UTC,2026-09-08 00:00:00+00:00,,Thomas Parr,"This paper considers the sampling of outcomes that provide the greatest amount of information about the structure of underlying world models. This generalisation furnishes a principled approach to structure learning, and specifically rule discovery, under a plausible set of generative models or hypotheses. In active inference, policies—i.e., combinations of actions—are selected based on their expected free energy, which comprises expected information gain and value. Information gain corresponds to the Kullback-Leibler divergence between predictive posteriors with, and without, the consequences of action. Posteriors over models can be evaluated quickly and efficiently using Bayesian Model Reduction, based upon accumulated posterior beliefs about model parameters. The ensuing information gain can then be used to select actions that disambiguate among alternative models, in the spirit of optimal experimental design. We illustrate this kind of active selection or reasoning using partially observed discrete models; namely, a three-ball paradigm used previously to describe artificial insight and aha moments via (synthetic) introspection or sleep. We focus on the sample efficiency afforded by seeking outcomes that resolve the greatest uncertainty about the world model, under which outcomes are generated.",nature_html,0
Precision inflammation targeting via myeloperoxidase mediated antioxidant melanin nanomedicines for chronic inflammation therapy,https://www.nature.com/articles/s41467-026-77133-8,Physical sciences : Nature Communications subject feeds,2026-09-08 00:00:00 UTC,2026-09-08 00:00:00+00:00,,Kelong Ai,"Chronic inflammation represents a great threat to human health, yet the lack of site-specific therapies often leads to suboptimal efficacy and serious side effects. Here we report an inflammatory targeting strategy leveraging myeloperoxidase (MPO), a well-established pathological marker elevated in inflamed tissues, mediated accumulation of melanin nanomedicines (MNMs) in inflammatory tissues. We demonstrate that MPO mediates the precise targeting of MNMs to inflammatory tissues. MNMs treatment significantly improved survival rate of hepatopulmonary syndrome (HPS) rat model compared with the standard antioxidant N-acetylcysteine (NAC) and the Tumor Necrosis Factor-α (TNF-α) monoclonal antibody Infliximab. Meanwhile, this strategy also demonstrated robust therapeutic efficacy in the mouse model of chronic inflammatory bowel disease (IBD), highlighting its broad potential for managing chronic inflammatory conditions. The MNM platform is amenable to the loading of additional therapeutic agents for synergistic effects. Our work establishes an MPO-mediated nanomedicine targeting strategy that may serve as a blueprint for developing next-generation precision anti-inflammatory therapies.",nature_html,0
Stereosequence- and topology-controlled synthesis of cyclic polyesters,https://www.nature.com/articles/s41467-026-77071-5,Physical sciences : Nature Communications subject feeds,2026-09-08 00:00:00 UTC,2026-09-08 00:00:00+00:00,,Rong Tong,"Stereoselective control in cyclic polyester synthesis, particularly stereosequence-defined cyclic copolyesters, has not yet been achieved in a single catalytic platform. Achieving this combination is challenging because stereocontrol requires precise chain-end discrimination, whereas ring-expansion growth that generates cyclic topology can be readily perturbed in monomer mixtures. Herein, we report lanthanum catalysts for isoselective ring-expansion polymerization of amino acid–derived O-carboxyanhydrides, affording high-molecular-weight (>100 kDa) cyclic stereoblock poly(α-hydroxy acids) with diverse pendant functional groups, narrow molecular-weight distributions (Ɖ Pm > 0.9, where Pm is the probability of meso linkage). Copolymerization of comonomers with opposite chiralities further enables one-pot scalable synthesis of high-molecular-weight (>90 kDa) cyclic gradient copolyesters (Ɖ ~ 1.1). The cyclic gradient copolymers exhibit simultaneously enhanced fracture strength and toughness relative to cyclic and linear block analogs, while maintaining oxygen barrier performance comparable to poly(lactic acid). These findings establish simultaneous stereosequence and topology control as a powerful strategy for accessing superior material properties, moving beyond conventional approaches that rely on changing monomer identity.",nature_html,0
"Ultra-thin γ-In2Se3 buffer layer for efficient and all-dry Cd-free Cu(In,Ga)Se2 solar cells",https://www.nature.com/articles/s41467-026-77647-1,Physical sciences : Nature Communications subject feeds,2026-09-08 00:00:00 UTC,2026-09-08 00:00:00+00:00,,Xudong Xiao,"The search for a high-efficiency, low-cost, and sustainable cadmium (Cd)-free buffer has long challenged the commercialization of Cu(In,Ga)Se2 (CIGSe) photovoltaics. Here, we report an all‑dry, scalable vacuum deposition strategy of an ultrathin γ-In2Se3 buffer layer using only absorber‑native elements, enabling high-performance Cd-free CIGSe solar cells. Fully compatible with vacuum manufacturing and requires no additional equipment. Owing to its strong thickness-dependent electronic and optical properties, an unconventionally thin ( ~ 10 nm) γ-In2Se3 layer exhibits a widened bandgap ( ~ 3.10 eV), avoiding the parasitic absorption and poor conductivity associated with thicker films. By optimizing growth conditions, thickness, and post-treatments, certified conversion efficiency exceeding 20% and good thermal stability (98.7% retention after 1032 h at 90 °C) are achieved. Techno-economic analysis suggests that compatibility with existing vacuum manufacturing processes could reduce the levelized cost of electricity by ~10%.",nature_html,0
Two-dimensional digital-analog multimode circuits based on asymmetric vertical double-gate WSe2 transistors,https://www.nature.com/articles/s41467-026-77592-z,Physical sciences : Nature Communications subject feeds,2026-09-08 00:00:00 UTC,2026-09-08 00:00:00+00:00,,Yue Zhang,"Digital–analog multimode operation constitutes a critical enabling technology for next-generation integrated circuits, delivering the performance and multifunctionality necessary to fulfill dynamic system requirements. However, implementing such operation in a single circuit faces a substantial challenge, owing to the fundamentally distinct requirements on carrier transport behavior of transistors. Here, we report an asymmetric vertical double-gate (AVDG) device architecture designed to achieve digital-analog multimode operation. Specifically, the AVDG transistor combines an asymmetric source-drain configuration with dual air-gaps for barrier broadening and metal shielding, allowing the drain–source bias to serve as an additional control terminal. This design enables coordinated modulation of the channel carrier polarity and source–drain injection barriers, allowing the device to be programmed into multiple carrier-transport states. These diverse field-effect characteristics enable the realization of reconfigurable multifunctional logic and analog operations with the combined programming of dual-gate voltages and drain–source bias. With a same circuit unit composed of two AVDG transistors, we demonstrate seven digital logic functions and six analog signal-processing functions. These functions exhibit a good rail to rail logic operation, which suggests that the units could be cascaded to create complex circuits.",nature_html,0
Ferroelectrically programmable lanthanide luminescent memristor,https://www.nature.com/articles/s41467-026-77397-0,Physical sciences : Nature Communications subject feeds,2026-09-08 00:00:00 UTC,2026-09-08 00:00:00+00:00,,Yang Zhang,"Spatial-light computing requires rewritable, multilevel and persistent optical weights, but many implementations rely on volatile modulators or static power. Here we report a CMOS-imaged luminescent memristor array in which ferroelectric domain switching in Er/Yb-doped PMN-PT single crystals programs non-volatile photoluminescence (PL) states. Domain reconfiguration tunes the local crystal-field symmetry of lanthanide emitters, enabling 16 analogue levels, retention over 27 h, endurance beyond 105 cycles and microsecond-scale state programming with zero electrical standby power for state retention. An 8 × 8 array, addressed by a diffractive optical element and read by a proximal CMOS sensor, converts stored emissive states into a single-frame intensity map and achieves 94.02% pixel-wise state recognition using calibration-aware decoding. The array implements single-step optical linear weighting, while the same decoded weights support hybrid optical-electrical handwritten-digit inference approaching a 32-bit floating-point software baseline. These results establish a non-volatile, image-addressable emissive weight element for photonic computing.",nature_html,0
Symmetry-cooperative optical-field engineering for ultrabroadband bulk photovoltaic photodetection,https://www.nature.com/articles/s41467-026-77486-0,Physical sciences : Nature Communications subject feeds,2026-09-08 00:00:00 UTC,2026-09-08 00:00:00+00:00,,Guanhai Li,"The bulk photovoltaic effect (BPVE) enables light-to-electricity conversion without external bias, but its practical reach is constrained by the rapid collapse of photoresponse at low photon energies. Here we show that this limitation can be overcome through cross-scale symmetry cooperation between chiral tellurium nanowires and an asymmetric plasmonic microstructure. The nanowire supplies a crystal-allowed photovoltaic current channel, while the microstructure redistributes optical excitation into a spatially asymmetric near field aligned with that channel, amplifying the measurable zero-bias response without altering the intrinsic material mechanism. The resulting devices operate at room temperature across an ultrabroad spectral range, from the visible to 0.22 THz, and retain a clear terahertz response far below the interband regime. Near-field imaging, polarization-resolved measurements, electromagnetic simulations and symmetric controls consistently support the mechanism. These results establish device-scale optical-field symmetry as a powerful design degree of freedom for extending bulk photovoltaic photodetection into low-energy spectral regimes.",nature_html,0
A freestanding submicron electrocorticography electrode array,https://www.nature.com/articles/s41467-026-77707-6,Biological sciences : Nature Communications subject feeds,2026-09-08 00:00:00 UTC,2026-09-08 00:00:00+00:00,,Junshan Liu,"Electrocorticography electrode arrays (EEAs) are key brain-computer interfaces. To be freestanding, which lays the foundation of fabrication and implantation, EEAs need to maintain sufficient rigidity. However, to form seamless and damage-free contact on the cerebral cortex, EEAs should be super-flexible, raising a seemingly unsolvable dilemma. Here, inspired by dragonfly wings, we present a freestanding submicron EEA (fs-EEA) that combines rigidity and flexibility, which are typically mutually exclusive characteristics. A wing vein-like frame is introduced to enable the freestanding capability, while the wing membrane-like functional region of fs-EEA is reduced to 850-nm-thickness that boosts its softness. This fs-EEA ensures excellent cortical conformality and biocompatibility on male epileptic rat models, improves electrocorticographic amplitude and signal-to-noise ratio. Our vein-membrane hybrid structure strategy thus resolves the inherent contradiction of EEAs, and has the potential to support advances in brain science and related fields.",nature_html,0
Near-quantitative yield of atomically precise gold nanoclusters by decoupling precursor-to-intermediate reduction from nucleation,https://www.nature.com/articles/s41467-026-77497-x,Physical sciences : Nature Communications subject feeds,2026-09-08 00:00:00 UTC,2026-09-08 00:00:00+00:00,,Sanyang Han,"Water-soluble metal nanoclusters comprising a few to hundreds of metal atoms hold great promise for bioimaging, catalysis, and beyond. However, their practical use remains hindered by low synthetic yields and insufficient product purity. This limitation stems primarily from the concurrent generation and nucleation of highly reactive intermediates during conventional chemical reduction, a process that unavoidably leads to the formation of structurally ill-defined byproducts. Here we show that an intermediate-decoupled strategy separates intermediate generation from nucleation via a sequential two-stage reduction. Specifically, Au(III) precursors are first converted into Au(I)–thiolate intermediates using a mild reductant, followed by rapid nucleation triggered by a strong reductant. This stepwise reduction suppresses competing pathways, drives near-complete precursor-to-intermediate conversion, and affords atomically precise nanoclusters in yields approaching 100% and purities exceeding 90% without further purification. The method is demonstrated at a reaction volume of 2000 mL and is applicable to nanoclusters of different sizes and thiolate ligands. Our work provides mechanistic insight into the controlled growth of nanoclusters and establishes a synthesis strategy for improving product yield and purity and for scaling up metal nanocluster synthesis.",nature_html,0
Periodic polar vortices in BaTiO3/SrTiO3 superlattices monolithically grown on silicon,https://www.nature.com/articles/s41467-026-77270-0,Physical sciences : Nature Communications subject feeds,2026-09-08 00:00:00 UTC,2026-09-08 00:00:00+00:00,,Catherine Dubourdieu,"Polar textures in ferroelectric superlattices have been so far reported almost exclusively in PbTiO3-based systems and predominantly on oxide substrates. Owing to their nanometer-scale dimensions and emergent functionalities, whirling topological polar textures would be especially compelling when realized on silicon with Complementary-Metal-Oxide-Semiconductor-compatible materials. Here, we demonstrate the stabilization of vortex tubes in BaTiO3/SrTiO3 superlattices epitaxially grown on silicon. The vortices in each BaTiO3 layer order along the 110"" role=""presentation"">110110> BaTiO3 crystallographic directions, forming an in-plane 90-degree stripe pattern. This polar configuration represents the ground state of the system as shown by phase field modelling and further validated by temperature dependent X-ray diffraction. Phase field modelling shows a strong dependence of the domain morphology on the strain and highlights the elastic and electrostatic coupling of the BaTiO3 and SrTiO3 layers. Our findings expand the materials and substrate platforms known to host polar topological textures, opening new opportunities for integrating complex ferroelectric states with silicon-based technologies.",nature_html,0
Acoustic topological Jackiw–Rebbi states at symmetry broken interfaces,https://www.nature.com/articles/s41467-026-77579-w,Physical sciences : Nature Communications subject feeds,2026-09-08 00:00:00 UTC,2026-09-08 00:00:00+00:00,,Jian-Chun Cheng,"Topological insulators, a fundamental concept in modern condensed matter physics, support localized states at the interfaces between insulators exhibiting different topological phases, which conventionally rely on explicit symmetry breaking. Here, we propose a mechanism to induce a real-space topological phase transition by spontaneous symmetry breaking, thereby establishing a weakly-coupled non-Hermitian double-well potential to generate a nontrivial Jackiw-Rebbi state. This state arises from intrinsic perturbations that trigger exceptional points at the interface, exhibiting unique robustness ensured by band degeneracy in complex band structure. By constructing an acoustic topological metagrating, we observe the Jackiw-Rebbi state with a constant phase jump that propagates along the metagrating surface, distinct from conventional localized topological modes, and experimentally demonstrate high-directivity topological radiation with an intensity enhancement of 20 dB and a divergence angle of 0.1 rad. Our findings open avenues for delocalized wavefront manipulation via the interplay between topology and symmetry, paving the way for engineering new acoustic topological devices for applications in filtering, sensing, and energy harvesting.",nature_html,0
Interface-induced tensile strain stabilizes ruthenium oxide for high-performance acidic water oxidation,https://www.nature.com/articles/s41467-026-77521-0,Physical sciences : Nature Communications subject feeds,2026-09-08 00:00:00 UTC,2026-09-08 00:00:00+00:00,,Meng Ni,"Developing ruthenium-based catalysts that combine high activity with long-term stability in acid is important for reducing reliance on iridium in proton-exchange membrane water electrolyzer. Here we show that coupling carbon dots with ruthenium oxide creates a strongly connected interface that anchors ruthenium sites and improves charge transport. The optimized two-dimensional ruthenium oxide-carbon catalyst, with the low Ru loading (25.8 μgRu cm−2), achieves a low overpotential of 140 mV at 10 mA cm−2 and operates stably for > 1900 hours. In a proton-exchange membrane device, it delivers 3 A cm−2 at 1.833 V, and remains stable for more than 800 hours at 1.43 V. In-situ characterizations, transient photoinduced voltage and theoretical calculations reveal that interfacial coupling and tensile strain suppress overoxidation and reduce the Gibbs free-energy barrier of the oxygen evolution reaction. This work establishes carbon dots-enabled interfacial strain engineering as a promising approach for low-ruthenium, efficient, and durable water electrolyzers across a wide power range.",nature_html,0
Temperature-insensitive nanomechanical resonators in CMOS oxides,https://www.nature.com/articles/s41467-026-77388-1,Physical sciences : Nature Communications subject feeds,2026-09-08 00:00:00 UTC,2026-09-08 00:00:00+00:00,,Roozbeh Tabrizian,"For nearly a century, quartz has been the material of choice for stable clock generation due to its uniquely temperature-insensitive stiffness, enabling frequency variations of only a few parts per million across wide temperature ranges. However, quartz cannot be monolithically integrated with silicon, and sub-part-per-million or parts-per-billion-class quartz modules require discrete packaging together with temperature sensing and compensation circuitry, or oven-controlled crystal oscillator implementations, adding package volume, assembly complexity, and power overhead. These limitations restrict scalability for distributed energy-efficient clocks in computing, wireless communication, and navigation under Global Positioning System-denied conditions. Here, we introduce a complementary-metal-oxide-semiconductor-compatible resonator platform that achieves a temperature-insensitive mechanical response by combining hafnium–zirconium oxide, which exhibits phase-transformation–induced anomalous elasticity, with silicon dioxide. This combination enables simultaneous compensation of the first- and second-order temperature coefficients of frequency, together with electric-field-controlled stiffness tuning for frequency stabilization and parametric effective quality factor amplification. The resulting resonators exhibit approximately 9 parts per million under passive compensation and 7 parts per billion under active compensation over a 120 °C range (−40 °C to 80 °C), offering a pathway toward monolithically integrated, thermally robust frequency references.",nature_html,0
On-chip 3D printing of metal microinductors for radio frequency electronics,https://www.nature.com/articles/s41467-026-77493-1,Physical sciences : Nature Communications subject feeds,2026-09-08 00:00:00 UTC,2026-09-08 00:00:00+00:00,,Giuseppe Barillaro,"On-chip inductors are essential components of radio-frequency integrated circuits, yet their large footprint and limited scalability constrain chip miniaturization and increase manufacturing costs. Here we show a method for integrating three-dimensional metal microinductors directly onto chip contact pads using high-precision electrodeposition. The resulting freestanding coils extend above the chip surface, decoupling their inductance from the planar silicon area they occupy. We fabricate copper microsolenoids with different geometries directly on test chips and characterize their electrical performance over a broad frequency range. The microsolenoids exhibit inductance in the nanohenry range, quality factors of up to 18, and retain inductive behaviour up to 15 GHz, in agreement with electromagnetic simulations. The process is maskless and can be applied after standard chip fabrication without modifying the underlying circuit design, providing a route towards smaller, more scalable, and potentially lower-cost radio-frequency integrated circuits.",nature_html,0
900°C thermal-force coupling carbonization tailoring hard carbon microstructures enables high performance sodium-ion pouch batteries,https://www.nature.com/articles/s41467-026-77440-0,Physical sciences : Nature Communications subject feeds,2026-09-08 00:00:00 UTC,2026-09-08 00:00:00+00:00,,Chunnian He,"Hard carbon materials are promising candidates for advancing large-scale energy storage in sodium-ion batteries. However, a fundamental trade-off often exists between sodium storage sites and fast diffusion kinetics in hard carbon. Herein, we overturn this long-standing constraint through a machine learning design paradigm and low-temperature thermal-force coupling carbonization that enables the microstructure in hard carbon of both abundant sodium storage sites and rapid Na+ diffusion. Benefiting from this low-temperature construction, the sodium-ion pouch cell exhibits a high specific energy (based on the entire cell) of 208.1 Wh kg−1 at 1.5-4.3 V. Besides, the required carbonization temperature reduces from 1300 °C to 900 °C, leading to an energy consumption reduction of 49.7% and a carbon emission reduction of 47.5%. This work not only provides a double-field regulation strategy to prepare high-performance hard carbon under low temperature, but also contributes a viable pathway toward sustainable sodium-ion batteries.",nature_html,0
Switchable whiteness in liquid crystal networks via solvent-induced microphase segregation,https://www.nature.com/articles/s41467-026-77442-y,Physical sciences : Nature Communications subject feeds,2026-09-08 00:00:00 UTC,2026-09-08 00:00:00+00:00,,Arri Priimagi,"Dynamic control over optical whiteness is promising for applications ranging from energy-efficient coatings to adaptive displays. However, current approaches rely on macroscopic structural transformations or externally imposed refractive-index contrasts, offering limited tunability and scalability. Here, we introduce a liquid crystal network (LCN) that undergoes reversible whitening through solvent-triggered disruption of supramolecular interactions. Exposure to polar protic solvents breaks hydrogen bonds and drives nanoscale phase segregation, generating domains that efficiently scatter visible light. This whitening mechanism enables rapid, robust, and fatigue-resistant switching, with scattering efficiencies exceeding 90% in 100 μm LCN films. By tailoring the molecular design, incorporating halogen-bonding dopants, and post-treatment with acid or base, the optical contrast and switching kinetics can be tuned. We demonstrate potential applications in biometric pattern recognition, underwater visibility enhancement, and solvent discrimination, establishing a materials platform towards dynamic scattering materials.",nature_html,0
"Directionally Aligned, Defect-Suppressed Non-oxidatively Exfoliated Graphene Flakes for High EMI Shielding Performance",https://pubs.acs.org/aamick/article/doi/10.1021/acsami.6c11262/5425056/Directionally-Aligned-Defect-Suppressed-Non,ACS Applied Materials & Interfaces: Latest Articles (ACS Publications),2026-09-08 00:00:00 UTC,2026-09-08 00:00:00+00:00,10.1021/acsami.6c11262,Yun-Seok Jun,"Abstract In this study, we report the development of high-performance electromagnetic interference (EMI) shielding composites incorporating directionally aligned non-oxidatively exfoliated graphene flakes (NOGF) within a polydimethylsiloxane (PDMS) matrix. The NOGF was synthesized via exfoliation of graphite intercalation compounds without oxidative treatment, thereby preserving their intrinsic graphitic structure with minimal defect formation. A unidirectional freeze-casting process was employed to fabricate anisotropically aligned NOGF aerogels, which were subsequently infiltrated with PDMS. The resulting NOGF/PDMS composites with a loading of 1.9 wt % exhibited significantly enhanced EMI shielding effectiveness (SE) compared to reduced graphene oxide (rGO)/PDMS counterparts with a loading of 1.7 wt %, achieving a mean SE of 67.2 dB at 2.3 mm thickness, while th rGO/PDMS composites reached 31.1 dB at 2.5 mm. Directional alignment was also found to play a critical role, as longitudinally cut samples consistently outperformed those in the transverse direction. This work highlights the potential of low-filler-content graphene composites for multifunctional EMI shielding applications.",crossref,0
A Quaternary β -Cyclodextrin–Viologen Inclusion Complex with Fast Photochromism and Strong Fluorescence for UV Dosimetry and Information Encryption,https://pubs.acs.org/aamick/article/doi/10.1021/acsami.6c13816/5425214/A-Quaternary-Cyclodextrin-Viologen-Inclusion,ACS Applied Materials & Interfaces: Latest Articles (ACS Publications),2026-09-08 00:00:00 UTC,2026-09-08 00:00:00+00:00,10.1021/acsami.6c13816,Jing-Xin Liu,"Abstract A quaternary inclusion complex (TPV3+@β-CD3) was successfully assembled by encapsulating a viologen analogue bearing three pyridinium groups (TPV·Cl3) into three β-cyclodextrin (β-CD) hosts, as confirmed by NMR spectroscopy, fluorescence spectroscopic titration, and ESI-MS. For comparison, a ternary inclusion complex (DPV2+@β-CD2) was also prepared using a conjugation-extended viologen (DPV·Cl2). In the solid state, TPV3+@β-CD3 exhibited fast-response, high-contrast, and reversible photochromic behavior, with a coloration saturation time of only 90 s. Moreover, owing to the macrocyclic confinement effect that effectively suppresses aggregation-caused quenching (ACQ), TPV3+@β-CD3 displayed strong yellow fluorescence under UV light (λex = 365 nm) with a quantum yield of 15.71%, whereas the free guest TPV·Cl3 showed no detectable emission. Electron spin resonance (ESR) spectra and density functional theory (DFT) calculations revealed that the photochromism originates from photoinduced electron transfer from β-CD to the pyridinium units, generating free radicals. Notably, the fluorescence intensity of the inclusion complex can be dynamically modulated upon light irradiation, with up to 59.8% quenching upon reaching the colored state. Benefiting from these dual photoresponsive properties, TPV3+@β-CD3 was successfully applied as a colorimetric sensor for UV radiation dosage, as well as for multiple anti-counterfeiting and multilevel information encryption.",crossref,0
High Mass Activity of a Dendritic Ag–Cu Relay Catalyst for Nitrate to Ammonia Electroreduction,https://pubs.acs.org/aamick/article/doi/10.1021/acsami.6c12419/5426545/High-Mass-Activity-of-a-Dendritic-Ag-Cu-Relay,ACS Applied Materials & Interfaces: Latest Articles (ACS Publications),2026-09-08 00:00:00 UTC,2026-09-08 00:00:00+00:00,10.1021/acsami.6c12419,Yong-Tae Kim,"Abstract Owing to the growing demand for NH3 as an energy carrier, developing alternative NH3 production routes that overcome the limitations of the Haber–Bosch process is essential. The electrochemical nitrate reduction reaction (NO3RR) offers a sustainable alternative to thermochemical ammonia synthesis by simultaneously mitigating nitrate pollution and enabling renewable-energy–driven NH3 production. Here, we demonstrate high mass activity for NH3 production through the electrochemical NO3RR using a dendritic Ag–Cu relay catalyst, highlighting the NO3RR as a sustainable alternative to the Haber-Bosch process. The dendritic morphology of the Ag–Cu catalyst, fabricated by a simple, compact, and scalable galvanic-displacement method, maximizes the electroactive surface area of Ag per unit loading and induces relay effect between Cu and Ag. A mass activity of 7.34 mol h–1·g–1, with a Faradaic efficiency of 96.4%, representing a 1.2-fold improvement over the state-of-the-art performance under alkaline media, was achieved. The catalyst exhibits excellent performance in a practical full-cell configuration, highlighting its potential as a promising alternative or complementary pathway to the conventional Haber–Bosch ammonia synthesis.",crossref,0
Spin-Based Enantiorecognition at Chiral-Porphyrin-Functionalized Interfaces: A Physical Effect Due to the Chiral-Induced Spin Selectivity,https://pubs.acs.org/aamick/article/doi/10.1021/acsami.6c14731/5425982/Spin-Based-Enantiorecognition-at-Chiral-Porphyrin,ACS Applied Materials & Interfaces: Latest Articles (ACS Publications),2026-09-08 00:00:00 UTC,2026-09-08 00:00:00+00:00,10.1021/acsami.6c14731,Giuliano Siligardi,"Abstract Enantiorecognition is a fundamental process in bioscience, ruling most life-related processes. This work focuses on the physics underlying chiral recognition, suggesting that the electron-spin/molecular-handedness interaction plays an important role here. Results obtained exploiting three complementary experimental techniques are compared, where metal surfaces are functionalized using a chiral porphyrin (cPorf): (1) cyclic voltammetry is used to probe the handedness of the electrode surface exploiting a chiral redox couple; (2) spin-dependent electrochemistry measurements were performed using a ferromagnetic electrode as spin injector; (3) magnetoconductive atomic force microscopy measurements proved that the charge transport through cPorf bundles adsorbed on a nickel surface is spin-polarized (spin polarization percentage, SP%, ranging between 20% and 50%). Mueller matrix polarimetry (MMP) spectra confirmed that the electronic circular dichroism of cPorf in solid-state thin films is not merely apparent but is true. The overall experimental results suggest that spin plays a fundamental role in the enantiorecognition process, as a possible manifestation of the Naaman−Waldeck chiral-induced spin selectivity effect.",crossref,0
Integrated electricity and gas system operation method in an electricity–gas–carbon–certificate joint market,https://www.sciencedirect.com/science/article/pii/S0306261926014030?dgcid=rss_sd_all,ScienceDirect Publication: Applied Energy,2026-09-08 00:00:00 UTC,2026-09-08 00:00:00+00:00,10.1016/j.apenergy.2026.128747,Xinwei Shen,,,0
Subglacial geology and thermal conditions regulate methane emissions from Svalbard glaciers,https://www.nature.com/articles/s41467-026-77190-z,Earth and environmental sciences : Nature Communications subject feeds,2026-09-08 00:00:00 UTC,2026-09-08 00:00:00+00:00,,Andrew J. Hodson,"Melt rivers from valley glaciers and ice sheets release methane by transporting microbial or geologic methane from beneath glaciers, making it available for atmospheric emission. However, the mechanisms and magnitude of such methane release remain poorly understood due to limited studies. Here, we show how subglacial geology and glacier thermal conditions control methane supersaturation in meltwaters from 19 valley glaciers across central Svalbard. We find that all sampled meltwaters are supersaturated with methane, with peak concentrations up to 425-times atmospheric equilibrium. The carbon isotopic compositions of the methane and the presence of ethane and propane indicate that the methane is largely of thermogenic origin. Ground-penetrating radar surveys show that the extent of temperate ice at the glacier bed plays a critical role in facilitating methane acquisition, particularly in regions underlain by organic-rich, shale-dominated geological formations. This mechanistic insight is relevant for glaciated regions worldwide with organic-rich geology and suggests that accelerated glacier melt may amplify methane mobilization from beneath glaciers.",nature_html,0
Mechanism-driven operando degradation diagnosis of blade batteries based on distributed strain measured by Fiber optic sensors,https://www.sciencedirect.com/science/article/pii/S0306261926013930?dgcid=rss_sd_all,ScienceDirect Publication: Applied Energy,2026-09-08 00:00:00 UTC,2026-09-08 00:00:00+00:00,10.1016/j.apenergy.2026.128737,Xuezhe Wei,,,0
The structure of infrastructure adoption: competition of hydrogen and electric for long-haul freight decarbonization,https://www.sciencedirect.com/science/article/pii/S0306261926013905?dgcid=rss_sd_all,ScienceDirect Publication: Applied Energy,2026-09-08 00:00:00 UTC,2026-09-08 00:00:00+00:00,10.1016/j.apenergy.2026.128734,Benoit Montreuil,"Long-haul freight decarbonization requires deploying hydrogen refueling stations (HRSs) across networks designed around incumbent diesel supply. Existing planning tools treat node-level demand as uniform, ignoring how it emerges from the coupling between freight flows and technology adoption dynamics. Understanding this coupling is essential for capital-constrained deployment decisions. This paper applies a network-coupled deployment framework—integrating Bass diffusion with reinforcement-learning-based hydrogen refueling station (HRS) sequencing under capital constraints—to a southeastern U.S. freight network derived from Freight Analysis Framework data, systematically varying hydrogen cost trajectory and deployment pace. Three findings emerge. First, deployment pace yields non-linear benefits: the adoption midpoint decreases sharply with the deployment rate but saturates quickly. Second, network position drives order-of-magnitude demand differences—a high-centrality hub generates over ten times the refueling volume of peripheral nodes at saturation—challenging uniform sizing assumptions. Third, the long-run hydrogen fuel-cell electric truck (FCET) versus battery-electric truck (BET) market split is well approximated by a linear function of the fraction of tonne-hour capacity on corridors exceeding BET range; this relation is largely insensitive to fuel-cost dynamics once hydrogen reaches diesel parity. These results show that the competition between fuel-cell electric trucks (FCETs) and battery-electric trucks (BETs) is governed by two mechanisms—the pace at which stations are deployed and the heterogeneity of demand across network positions—yielding transferable scaling relationships for infrastructure planning under capital constraints.",openalex,0
Urban greening strategies for mitigating heat exposure and enhancing bird diversity,https://www.nature.com/articles/s41467-026-77596-9,Scientific community and society : Nature Communications subject feeds,2026-09-08 00:00:00 UTC,2026-09-08 00:00:00+00:00,,Baojing Gu,"Urbanization impact local climate by replacing green spaces with anthropogenic structures, which can increase heat exposure and diminish biodiversity. Minimizing these threats is required to maintain sustainable cities and communities globally, though the effectiveness of urban greening have not been broadly explored. Here, we analyze data from 1,039 cities worldwide to assess associations between urban greening and bird diversity. Urban greening was associated with 23–34% lower extreme heat exposure for birds when green-space quantity or quality was higher. Expanding green cover by 5–10% of total urban area showed the largest reductions, while higher green-space quality was also associated with lower heat exposure and greater bird diversity. Across cities worldwide, these greening scenarios were associated with 2–3% higher bird diversity. Our findings suggest that adopting urban greening practices would support and enhance urban biodiversity worldwide, a crucial component in the development of sustainable cities and communities.",nature_html,0
A multi-bound robust optimization approach for renewable-based VPP market participation considering intra-hourly uncertainty exposure,https://www.sciencedirect.com/science/article/pii/S0306261926014212?dgcid=rss_sd_all,ScienceDirect Publication: Applied Energy,2026-09-08 00:00:00 UTC,2026-09-08 00:00:00+00:00,10.1016/j.apenergy.2026.128765,Luis Rouco,,,0
Aging-aware residential load scenario generation for future energy systems: a foundation-model-augmented conditional diffusion method,https://www.sciencedirect.com/science/article/pii/S0306261926013814?dgcid=rss_sd_all,ScienceDirect Publication: Applied Energy,2026-09-08 00:00:00 UTC,2026-09-08 00:00:00+00:00,10.1016/j.apenergy.2026.128725,Fangxing Li,,,0
Late Permian core-surface-magnetosphere conditions revealed by single crystal paleointensities from the Emeishan large igneous province,https://www.nature.com/articles/s41467-026-77506-z,Earth and environmental sciences : Nature Communications subject feeds,2026-09-08 00:00:00 UTC,2026-09-08 00:00:00+00:00,,Lin Ding,"The Late Permian encompasses the end-Guadalupian and end-Permian extinctions, commonly linked to emplacement of the ca. 260 million-year-old Emeishan and ca. 252 million-year-old Siberian large igneous provinces, respectively. During this interval, geomagnetic intensity declined from the strong Permo-Carboniferous Reversed Polarity Superchron (PCRS) state, yet the magnitude and potential biological consequences of this weakening remain unclear. Here we present integrated geochronological, paleomagnetic, and single crystal paleointensity results from Emeishan gabbro. Plagioclase crystals, bearing single domain magnetic inclusions, yield a time-averaged dipole moment of 4.1 ± 0.7 ×1022 A m2, ~51% of the present-day value, indicating an abrupt decline. However, the field and magnetosphere were far from being sufficiently depressed to cause ozone depletion and enhanced surface ultraviolet B radiation capable of driving extinctions. The abrupt drop likely reflects changes in core-mantle boundary heat flux associated with deep-slab penetration into the lower mantle and mantle plume activity, ultimately reducing dynamo efficiency.",nature_html,0
Improved reactor design and performance for solar reduction in thermochemical water splitting through a novel two-step strategy,https://www.sciencedirect.com/science/article/pii/S0306261926014352?dgcid=rss_sd_all,ScienceDirect Publication: Applied Energy,2026-09-08 00:00:00 UTC,2026-09-08 00:00:00+00:00,10.1016/j.apenergy.2026.128779,Yulong Ding,,,0
SIG-LLM: A semantics-informed gating LLM for Spatio-temporal multi-energy demand forecasting,https://www.sciencedirect.com/science/article/pii/S0306261926014376?dgcid=rss_sd_all,ScienceDirect Publication: Applied Energy,2026-09-08 00:00:00 UTC,2026-09-08 00:00:00+00:00,10.1016/j.apenergy.2026.128781,Qiang Yang,,,0
Coordinated adaptive control for an ammonia-reformed hydrogen dual-fuel e-powertrain: Optimizing on-demand hydrogen production and power generation,https://www.sciencedirect.com/science/article/pii/S0306261926013863?dgcid=rss_sd_all,ScienceDirect Publication: Applied Energy,2026-09-08 00:00:00 UTC,2026-09-08 00:00:00+00:00,10.1016/j.apenergy.2026.128730,Zhengkai Tu,,,0
A review of environmental and techno-economic assessments of plastics to synthetic fuels and chemicals towards decarbonization,https://www.sciencedirect.com/science/article/pii/S030626192601367X?dgcid=rss_sd_all,ScienceDirect Publication: Applied Energy,2026-09-08 00:00:00 UTC,2026-09-08 00:00:00+00:00,10.1016/j.apenergy.2026.128711,Almar Postma,,,0
Who leads the global gas market? Geopolitics and price transmission between the U.S. and Europe,https://www.sciencedirect.com/science/article/pii/S0301421526005276?dgcid=rss_sd_all,ScienceDirect Publication: Energy Policy,2026-09-08 00:00:00 UTC,2026-09-08 00:00:00+00:00,10.1016/j.enpol.2026.115593,Cosimo Magazzino,,,0
"Does geopolitical risk shape green hydrogen innovation? Policy ecosystem, governance, energy poverty, and global heterogeneity in an age of fragmentation",https://www.sciencedirect.com/science/article/pii/S0301421526005331?dgcid=rss_sd_all,ScienceDirect Publication: Energy Policy,2026-09-08 00:00:00 UTC,2026-09-08 00:00:00+00:00,10.1016/j.enpol.2026.115599,Brahim Bergougui,"Whether geopolitical risk drives or impedes the clean energy transition is empirically contested. We examine the effect of country-specific geopolitical risk (GPR) on green hydrogen innovation using a balanced panel of 33 countries from 2000 to 2024, a multi-dimensional patent value outcome, and an instrumental variable strategy based on terrorism shocks. The results show that: (1) country-specific GPR is associated with substantially higher green hydrogen patent value, with the effect strongest on the market dimension of patent value; the response extends across all four hydrogen production pathways, but conditioning on carbon-market adoption reveals that without carbon pricing no pathway responds, while under carbon pricing the response concentrates almost exclusively in green hydrogen; (2) the effect varies across development status, energy-import dependence, and international cooperation, concentrating in Global South economies and absent among Advanced North economies that sit at a capacity ceiling; (3) threshold regressions on four conditioning variables reveal distinct non-linear moderating structures: governance amplifies the response monotonically, the policy ecosystem exhibits a critical-mass property with amplification concentrated above the upper threshold, human capital shows a pattern consistent with an interruption at intermediate endowments, and the response declines across the energy poverty distribution, turning negative among the six economies in our sample where deprivation is most severe. We report the human-capital and energy-poverty patterns as conditional regularities; the mechanisms behind them are not directly tested. These results provide an empirical foundation for designing hydrogen policies that internalize governance capacity, policy density, human-capital configuration, and the security of national energy provision.",openalex,0
"Corrigendum to “Marginal curtailment of wind and solar PV: Transmission constraints, pricing and access regimes for efficient investment” [Energy Pol. 191 (2024) 114206]",https://www.sciencedirect.com/science/article/pii/S0301421526005379?dgcid=rss_sd_all,ScienceDirect Publication: Energy Policy,2026-09-08 00:00:00 UTC,2026-09-08 00:00:00+00:00,10.1016/j.enpol.2026.115603,Darryl R. Biggar,,,0
Geopolitical risk exposure and innovation in the new energy vehicle industry: Policy implications for transport electrification,https://www.sciencedirect.com/science/article/pii/S0301421526005380?dgcid=rss_sd_all,ScienceDirect Publication: Energy Policy,2026-09-08 00:00:00 UTC,2026-09-08 00:00:00+00:00,10.1016/j.enpol.2026.115604,Boqiang Lin,,,0
"Türkiye and South Korea's atomic energy programs since 1958: A comparative study of industrial policy, technological learning, and localization strategies",https://www.sciencedirect.com/science/article/pii/S0301421526005318?dgcid=rss_sd_all,ScienceDirect Publication: Energy Policy,2026-09-08 00:00:00 UTC,2026-09-08 00:00:00+00:00,10.1016/j.enpol.2026.115597,G. Gurcan Yulek,,,0
What drives innovation and imitation in decentralized energy technologies? Evidence from distributed solar PV in Brazil,https://www.sciencedirect.com/science/article/pii/S0301421526005306?dgcid=rss_sd_all,ScienceDirect Publication: Energy Policy,2026-09-08 00:00:00 UTC,2026-09-08 00:00:00+00:00,10.1016/j.enpol.2026.115596,Bruno Moreno Rodrigo de Freitas,,,0
Charge-Mixed Nanogels for siRNA Delivery: Concurrent Optimization of Efficacy and Safety via Structure–Activity Relationships,https://pubs.acs.org/aamick/article/doi/10.1021/acsami.6c17668/5426589/Charge-Mixed-Nanogels-for-siRNA-Delivery,ACS Applied Materials & Interfaces: Latest Articles (ACS Publications),2026-09-08 00:00:00 UTC,2026-09-08 00:00:00+00:00,10.1021/acsami.6c17668,Rui Gao,"Abstract Cationic nanogels are efficient polymeric vectors for siRNA delivery but often raise toxicity concerns. To address this efficacy-toxicity trade-off, we present a charge-mixed nanogel platform that reconciles high delivery potency with excellent biocompatibility. Specifically, a library of cationic nanogels was synthesized with precise control over charge composition, size, and cross-linking degree, enabling systematic investigation of their effects on delivery performance and toxicity. Our findings reveal that delivery efficiency is cooperatively modulated by charge, size, and cross-linking degree, whereas toxicity reduction is primarily achieved by diluting the positive charge density through incorporation of anionic units. The established structure-activity relationship identified an optimal formulation comprising 80% cationic and 20% anionic monomers, with a hydrodynamic radius of approximately 83 nm and a cross-linking degree of 20% using a disulfide-based cross-linker. This design enables intracellular glutathione-responsive dissociation and efficient siRNA release. The engineered charge-mixed nanogels demonstrate potent gene silencing (83.0%) and antitumor efficacy (84.3%), alongside notably reduced cellular and systemic toxicity. Collectively, this work provides rational design principles for cationic nanocarriers and establishes a promising vector platform that effectively overcomes the efficacy-toxicity dilemma for advanced siRNA therapeutics.",crossref,0
Dual-Function Donor Engineering of a Metal–Organic Framework for Efficient Photocatalytic Oxidative Synthesis,https://pubs.acs.org/aamick/article/doi/10.1021/acsami.6c13030/5425627/Dual-Function-Donor-Engineering-of-a-Metal-Organic,ACS Applied Materials & Interfaces: Latest Articles (ACS Publications),2026-09-08 00:00:00 UTC,2026-09-08 00:00:00+00:00,10.1021/acsami.6c13030,Hong-Guang Jin,"Abstract Donor and/or acceptor engineering that allows the delicate optimization of the charge or energy transfer process within heterogeneous photocatalysts for the efficient generation of reactive oxygen species (ROS) of the superoxide radical (O2•–) or singlet oxygen (1O2) dictates the efficiency of aerobic oxidative synthesis. However, the development of donor and/or acceptor engineering approaches that can simultaneously optimize the charge and energy transfer processes for abundant generation of O2•– and 1O2 is a major challenge. Herein, a series of porphyrin (electron donor)- and naphthalene diimide (NDI, electron acceptor)-based isostructural mixed-ligand donor–acceptor MOFs were designed and synthesized. Experiments and theoretical calculations revealed that by delicately tuning the electron-pushing capacity of the organic conjugated groups on the donor porphyrin units, the charge transfer kinetics from the donors to the acceptors as well as the energy transfer gifted by the donor porphyrins related to their singlet–triplet energy gaps could be simultaneously optimized. As a result, Zr-NDI-H2DPBP(Pyr), wherein the porphyrin donor ligand with pyrene (Pyr) groups possesses the strongest electron-pushing capacity, exhibited the highest O2•– and 1O2 generation activities, which can be utilized for efficient aerobic oxidation reactions, including dipolar [3 + 2] cycloaddition and the synthesis of quinoxaline derivatives. This work exemplifies a dual-function donor engineering approach for developing heterogeneous catalysts toward advanced artificial photosynthesis.",crossref,0
A Bioinspired Random Nanosheet Film for Broadband Spectral Modulation and Switchable Infrared Stealth,https://pubs.acs.org/aamick/article/doi/10.1021/acsami.6c12797/5425706/A-Bioinspired-Random-Nanosheet-Film-for-Broadband,ACS Applied Materials & Interfaces: Latest Articles (ACS Publications),2026-09-08 00:00:00 UTC,2026-09-08 00:00:00+00:00,10.1021/acsami.6c12797,Zhiwu Han,"Abstract Efficient spectral modulation and photothermal management can significantly enhance the multifunctional integration of intelligent optical devices. However, the selective modulation ability of materials to the spectrum hinders their application in different scenarios or needs. Here, inspired by the transparent wings of Haetera piera, a random nanosheet film with spectral modulation and flexible switching properties is fabricated on FTO glass. Remarkably, the film reduces the reflectivity by 6–13% compared with the initial FTO glass in the visible spectrum (0–60° incident angles) and lowers ultraviolet transmittance by approximately 15%. The antireflection characteristics in the visible band and the low transmittance in the ultraviolet band indicate that the nanosheets have a certain spectral modulation ability. By applying a voltage of 1.5 V, the transparent film turns into a colored state, reducing the mid-infrared emissivity by 50% and increasing reflectivity by 45%, thus achieving infrared stealth. This work provides key insights for energy, military, and optoelectronics, with significant application prospects.",crossref,0
Mechanically Robust Copper Foam-Integrated Zwitterionic Cellulose Nanofiber Aerogels with Enhanced Heat and Mass Transport for Efficient Atmospheric Water Harvesting,https://pubs.acs.org/aamick/article/doi/10.1021/acsami.6c14519/5426588/Mechanically-Robust-Copper-Foam-Integrated,ACS Applied Materials & Interfaces: Latest Articles (ACS Publications),2026-09-08 00:00:00 UTC,2026-09-08 00:00:00+00:00,10.1021/acsami.6c14519,Haiqing Li,"Abstract Addressing global water scarcity necessitates advances in sorption-based atmospheric water harvesting (AWH). While industrially favorable monolithic hygroscopic aerogels show great promise as AWH sorbents, their widespread adoption is limited by poor air permeability, low thermal conductivity, and insufficient mechanical robustness. Here, a facile and robust copper foam (CF)-mediated surface-initiated (SI)-Cu0ATRP method is presented to in-situ graft dense zwitterionic polymer brushes onto cellulose nanofiber (CNF) networks without oxygen exclusion, leading to the development of novel CF-integrated hygroscopic CNF aerogels (CHPCAs). The integrated CF not only enhances mechanical stability and thermal conductivity but also preserves the inherent porous architecture of CNFs, ensuring excellent air permeability. These synergistic properties endow CHPCAs with exceptional moisture adsorption kinetics and capacity, alongside efficient water desorption. A CHPCA-based AWH prototype demonstrated significant water productivity under various air conditions, achieving rates of 6.65 LH2O·kg–1CHPCA per day with an energy consumption of 3.03 kWh L–1H2O in outdoor conditions (13.1–20.3 °C, 25.4–81.6% RH). This work represents the first demonstration of SI-Cu0ATRP for fabricating 3D structured aerogels, presenting a scalable, robust, and high-performance monolithic AWH sorbent with significant potential for practical water harvesting applications.",crossref,0
Sub-Coercive Analog Conductance Modulation from Distributed Energy Barriers in Semicrystalline Ferroelectric Polymer Transistors,https://pubs.acs.org/aamick/article/doi/10.1021/acsami.6c06294/5426193/Sub-Coercive-Analog-Conductance-Modulation-from,ACS Applied Materials & Interfaces: Latest Articles (ACS Publications),2026-09-08 00:00:00 UTC,2026-09-08 00:00:00+00:00,10.1021/acsami.6c06294,Saeroonter Oh,"Abstract Ferroelectric switching is understood as a nucleation-limited process, in which polarization domains switch abruptly once the applied electric field exceeds a well-defined coercive field (Ec). However, the macroscopic Ec is an incomplete descriptor in semicrystalline ferroelectric polymers, where continuous polarization evolution can be observed at weak fields far below Ec. Here, we investigate sub-coercive conductance modulation in poly(vinylidene fluoride-trifluoroethylene) ferroelectric transistors and interpret the response using a quasi-continuous energy barrier distribution associated with the heterogeneous semicrystalline morphology. Unlike purely phenomenological distributed-threshold descriptions, this interpretation links the low-field response to structural heterogeneity in semicrystalline ferroelectrics, including crystalline–amorphous interphase-like regions that can provide intermediate local switching barriers. Ferroelectric transistors operating within this regime exhibit near-linear potentiation under repeated fixed-amplitude pulses, reducing reliance on incremental pulse programming or closed-loop control. Furthermore, the transistors operate at nominal externally applied average fields of 130 kV cm–1, below the macroscopic coercive field (Eeff/Ec ≈ 0.24). A mesoscale Landau–Khalatnikov model incorporating a spatially varying barrier hierarchy reproduces the experimentally observed accumulation trend and supports a distributed-barrier interpretation of the sub-coercive conductance modulation consistent with spatially resolved maps obtained from piezoresponse force microscopy. Because structural heterogeneity is inherent to semicrystalline polymers, this interpretation provides a physical basis for low-field analog functionality in ferroelectric polymer neuromorphic and adaptive electronic applications.",crossref,0
Protein Nanosheet-Programmed Interfacial Polymerization for Heterogeneous Polyamide Desalination Membranes,https://pubs.acs.org/aamick/article/doi/10.1021/acsami.6c10821/5426537/Protein-Nanosheet-Programmed-Interfacial,ACS Applied Materials & Interfaces: Latest Articles (ACS Publications),2026-09-08 00:00:00 UTC,2026-09-08 00:00:00+00:00,10.1021/acsami.6c10821,Zhongying Wang,"Abstract Spatial regulation of monomer diffusion during interfacial polymerization (IP) is critical for engineering high-performance polyamide (PA) reverse osmosis membranes yet remains difficult to control with conventional nanomaterial additives. Here, we report a biomimetic diffusion-programming strategy using Mycobacterium smegmatis porin A (MspA) protein nanosheets (MNSs) as interfacial regulators. The MNSs integrate MspA nanochannels within a PB-PEO polymer matrix, coupling matrix-imposed diffusion restriction with channel-mediated rapid MPD transport. This protein-channel/polymer-matrix architecture creates spatially heterogeneous MPD diffusion pathways during IP, directing the formation of PA layers with elevated and leaf-like structures. The resulting heterogeneous PA architecture increases the water-accessible surface area and reduces local transport resistance, while maintaining selective-layer integrity and a high cross-linking degree. The optimized TFCM-0.26 membrane achieved a water permeance of 3.55 L m–2 h–1 bar–1, representing a 77.5% increase over the control TFC membrane, while maintaining excellent NaCl rejection above 99%. The membrane also exhibited stable salt-separation performance under varied salinity, pressure, and long-term operation. Mechanistic diffusion measurements and single-channel transport analyses confirmed that MspA nanochannels provide localized fast MPD transport within the diffusion-restrictive PB-PEO matrix. This work demonstrates that protein nanosheets can serve as programmable nanointerfacial regulators for directing PA formation, offering a biomimetic strategy to alleviate the permeability–selectivity trade-off in desalination membranes.",crossref,0
Stringent climate policies and energy poverty: Evidence of spatial spillovers and challenges for a just transition,https://www.sciencedirect.com/science/article/pii/S0301421526005240?dgcid=rss_sd_all,ScienceDirect Publication: Energy Policy,2026-09-08 00:00:00 UTC,2026-09-08 00:00:00+00:00,10.1016/j.enpol.2026.115590,Gissell Huaccha,"Stringent climate policies (SCPs) are central to decarbonization, yet their distributive impacts on energy poverty (EP) and regional inequality remain contentious, especially under growing fragmentation and weaker policy coordination. This study investigates the impact of SCPs on EP in China, examining heterogeneity across policy instruments, mechanisms, and spatial contexts. Using more than 7000 subnational policies from 2007 to 2022, we construct a text-based SCP index and apply fixed-effects and spatial econometric models. The results show that SCPs are consistently associated with lower EP, with command-and-control instruments exhibiting particularly strong effects, partly through industrial upgrading. However, once spatial dependence is considered, the effects become more uneven: Spatial Durbin Models show that SCPs reduce EP within implementing provinces but increase EP pressure in neighbouring regions. Further evidence from polluting-firm entry suggests that stricter SCPs may discourage polluting activities locally while increasing their relative entry in nearby provinces, helping to explain the observed beggar-thy-neighbour pattern. Spatial effect decomposition shows that local gains are largely offset by cross-border spillovers, leading to a small and statistically insignificant total effect. We conclude that climate policy design should account for spatial externalities and regional burden sharing to ensure a just transition across regions.",openalex,0
A Picosecond Laser-Processed Gradient-Distributed Fe3O4@PDMS Evaporator for Efficient Seawater Desalination,https://pubs.acs.org/aamick/article/doi/10.1021/acsami.6c14066/5426418/A-Picosecond-Laser-Processed-Gradient-Distributed,ACS Applied Materials & Interfaces: Latest Articles (ACS Publications),2026-09-08 00:00:00 UTC,2026-09-08 00:00:00+00:00,10.1021/acsami.6c14066,Wei Chen,"Abstract Solar-driven interfacial steam generation technology is regarded as an effective method for freshwater production. Nevertheless, conventional evaporators suffer from weak light absorption and a trade-off between high evaporation rate and salt resistance, which restricts their practical applications. Herein, we developed a picosecond laser-modified gradient Fe3O4@polydimethylsiloxane (LG-Fe3O4@PDMS) interfacial evaporator fabricated via layered curing combined with laser processing. This evaporator features a gradient composition along its thickness direction. The upper layer with a high Fe3O4 content serves as the photothermal conversion layer, while the underlying PDMS substrate suppresses heat conduction toward the bulk water at the bottom. The periodic grooved arrays on the surface enhance light harvesting via multiple light reflections and scattering and simultaneously enable the enrichment of Fe3O4 particles on the evaporation surface. The LG-Fe3O4@PDMS exhibits a light absorptivity of nearly 98% across the full solar spectrum of 250–2500 nm, accompanied by outstanding photothermal temperature rise performance and hydrophobicity. Under 1 sun illumination (1 kW m–2), the evaporation rate reaches 2.79 kg m–2 h–1. In addition, the material retains 72.4% of its original evaporation performance even in a 25 wt % high-salinity solution. Seven-cycle stability tests verify its outstanding resistance to salt crystallization. The design concept of this gradient composite structure offers a simple and feasible strategy for fabricating high-performance and long-term stable interfacial evaporators, as well as for practical applications in seawater desalination and organic wastewater purification.",crossref,0
Dynamics of Catalyst Structures,https://pubs.acs.org/chreay/article/doi/10.1021/acs.chemrev.5c00226/5426611/Dynamics-of-Catalyst-Structures,Chemical Reviews: Latest Articles (ACS Publications),2026-09-08 00:00:00 UTC,2026-09-08 00:00:00+00:00,10.1021/acs.chemrev.5c00226,Xupeng Zong,"Abstract Scientists have increasingly recognized the significance of incorporating catalyst surface structure dynamics into catalyst design, exploiting surface structure dynamics to improve catalytic activity, selectivity, and stability. Exploring surface structure dynamics of heterogeneous catalysis, electrocatalysis and photocatalysis at atomic scale is essential for uncovering molecular mechanisms of catalytic reactions performed on surfaces of operational catalysts. It is crucial for predictively designing catalysts with better catalytic activity, selectivity and durability through bridging the information gap between structures of pristine catalysts and surfaces of operational catalysts. In this review we systematically investigated the surface structure dynamics of single-crystal monometallic model catalysts, single-crystal bimetallic model catalysts, monometallic metal nanoparticles, bimetallic nanoparticles, oxide nanoparticles, single-atom catalysts, catalysts of metal atoms encapsulated in microporous materials, catalysts of metal/support interfaces, electrocatalysts, and photocatalysts. We performed critical analyses to the mechanisms governing surface structure dynamics at an atomic scale, deposited profound structural mechanisms in this article about how catalyst surface structures evolve under catalytic conditions, and found the guidance predicting surface structure dynamics. We summed up the insights of surface structure dynamics and discussed how these insights of surface structure dynamics can be leveraged to design novel catalysts and promote catalytic performances. Challenges in the studies of surface structure dynamics were discussed and promising new directions were proposed.",crossref,0
Tuning H2O-Engaged Redox Reaction Pathway via Water Orientation in Aqueous Batteries,https://pubs.acs.org/jacsat/article/doi/10.1021/jacs.6c11498/5426341/Tuning-H2O-Engaged-Redox-Reaction-Pathway-via,Journal of the American Chemical Society: Latest Articles (ACS Publications),2026-09-08 00:00:00 UTC,2026-09-08 00:00:00+00:00,10.1021/jacs.6c11498,Dongliang Chao,"Abstract Aqueous battery research has long focused on ionic behavior during reactions but has largely neglected the essential role of reactive water, hindering the mechanistic understanding and limiting breakthroughs in battery performance. Herein, we establish an H2O-engaged perspective in aqueous electrochemistry and identify unfavorable interfacial water orientation as the fundamental degradation mechanism for H2O-engaged redox. In situ spectroscopy, synchrotron radiation analyses, and theoretical simulations demonstrate that N vacancies in the constructed WN artificial interface elevate the work function and positively shift the point of zero charge, thereby inducing interfacial water into an H-down configuration. The energy barrier for the O–H bond cleavage and proton release can be lowered, boosting H2O-engaged Mn2+ oxidation reaction (MnOR) and facilitating uniform planar MnO2 deposition. As a result, the developed Zn–MnO2 aqueous batteries enable a high capacity of 20 mAh cm–2 with 666.7 mAh cm–3, an ultrahigh rate capability of 160 C, and a cycling lifespan over 10,000 cycles. These findings establish interfacial water orientation as a pivotal reaction coordinate for H2O-engaged redox electrochemistry and provide a general mechanism-guided strategy for designing next-generation robust aqueous batteries.",crossref,0
How landscapes shaped the spatial foundations of cities in pre-state China,https://www.nature.com/articles/s44284-026-00524-x,Nature Cities,2026-09-08 00:00:00 UTC,2026-09-08 00:00:00+00:00,10.1038/s44284-026-00524-x,,"Before a large, integrated state emerged in China, proto-urban settlement systems provided the spatial foundations from which cities could emerge. Settlement patterns reconstructed from archeological sites across Neolithic China reveal how terrain-derived accessibility structured these systems, and how that relationship later changed as China moved towards state formation.",rss_nature,0
Global characterization of building-level weight reveals urban material inequality,https://www.nature.com/articles/s44284-026-00509-w,Nature Cities,2026-09-08 00:00:00 UTC,2026-09-08 00:00:00+00:00,10.1038/s44284-026-00509-w,,"A global, building-level database of 606 million structures reveals that 835 Gt of materials are in use and that there are large inequalities in the distribution between high-income and low-income countries. Choosing a material-efficient urban form when planning cities could help to reduce future building-material demand.",rss_nature,0
Electrochemically mediated carbon capture using a membraneless architecture,https://www.nature.com/articles/s44286-026-00438-4,Nature Chemical Engineering,2026-09-08 00:00:00 UTC,2026-09-08 00:00:00+00:00,10.1038/s44286-026-00438-4,Yayuan Liu,"This study reports a membraneless architecture for electrochemically mediated carbon capture that uses solid-state counter-electrodes to address the limitations of ion-exchange membranes. The study also shows that unwanted charge loss is governed by ion diffusion through the solid, rather than by thermodynamics alone, offering a practical materials design principle for carbon capture and related energy technologies.",rss_nature,0
Single-crystalline CoSi semimetals with high conductivity and reliability,https://www.nature.com/articles/s41563-026-02740-1,Nature Materials,2026-09-08 00:00:00 UTC,2026-09-08 00:00:00+00:00,10.1038/s41563-026-02740-1,Yang Chai,"The electrical resistivity of conventional copper interconnects increases as their dimensions decrease. In contrast, the resistivity of CoSi nanoflakes decreases as their thickness is reduced from 1 μm to ∼20 nm. These nanoflakes demonstrate high reliability and serve as promising interconnects at the nanoscale.",rss_nature,0
A boost for CAR T cell therapy,https://www.nature.com/articles/s41563-026-02725-0,Nature Materials,2026-09-08 00:00:00 UTC,2026-09-08 00:00:00+00:00,10.1038/s41563-026-02725-0,Michael J. Mitchell,"A polymer lipid nanoparticle carrier passively targets, activates and transfects T cells in vivo with chimeric antigen receptor (CAR) mRNA for fibrosis therapy.",rss_nature,0
Processing graphene fibres by viscous flow,https://www.nature.com/articles/s41563-026-02735-y,Nature Materials,2026-09-08 00:00:00 UTC,2026-09-08 00:00:00+00:00,10.1038/s41563-026-02735-y,Sang Ouk Kim,"Polymer-like viscoelasticity of graphene oxide sheets in glycerol enables ultrahigh-ratio drawing during wet spinning, producing graphene fibres with promising thermal and mechanical properties.",rss_nature,0
Publisher Correction: An inherent T cell-activating mRNA delivery carrier for in vivo CAR T generation,https://www.nature.com/articles/s41563-026-02753-w,Nature Materials,2026-09-08 00:00:00 UTC,2026-09-08 00:00:00+00:00,10.1038/s41563-026-02753-w,Huayu Tian,,,0
Carbonyl‐Locking Strategy for Multi‐Resonance Emitters Enables Efficient Pure‐Green OLEDs With Ultralow Efficiency Roll‐Off,https://onlinelibrary.wiley.com/doi/10.1002/anie.5771174,Angewandte Chemie International Edition,2026-09-08 00:00:00 UTC,2026-09-08 00:00:00+00:00,10.1002/anie.5771174,Chenglong Li,"ABSTRACT Developing multi‐resonance thermally activated delayed fluorescence (MR‐TADF) emitters that simultaneously achieve bathochromic tuning, narrowband emission, and rapid reverse intersystem crossing (RISC) remains a great challenge for high‐performance organic light‐emitting diodes (OLEDs). Herein, carbonyl units are fused into a multi‐boron v ‐DABNA framework to construct B/N/C═O hybrid MR‐TADF emitters. Within this framework, the electron‐withdrawing carbonyl units stabilize the lowest unoccupied molecular orbital and narrow the bandgap, enabling a bathochromic shift while preserving the alternating frontier‐orbital distribution required for narrowband emission. Meanwhile, the carbonyl‐associated partial n–π* contribution to the excited states enhances spin–orbit coupling and accelerates RISC. The resultant emitters, CO‐ v ‐DABNAMe and CO‐ v ‐DABNAPh, exhibit green emission peaking at 503 and 508 nm with narrow full widths at half‐maximum of only 21 nm, together with high k RISC values exceeding 5.0 × 10 5 s −1 . Binary OLEDs based on CO‐ v ‐DABNAMe and CO‐ v ‐DABNAPh deliver pure‐green electroluminescence with Commission Internationale de l’Éclairage coordinates of (0.18, 0.72) and (0.19, 0.73), accompanied by maximum external quantum efficiencies of 35.3% and 36.2%, respectively. Notably, ultralow efficiency roll‐offs of only 3.4% and 3.9% are achieved at 1000 cd m −2 , representing well‐balanced overall performance among binary pure‐green MR‐TADF OLEDs reported to date.",crossref,0
P2/O3 Biphase Integrated With Fence‐Type Superstructure Enables Robust Sodium Layered Oxide Cathodes,https://onlinelibrary.wiley.com/doi/10.1002/anie.4463321,Angewandte Chemie International Edition,2026-09-08 00:00:00 UTC,2026-09-08 00:00:00+00:00,10.1002/anie.4463321,Liang Zhang,"ABSTRACT Layered oxides are promising cathode candidates for sodium‐ion batteries (SIBs) owing to their tunable compositions and high specific capacities. However, detrimental phase transitions, Jahn–Teller (J–T) distortion, and transition‐metal (TM) migration during cycling typically induce severe structural degradation and irreversible oxygen loss, ultimately resulting in rapid capacity fading. Herein, we propose a dual‐scale interlayer‐intralayer synergistic strategy to address these intrinsic challenges, which integrates a P2/O3 biphasic intergrowth architecture for interlayer stabilization and a fence‐type superstructure with enlarged superlattice spacing for intralayer regulation within TM slabs. The intergrown P2/O3 phases generate a robust interlocking effect that alleviates strain accumulation, further suppressing undesirable phase evolution, mitigating J–T distortion, and partially restraining out‐of‐plane TM migration. Meanwhile, the fence‐type superstructure, featuring an ultra‐wide interplanar spacing, inhibits the formation of vacancy clustering driven by in‐plane TM migration, thereby stabilizing the local oxygen environment and eliminating irreversible oxygen loss. Benefiting from this cooperative interlayer‐intralayer regulation, the as‐designed Na 0.668 Li 0.1 Ni 0.3 Mn 0.4 Ti 0.2 O 2 cathode delivers quasi‐solid‐solution reaction behavior and highly reversible oxygen redox, along with substantially enhanced structural stability and electrochemical performance. This work highlights the critical role of dual‐scale structural engineering in simultaneously modulating hierarchical structural motifs, providing a generalizable paradigm for the rational design of high‐energy‐density layered cathodes for SIBs.",crossref,0
Exploiting Ultrafast Auger Recombination in Colloidal ZnSe Quantum Dots for Photoemission and Hydrated Electron Generation,https://onlinelibrary.wiley.com/doi/10.1002/anie.3827650,Angewandte Chemie International Edition,2026-09-08 00:00:00 UTC,2026-09-08 00:00:00+00:00,10.1002/anie.3827650,Kaifeng Wu,"ABSTRACT Colloidal ZnSe quantum dots (QDs) have recently emerged as a promising toxic‐element‐free semiconductor platform for a variety of applications. A particularly exciting opportunity is associated with the highly potent reduction power of the photogenerated electrons in ZnSe QDs, owing to their large bandgap and high‐energy conduction‐band electrons. These properties enabled efficient hydrated electron generation in Mn 2+ ‐doped ZnSe QDs through spin‐exchange Auger recombination mechanism. Here, we report for the first time that hydrated electrons can be also generated in undoped plain ZnSe QDs, originating from their exceptionally rapid multiexciton Auger recombination. We study size‐dependent Auger recombination in monodisperse ZnSe QDs using transient absorption spectroscopy and identify biexciton lifetimes (τ XX ) shorter than those of comparable‐size CdSe QDs by almost 10‐fold. Importantly, we find the volume‐scaling law of τ XX that holds in hexane phase breaks down in aqueous phase for the small‐size regime, highlighting the crucial role of the dielectric confinement effect in Auger processes. Transient absorption spectra also reveal size‐dependent thresholds for photoemission of free electrons, with smaller QDs requiring fewer excitons due to their faster Auger recombination. In water, photoemission generates hydrated electrons with quantum yield exceeding 3%.",crossref,0
Topographic accessibility and proto-urban settlement organization in Neolithic China,https://www.nature.com/articles/s44284-026-00511-2,Nature Cities,2026-09-08 00:00:00 UTC,2026-09-08 00:00:00+00:00,10.1038/s44284-026-00511-2,Joan Rosés,"Abstract
                  Cities emerged from settlement systems that predated formal roads, mature states and institutionalized urban governance, but the large-scale spatial organization of these proto-urban systems is still poorly understood. Here we examine how terrain-derived accessibility related to settlement organization across Neolithic China between 5000 and 2000 BCE, combining a newly compiled georeferenced archeological dataset with a measure of overland accessibility derived from topography. Settlement intensity became increasingly concentrated along accessible corridors between 5000 and 2500 BCE. Between 2500 and 2000 BCE, this association weakened sharply, although spatial clustering remained strong and the principal concentration of settlements shifted toward intermediate-accessibility settings. These findings show that terrain accessibility structured proto-urban settlement organization before mature states and formal transport infrastructure, but that this relationship was historically contingent rather than fixed. They provide a long-run East Asian perspective on how the spatial foundations of urban development can be reorganized as settlement systems grow more complex.",crossref,0
De Novo Design of RNA Switches for Conditional Transcription Repression,https://onlinelibrary.wiley.com/doi/10.1002/anie.1770267,Angewandte Chemie International Edition,2026-09-08 00:00:00 UTC,2026-09-08 00:00:00+00:00,10.1002/anie.1770267,Fan Hong,"ABSTRACT Controlling transcriptional synthesis of RNA provides a powerful means to design molecular circuitry and reprogram cellular behaviors. We report the computationally de novo design of a transcriptional RNA switch, termed RNA BRAKE, to precisely repress transcriptional RNA synthesis in response to a cellular RNA trigger in live cells. The design principle uses an introduced RNA trigger to regulate the co‐transcriptional folding pathway of nascently transcribed RNA BRAKEs into an RNA terminator, thereby repressing downstream RNA transcription. Without the RNA trigger, the RNA polymerase can pass through the RNA BRAKE and continue transcribing downstream genes. We validated the designed RNA BRAKE's performance by encoding the downstream gene with GFP and found that the presence of trigger RNA can significantly repress the GFP expression and GFP mRNA transcription in Escherichia coli cells. We further investigated the mechanism of RNA BRAKE design and studied its compatibility with different RNA polymerases and ribozymes for gene regulation. To demonstrate the generality of RNA BRAKE in response to cellular mRNA, we successfully developed RNA BRAKEs that enable mCherry mRNA to repress the transcription of its encoded downstream gene. This developed RNA BRAKE offers a new strategy for manipulating cellular gene expression with broad biomedical applications.",crossref,0
Conjugated Hydrazide‐Mediated Precursor Coordination Regulation Enables Uniform Crystallization of Tin‐Lead Perovskites,https://onlinelibrary.wiley.com/doi/10.1002/anie.5170209,Angewandte Chemie International Edition,2026-09-08 00:00:00 UTC,2026-09-08 00:00:00+00:00,10.1002/anie.5170209,Zhongmin Zhou,"ABSTRACT Narrow‐bandgap tin‐lead (Sn‐Pb) mixed perovskites are important materials for advancing single‐junction photovoltaics toward their theoretical efficiency limit. However, their inherent asynchronous crystallization triggers severe morphological inhomogeneity and generates a high defect density, which limits the performance and long‐term stability of devices. Unlike conventional Lewis base strategies that predominantly focus on direct bonding effects for simple defect passivation, we propose a strategy for precursor colloidal regulation mediated by aromatic conjugated hydrazide derivatives. Extending the conjugation length of the hydrazide molecular framework established preferential coordination interactions between the additive and SnI 2 precursor. This preferential complexation alleviated the aggregation of perovskite clusters and inhibited the rapid precipitation of Sn species, while simultaneously suggesting a lowered apparent heterogeneous nucleation energy barrier on the substrate. This approach achieved uniform and balanced Sn/Pb crystallization kinetics, which enabled the formation of compact, pinhole‐free perovskite films. The optimal device modified with 2‐naphthoylhydrazine delivered a power conversion efficiency of 24.16%, along with significantly enhanced operational stability, which retained 88.2% of its initial efficiency after 1200 h of continuous illumination. This work offers novel insights into precisely regulating the crystallization of narrow‐bandgap Sn‐Pb perovskites to enable the development of efficient and stable perovskite photovoltaics.",crossref,0
One‐Pot Synthesis of Aqueous PEDOT‐Based Conductive Inks via Sequential RAFT/Oxidative Polymerization,https://onlinelibrary.wiley.com/doi/10.1002/anie.8256057,Angewandte Chemie International Edition,2026-09-08 00:00:00 UTC,2026-09-08 00:00:00+00:00,10.1002/anie.8256057,Eric Cloutet,"ABSTRACT The rising demand for flexible and printable electronics has driven significant interest in π‐conjugated polymers, in particular for poly(3,4‐ethylenedioxythiophene) (PEDOT), which is traditionally stabilized by poly(styrenesulfonate) (PSS). In the recent years, our group has been investigating poly[4‐styrenesulfonyl(trifluoromethylsulfonyl)imide] (PSTFSI) as a promising alternative polyelectrolyte, yielding PEDOT:PSTFSI dispersions with enhanced ionic conductivity, reduced acidity, and lower hygroscopicity. Although this polymer complex offers great potential in organic electronics, its synthesis still requires long reactions times (up to several days) and the use of toxic organic solvents with tedious intermediate purification steps, limiting its scalability and sustainability. Herein, we report an innovative aqueous one‐pot synthesis of PEDOT:PSTFSI dispersion, by combining reversible addition–fragmentation chain‐transfer (RAFT) and oxidative polymerization in an aqueous one‐pot process. This approach eliminates the need for harmful solvents and intermediate purifications, achieving full monomer conversion in less than 4 h and excellent control over macromolecular structure of PSTFSI (30–300 kg mol −1 with Đ often below 1.1). Following the one‐pot oxidative polymerization, the resulting PEDOT:PSTFSI dispersions exhibit filamentous network morphologies, forming highly percolated conductive films upon printing, with charge conductivities up to 120 S cm −1 .",crossref,0
Chiral Fjord‐Edged Nanographenes Constructed by Allylic‐Migration‐Mediated Cyclization,https://onlinelibrary.wiley.com/doi/10.1002/anie.3554358,Angewandte Chemie International Edition,2026-09-08 00:00:00 UTC,2026-09-08 00:00:00+00:00,10.1002/anie.3554358,Xinliang Feng,"ABSTRACT Fjord‐edged nanographenes (NGs) with non‐planar π‐conjugated frameworks and intrinsic chirality are attractive for nonlinear optics and chiroptical applications. However, synthetic routes to these highly twisted NGs remain elusive, largely restricted to Scholl‐type cyclization, which typically requires bulky substituents to prevent over‐dehydrogenation into conventional armchair edge structures. Here we report an allylic‐migration‐mediated cyclization strategy for the construction of fjord‐edged NGs. In this strategy, a first allylic migration drives an intramolecular cyclization that pre‐installs the fjord region. A second migration then enables a subsequent cyclization, and the final selective dehydrogenation completes the aromatization while preserving the fjord‐edged topology. DFT calculations support the essential role of each migration in enabling the corresponding cyclization. Using this strategy, we successfully synthesized fjord‐edged NGs 1 and 2 , built on chrysene and bischrysene cores, respectively. Their structures are unambiguously confirmed by single‐crystal X‐ray diffraction. Notably, 2 exhibits near‐infrared (NIR) emission extending into the NIR‐II region. Despite the absence of substituents at the fjord region, both compounds possess high racemization barriers and are readily resolved into pure enantiomers by chiral HPLC. It is remarkable that 2 exhibits an exceptional dissymmetry factor (| g abs | = 2.5 × 10 −2 ), exceeding those of pristine [5]helicene and previously reported fjord‐edged NGs.",crossref,0
Decoding Oxidation State Landscapes Within Individual Native Peptides by Nanopore,https://onlinelibrary.wiley.com/doi/10.1002/anie.9376050,Angewandte Chemie International Edition,2026-09-08 00:00:00 UTC,2026-09-08 00:00:00+00:00,10.1002/anie.9376050,Meng‐Yin Li,"ABSTRACT Protein oxidation generates diverse chemical states that regulate cellular signaling yet progressively accumulate as molecular damage during aging. However, characterizing oxidation‐state heterogeneity of individual proteins or peptides remains challenging, as conventional ensemble methods average over coexisting species. Here, we report a nanopore strategy based on a confined hydrogen‐bond network to decode oxidation states within individual native peptides. By engineering a constricted recognition region enriched with hydrogen‐bond interactions, the changes induced by diverse oxidation states were specifically recognized. This enables discrimination of closely related oxidative modifications, including proline hydroxylation, methionine oxidation, and tryptophan oxidation, even at ultra‐low abundance. We show that the reversible and regulated oxidation state could be clearly distinguished from irreversible and damaged oxidation with the same mass without separation or purification. Furthermore, we quantified heterogeneous oxidation distributions generated under controlled oxidative conditions. This approach provides a molecular‐level strategy for characterizing oxidation‐state heterogeneity in individual peptides, with potential applications in studying oxidative modifications associated with aging and disease in future biological investigations.",crossref,0
Metal–Metal Cooperative C─F and S─F Bond Cleavage by Low‐Valent Tetracobalt Clusters and Water‐Assisted Fluoroarene Hydrodefluorination,https://onlinelibrary.wiley.com/doi/10.1002/anie.8264291,Angewandte Chemie International Edition,2026-09-08 00:00:00 UTC,2026-09-08 00:00:00+00:00,10.1002/anie.8264291,Julia R. Khusnutdinova,"ABSTRACT We report the self‐assembly of paramagnetic, tetrahedral tetra‐cobalt(I) clusters supported by structurally flexible N‐donor, bipyridine‐based ligand platforms, which are capable of structural rearrangement of their tetrametallic core via small molecule activation. In particular, Co I 4 clusters cleave S─F and C─F bonds in SF 6 and fluoroarenes in the presence of water, resulting in fluoride trapping between two Co atoms in an overall tetrametallic Co II core, while aerobic oxidation of a tetra‐cobalt(I) cluster results in isolation of a Co III oxo‐bridged cubane cluster. Hydrodefluorination of polyfluorinated arenes was achieved using water without the need to utilize silanes or boranes: isotope‐labeling experiments confirmed that the hydrogen in the hydrodefluorinated products originates from water.",crossref,0
Site‐Specific Functioning of CuN 3 –PdS 3 Janus Dual‐Atom Sites Enable Near‐Unity Faradaic Efficiency for Nitrate Electroreduction to Ammonia,https://onlinelibrary.wiley.com/doi/10.1002/anie.1513379,Angewandte Chemie International Edition,2026-09-08 00:00:00 UTC,2026-09-08 00:00:00+00:00,10.1002/anie.1513379,Ming Zhao,"ABSTRACT Electrochemical nitrate reduction reaction (NO 3 RR) using renewable electricity offers a carbon‐free and energy‐saving route to remediating nitrate‐polluted wastewater while producing ammonia (NH 3 ). However, conventional catalysts for NO 3 RR suffer from strong adsorption of NO x intermediates that hinders further hydrogenation, resulting in diminished selectivity and catalyst deactivation. Here we construct a Janus‐type CuN 3 −PdS 3 dual‐atom catalyst featuring N/S dual bridging, namely CuPd‐SNC, to enable decoupled NO x species adsorption and hydrogen supply for hydrogenation on Cu and Pd sites, respectively. Excitingly, CuPd‐SNC delivers a near‐unity Faradaic efficiency of 99.58% for NH 3 synthesis and a production rate of 1.34 mmol h −1 cm −2 . When integrated into a Zn–nitrate battery, CuPd‐SNC achieves a maximum power density of 13.0 mW cm −2 and demonstrates stable operation for >160 h. In situ spectroscopic and theoretical analyses reveal the site‐specific functionalities of the CuN 3 −PdS 3 Janus configuration, wherein Cu sites markedly enhance the adsorption/activation of NO x − intermediates, Pd sites enable continuous proton supply and reduce the energy barriers for multi‐step *NO x hydrogenation, while N/S dual bridges serve as a proton reservoir. These findings highlight the site‐specific but complementary functioning of dual‐atom catalysts in synergistically pushing the limit of conventional electrocatalysts, offering fundamental insights into the rational catalyst design for NH 3 synthesis.",crossref,0
Redox‐Modulated σ‐Bond Reactivity in a Radical‐Anion Dimer,https://onlinelibrary.wiley.com/doi/10.1002/anie.1174732,Angewandte Chemie International Edition,2026-09-08 00:00:00 UTC,2026-09-08 00:00:00+00:00,10.1002/anie.1174732,Christopher M. Bejger,"ABSTRACT Functional materials, such as stimuli‐responsive polymers, require molecules that change their properties in response to environmental changes or external cues, but finding well‐behaved structures that exhibit large stimuli‐responsive property changes remains challenging. Here, a class of redox‐active, water‐ and air‐tolerant, substituted‐trimethylenecyclopropane radical dimers was synthesized that participate in dynamic covalent chemistry (DCC) and multielectron transfer. Density functional theory (DFT) was used to design methylmalonate‐tetracyano trimethylenecyclopropane (MMCN 4 ‐CP) radical‐anions with localized spin densities that dimerize upon formation. The resulting sigma (σ)‐dimers are structurally characterized by x‐ray diffraction, while their solubilities are tuned by the counterion choice. Dimerization occurs via carbon‐carbon bond formation in aqueous solutions or organic solvents by electrochemical or chemical oxidation, respectively. The σ‐dimers are redox‐active, undergoing dimer cleavage and formation of neutral [3]radialenes, following oxidation. The dimers are also broken at high temperatures in solution to yield radical anions. Furthermore, they are mechanically severed during ball milling, resulting in a dramatic color change to blue in the solid state as the radicals are liberated. We prepared modified MMCN 4 ‐CP dianions with pendent alcohol groups to incorporate these dimers into polyurethanes. The polyelectrolytes exhibit a mechanochromic response upon application of force and can be electrochemically modulated in thin film devices.",crossref,0
A Thiolate‐Bridged Diiron Parent μ ‐Imide Involving as a Key Junction in the Bidirectional Interconversion Between Nitride and Amide,https://onlinelibrary.wiley.com/doi/10.1002/anie.9199303,Angewandte Chemie International Edition,2026-09-08 00:00:00 UTC,2026-09-08 00:00:00+00:00,10.1002/anie.9199303,Jingping Qu,"ABSTRACT Iron parent imides serve as key intermediates for iron‐promoted nitrogen fixation and ammonia oxidation. However, these active species are difficult to be isolated, and their reactivities are underexplored. So far, only a few multinuclear iron parent imides were reported, but none plays a key intersection during the bidirectional transformation. Herein, we adopt the bulky 1,2,4‐tri( tert ‐butyl)cyclopentadienyl (Cp′) and bidentate 1,3‐propanedithiolate (pdt) ligand to provide the steric protection for the reactive [Fe 2 S 2 ] scaffold. As predicted, the highly active imido species can be captured by this [Fe 2 S 2 ] platform to generate a novel thiolate‐bridged diiron parent μ ‐imide complex 3 . Mössbauer spectroscopy and DFT calculation reveal that 3 features a bent {Fe III −NH 2− −Fe III } framework with two anti‐ferromagnetic coupled, low‐spin Fe(III) centers. Importantly, imide 3 can not only undergo protonation to generate amide and finally release ammonia, but also go through hydrogen atom transfer to regenerate nitride. This reactivity indicates that 3 is a key junction that associates the late stage (N 3− → NH 2− → NH 2 − → NH 3 ) of nitrogen fixation and the initial period (NH 2 − → NH 2− → N 3− ) of ammonia oxidation. Overall, this work provides one available strategy that can stabilize a high‐activity imide and investigate its reactivity of bidirectional interconversion.",crossref,0
Modulating the Pore Environment of a Hydrogen‐Bonded Organic Framework for Efficient Separation of a Ternary Mixture of Methanol‐to‐Olefin Products,https://onlinelibrary.wiley.com/doi/10.1002/anie.5126918,Angewandte Chemie International Edition,2026-09-08 00:00:00 UTC,2026-09-08 00:00:00+00:00,10.1002/anie.5126918,Jianzhuang Jiang,"ABSTRACT Developing energy‐efficient adsorbents for one‐step purification of ethylene (C 2 H 4 ) from ternary methanol‐to‐olefins (MTO) product mixture remains highly important but essentially unexplored in hydrogen‐bonded organic frameworks (HOFs). Herein, an ultramicroporous HOF, HOF‐36, with pyridine‐functionalized pore surfaces, was synthesized from 4,4′,4″,4‴‐(pyridine‐2,3,5,6‐tetrayl)tetrabenzoic acid. According to the single‐component sorption isotherm, the activated HOF‐36 (HOF‐36a) exhibits preferential adsorption toward ethane (C 2 H 6 ) and propylene (C 3 H 6 ) over C 2 H 4 , with IAST selectivities of 1.6 for C 2 H 6 /C 2 H 4 and 13.1 for C 3 H 6 /C 2 H 4 mixtures at 298 K, where the C 3 H 6 /C 2 H 4 selectivity surpasses those of all previously reported HOFs. Dynamic breakthrough experiments demonstrate that HOF‐36a enables one‐step purification of polymer‐grade C 2 H 4 (≥ 99.99%) from binary and ternary MTO‐related hydrocarbon mixtures. Notably, HOF‐36a affords a C 2 H 4 productivity of 1.1 L kg −1 for the challenging ternary C 3 H 6 /C 2 H 6 /C 2 H 4 (33.3/33.3/33.3, v / v / v ) mixture. Moreover, the separation performance remains nearly unchanged under humid conditions and repeated breakthrough cycles. Theoretical calculations reveal that the pyridine‐functionalized pore surface strengthens the binding affinity toward C 2 H 6 and C 3 H 6 through enhanced host–guest interactions. This work demonstrates the potential of HOFs for challenging multicomponent olefin separation and highlights pore environment engineering for regulating host–guest interactions.",crossref,0
Mesogen‐Mimetic Anisotropic Crosslinkers for Load‐Bearing Liquid Crystal Elastomer Artificial Muscles,https://onlinelibrary.wiley.com/doi/10.1002/anie.1416251,Angewandte Chemie International Edition,2026-09-08 00:00:00 UTC,2026-09-08 00:00:00+00:00,10.1002/anie.1416251,Dae Seok Kim,"ABSTRACT Liquid crystal elastomers (LCEs) can generate large reversible contractions, but their practical work output is often limited by thermal softening and insufficient load‐bearing capability at actuation temperatures. Here, we introduce PBB‐TT as a mesogen‐mimetic anisotropic tetrathiol crosslinker for molecularly reinforced LCE actuators. Unlike conventional flexible or non‐rod‐like crosslinkers that mainly provide isotropic molecular connectivity, PBB‐TT incorporates a phenylene bisbenzoate‐based anisotropic rigid core into a covalent LCE network. Although PBB‐TT itself does not exhibit an independent liquid–crystalline phase, its liquid–crystal‐compatible rigid core, tetrafunctional thiol connectivity, and flexible thioether/ether spacers enable it to function as an anisotropic reinforcing junction that improves high‐temperature elastic stress support while retaining monodomain alignment for thermal actuation. The optimized PBB‐LCE‐16 withstood 8.7 MPa tensile stress, maintained a storage modulus of 5.52 MPa at 160°C, generated a blocking stress of 2.21 MPa, and achieved 31.24% actuation strain, 631 kJ m − 3 volumetric work capacity, and 728 J kg −1 gravimetric work density under a 175 g load. Residual photoreactivity further enabled adhesive‐free welding, electrothermal lifting of a 1 kg load, gripping, and repair. This work establishes anisotropic crosslinker design as a molecular strategy for load‐bearing LCE artificial muscles.",crossref,0
Photoredox Nickel‐Catalyzed Dehydrogenative Alkoxycarbonylation of Benzylic C─H Bonds,https://onlinelibrary.wiley.com/doi/10.1002/anie.3574678,Angewandte Chemie International Edition,2026-09-08 00:00:00 UTC,2026-09-08 00:00:00+00:00,10.1002/anie.3574678,Hanmin Huang,"ABSTRACT Radical‐mediated transition‐metal‐catalyzed C─H carbonylation represents a direct and powerful approach for the synthesis of carbonyl compounds; however, the stoichiometric oxidants typically required for hydrogen atom abstraction hamper the extensive application of these protocols and raise environmental concerns. In this study, we report a photoredox Ni‐catalyzed acceptorless dehydrogenative alkoxycarbonylation of alkylarenes with releasing hydrogen gas (H 2 ) as the sole byproduct. A variety of benzylic carboxylates, benzofuranones, and lactones with different frameworks were obtained with high selectivity through intermolecular and intramolecular alkoxycarbonylation. The reaction is distinguished by broad functional‐group compatibility with radical‐quenching phenolic hydroxyl group applicable. Notably, the use of biphosphine ligand promotes the reductive elimination of acylnickel(II) intermediate with alcohols while suppressing undesired single‐electron oxidative addition with benzylic radical.",crossref,0
Reduced flood-related bacillary dysentery risk with sponge city development in China,https://www.nature.com/articles/s44284-026-00514-z,Nature Cities,2026-09-08 00:00:00 UTC,2026-09-08 00:00:00+00:00,10.1038/s44284-026-00514-z,Bin Luo,"Flooding exacerbates bacillary dysentery risks, particularly among vulnerable groups. Analysis of 4.2 million cases in China utilized case-crossover and quasi-experimental methods, revealing a 12.2% risk reduction post-sponge city development, especially in areas with weaker infrastructure.",rss_nature,0
Weighing 600 million buildings reveals global urban material inequality and efficiency paths,https://www.nature.com/articles/s44284-026-00510-3,Nature Cities,2026-09-08 00:00:00 UTC,2026-09-08 00:00:00+00:00,10.1038/s44284-026-00510-3,Gang Liu,"Urbanization is rapidly increasing the accumulation of materials in buildings worldwide. This study’s global mapping of over 600 million buildings reveals that urban form, alongside affluence, critically shapes patterns of material stock growth.",rss_nature,0
A six-dimensional framework for water splitting electrocatalysts: from intrinsic activity to practical performance,http://pubs.rsc.org/CS/article-lookup/doi/10.1039/D6CS00773B,Chemical Society Reviews,2026-09-08 00:00:00 UTC,2026-09-08 00:00:00+00:00,10.1039/d6cs00773b,Deli Wang,"Coupling across six design dimensions links active-site chemistry to transport, stability and device operation. This cross-scale perspective provides an organizing framework for practical water-electrolysis catalyst and electrode design.",crossref,0
"Earth‐Abundant Oxides Promoting High‐Performance Mg 3 (Sb,Bi) 2 Thermoelectrics via a Metathesis Strategy",https://advanced.onlinelibrary.wiley.com/doi/10.1002/aenm.71563,Advanced Energy Materials,2026-09-08 00:00:00 UTC,2026-09-08 00:00:00+00:00,10.1002/aenm.71563,Huaizhou Zhao,"ABSTRACT The bright promise of Mg 3 (Sb,Bi) 2 as a next‐generation near‐room‐temperature thermoelectric material is challenged both by the need for reliable and economical synthesis and by performance degradation from detrimental Mg‐vacancy defects at grain boundaries and within grains. Here, we reveal that Earth‐abundant oxides (Fe 2 O 3 , ZrO 2 and TiO 2 ) can unlock superior thermoelectric performance in Mg 3 (Sb,Bi) 2 via a simple metathesis strategy. Incorporation of the oxides (at only 1–3 mol%) in Mg‐excess Mg 3 (Sb,Bi) 2 powders during spark‐plasma sintering initiates “Mg‐oxide” reduction reactions; the subsequent “transition metal‐Mg 3 (Sb,Bi) 2 ” reactions release a source of additional Mg, whose global diffusion refills cationic vacancies in the bulk matrix, enabling markedly enhanced power factors and figures of merit. Our fabricated 8‐pair Mg 3 Sb 0.75 Bi 1.25 /MgAgSb device attained remarkable conversion efficiency and output power density of 11.7% and 1.0 W cm −2 at a temperature gradient (Δ T ) of 315 K. Notably, a Mg 3 Sb 0.5 Bi 1.5 /Bi 0.5 Sb 1.5 Te 3 module demonstrated maximum cooling Δ T s competitive with state‑of‑the‑art Bi 2 Te 3 coolers at 200–373 K. The proposed metathesis strategy not only offers an eco‐friendly and cost‐effective route to defect engineering, promoting applications of Mg 3 (Sb,Bi) 2 TEs, but also provides key insights into the structure‐property relationships and thermoelectric performance optimization of other Mg‐based TEs and Zintl phases.",crossref,0
Facet‐guided Photocarrier Decoupling in SrTaO 2 N Photocatalyst: A 600 nm‐Responsive Platform Toward Efficient Solar‐Driven Overall Water Splitting,https://advanced.onlinelibrary.wiley.com/doi/10.1002/aenm.71525,Advanced Energy Materials,2026-09-08 00:00:00 UTC,2026-09-08 00:00:00+00:00,10.1002/aenm.71525,Xiaoxiang Xu,"ABSTRACT A crystal facet‐guided photocarrier decoupling mechanism has been identified in strontium tantalum oxynitride (SrTaO 2 N), representing a critical determinant for unlocking its intrinsic photocatalytic overall water splitting (POWS) capability. Single‐crystalline SrTaO 2 N particles with low defect density and well‐defined {202} and {001}/{110} crystal facets were successfully synthesized via a charge‐compensated, molten salt‐assisted nitridation strategy. Combined experimental and theoretical investigations confirm that this distinctive facet architecture generates an intrinsic internal electric field within the crystals, which efficiently directs the separation and unidirectional migration of photocarriers toward spatially resolved crystal facets, laying a robust foundation for the POWS performance. Upon the selective deposition of RhCrO x (H 2 ‐evolution cocatalyst) and CoOOH (O 2 ‐evolution cocatalyst) onto the corresponding crystal facets, SrTaO 2 N can stably drive POWS under both visible‐light (λ ≥ 420 nm) and simulated sunlight (AM1.5G) illumination, achieving stoichiometric H 2 and O 2 evolution (2:1 molar ratio). This study provides fundamental mechanistic insights into the structure‐activity relationship governing POWS over SrTaO 2 N, offering a rational materials‐design framework for the development of high‐performance photocatalysts toward efficient solar‐to‐hydrogen conversion.",crossref,0
Homogenizing perovskite precursors via selective coordination for outdoor-stable solar cells,http://pubs.rsc.org/EE/article-lookup/doi/10.1039/D6EE03421G,Energy & Environmental Science,2026-09-08 00:00:00 UTC,2026-09-08 00:00:00+00:00,10.1039/d6ee03421g,Xiaoming Zhao,"Selective precursor coordination enables homogeneous prenucleation clusters, uniform crystallization, and efficient, outdoor-stable perovskite photovoltaics.",crossref,0
Ionic clusters as high-connectivity secondary building units for crystalline porous organic salts,https://www.nature.com/articles/s41557-026-02248-w,Nature Chemistry,2026-09-08 00:00:00 UTC,2026-09-08 00:00:00+00:00,10.1038/s41557-026-02248-w,Andrew I. Cooper,"Abstract
                  The solid-state assembly of crystalline porous materials is dictated by a balance between primary node–linker interactions and other weaker intermolecular forces. Metal–organic frameworks (MOFs) exploit highly directional and rigid coordination bonds that outweigh competing packing effects. This allows high-connectivity secondary building units (SBUs) to be assembled into a diverse range of architectures. By contrast, molecular crystals comprise weaker intermolecular interactions, making it challenging to realize porous packings with the highly connected reticular topologies achieved in MOFs. Here we introduce Coulombic aggregation as a means to generate primary SBU motifs. By suppressing intermolecular dispersion interactions, ammonium halide ion pairs aggregate into discrete multinuclear clusters that function as non-metal SBUs. Coupled with multitopic three-dimensional linkers, these ionic clusters create extended non-metal organic frameworks with diverse topologies, large voids and polar channels. This study extends reticular chemistry from directional chemical bonds to ‘soft’ ionic interactions, opening pathways to new porous materials and principles of solid-state assembly.",crossref,0
Tackling the global plastic pollution crisis,https://academic.oup.com/nsr/advance-article/doi/10.1093/nsr/nwag582/8788015?rss=1,National Science Review Advance Access,2026-09-08 00:00:00 UTC,2026-09-08 00:00:00+00:00,10.1093/nsr/nwag582,Yong-Guan Zhu,"Plastic pollution has emerged as a critical global environmental challenge, exacerbating the impacts of climate change and biodiversity loss while posing substantial risks to human health and the economy. Despite a rapid increase in scientific efforts in recent years, our understanding of the characteristics, distribution and environmental consequences of plastic pollution remains incomplete, with many aspects still under debate. This knowledge gap hinders the development and implementation of effective management strategies. In this Review, we provide a comprehensive synthesis of plastic pollution from understanding to combatting, linking the environmental behavior of plastics with their ecological, health, and Earth-system risks. We further discuss mitigation and management strategies across the plastics life cycle. These strategies emphasize upstream prevention through redesign for minimizing production and facilitating reuse, supplemented by measures such as recycling and the implementation of biodegradable and compostable plastics, as well as exposure risk management. We also identify key challenges to address the interlinked triple crises of climate change, biodiversity loss, and pollution associated with plastics. The priorities and solutions to end plastic pollution include promoting sustainable production and consumption, minimizing plastic waste and leakage, mitigating plastic pollution and damage, and safeguarding planetary health.",rss_oup,0
High-dimensional inverse design enables multiple synthesis routes to prescribed carbon nanotube array descriptors,https://academic.oup.com/nsr/advance-article/doi/10.1093/nsr/nwag583/8788022?rss=1,National Science Review Advance Access,2026-09-08 00:00:00 UTC,2026-09-08 00:00:00+00:00,10.1093/nsr/nwag583,Ming Xu,Prescribed synthesis of carbon nanotube (CNT) arrays remains challenging because multiple processing stages jointly regulate array height (H,rss_oup,0
Biological growth self-assembly of mycelia enables eco-friendly full-color room-temperature phosphorescence materials via internalized confinement,https://academic.oup.com/nsr/advance-article/doi/10.1093/nsr/nwag586/8788024?rss=1,National Science Review Advance Access,2026-09-08 00:00:00 UTC,2026-09-08 00:00:00+00:00,10.1093/nsr/nwag586,Baokai Cui,"Preparing room-temperature phosphorescence (RTP) materials via biological growth processes presents an attractive yet rarely explored strategy. Herein, we report a facile and sustainable biological growth self-assembly strategy for preparing mycelia of Trametes pubescens",rss_oup,0
Upgrading N2 and O2 into valuable C–N–O chemicals,https://academic.oup.com/nsr/advance-article/doi/10.1093/nsr/nwag556/8788025?rss=1,National Science Review Advance Access,2026-09-08 00:00:00 UTC,2026-09-08 00:00:00+00:00,10.1093/nsr/nwag556,Dehui Deng,"Directly using abundant air as nitrogen and oxygen source for the co-construction of C–N and N–O bonds under mild conditions is highly significant for establishing a sustainable route of synthesizing high-value C–N–O chemicals. However, the efficient and controllable activation of N2, O2, and carbon source for the selective C–N and N–O coupling in a one-step process remains a formidable challenge. Herein, we report a plasma–ultrasound catalytic process that enables direct selective conversion of air and phenol to nitroaromatic chemicals (nitrosophenol and nitrophenol) under mild conditions, delivering an overall yield of 8.1% with a high selectivity of 92.5% using a CeO2 catalyst. Mechanistic investigations reveal a crucial effect of air plasma in generating reactive oxygen and NOx",rss_oup,0
Precise Construction of Heterobimetallic Covalent Organic Frameworks for Cooperative Photocatalysis of Defluorination,https://pubs.acs.org/jacsat/article/doi/10.1021/jacs.6c14431/5425938/Precise-Construction-of-Heterobimetallic-Covalent,Journal of the American Chemical Society: Latest Articles (ACS Publications),2026-09-08 00:00:00 UTC,2026-09-08 00:00:00+00:00,10.1021/jacs.6c14431,Shijie Ren,"Abstract Precisely positioning two distinct metal centers within covalent organic frameworks (COFs) is inherently difficult because competitive coordination and uncontrolled metal distribution often compromise structural integrity. Herein, we report a rational strategy that overcomes this challenge, enabling the atomically precise construction of a heterobimetallic COF incorporating nickel porphyrin and iron quinoline units. This synthesis leverages fundamental differences in the thermodynamic and kinetic behaviors of metal ions and organic building blocks and achieves near-quantitative metal occupancy at predetermined coordination sites while preserving framework crystallinity. Despite coordinating independently, the two metal centers engage in strong electronic coupling through local orbital hybridization, establishing an efficient charge-transfer pathway that promotes directional electron migration and suppresses recombination. This bimetallic architecture drives efficient defluorination photocatalysis with broad substrate tolerance and robust recyclability, achieving performance inaccessible to any photocatalysts reported to date. Our work provides a generalizable platform for designing heterobimetallic COFs with tailored charge-transfer kinetics for complex organic transformations.",crossref,0
How countries can grow without impoverishing future generations,https://www.nature.com/articles/d41586-026-02807-8,Nature,2026-09-08 00:00:00 UTC,2026-09-08 00:00:00+00:00,10.1038/d41586-026-02807-8,Eoin McLaughlin,"Governments should invest to develop all types of capital, and not just income, to improve the lives of future citizens and to protect the planet.",rss_nature,0
‘Mother of Hubble’: how Nancy Grace Roman ushered in a new era of astronomy,https://www.nature.com/articles/d41586-026-02802-z,Nature,2026-09-08 00:00:00 UTC,2026-09-08 00:00:00+00:00,10.1038/d41586-026-02802-z,Robert W. Smith,The scientist honoured by the newest telescope in space spearheaded a pioneering programme as NASA’s first chief astronomer.,rss_nature,0
OpenAI claims huge maths breakthrough on a famed ‘Millennium Problem’,https://www.nature.com/articles/d41586-026-02842-5,Nature,2026-09-08 00:00:00 UTC,2026-09-08 00:00:00+00:00,10.1038/d41586-026-02842-5,Davide Castelvecchi,"The company says it has cracked the physics of fluids using AI, solving one of the toughest puzzles in mathematics.",rss_nature,0
DeepMind’s new genome ‘atlas’ charts effects of all 9 billion human gene mutations,https://www.nature.com/articles/d41586-026-02835-4,Nature,2026-09-08 00:00:00 UTC,2026-09-08 00:00:00+00:00,10.1038/d41586-026-02835-4,Ewen Callaway,AI model AlphaGenome forecasts the consequences of altering every single DNA letter in the human genome.,rss_nature,0
Why this neuroscientist is taking the plunge into science advocacy,https://www.nature.com/articles/d41586-026-02457-w,Nature,2026-09-08 00:00:00 UTC,2026-09-08 00:00:00+00:00,10.1038/d41586-026-02457-w,Alissa de Chassey,"As funding cuts reshape the US research landscape, Stefano Cataldi is turning towards policy and advocacy work to defend science.",rss_nature,0
Two children died from gene therapies in China: where the field goes next,https://www.nature.com/articles/d41586-026-02497-2,Nature,2026-09-08 00:00:00 UTC,2026-09-08 00:00:00+00:00,10.1038/d41586-026-02497-2,Rachel Fieldhouse,"Strengthened laws should help to ensure future deaths are quickly disclosed to the public, but China’s reputation for such research is at risk.",rss_nature,0
China’s fast-track clinical trials are in the spotlight after child deaths,https://www.nature.com/articles/d41586-026-02407-6,Nature,2026-09-08 00:00:00 UTC,2026-09-08 00:00:00+00:00,10.1038/d41586-026-02407-6,Xiaoying You,A new government policy seeks to balance innovation and safety.,nature_html,0
The World Bank is right to prioritize reproducibility,https://www.nature.com/articles/d41586-026-02678-z,Nature,2026-09-08 00:00:00 UTC,2026-09-08 00:00:00+00:00,10.1038/d41586-026-02678-z,,The development bank and others are starting to publish and verify the raw data and code accompanying their research-based reports and papers. Other agencies should do the same.,rss_nature,0
The Kelvin scale’s creator William Thomson made many scientific advances,https://www.nature.com/articles/d41586-026-02722-y,Nature,2026-09-08 00:00:00 UTC,2026-09-08 00:00:00+00:00,10.1038/d41586-026-02722-y,,"A physics pioneer who provided a new way to describe temperature, and the value of studying fossilized tracks in this week’s pick from the Nature archive.",rss_nature,0
Limit bets on clinical-trial outcomes being placed on prediction markets,https://www.nature.com/articles/d41586-026-02795-9,Nature,2026-09-08 00:00:00 UTC,2026-09-08 00:00:00+00:00,10.1038/d41586-026-02795-9,Sarah M. E. Gabriele,Letter to the Editor.,nature_html,0
Sideline vested interests to reform China’s research,https://www.nature.com/articles/d41586-026-02797-7,Nature,2026-09-08 00:00:00 UTC,2026-09-08 00:00:00+00:00,10.1038/d41586-026-02797-7,Qilin Zhang,Letter to the Editor.,nature_html,0
Nepal disaster is a wake-up call to take compound climate risks seriously,https://www.nature.com/articles/d41586-026-02794-w,Nature,2026-09-08 00:00:00 UTC,2026-09-08 00:00:00+00:00,10.1038/d41586-026-02794-w,Ramit Debnath,Letter to the Editor.,nature_html,0
Put patients at the centre of medical AI governance,https://www.nature.com/articles/d41586-026-02796-8,Nature,2026-09-08 00:00:00 UTC,2026-09-08 00:00:00+00:00,10.1038/d41586-026-02796-8,Linghua Yu,Letter to the Editor.,nature_html,0
Author Correction: Contrasting roles of histone 3 lysine 27 demethylases in acute lymphoblastic leukaemia,https://www.nature.com/articles/s41586-026-11081-7,Nature,2026-09-08 00:00:00 UTC,2026-09-08 00:00:00+00:00,10.1038/s41586-026-11081-7,Iannis Aifantis,,,0
Through‐Space Coupling Hosts Enhanced Circularly Polarized Electroluminescence Efficiency and Dissymmetry Factor via Sensitizing Strategy,https://onlinelibrary.wiley.com/doi/10.1002/anie.7243525,Angewandte Chemie International Edition,2026-09-08 00:00:00 UTC,2026-09-08 00:00:00+00:00,10.1002/anie.7243525,Zujin Zhao,"ABSTRACT Fabrication of high‐performance circularly polarized organic light‐emitting diodes (CP‐OLEDs) remains greatly challenging, as simultaneous optimization of facile synthesis, easy chiral resolution, high efficiency, and large dissymmetry factor is difficult to realize. Here, we report an innovative chiral host engineering strategy featuring through‐space coupling (TSC) skeletons for sensitizing achiral multi‐resonance thermally activated delayed fluorescence (MR‐TADF) luminogens, which facilitates efficient chiral transfer and superior electroluminescence (EL) performance to resolve the above tradeoff. Two couples of TSC chiral hosts, ( R / S )‐BNM‐2T and ( R / S )‐BNM‐AT , were constructed by connecting ( R / S )‐binaphthylamine moieties acting as donors and chiral core to diphenyltriazine acceptors of different quantities, avoiding the demand for enantiomeric resolution. These TSC chromophores display intense circularly polarized luminescence, high photoluminescence quantum yields, and efficient exciton harvesting enabled by rapid high‐level reverse intersystem crossing. Non‐doped CP‐OLEDs based on ( R / S )‐BNM‐2T showed EL dissymmetry factors ( g EL ) of +7.60 × 10 −3 and −6.73 × 10 −3 at 450 nm. However, using ( R / S )‐BNM‐2T as the host to sensitize achiral MR‐TADF emitter ( BN2 ), the resulting devices yielded comparatively high g EL values up to +1.17 × 10 −2 and −1.06 × 10 −2 , accompanied by maximum external quantum efficiency over 21%, suppressed efficiency roll‐off, and narrowband emission.",crossref,0
Anion‐Transferring Electrolyte Enables In Situ Construction of Uniform LiF‐Rich Interphases for Long‐Cycling Lithium–Sulfur Batteries,https://advanced.onlinelibrary.wiley.com/doi/10.1002/aenm.71550,Advanced Energy Materials,2026-09-08 00:00:00 UTC,2026-09-08 00:00:00+00:00,10.1002/aenm.71550,Fei‐Fei Cao,"ABSTRACT Stabilizing electrode/electrolyte interphases is crucial for high‐performance lithium–sulfur batteries; however, simultaneously fabricating robust interphases on both the lithium anode and sulfur cathode is challenging. Here, we report an anion‐transferring functional electrolyte containing non‐expendable tetramethylammonium (TMA) bromide that enables the in situ formation of LiF‐rich interphases on both electrodes. The TMA + cations act as ion carriers that electrostatically shuttle PF 6 − anions from the bulk electrolyte to the electrode/electrolyte interfaces in the form of ion pairs. This localized enrichment of PF 6 − facilitates its electrochemical decomposition, leading to the formation of a uniform LiF‐rich solid electrolyte interphase on the anode and a cathode‐electrolyte interphase on the sulfur cathode. The LiF‐rich interphases show a high Young's modulus, which help suppress interfacial parasitic reactions and Li dendrite formation. The adsorbed TMA + cations form an electrostatic shielding layer that mitigates local Li + flux heterogeneity, further suppressing dendrite growth. When applied to Li‐SPAN batteries, they maintain a 92% capacity retention after 350 cycles at 1 C and deliver a high reversible capacity of 1039 mAh g −1 after 300 cycles at 0.5 C. This work provides an innovative alternative to conventional interphase engineering for stabilizing lithium battery interphases.",crossref,0
Spatially Decoupled Ion Transport and Mechanical Robustness Enabled by a Molecular Scaffold Strap in Gel Polymer Electrolytes,https://onlinelibrary.wiley.com/doi/10.1002/anie.3049996,Angewandte Chemie International Edition,2026-09-08 00:00:00 UTC,2026-09-08 00:00:00+00:00,10.1002/anie.3049996,Xin‐Bing Cheng,"ABSTRACT In situ gel polymer electrolytes (GPEs), which confine liquid electrolytes within a polymer matrix, are promising for realizing high‐safety lithium (Li) metal batteries. However, the liquid phase and the polymer matrix act as reciprocal chokes: the liquid expedites ion transport but plasticizes the matrix and compromises its mechanical strength, whereas the matrix provides rigidity yet obstructs ionic conduction. In this study, we propose a molecular scaffold strap strategy that decouples the regulation of mechanical robustness and ion transport in GPEs. Specifically, six‐arm monomers are employed to form a 3D polymer matrix, while ethylene glycol dibutyl ether, with a size‐matched anchoring character, acts as a scaffold strap that strengthens adjacent polymer segments. Fluorinated carbonate cosolvents further facilitate Li + transport and interfacial stability. The engineered GPE exhibits a high modulus of 8.9 MPa, ionic conductivity of 3.82 × 10 −4 S cm −1 , Li + transference number of 0.68, and stable electrode interfaces. The Li||LiNi 0.8 Co 0.1 Mn 0.1 O 2 pouch cell (2.7 Ah) achieves 87% capacity retention after 100 cycles and exhibits an elevated self‐heating onset temperature of 160.7°C. Furthermore, a high energy density of 506 Wh kg −1 is demonstrated in the Cu||LiNi 0.92 Co 0.03 Mn 0.05 O 2 pouch cell (3.5 Ah).",crossref,0
Synergetic Dopant and Additive Engineering of Hole Transporter for Outdoor‐Stable Perovskite Solar Modules,https://onlinelibrary.wiley.com/doi/10.1002/anie.5279889,Angewandte Chemie International Edition,2026-09-08 00:00:00 UTC,2026-09-08 00:00:00+00:00,10.1002/anie.5279889,Xiaoming Zhao,"ABSTRACT The spiro‐OMeTAD hole‐transport layer (HTL) underpins high‐performance n–i–p perovskite solar cells (PSCs), but conventional hygroscopic lithium dopants and volatile additives undermine operational stability and complicate module fabrication. Here we introduce a synergistic dopant–additive strategy that replaces both with a thermally stable Zn salt and vinylene carbonate (VC). The Zn:VC combination oxidizes spiro‐OMeTAD without air, promotes p‑radical formation, and raises the HTL glass‐transition temperature above 150°C. Consequently, we achieved a power conversion efficiency (PCE) of 26.3% for unit cells (0.16 cm 2 ) and 24.4% (23.96% certified) for modules (11.5 cm 2 )—among the highest reported for n–i–p perovskite modules. Modules retain 90% of initial efficiency after 2000 h damp‑heat exposure, 96% after 2500 h maximum‑power‑point tracking, and exhibit stable output over 30 days outdoor, demonstrating markedly improved operational robustness.",crossref,0
Direct Access to Chiral Piperidines by Enantioselective HAT‐Initiated C( sp 3 )─H Oxidation,https://onlinelibrary.wiley.com/doi/10.1002/anie.2349367,Angewandte Chemie International Edition,2026-09-08 00:00:00 UTC,2026-09-08 00:00:00+00:00,10.1002/anie.2349367,Miquel Costas,"ABSTRACT Enantioselective C( sp 3 )─H functionalization reactions are appealing synthetic organic chemistry tools to streamline access to valuable chiral molecules from simple precursors. Chiral piperidines are ubiquitous motifs in pharmaceuticals and natural products, yet methods for their preparation from simple non‐chiral precursors remain limited. We report a catalytic strategy for the preparation of chiral piperidines by α‐C( sp 3 )─H oxidation of achiral piperidines using hydrogen peroxide as oxidant and an evolved manganese catalyst in 2,2,2‐trifluoroethanol. Piperidines are desymmetrized to afford chemically versatile chiral N,O ‐acetal products in good yields, with high enantio‐ and diastereoselectivity. The resulting products serve as key intermediates to access a diverse range of functionalized piperidines while retaining chirality. Mechanistic studies indicate that the reaction proceeds via a highly enantioselective hydrogen atom transfer (HAT) followed by an electron transfer to generate a chiral iminium cation that is rapidly hydroxylated. Statistical models correlating reaction performance to molecular features provide a mechanistic basis for the stereoselective dictating elements and offer a tool for future reaction development.",crossref,0
Radical Ring‐Opening (Co)Polymerization of Vinyl Oxiranes: Toward Acid‐Degradable Backbone Oxygenated‐Polystyrene and Polybutadienes,https://onlinelibrary.wiley.com/doi/10.1002/anie.1220783,Angewandte Chemie International Edition,2026-09-08 00:00:00 UTC,2026-09-08 00:00:00+00:00,10.1002/anie.1220783,Haiwang Lai,"ABSTRACT Acid‐degradable vinyl polymers prepared by free‐radical polymerization (FRP) remain rare despite their potential applications in photoresists, responsive materials, and drug delivery systems. Herein, a series of vinyl oxirane (VO) monomers were designed for radical ring‐opening polymerization (rROP) to afford acid‐degradable polymers. Among the monomers investigated, VO‐1, which features a phenyl substituent at the α‐position of the vinyl group, showed superior polymerization behavior, producing polymers with molecular weights up to 31.2 kDa. Density functional theory (DFT) reveals that the significantly enhanced polymerization efficiency arises from the phenyl substitution stabilizing the propagating radical intermediate and promoting epoxide ring‐opening. Structural characterization confirmed efficient formation of enol ether linkages along the polymer backbone. VO‐1 was also compatible with nitroxide‐mediated polymerization. Catalytic hydrogenation of poly(VO‐1) yielded an oxygen‐containing polystyrene analogue, which can undergo complete depolymerization to give defined small molecules. Copolymerization of VO‐1 with 1,3‐diene monomers successfully incorporated degradable units into the polymer backbone, and the resulting polymers underwent efficient acid‐triggered degradation. The incorporation of VO‑1 also successfully endows the 1,3‐dienes‐derived elastomer network with acid‑triggered dissolution. This work expands the scope of acid‐degradable materials accessible through radical polymerization.",crossref,0
Cyano‐Driven Solvation Structure Reconstruction and Interfacial Passivation for 4.5 V Solid‐State Lithium Metal Batteries,https://onlinelibrary.wiley.com/doi/10.1002/anie.3609669,Angewandte Chemie International Edition,2026-09-08 00:00:00 UTC,2026-09-08 00:00:00+00:00,10.1002/anie.3609669,Zhen Zhou,"ABSTRACT Solid polymer electrolytes hold great promise for high‐energy‐density lithium metal batteries, yet their practical implementation is still hindered by sluggish room‐temperature Li + transport and insufficient high‐voltage tolerance ( i.e ., unstable above 4.3 V) especially when coupled with Ni‐rich layered cathodes. Herein, we report a cyano‐coordinating strategy to reconstruct the Li + solvation environment by precisely regulating the content of cyanoacrylate adhesive. This abandonment of ether‐oxygen polymers as the main material, that is, the competitive Li + –C≡N coordination reorganizes the primary solvation shell of Li + . This regulated solvation sheath simultaneously provides continuous low‐barrier hopping sites of Li + and improves the oxidative stability of the electrolytes. More importantly, the strong coordination anchoring between −C≡N and transition‐metal cations ( i.e ., TM δ+ –N≡C), suppresses irreversible dissolution of transition‐metal cations during cycling. The Li//NCM811 cells retain 88.2% of their initial capacity after 500 cycles at 4.3 V and 3 C and 80.1% after 350 cycles at 4.5 V and 1 C. Meanwhile, the cells exhibited a high operating voltage over 3.85 V, showing great potential for high‐energy‐density solid‐state batteries. This study establishes molecular coordination reconstruction to synergistically regulate the solvation behavior and high‐voltage interfacial chemistry of polymer electrolytes, providing a general design rationale for high‐energy‐density and long‐life solid‐state lithium‐metal batteries.",crossref,0
γ‑Ray Defect‐Driven Axial Fe─O─C Bridging Enables FeN 4 Coordination Field Modulation Toward High‐Performance Seawater Zinc–Air Batteries,https://onlinelibrary.wiley.com/doi/10.1002/anie.4742936,Angewandte Chemie International Edition,2026-09-08 00:00:00 UTC,2026-09-08 00:00:00+00:00,10.1002/anie.4742936,Xibang Chen,"ABSTRACT Conventional planar FeN 4 ‐based single‐atom catalysts are limited by their D 4 h‐symmetric electronic structure, causing poor matching of adsorption–desorption energy‐barrier for multiple oxygen reduction reaction (ORR) intermediates and susceptibility to Cl − corrosion and deactivation in chlorine‐rich seawater environments. Hence, we constructed FeN 4– OH/single‐walled carbon nanotube (FeN 4– OH/CNTs) single‐atom catalysts featuring axial ·OH coordination through γ‐ray‐irradiation‐based modification. Results revealed that γ‐ray irradiation induced an axially coordinated FeN 4– OH structure, breaking the electronic symmetry of planar FeN 4 . Reshaped the electric field gradient and spin electron distribution at the Fe center, achieving a controllable transition from low spin to high spin. This structure addressed insufficient O 2 adsorption and reactant activation in the original configuration while preventing active‐site poisoning from excessive intermediate adsorption. It also markedly suppressed strong Fe–Cl − interactions, endowing the catalyst with outstanding Cl − corrosion resistance. FeN 4– OH/CNTs also exhibited higher intrinsic ORR activity surpassing that of commercial Pt/C in a simulated seawater electrolyte. An assembled seawater‐based zinc–air battery achieved a peak power density (294 mW cm −2 ) and long‐term cycling stability (>300 h). This study provides reliable experimental evidence and theoretical guidance for rationally designing and constructing high‐performance, corrosion‐resistant single‐atom catalysts for marine energy conversion applications.",crossref,0
Structural and Chemical Dynamics of Cu/NiO/Cu(100) Surfaces During CO 2 Hydrogenation,https://onlinelibrary.wiley.com/doi/10.1002/anie.8933772,Angewandte Chemie International Edition,2026-09-08 00:00:00 UTC,2026-09-08 00:00:00+00:00,10.1002/anie.8933772,Beatriz Roldan Cuenya,"ABSTRACT Understanding the dynamic restructuring of bimetallic catalysts under reaction conditions is key to improving their performance and stability. Here, we unveil the drastic changes in the structure and surface composition of copper‐encapsulated NiO islands supported on Cu( 100 ) during CO 2 hydrogenation. Using in situ low‐energy electron microscopy (LEEM), x‐ray photoemission electron microscopy (XPEEM), and spatially resolved x‐ray absorption spectroscopy (µ‐NEXAFS), we show that NiO gradually reduces under hydrogenation conditions, despite being buried beneath a ∼3 nm Cu overlayer. Furthermore, the reduced Ni exhibits distinct spatial redistribution depending on whether CO is present in the CO 2 /H 2 reaction mixture. Density functional theory (DFT) calculations establish an adsorbate‐dependent rule: C‐bound intermediates thermodynamically favor Ni segregation, whereas O‐bound species stabilize a Cu‐terminated surface. Near‐ambient pressure (NAP) LEEM directly visualizes size‐dependent NiO island reduction governed by adsorbed H ads availability and local geometry. Together, these results show how reaction microenvironments can be used to steer bimetallic surface composition and the active sites during CO 2 hydrogenation.",crossref,0
Ferroelectric Phonon‐Dressed Exciton Polarons Enable Internal Charge Separation in Strongly Confined 2D Perovskites,https://onlinelibrary.wiley.com/doi/10.1002/anie.4560874,Angewandte Chemie International Edition,2026-09-08 00:00:00 UTC,2026-09-08 00:00:00+00:00,10.1002/anie.4560874,Haiming Zhu,"ABSTRACT Strongly confined two‐dimensional semiconductors exhibit intense excitonic absorption, but their large exciton binding energies generally suppress the internal separation of charge carriers. Here we show that the order‐parameter phonons of improper ferroelectricity provide an excited‐state pathway to overcome this limitation. In the n = 1 improper‐ferroelectric perovskite (Mpda)PbBr 4 , time‐ and spin‐resolved optical spectroscopy, coherent phonon analysis and first‐principles calculations reveal that the initially generated strongly bound intralayer exciton couples to two low‐frequency order‐parameter phonons associated with the ferroelectric lattice distortion. This coupling drives relaxation along the structural coordinates that generate improper ferroelectricity, transforming the strongly bound exciton into a charge‐transfer‐like ferroelectric exciton polaron beyond conventional Fröhlich coupling to polar longitudinal optical phonons. The resulting extended polarization response and layer‐asymmetric lattice relaxation dynamically screen the electron‐hole Coulomb interaction, reducing the effective binding energy from ∼540 to ∼16.5 meV. The weakly bound exciton polaron is then separated by the out‐of‐plane ferroelectric polarization field into long‐lived carriers, yielding a zero‐bias photocurrent ∼56 times larger than that of a nonferroelectric analogue. These findings identify improper‐ferroelectric order‐parameter phonons as active excited‐state structural coordinates for controlling exciton binding and charge separation in low‐dimensional semiconductors.",crossref,0
Sustainable Access to N ‐Heterocycles: One‐Pot Cascade Synthesis of Pyrroles From Bio‐Derived Furans,https://onlinelibrary.wiley.com/doi/10.1002/anie.8203203,Angewandte Chemie International Edition,2026-09-08 00:00:00 UTC,2026-09-08 00:00:00+00:00,10.1002/anie.8203203,Matthias Beller,"ABSTRACT The synthesis of pyrroles, fundamental nitrogen‐heterocyclic scaffolds in pharmaceuticals and materials science, remains a synthetic challenge, typically requiring pre‐functionalized precursors and multi‐step protocols. Here, we report an efficient cascade synthesis of N ‐substituted pyrroles directly from bio‐derived furans and nitroarenes, enabled by a synergistic bifunctional catalyst. The catalyst, featuring highly dispersed platinum (Pt) clusters anchored on a Brønsted acid‐rich zeolite (HY), achieves near‐quantitative yields (up to 97%) under atmospheric H 2 pressure. Systematic characterization, including aberration‐corrected transmission electron microscopy and x‐ray absorption spectroscopy, reveals that the Pt clusters provide the necessary moderate hydrogenation activity, thereby selectively reducing nitroarenes to anilines while leaving the furan ring intact. In contrast, Pt nanoparticles, owing to their excessive hydrogenation activity, lead to undesired over‐hydrogenation of both the furan and benzene rings. The zeolite's Brønsted acid sites subsequently facilitate a rapid ring‐opening/condensation sequence, enabling an oxygen‐to‐nitrogen transmutation to form pyrroles. This atom‐economic strategy tolerates a broad range of functional groups (>30 examples) and is further validated by the streamlined synthesis of a potent antimycobacterial drug candidate. Our findings demonstrate how modulating the electronic structure and ensemble configuration of noble metals at the atomic scale can unlock novel, sustainable transformation pathways for biomass‐derived platform chemicals.",crossref,0
Manipulating Spin‐Orbit Coupling in Conjugated Microporous Polymers Through Torsion Engineering to Generate Efficient Triplet Excitons for High‐Performance Photocatalysis,https://onlinelibrary.wiley.com/doi/10.1002/anie.6174836,Angewandte Chemie International Edition,2026-09-08 00:00:00 UTC,2026-09-08 00:00:00+00:00,10.1002/anie.6174836,Peiyang Gu,"ABSTRACT Maximizing photon utilization in organic photocatalysis requires harnessing both singlet and triplet excitons, however, the strategies to populate the spin‐forbidden triplet state in metal‐free polymers are rare. To address this issue, we report a new strategy, namely employing a spin‐orbit charge transfer intersystem crossing (SOCT‐ISC), to unlock the triplet manifold in conjugated microporous polymers (CMPs). Using a postsynthetic [2 + 2] cycloaddition‐retroelectrocyclization (CA‐RE) reaction, we precisely control the cyano number in the polymer backbone. This chemical modification induces a critical orthogonal molecular torsion, which maximizes spin‐orbit coupling (SOC) and minimizes the singlet‐triplet energy gap (Δ E ST ). Femtosecond transient absorption spectroscopy confirms the efficient triplet generation by torsion engineering. Consequently, the optimized photocatalyst achieves a hydrogen peroxide (H 2 O 2 ) production rate of 5.01 mmol g −1 h −1 in pure water and a rate of 101.26 mmol g −1 h −1 in a benzyl alcohol‐coupled system, with a solar‐to‐chemical conversion (SCC) efficiency of 0.62%, and an outdoor production reaches 5 mmol L −1 daily. This work leverages torsion engineering to harness triplet excitons, demonstrating the successful overcoming of thermodynamic barriers in artificial photosynthesis.",crossref,0
Chemical Synthesis and Functional Screening of an 800 000‐Member Library Using a Peptide‐Pairing Strategy,https://onlinelibrary.wiley.com/doi/10.1002/anie.3693802,Angewandte Chemie International Edition,2026-09-08 00:00:00 UTC,2026-09-08 00:00:00+00:00,10.1002/anie.3693802,Christian Heinis,"ABSTRACT Peptide library generation by chemical synthesis allows using a wide range of non‐canonical amino acids and thus the screening of chemically and structurally highly diverse libraries. However, despite recent improvements in high‐throughput synthesis such as solid‐phase peptide synthesis in 384‐well plates, the size of synthetic peptide libraries is typically limited to a few thousand molecules. Herein we developed a strategy in which m short peptides with a thiol functional group are combinatorially paired with n short peptides of the same format by a disulfide bridge to generate m × n different peptide sequences. Using acoustic liquid transfer for rapid reagent transfer and formation of multiple peptide pairs per well in 1536‐well plates, we were able to screen over 800 000 different compounds that led to the identification of nanomolar inhibitors of the coagulation disorder protease thrombin. The concept of pairing synthetic peptide fragments might be applicable to other targets for identifying peptidic ligands below 1 kDa and thereby small enough to potentially deliver starting points for the development of membrane‐permeable drugs for oral application and/or intracellular targeting.",crossref,0
Direct Experimental Evidence of Hot‐Exciton Channels via Anti‐Kasha T 2 Phosphorescence in High‐Efficiency Red OLEDs,https://onlinelibrary.wiley.com/doi/10.1002/anie.1763311,Angewandte Chemie International Edition,2026-09-08 00:00:00 UTC,2026-09-08 00:00:00+00:00,10.1002/anie.1763311,Shanfeng Xue,"ABSTRACT High‐efficiency red‐emissive organic materials are crucial for full‐color displays and solid‐state lighting but remain fundamentally constrained by the energy‐gap law, which accelerates non‐radiative decay in low‐bandgap systems. Herein, two asymmetric donor–acceptor–donor′ (D–A–D′) red emitters, PPIPP and PPIPOX, were developed by integrating a benzothiadiazole (BT/BTZ) acceptor with phenoxazine and phenanthroimidazole donors. Both emitters exhibit hybridized local and charge‐transfer (HLCT) excited states and favorable high‐lying triplet‐state alignment, enabling hot‐exciton processes. Most importantly, distinct anti‐Kasha T 2 phosphorescence was directly observed at low temperature, providing direct evidence that high‐lying triplet excitons can persist despite the normally rapid T 2 → T 1 internal conversion. Furthermore, pronounced negative magneto‐electroluminescence (MEL) under high magnetic fields supports spin–flip processes associated with high‐lying reverse intersystem crossing (hRISC). The resulting organic light‐emitting diodes (OLEDs) exhibit efficient red electroluminescence with high brightness. Mechanistic investigations reveal that triplet–triplet annihilation mainly replenishes high‐lying triplet populations, while efficient exciton conversion is dominated by the hot‐exciton high‐lying reverse intersystem crossing (hRISC) pathway. This work establishes anti‐Kasha T 2 phosphorescence together with negative MEL as powerful experimental signatures for validating hot‐exciton mechanisms in red OLED emitters.",crossref,0
HSAB‐Guided Design of Chiral Osmium Halides With Both Efficient Nonlinear Optical Properties and High Stability,https://onlinelibrary.wiley.com/doi/10.1002/anie.4229892,Angewandte Chemie International Edition,2026-09-08 00:00:00 UTC,2026-09-08 00:00:00+00:00,10.1002/anie.4229892,Guankui Long,"ABSTRACT Chiral hybrid organic–inorganic metal halides (HOIMHs) hold great promise for nonlinear optical (NLO) applications. However, their practical applications are severely hindered by the poor environmental stability and photostability. Herein, guided by the hard and soft acids and bases (HSAB) theory, we quantitatively calculated and compared the chemical hardness of all elements in the periodic table based on density functional theory, and found osmium (Os) exhibits the highest chemical hardness among Group VIII transition metals. Thus, we synthesized the chiral osmium‐based HOIMHs, ( R / S ‐3BrMBA) 2 OsCl 6 ( R / S ‐Os ), and systematically investigated their NLO properties and stability. As expected, the obtained chiral osmium halides remain stable after two months of exposure to air, and the second‐harmonic generation (SHG) intensity remains almost unchanged after the same period, confirming their outstanding long‐term stability. The efficient SHG responses with effective second‐order nonlinear susceptibility ( χ eff ) of 6.4 pm/V and strong SHG circular dichroism (SHG‐CD) with anisotropy factor (| g SHG‐CD |) of 0.33 are also observed. Our work provides valuable HSAB‐guided screening strategy for predicting and designing the highly stable NLO materials.",crossref,0
Synergy Between Hydroxyl and Oxygen Vacancy Enhances CO Adsorption on Oxide Surface,https://onlinelibrary.wiley.com/doi/10.1002/anie.7285374,Angewandte Chemie International Edition,2026-09-08 00:00:00 UTC,2026-09-08 00:00:00+00:00,10.1002/anie.7285374,Qiang Fu,"ABSTRACT Oxide catalysts often outperform their metal counterparts in selectivity for CO hydrogenation reactions. However, their wide applications are hindered by inherently lower CO conversion rates, primarily attributed to the weak adsorption of CO on oxide surfaces. In this work, we report that the combination of hydroxyl (OH) groups and oxygen vacancies (V O ) on a single‐layer MnO x surface creates a synergistic effect that facilitates strong CO adsorption. As such, CO can stably adsorb on the MnO x surface under ultra‐high vacuum at room temperature, with a desorption temperature exceeding that on the benchmark Pt(111) surface. In contrast, CO fails to adsorb on MnO x surfaces containing only OH groups or only V O . Moreover, the CO coverage on the MnO x surface can be tuned by adjusting the relative concentrations of OH groups and V O . Theoretical calculations reveal that the presence of neighbouring OH further increases charge accumulation at Mn sites surrounded with V O , which provides more electrons for CO–surface bonding and consequently strengthens CO adsorption. This work highlights the cooperative role of surface OH and V O in enhancing CO adsorption, providing valuable insight into CO activation on metal oxide surfaces and offering guidance for improving syngas conversion reactions.",crossref,0
Valorization of Nitrate and Carbon Dioxide into Ammonia and Urea under Visible Light,https://pubs.acs.org/aelccp/article/doi/10.1021/acsenergylett.6c01894/5426654/Valorization-of-Nitrate-and-Carbon-Dioxide-into,ACS Energy Letters: Latest Articles (ACS Publications),2026-09-08 00:00:00 UTC,2026-09-08 00:00:00+00:00,10.1021/acsenergylett.6c01894,Javier Vela,"Abstract The energy-intensive manufacture of nitrogen-based fertilizers such as ammonia (NH3) and urea consumes a significant fraction of the global energy supply. At the same time, widespread accumulation of excess nitrate (NO3–) from agricultural runoff poses serious risks to ecological and human health. These escalating environmental and economic costs highlight a pressing need for more sustainable fertilizer production. Photocatalytic conversion of waste NO3– into NH3 underscores a growing interest in circular low-energy alternatives to the traditional Haber–Bosch process. For example, as the most widely applied nitrogen fertilizer, analogous routes to urea remain critically underdeveloped. We demonstrate the valorization of two abundant and harmful pollutants, nitrate and carbon dioxide (CO2) into urea over a mixture of commercially available TiO2 and CuO photocatalysts. The ability to drive this complex transformation under ambient temperature and pressure using solar energy highlights its potential to lower the energy demand of conventional fertilizer production. These results provide a fundamental platform from which to envision a more sustainable, visible light-driven ammonia/urea synthesis.",crossref,0
Nonmonotonic Li-Content Evolution and Size-Dependent Lithium Accessibility in Degraded High-Nickel Cathodes,https://pubs.acs.org/aelccp/article/doi/10.1021/acsenergylett.6c01660/5426573/Nonmonotonic-Li-Content-Evolution-and-Size,ACS Energy Letters: Latest Articles (ACS Publications),2026-09-08 00:00:00 UTC,2026-09-08 00:00:00+00:00,10.1021/acsenergylett.6c01660,Jongwoo Lim,"Abstract Understanding how degradation reshapes lithium (de)insertion pathways in high-nickel cathodes is crucial for extending battery lifetime. Here, we integrate operando synchrotron X-ray diffraction (sXRD) with electrode-level transmission X-ray microscopy (TXM) to quantitatively resolve how degradation redistributes lithium accessibility in Ni-rich NCA cathodes. Using a 26-state deconvolution framework, we show that degraded electrodes exhibit nonmonotonic Li-content population evolution: delithiation kinetics are initially suppressed, transiently synchronized, and ultimately diverge, leaving ∼7% discharge-like states and ∼13% intermediate Li-content states at the end of charge. Spatially resolved TXM reveals that this divergence originates from size-dependent accessibility constraints—large particles develop persistent intra-particle state-of-charge gradients, while small particles exhibit pronounced inter-particle disparity. This work establishes a quantitative framework linking bulk Li-content population dynamics to particle-level degradation mechanisms in high-nickel cathodes.",crossref,0
Atomic-Scale Intergrowth Regulation Enables Long-Cycling Zero-Strain Sodium Layered Oxide Cathodes,https://pubs.acs.org/aelccp/article/doi/10.1021/acsenergylett.6c01278/5426602/Atomic-Scale-Intergrowth-Regulation-Enables-Long,ACS Energy Letters: Latest Articles (ACS Publications),2026-09-08 00:00:00 UTC,2026-09-08 00:00:00+00:00,10.1021/acsenergylett.6c01278,Yan Yu,"Abstract P2-type layered oxide cathodes feature high median voltage and outstanding cycling stability, but their specific capacity of merely 80 mAh g–1 severely limits practical utility. Conventional P2/O3 biphasic strategies to boost capacity typically sacrifice structural stability or median voltage. In this work, density functional theory calculations identify the thermodynamic phase-ratio boundary for biphasic stability, confirming that limiting sodium-rich O3 phase below 20% suppresses the detrimental O3-P3 transition during cycling. Guided by this, precise transition metal tuning yields an optimal atomically intermixed P2/O3-93 cathode (Na3/4Ni1/3Fe1/12Mn7/12O2). It exhibits pronounced zero-strain behavior, with volume change reduced from 3.7% (O3-type reference) to &lt;1%. It maintains a 3.3 V median voltage, raises capacity by 40% to 112 mAh g–1, and achieves 93% retention after 500 cycles at 1 C. Furthermore, it enables 300 stable cycles in all-solid-state sodium-ion batteries at 30 MPa, offering a viable route for high-performance layered oxide cathodes.",crossref,0
Unraveling the Role of MASCN in Controlling Phase Distribution for High-Efficiency Quasi-2D Stilbene-Based Perovskite Solar Cells,https://pubs.acs.org/aelccp/article/doi/10.1021/acsenergylett.6c02235/5426595/Unraveling-the-Role-of-MASCN-in-Controlling-Phase,ACS Energy Letters: Latest Articles (ACS Publications),2026-09-08 00:00:00 UTC,2026-09-08 00:00:00+00:00,10.1021/acsenergylett.6c02235,Gustavo de Miguel,"Abstract The performance and stability of quasi-2D metal halide perovskite solar cells (PSCs) are strongly governed by the distribution of the low-dimensional phases. Here, we investigate the role of the methylammonium thiocyanate (MASCN) additive in quasi-2D PSCs. XRD, GIWAXS, and transient absorption spectroscopy show that SCN– suppresses the formation of low-n phases and promotes higher-n domains. Spectroscopy and scattering measurements reveal that SCN– coordinates Pb2+ to form intermediate iodoplumbate complexes that appear to assemble into large precursor aggregates, consistent with nucleation intermediates likely promoting higher-n phases. This structural reconfiguration enhances the power conversion efficiency from 5.8 to 13.4%, and retains ∼75% of their initial efficiency after 1000 h under maximum power point tracking and in N2 atmosphere, despite the reduced fraction of the inherently stable low-n phases. These findings demonstrate that the control of the nucleation at the precursor stage is an effective strategy to tune phase distribution and improve efficiency without severely compromising stability in quasi-2D PSCs.",crossref,0
Mn[B(HFIP)4]2: A Weakly Coordinating Electrolyte for Mn Metal Batteries,https://pubs.acs.org/aelccp/article/doi/10.1021/acsenergylett.6c02094/5426432/Mn-B-HFIP-4-2-A-Weakly-Coordinating-Electrolyte,ACS Energy Letters: Latest Articles (ACS Publications),2026-09-08 00:00:00 UTC,2026-09-08 00:00:00+00:00,10.1021/acsenergylett.6c02094,Gang Wang,"Abstract Mn metal batteries (MnMBs) are promising for stationary applications owing to the low cost and low working potential of Mn anodes. However, developing electrolytes that combine high ionic conductivity with low-overpotential Mn plating/stripping remains challenging because of the trade-off between salt dissociation and desolvation. Herein, we propose a weakly coordinating electrolyte, Mn[B(HFIP)4]2 (HFIP: hexafluoroisopropyl), for advanced MnMBs. The [B(HFIP)4]– anion, featuring full electron delocalization and steric hindrance, promotes complete salt dissociation in low-dielectric-constant ethers, yielding a pure ether-coordinated Mn2+ electrolyte with high ionic conductivity (4.7–8.5 mS/cm at 20 °C) and a wide electrochemical window (&gt;3 V). Weak ether-Mn2+ coordination facilitates desolvation, affording a record-low Mn plating/stripping overpotential (&lt;100 mV at 0.5 mA/cm2) and dendrite-free 3D growth. Coupling Mn anodes with polytriphenylamine or activated carbon cathodes enables quick-charge full cells, demonstrating the potential of anion engineering for high-performance multivalent metal batteries.",crossref,0
Applying causal machine learning to assess and improve cleantech policy design,https://www.nature.com/articles/s41560-026-02134-2,Nature Energy,2026-09-08 00:00:00 UTC,2026-09-08 00:00:00+00:00,10.1038/s41560-026-02134-2,Stefan Feuerriegel,"Effective clean technology (cleantech) policies, such as subsidies and carbon pricing, require an understanding of how interventions shape environmental and socioeconomic outcomes. To support targeted, evidence-based policy design, we discuss how causal machine learning can compare alternative policy scenarios and reveal where, how and for whom cleantech policies work.",rss_nature,0
Quasi-ballistic ion transport boosts evaporation-driven electricity generation,https://www.nature.com/articles/s41560-026-02142-2,Nature Energy,2026-09-08 00:00:00 UTC,2026-09-08 00:00:00+00:00,10.1038/s41560-026-02142-2,,"Evaporation-driven electricity generation can utilize the abundant thermal energy in the atmosphere, but is limited by ion scattering in the energy-harvesting material. Machine learning has now enabled the design of vertical microrod generators that achieve quasi-ballistic ion transport, boosting the power density and power conversion efficiency.",rss_nature,0
Charge-switching ionizable lipids lower the toxicity of lipid nanoparticles,https://www.nature.com/articles/s41565-026-02262-6,Nature Nanotechnology,2026-09-08 00:00:00 UTC,2026-09-08 00:00:00+00:00,10.1038/s41565-026-02262-6,Niren Murthy,"Abstract
                  Lipid nanoparticles (LNPs) have great potential as nucleic acid delivery vehicles; however, they trigger the production of inflammatory cytokines, which limits their medical applications. Developing non-inflammatory LNPs is challenging because the LNP’s ionizable lipid and the process of endosomal disruption are the major sources of LNP toxicity but are also essential for delivering nucleic acids. Here we demonstrate that ionizable lipids containing a carboxylic acid and an amine (termed S-lipid) switch their charged state between the pHs of 7.4 and 4.0, allowing them to generate LNPs (termed switchable nanoparticles) that efficiently encapsulate nucleic acid and trigger endosomal release without activation of the TLR4, complement, galectin-8 and platelet activating factor signalling pathways. Finally, we demonstrate that switchable nanoparticles are better at treating lipopolysaccharide-induced acute lung injury than traditional LNPs because they do not exacerbate pre-existing inflammation. Collectively, these results demonstrate that negatively charged ionizable lipids can mitigate the toxicity of LNPs.",crossref,0
Structured light–matter interaction in semiconductor cavity quantum electrodynamics,https://www.nature.com/articles/s41565-026-02275-1,Nature Nanotechnology,2026-09-08 00:00:00 UTC,2026-09-08 00:00:00+00:00,10.1038/s41565-026-02275-1,Jin Liu,"Structured light–matter interaction at the single-photon level is demonstrated in a coupled quantum-dot–micropillar system, enabling cavity-enhanced single-photon emission with spin-locked orbital angular momentum and tunable spin–orbit entanglement.",rss_nature,0
Publisher Correction: Edge-sharing RuO2 single layer for stable and low overpotential acidic water electrolysis,https://www.nature.com/articles/s41565-026-02288-w,Nature Nanotechnology,2026-09-08 00:00:00 UTC,2026-09-08 00:00:00+00:00,10.1038/s41565-026-02288-w,Qi Shao,,,0
Genetically engineered crop adoption support yields and cultivation under climate change,https://www.nature.com/articles/s41558-026-02737-3,Nature Climate Change,2026-09-08 00:00:00 UTC,2026-09-08 00:00:00+00:00,10.1038/s41558-026-02737-3,Xingguo Wang,"The authors analyse the impacts of the adoption of genetically engineered crops in the USA over 40 years. They show that genetically engineered crop adoption has led to some increases in yield and reduced yield volatility, while also acting as an adaptation against climate change-driven northward shifts.",rss_nature,0
Radical‐Driven Photosynthesis of Hydrogen Peroxide From Only Water Promoted by Porous Aromatic Frameworks,https://onlinelibrary.wiley.com/doi/10.1002/anie.6428960,Angewandte Chemie International Edition,2026-09-08 00:00:00 UTC,2026-09-08 00:00:00+00:00,10.1002/anie.6428960,Guangshan Zhu,"ABSTRACT Direct water oxidation to hydrogen peroxide (H 2 O 2 ) solely from water and sunlight represents a highly economical solar‐to‐chemical pathway, but suffers from the competition of thermodynamically‐favored oxygen evolution reaction (OER). Herein, we report a radical‐driven strategy for H 2 O 2 photosynthesis through water oxidation reaction (WOR), enabled by rationally engineered porous aromatic frameworks (PAFs). PAF‐261N, −262, and −263 with donor‐π‐acceptor architectures were targeted synthesized using the thiol‐alkyne click reaction, and thiyl radicals can be in situ generated from pendant thiol groups in these customized PAFs under visible light irradiation. These highly reactive thiyl radicals enables to bypass the competitive OER pathway and overcoming WOR redox‐potential limitations via a hydrogen atom transfer mechanism. This unique pathway was unequivocally confirmed through comprehensive isotopic labeling, radical trapping and verification, and density functional theory calculations. Notably, the free thiol group densities within PAF‐263 can be easily tuned, and we achieved a high H 2 O 2 production rate of 13.68 mmol g −1 h −1 , significantly outperforming existing benchmarks in photocatalytic systems. Being completely metal‐free and independent of sacrificial reductants, this work establishes a robust photosynthetic process for H 2 O 2 production and opens a door for effective and scalable photocatalyst design for many challenging chemical transformations.",crossref,0
Photoinduced Boryl Radical‐Promoted Stepwise Dehalogenative Functionalization of Polyhaloalkyl Groups,https://onlinelibrary.wiley.com/doi/10.1002/anie.6273159,Angewandte Chemie International Edition,2026-09-08 00:00:00 UTC,2026-09-08 00:00:00+00:00,10.1002/anie.6273159,Yi‐Feng Wang,"ABSTRACT Partially halogenated alkyl motifs are prevalent in pharmaceuticals and functional materials, yet their synthesis via selective, stepwise dehalogenative functionalization of readily available polyhalogenated precursors constitutes a marked challenge. Furthermore, a general method capable of functionalizing C─F, C─Cl, and C─Br bonds under unified conditions has remained elusive because of their markedly different reactivities. Herein, we report a visible‐light‐driven, photocatalyst‐free strategy for selective dehalogenative alkylation and hydrodehalogenation of polyhaloalkyl molecules across three C─X (X = F, Cl, or Br) bond types. The method relies on a unique photoactive complex formed from 4‐dimethylaminopyridine (DMAP)–BH 3 and thiophenol through synergistic noncovalent interactions. Visible‐light excitation triggers a previously unrecognized thiol‐to‐borane charge transfer, ultimately generating the DMAP‐boryl radical for selective C─X bond activation. The protocol accommodates tetra‐, tri‐, and dihaloalkyl substrates with broad functional group tolerance. Sequential C─X bond functionalization further provides modular access to structurally diverse partially halogenated alkyl architectures. Time‐resolved spectroscopic studies and density functional theory (DFT) calculations support the proposed mechanistic pathway.",crossref,0
Ultra‐Trace Electrolyte Additives for Ah‐Level Zinc‐Ion Batteries Through Lattice‐Matching Strategy,https://onlinelibrary.wiley.com/doi/10.1002/anie.5605595,Angewandte Chemie International Edition,2026-09-08 00:00:00 UTC,2026-09-08 00:00:00+00:00,10.1002/anie.5605595,Lixin Wu,"ABSTRACT Aqueous zinc ion batteries (AZIBs) represent a highly promising technology; however, practical deployment remains impeded by uncontrolled dendritic growth and side reactions. To address these fundamental limitations, the rational design and synthesis of a novel electrolyte additive is reported here, guided by the lattice matching principle, in which thioctic acid (TA) is covalently grafted onto an Anderson‐type polyoxometalate (POM). During electrochemical operation, TA moieties selectively adsorb onto the Zn anode surface and undergo in situ electrochemical polymerization. Due to the Zn–S interaction, Zn 2+ preferentially bind to the sulfur rich polymer chains with a periodic distance of 4.62 Å for S···S, which is perfect in agreement with the distance of zinc atoms (4.55 Å) along [10] direction within (002) crystal plane, thereby inducing the atomic level deposition of Zn 2+ . The Zn||I 2 cell exhibits outstanding longevity, retaining stable performance for more than 20 000 cycles at 10 A g −1 . Furthermore, a pouch battery with 1.6 Ah capacity retains over 99% of its initial capacity after 325 cycles. Remarkably, even at an ultralow concentration of 0.001%, the prepared electrolyte additive can enhance cycling stability. Through this work, an ultra‐trace additive‐enabled, atomic‐scale interfacial engineering paradigm for AZIBs is established.",crossref,0
Backbone‐Mediated Coordination‐Environment Reshaping in Gel Polymer Electrolytes for High‐Voltage Lithium Metal Batteries,https://onlinelibrary.wiley.com/doi/10.1002/anie.5855662,Angewandte Chemie International Edition,2026-09-08 00:00:00 UTC,2026-09-08 00:00:00+00:00,10.1002/anie.5855662,Anjun Hu,"ABSTRACT Conventional linear polyether electrolytes feature abundant ether‐oxygen sites that dominate the primary Li + solvation shell, limiting anion participation and undermining ion transport and high‐voltage stability. A backbone‐mediated coordination‐environment reshaping strategy is proposed by incorporating diglycidyl 1,2‐cyclohexanedicarboxylate (DCD) into the copolymerization of 1,3‐dioxolane (DOL), yielding an in situ crosslinked gel polymer electrolyte, P(DCD‐DOL). The weakly coordinating ester carbonyl groups and the spatially restricted ether‐oxygen sites in the crosslinked network jointly weaken backbone–Li + coordination and promote anion/solvent participation in the Li + solvation shell. Multiscale characterizations and theoretical simulations confirm that P(DCD‐DOL) effectively optimizes the Li + solvation structure, leading to a high Li + transference number of 0.64, an oxidative stability window of 5.20 V, and inorganic‐rich electrode–electrolyte interphases. Consequently, Li||NCM811 cells with P(DCD‐DOL) retain 84.21% capacity after 500 cycles at 4.3 V, and 80.62% after 200 cycles at 4.5 V. Moreover, a 0.9 Ah pouch cell achieves an energy density of 305 Wh kg −1 and retains 82.33% capacity over 180 cycles. This work highlights polymer backbone engineering as an effective route to regulate Li + coordination and interfacial chemistry in high‐voltage lithium metal batteries.",crossref,0
A Portal‐Preorganized Cucurbit[7]uril‐Ruthenium Conjugate Enables Motif‐Selective Protein Sensing,https://onlinelibrary.wiley.com/doi/10.1002/anie.6821024,Angewandte Chemie International Edition,2026-09-08 00:00:00 UTC,2026-09-08 00:00:00+00:00,10.1002/anie.6821024,Frank Biedermann,"ABSTRACT We report a portal‐preorganized cucurbit[7]uril (CB7)‐ruthenium conjugate that reprograms CB7 recognition without modifying the host cavity itself. Covalent integration of a tris(2,2′‐bipyridine)ruthenium(II) chromophore at the CB7 portal yields the unimolecular receptor CB7‐Rubpy, in which guest binding is directly coupled to emission. The proximal Ru chromophore attenuates binding of classical polycationic CB7 guests while enhancing recognition of aromatic peptide and protein motifs, producing a selectivity shift of nearly two orders of magnitude relative to native CB7. CB7‐Rubpy thereby converts CB7 from a charge‐selective host into a motif‐selective receptor for aromatic protein epitopes, displaying high affinity for insulin ( K a = 1.5 × 10 7 M −1 ) and submicromolar detection capability. The same motif‐selective recognition enables monitoring of aromatic motif accessibility during protein refolding. These findings establish portal‐preorganized chromophore integration as a design strategy for coupling selectivity tuning and signal transduction in CB‐based receptors.",crossref,0
Functional‐Group Synergy Regulates Dynamic Hydrogen‐Bond for High‐Rate and Wide‐Temperature Zinc Deep Eutectic Electrolytes,https://onlinelibrary.wiley.com/doi/10.1002/anie.2600676,Angewandte Chemie International Edition,2026-09-08 00:00:00 UTC,2026-09-08 00:00:00+00:00,10.1002/anie.2600676,Xiao Liang,"ABSTRACT Zinc deep eutectic electrolytes (DEEs) have garnered increasing interest due to their unique physicochemical properties. However, simultaneously achieving high‐rate capability and wide‐temperature operation remains challenging because strong solvent–ion interactions increase both viscosity and desolvation barriers. Here, three model DEEs were constructed using propionamide, N ‐methylacetamide, and methylurea to systematically elucidate the roles of C═O, NH, and NH 2 functional groups in regulating salt dissociation and hydrogen‐bond networks. Comparative studies reveal that the cooperative C═O/NH groups govern efficient Zn‐salt dissociation, whereas the additional NH 2 group transforms a relatively rigid hydrogen‐bond network into a dynamically reconfigurable one. The resulting enhanced dynamic hydrogen‐bond exchange continuously reconstructs the Zn 2+ solvation environment, lowers the desolvation barrier, increases ligand participation in the primary solvation sheath, and promotes the formation of a robust N/Cl‐rich hybrid interphase. Consequently, the optimized ZCMI enables highly reversible Zn plating/stripping from −40°C to 60°C, sustains stable cycling for over 8000 h at −40°C, and supports current densities up to 10.0 mA·cm −2 . Zn||PANI full cells exhibit excellent rate capability, retain 96% of their initial capacity after 1200 cycles at −40°C, and operate stably at 60°C. These findings establish dynamic hydrogen‐bonding as a key descriptor governing solvation chemistry in zinc DEEs.",crossref,0
Enantioselective Copper‐Catalyzed Vinyl Boron‐Wittig Reaction to Form Allenes,https://onlinelibrary.wiley.com/doi/10.1002/anie.7084396,Angewandte Chemie International Edition,2026-09-08 00:00:00 UTC,2026-09-08 00:00:00+00:00,10.1002/anie.7084396,Wanxiang Zhao,"ABSTRACT The development of general methods for the enantioselective synthesis of axially chiral molecules remains a longstanding challenge in organic synthesis. Among these, allenes represent a particularly important class of motifs due to their unique structural and electronic properties, yet their catalytic enantioselective construction remains underdeveloped. Here we report a copper‐catalyzed enantioselective vinyl boron‐Wittig reaction that enables the efficient synthesis of chiral allenes from readily available 1,1‐diborylalkenes and aldehydes. This transformation proceeds under mild conditions using earth‐abundant copper catalysts and readily accessible ligands, and exhibits a broad substrate scope, encompassing both aryl‐ and alkyl‐substituted diborylalkenes as well as aromatic and aliphatic aldehydes. The method delivers di‐ and tri‐substituted chiral allenes in good yields, with high enantioselectivity and excellent functional‐group tolerance, and is applicable to structurally complex substrates derived from natural products and pharmaceuticals. The resulting functionalized allenes can be readily diversified, highlighting the synthetic utility of this approach. Mechanistic studies support a pathway involving regioselective transmetalation, enantioselective 1,2‐addition, and a copper‐promoted B–O elimination, thereby establishing a new paradigm for allene synthesis through a catalytic boron‐Wittig‐type reaction.",crossref,0
Macrocyclic Steric Confinement at Heavy‐Atom Sites to Suppress Spin‐Orbit Coupling for Room‐Temperature Spin Transport in Organic Semiconductors,https://onlinelibrary.wiley.com/doi/10.1002/anie.9997737,Angewandte Chemie International Edition,2026-09-08 00:00:00 UTC,2026-09-08 00:00:00+00:00,10.1002/anie.9997737,Xiangnan Sun,"ABSTRACT Electron spin transport in organic semiconductors (OSCs) at room temperature is fundamentally limited by an intrinsic trade‐off between spin diffusion and spin relaxation, arising from spin‐orbit coupling associated with heavy atoms in conjugated backbones. Here, we demonstrate that macrocyclic steric confinement at heavy‐atom sites unlocks a previously inaccessible spin‐transport regime in OSCs, in which efficient spin diffusion and long‐lived spin coherence intrinsically coexist. Employing a previously reported macrocyclic‐confined thiophene‐based OSC as a model system, we show that a covalently linked macrocycle enforces a highly linear conjugated backbone while dispersing spin density away from heavy atoms. This unique combination suppresses spin‐orbit coupling while preserving strong charge delocalization. Thus, the macrocyclic‐confined molecule exhibits a concurrent and marked enhancement in both intrinsic spin diffusion coefficient and spin lifetime in pristine thin films. When implemented in organic spin valves, this molecule delivers a room‐temperature spin diffusion length of 322 nm together with a spin lifetime of 253 µs, setting new benchmarks of both metrics for organic spintronic materials. These findings reveal how macrocyclic steric confinement fundamentally reshapes spin‐orbit coupling in conjugated systems and establish a general chemical principle for reconciling structural order with long‐lived spin coherence in OSCs.",crossref,0
Iron‐Deprivation Liposomes for Cancer Therapy,https://onlinelibrary.wiley.com/doi/10.1002/anie.5926794,Angewandte Chemie International Edition,2026-09-08 00:00:00 UTC,2026-09-08 00:00:00+00:00,10.1002/anie.5926794,Yiyun Cheng,"ABSTRACT Targeting iron homeostasis in tumor cells represents a promising anticancer strategy, as iron plays essential roles in tumor growth, invasion, and metastasis. Although deferoxamine can effectively chelate iron, its clinical application is limited by poor membrane permeability, short half‐life, and lack of targeting capability. To overcome these challenges, we designed and synthesized a family of DFO‐bearing lipids by modifying the molecule with dual fatty acid chains of varying lengths, and co‐assembled them with auxiliary lipids via microfluidics to construct “iron‐deprivation” liposomes. Among them, the medium‐chain DFO‐C12‐liposomes exhibited the highest cellular uptake, iron‐deprivation efficiency, and anticancer activity in vitro, markedly depleting mitochondrial iron, disrupting Fe–S cluster synthesis, suppressing mitochondrial respiration, and inducing autophagy. Furthermore, DFO‐C12‐liposomes efficiently coordinated Mn 2 + via DFO–Mn 2 + chelation, providing MRI capability while inducing iron deprivation–mediated ferroptosis. In addition, the iron‐deprivation liposomes can encapsulate anticancer drugs such as doxorubicin, leading to an enhanced antitumor effect through the combination of iron deprivation and chemotherapy for osteosarcoma treatment. In summary, the “iron‐deprivation” liposomes integrate iron chelation, imaging functionality, and chain‐length‐dependent cellular uptake into a versatile nanoplatform for regulating tumor iron homeostasis and achieving enhanced antitumor efficacy through multimodal therapeutic strategies.",crossref,0
Dialkyl Ethers and Sacrificial Zinc: Oxide Synthons for Calcium tert ‐Butoxide Formation,https://onlinelibrary.wiley.com/doi/10.1002/anie.9268230,Angewandte Chemie International Edition,2026-09-08 00:00:00 UTC,2026-09-08 00:00:00+00:00,10.1002/anie.9268230,Claire L. McMullin,"ABSTRACT The calcium hydride, [(BDI)CaH] 2 (BDI = HC{C(Me)NDipp} 2 , where Dipp = 2,6‐ i‐ Pr 2 C 6 H 3 ), reacts with Zn t ‐Bu 2 to form the monomeric and toluene‐stabilised calcium dialkyl(hydrido)zincate, [(BDI)Ca‐μ‐H‐Zn( t ‐Bu) 2 (η 6 ‐C 7 H 8 )]. When treated with dialkyl ethers, this compound initiates a sequence of twofold ether deprotonation and dealkylation by alkene extrusion, from which the resultant oxide dianion is sequestered as a tert ‐butoxide anion. Through a combination of experiment and theory, this completely selective C─O bond forming process is deduced to result from the formation of incipient calcium tert ‐butyl and hydride intermediates, and subsequent tertiary carbenium ion generation enabled by reduction of Zn(II) to elemental zinc. The overall transformation, therefore, may be rationalised as a consequence of latent extreme basicity in harness with a cooperative redox process that is intrinsic to the combination of dissimilar constituent metals.",crossref,0
Anion–π Interaction‐Regulated Ion Generation and High Piezoionic Response in Ultrasoft Low‐Salinity Hydrogels,https://onlinelibrary.wiley.com/doi/10.1002/anie.5890029,Angewandte Chemie International Edition,2026-09-08 00:00:00 UTC,2026-09-08 00:00:00+00:00,10.1002/anie.5890029,Hongbo Zeng,"ABSTRACT Anion–π interactions play important roles in underwater cohesion and selective ion recognition and transport in biological systems. Inspired by these functions, we report the first hydrogel system employing anion–π interactions as a design motif for piezoionic energy conversion. Unlike conventional piezoionic hydrogels that typically employ relatively stiff matrices (10 −7 –10 −4 Pa −1 ) and concentrated salts (≥1 M), our system achieves efficient mechanoelectrical conversion in an ultrasoft hydrogel under low‐salinity conditions. Anion–π interactions serve as dynamic cohesive crosslinking motifs, imparting injectability, self‐healing, and ultrasoft tissue compliance (10 −3 –10 −2 Pa −1 ), while the cooperative aromatic–phosphate environment is proposed to regulate the separation of water‐derived ionic species. Hydrated protonic species may associate with aromatic motifs through cation–π interactions strengthened by adjacent phosphate groups, increasing the lifetime of charge‐separated protonic and hydroxide‐containing ions. Under deformation‐induced pressure gradients, poroelastic solvent redistribution is proposed to preferentially transport mobile hydroxide‐containing species, producing ionic transport asymmetry and a high piezoionic coefficient of 7.8 mV kPa −1 , with 70.6 mV voltage and 32.1 µA current at ≤0.15 M salt. This combination enables minimally invasive delivery, conformal tissue contact, biomechanical monitoring, and stimulation‐level voltage generation. This work highlights anion–π interactions as a versatile strategy for developing next‐generation soft ion‐conducting materials with combined mechanical and electromechanical properties.",crossref,0
In Situ One‐Step Fabrication of Interpenetrating Structures in Liquid Crystal Elastomer Fibers via a Novel Mechanism Coupling Confined Evaporation and Dynamic Chemistry,https://onlinelibrary.wiley.com/doi/10.1002/anie.4193231,Angewandte Chemie International Edition,2026-09-08 00:00:00 UTC,2026-09-08 00:00:00+00:00,10.1002/anie.4193231,Zhongqiang Yang,"ABSTRACT Liquid crystal elastomers (LCEs) face three critical fabrication challenges: first, the fabrication of complex structures relies on external devices, prone to spatial interference that restricts the design space of topological structures; second, the orientation of liquid crystal (LC) mesogens is dependent on external fields, with precision limited by existing instrumentation; third, the asynchrony between structure formation and orientation induction restricts complex structure fabrication. Herein, we propose an in situ one‐step fabrication strategy and successfully fabricate interpenetrating structures that are difficult to realize via conventional approaches. This strategy is based on a novel mechanism, confined evaporation and dynamic chemistry induce ordered topological network formation, which not only broadens the design freedom of complex structures but also achieves three core breakthroughs: autonomous structure regulation via pre‐customized confined templates, spontaneous LC mesogens orientation driven by internal stress from confined evaporation, and spatiotemporal synchronization of structure formation and orientation induction enabled by the introduction of dynamic covalent chemistry. Furthermore, we develop an acoustically controllable LCE actuator capable of reversible actuation in response to voice command, realizing acoustically responsive actuation in LCE. This work establishes a novel LCEs fabrication paradigm and reveals the potential of LCEs in acoustic‐driven intelligent systems.",crossref,0
Engineered Ratiometric Near‐Infrared Probes Enable Dual‐Organelle Visualization of G‐Quadruplex in Living Cells,https://onlinelibrary.wiley.com/doi/10.1002/anie.8952921,Angewandte Chemie International Edition,2026-09-08 00:00:00 UTC,2026-09-08 00:00:00+00:00,10.1002/anie.8952921,Xiao‐Bing Zhang,"ABSTRACT G‐quadruplexes (G4s) participate in nuclear genome regulation and mitochondrial metabolism, but tools for monitoring both compartments in the same living cell remain limited. Here, we report PEG‐INR‐Me, a ratiometric near‐infrared (NIR) probe designed for simultaneous visualization of nuclear and mitochondrial G4‐associated signals. G4 binding enhances the long‐wavelength emission, whereas the short‐wavelength channel serves as an operational normalization channel under matched acquisition conditions. Accordingly, cellular Channel 640 /Channel 560 values are interpreted as relative readouts within a defined compartment and experiment, rather than as absolute comparisons of G4 abundance between organelles. PEG‐INR‐Me revealed parallel cell‐cycle‐associated changes in nuclear and mitochondrial signals, higher signals in cancer cells than in noncancerous cells, and concurrent decreases during cisplatin treatment followed by partial recovery after caspase inhibition. These observations establish temporal concordance between mitochondria and nucleus. Following direct local administration, the probe also distinguished 4T1 tumors from a contralateral subcutaneous control site. PEG‐INR‐Me therefore provides a dual‐compartment imaging platform for investigating nuclear and mitochondrial G4‐associated dynamics, and their mechanistic relationship deserves to be further investigated.",crossref,0
Circumventing the Linear Scaling Limitation in Oxygen Evolution by Metal‐Site Proton‐Acceptor‐Assisted Deprotonation,https://onlinelibrary.wiley.com/doi/10.1002/anie.3610719,Angewandte Chemie International Edition,2026-09-08 00:00:00 UTC,2026-09-08 00:00:00+00:00,10.1002/anie.3610719,Shichun Mu,"ABSTRACT Oxygen evolution reaction electrocatalysts following the adsorbate evolution mechanism (AEM) exhibit exceptional structural stability, but the activity is inherently constrained by the linear scaling relationship associated with single‐metal sites. Here, we propose a metal‐site proton‐acceptor‐assisted deprotonation AEM (MP‐AEM) by incorporating Pd into RuO 2 as secondary metal‐site proton acceptors to activate a novel proton‐transfer pathway. Theoretical calculations and operando characterizations confirm that Pd‐RuO 2 generates new intermediates, reducing the rate‐determining energy barrier by 0.41 eV. Moreover, Pd proton acceptor lowers the O─H bond dissociation barrier and optimizes the hydrogen‐bond network, thereby accelerating the deprotonation kinetics. Furthermore, reduced Ru valence and weakened Ru─O covalency inhibit Ru oxidative dissolution and the lattice‐oxygen‐mediated mechanism. The Pd‐RuO 2 applied in proton exchange membrane water electrolyzers (PEMWEs) requires only 1.55 V @ 1 A cm −2 and shows 15‐fold higher stability than pure RuO 2 . This work establishes an innovative pathway and insight for designing highly efficient PEMWEs catalysts.",crossref,0
Machine Learning‐Guided Elucidation of Spacer‐Dependent Crystallization Pathways in Quasi‐2D Perovskites: Linear vs. Branched Spacer Cations,https://onlinelibrary.wiley.com/doi/10.1002/anie.6439085,Angewandte Chemie International Edition,2026-09-08 00:00:00 UTC,2026-09-08 00:00:00+00:00,10.1002/anie.6439085,Junsang Cho,"ABSTRACT Quasi‐two‐dimensional (2D) metal halide perovskites have emerged as a structurally robust, electronically tunable platform for optoelectronic applications. The precise modulation of the n ‐phase distribution in quasi‐2D metal halide perovskites remains a critical challenge for tailoring the resulting optoelectronic properties. However, molecular descriptors governing spacer‐dependent crystallization and n ‐phase distribution remain elusive. Herein, we present an integrated framework utilizing machine learning (ML) to identify the molecular descriptors of spacer cations that control structural evolution across the 2D–3D perovskite landscape. By combining multiple ML regression algorithms with SHapley Additive exPlanations (SHAP) analysis, we identified the melting point and rotatable bond count of spacer cations as the most influential molecular descriptors. These molecular features are associated with aggregational enthalpy and conformational flexibility, which are indicative of the thermodynamic assembly and kinetic diffusion processes that determine the average layer thickness. The ML‐integrated frameworks discussed in this study establish a predictive platform that bridges the gap between molecular descriptors and target optoelectronic properties, further providing a data‐driven route toward the rational design of lower‐dimensional perovskites.",crossref,0
Phenothiazine‐Based Self‐Assembled Monolayers for Highly Efficient and Stable Full Air‐Fabricated Inverted Perovskite Solar Cells,https://onlinelibrary.wiley.com/doi/10.1002/anie.9607454,Angewandte Chemie International Edition,2026-09-08 00:00:00 UTC,2026-09-08 00:00:00+00:00,10.1002/anie.9607454,Qunwei Tang,"ABSTRACT Perovskite solar cells (PSCs) have achieved remarkable advances in photovoltaic performance; however, their severe performance degradation during air‐based fabrication and poor long‐term service durability have become major bottlenecks hindering their commercialization. NiO x /SAM layers are plagued by disordered molecular packing and inadequate surface coverage, while perovskite films fabricated in air are highly susceptible to oxidative degradation. These issues collectively aggravate interfacial non‐radiative recombination and accelerate device degradation. To address these challenges, a phenothiazine (PTZ)‐based self‐assembled monolayer (SAM) molecule was designed and synthesized to enhance the air‐processing efficiency and stability of PSCs. The phosphoric acid functional groups interactions with the NiO x substrate and regulates the valence state of nickel, while the sulfur‐containing functional groups on the butterfly‐shaped PTZ skeleton effectively passivate uncoordinated lead and improve the crystallization quality of perovskite films. Notably, the Me‐4PACz/PTZ1 co‐assembly system optimizes the energy band alignment between the SAM and the perovskite layer, and the PTZ moiety simultaneously suppresses the oxidation of iodide ions and formamidinium cations. Consequently, the optimized fully air‐processed PSCs deliver a power conversion efficiency (PCE) of 26.1% and demonstrate excellent long‐term stability under continuous illumination. This interface engineering strategy enables the fabrication of high‐performance, stable PSCs that are compatible with environmentally benign large‐scale manufacturing.",crossref,0
Deprotective Alkylation: A Platform for Alcohol‐to‐Amine Interconversion Using Nonafluoromesitylenesulfonamides,https://onlinelibrary.wiley.com/doi/10.1002/anie.3520541,Angewandte Chemie International Edition,2026-09-08 00:00:00 UTC,2026-09-08 00:00:00+00:00,10.1002/anie.3520541,Nuno Maulide,"ABSTRACT The direct conversion of alcohols to amines remains a long‐standing challenge in organic synthesis. In this study, we report a practical approach, based on the concept of deprotective functionalization, for the stereospecific synthesis of secondary and tertiary amines in high yields directly from alcohol precursors and Nms‐amides. Our approach exploits the distinct reactivity of Nms‐amides and has the potential to reduce step count in synthetic sequences. The versatility of the method is showcased through applications in late‐stage functionalization and the efficient preparation of isotopically labeled compounds.",crossref,0
Ce 3+ ‐Mediated Self‐Calibrating NIR‐II Nanothermometer Enables Reliable Real‐Time In Vivo Temperature Monitoring,https://onlinelibrary.wiley.com/doi/10.1002/anie.3323663,Angewandte Chemie International Edition,2026-09-08 00:00:00 UTC,2026-09-08 00:00:00+00:00,10.1002/anie.3323663,Fan Zhang,"ABSTRACT Precise temperature monitoring in living systems provides valuable insights into physiological processes, thereby motivating the development of luminescent nanothermometers for noninvasive thermometry. However, wavelength‐dependent tissue absorption and scattering inevitably distort luminescence signals, resulting in inaccurate temperature measurements. Here, we report a self‐calibrating luminescent nanothermometer (NaYF 4 : Tm@NaYF 4 : Er@NaYF 4 @NaYbF 4 : Er/Tm/Ce@NaYF 4 ) that utilizes the Er 3+ and Tm 3+ emissions at 1532 and 1626 nm in the low‐scattering long‐wavelength near‐infrared region (NIR‐II‐L, 1500–1900 nm) to achieve reliable in vivo thermometry. By identifying Ce 3+ as a critical mediator that suppresses temperature‐sensitive phonon‐assisted energy transfer (PAT) between Tm 3+ and Er 3+ , we inversely engineered the Ce 3+ ‐doped Tm 3+ /Er 3+ outer module to generate a thermally inert reference ratio for calibrating the PAT‐enhanced thermometric ratio of the inner Tm 3+ /Er 3+ module. The resulting self‐calibrating signal minimized depth‐induced distortion with only 2.9% fluctuation through 10 mm of tissue, enabling reliable dynamic thermometry at a high temporal resolution of 20 fps. In vivo studies further demonstrated that the nanothermometer enabled accurate intestinal thermometry and intratumoral temperature monitoring during photothermal therapy. This work provides new insights into self‐calibrating luminescent nanoprobes for accurate real‐time sensing in living systems.",crossref,0
Bifunctional Core–Shell Architecture of nFe 0 @CNT Enables Efficient Biocatalytic Reduction,https://onlinelibrary.wiley.com/doi/10.1002/anie.9389619,Angewandte Chemie International Edition,2026-09-08 00:00:00 UTC,2026-09-08 00:00:00+00:00,10.1002/anie.9389619,Guo‐Ping Sheng,"ABSTRACT Typical biotic‐abiotic hybrid systems utilize external energy (e.g., light or electricity) to boost biocatalytic reduction reactions. In this study, we propose a bifunctional core–shell architecture (graphitized carbon‐coated nano iron, nFe 0 @CNT) to improve biocatalytic reduction performance without relying on external energy to deliver electrons into the cells. The carbon shell increased the substrate utilization rate by 87%, along with an increased pool of the intracellular electron carrier nicotinamide adenine dinucleotide (NADH). Concurrently, the nano iron core enhanced the activities of NADH dehydrogenase and functional enzymes by 66.5% and 69.3%, respectively, increasing the capacity for NADH utilization. This simultaneous enhancement of substrate utilization and enzyme activities markedly promoted bio‐denitrification and biosynthesis. Life cycle assessment and economic analysis demonstrate that this strategy yields lower environmental impacts relative to conventional strategies for enhancing biocatalysis, with carbon emissions reduced by 50.0%–86.0% and costs decreased by 79.2%–89.2%. This work provides a new paradigm for enhancing biocatalytic reduction by functional materials without external energy input.",crossref,0
Click‐Activated Supramolecular Targeting Chimeras for Spatiotemporally Resolved Protein Degradation In Vivo,https://onlinelibrary.wiley.com/doi/10.1002/anie.2233329,Angewandte Chemie International Edition,2026-09-08 00:00:00 UTC,2026-09-08 00:00:00+00:00,10.1002/anie.2233329,Ming Wang,"ABSTRACT Targeted protein degradation (TPD) holds enormous therapeutic potential, yet spatiotemporally controlled, tissue‐selective protein degradation remains challenging. Herein, we report Cl ick‐activated Sup ramolecular TA rgeting C himeras ( ClSupTAC ), a multimodular platform leveraging bioorthogonal chemistry to realize spatially and temporally resolved TPD in vivo. ClSupTAC follows a two‐step “click‐to‐activate” paradigm: self‐assembled, functionally dormant tissue‐targeting supramolecular nanoparticles presenting protein‐binding ligands and trans ‐cyclooctene (TCO) moieties are locally activated upon inverse electron‐demand Diels–Alder (IEDDA) cycloaddition with tetrazine‐E3 ubiquitin ligase recruiter conjugates. The IEDDA chemistry of ClSupTAC delivers accelerated addition reaction and protein degradation kinetics compared to Staudinger reaction‐mediated activation of TPD. Moreover, ClSupTAC achieves rapid, selective degradation of pathogenic proteins in vitro and enables lung‐targeted protein degradation in vivo. In acute lung injury models, ClSupTAC effectively alleviates pulmonary inflammation and recovers vascular barrier integrity. This study establishes ClSupTAC as a versatile and programmable platform for spatiotemporally precise protein regulation and targeted therapeutic intervention.",crossref,0
Electronegativity‐Guided Site Differentiation in High‐Entropy Alloy for pH‐Universal Hydrogen Evolution Reactions,https://onlinelibrary.wiley.com/doi/10.1002/anie.3298485,Angewandte Chemie International Edition,2026-09-08 00:00:00 UTC,2026-09-08 00:00:00+00:00,10.1002/anie.3298485,Chuan Zhao,"ABSTRACT Enhancing the intrinsic activity of transition metal catalysts for the hydrogen evolution reaction (HER) remains a critical challenge in sustainable energy conversion. Herein, we report an electronegativity‐guided site differentiation strategy in a single‐phase CoNiCuMoW high‐entropy alloy (HEA) via electrodeposition by incorporating high‐electronegativity 4 d /5 d orbital transition metals (Mo, W) into the face‐centered cubic ( fcc ) matrix (CoNiCu). The as‐synthesized HEA demonstrates exceptional HER performance in all pH conditions, delivering an outstanding overpotential of 65 mV (alkaline), 28 mV (acidic), and 155 mV (neutral) at a current density of 100 mA cm −2 , showing performance comparable to commercial Pt/C and has excellent long‐term stability at high current density (1 A cm −2 , 1000 h). X‐Ray absorption spectroscopy (XAS) and density functional theory (DFT) calculations reveal that the incorporation of Mo/W simultaneously alters the local coordination environment and induces element‐dependent charge redistribution, accompanied by a system‐level d‐ band center downshift, thereby optimizing the hydrogen binding strength across multimetallic sites. Meanwhile, oxophilic Mo/W sites lower the water dissociation energy barrier. These synergistic effects collectively enable efficient and durable pH‐universal HER performance.",crossref,0
Deciphering Anionic Chemistry in Aqueous Zinc‐Based Batteries: From Spectators to Regulators,https://onlinelibrary.wiley.com/doi/10.1002/anie.9036125,Angewandte Chemie International Edition,2026-09-08 00:00:00 UTC,2026-09-08 00:00:00+00:00,10.1002/anie.9036125,Yongbing Tang,"ABSTRACT Aqueous zinc‐based batteries (AZBs) have emerged as promising candidates for grid‐scale energy storage systems due to the high volumetric capacity, intrinsic non‐flammability, and cost‐effectiveness. However, their practical application is limited by insufficient reversibility and sluggish reaction kinetics. In this regard, anionic chemistry plays a key role in regulating the thermodynamics and kinetics of electrode reactions. Nevertheless, most discussions in the chemistry of AZBs focus on Zn 2+ behavior, and a comprehensive review of anionic chemistry is still lacking. In this review, we systematically summarize the key descriptors of commonly used anions, which affect the competitive coordination among anions, Zn 2+ , and H 2 O. We then critically analyze the effect of anionic chemistry on zinc anode reactions, including the hydrogen evolution reaction and Zn‐deposition process, elucidating structure–performance correlations between anionic properties and electrochemical behavior. Furthermore, we discuss the role of anions as charge carriers and their impact on the kinetics of cathode reactions. Finally, we conclude with a concise perspective of future research directions in anion design and mechanistic investigation. This review may provide guidance for the rational design of high‐performance AZBs for practical applications.",crossref,0
Heme Peroxo Reaction Intermediates: Mimicking Biological Structure and Reactivity With Synthetic Model Systems,https://onlinelibrary.wiley.com/doi/10.1002/anie.202522019,Angewandte Chemie International Edition,2026-09-08 00:00:00 UTC,2026-09-08 00:00:00+00:00,10.1002/anie.202522019,Gayan B. Wijeratne,"ABSTRACT Heme enzymes are at the center of a mélange of salient transformations in biology, and for aerobic life, dioxygen binding and activation are by far the most critical. These enzymes typically channel through a panel of distinct heme‐oxygen adducts, of which early‐ or mid‐valent (i.e., Fe(III)‐containing) intermediates have long remained underexplored. These ferric heme‐oxygen intermediates demonstrate highly versatile chemistries, making the detailed comprehension of their chemistries a challenging endeavor. Intriguingly, however, systems with climacteric mid‐valent intermediates have rapidly acquired interest in therapeutic applications, predominantly owing to their implications in human pathogenesis and prognosis. This review presents a comprehensive overview of mechanistic propositions for enzymes with heme‐peroxo active species, and the key contributions from synthetic model compounds that have shed light on crucial subtleties geared toward a clear understanding of those biological pathways. Critical aspects of primary and secondary coordination spheres that directly assist in orchestrating the remarkably versatile reactivity attributes of heme peroxo complexes are also discussed. Most significantly, despite 40 years of interrogation, a crucial body of ambiguities pertaining to heme peroxo intermediates still remains to this day, warranting further in‐depth biological surveying as well as meticulously designed bona fide functional model systems.",crossref,0
Speed Control of Single Molecules on a Surface,https://onlinelibrary.wiley.com/doi/10.1002/anie.5538086,Angewandte Chemie International Edition,2026-09-08 00:00:00 UTC,2026-09-08 00:00:00+00:00,10.1002/anie.5538086,Leonhard Grill,"ABSTRACT Laws of motion are of fundamental importance for the understanding of dynamic systems. At the atomic scale, the kinetic energy of molecules controls chemical reactions. The velocity of individual molecules, however, has never been measured, because it is difficult to determine time–distance relationships. Here, we show how the real speed of a single molecule moving across a Ag(111) surface is measured at the microsecond time scale. We found that atomic defects extend the travelling time by orders of magnitude, even at distances of few nanometers from the molecule and with high sensitivity to their precise location. Statistical measurements, obtained by repetitive translation of a single molecule in an oscillating electric field, give insight into the time scales of molecular motion in a confined environment. The strong influence of the defects underscores the need for their investigation during chemical reactions or collision experiments at variable velocities and geometries on a surface.",crossref,0
Differential Water Networks Guide Selectivity Optimization of a Cell Active BPTF Inhibitor in Neuroblastoma,https://onlinelibrary.wiley.com/doi/10.1002/anie.4580510,Angewandte Chemie International Edition,2026-09-08 00:00:00 UTC,2026-09-08 00:00:00+00:00,10.1002/anie.4580510,William C. K. Pomerantz,"ABSTRACT Bromodomain PHD finger Transcription Factor (BPTF) is an epigenetic regulator implicated in cancer progression. However, despite its oncogenic significance, highly selective and potent inhibitors of the BPTF bromodomain (BRD) with suitable physicochemical properties are lacking. Previously, we reported BZ1 , a submicromolar BPTF inhibitor that has off‐target activities. Here, we applied comparative structural biology and molecular modeling to design BZ2 , a regioisomer of BZ1 with enhanced selectivity for BPTF over other class I BRDs and class‐IV BRDs such as BRD7 and BRD9. Crystal structures and computational analyses reveal that differential engagement of water networks and polar interactions drives this selectivity. Functional studies demonstrate that genetic disruption of the BPTF BRD or treatment with BZ2 suppresses neuroblastoma (NB) cell growth. With high potency and improved physicochemical properties, BZ2 provides a valuable tool for probing the biology of BPTF and represents a promising starting point for advancing BPTF‐targeted drug development.",crossref,0
Sulfur‐Boron Lewis Pair‐Catalyzed Hydrohalogenation of Alkynes via Formal Hydrogen Atom Transfer,https://onlinelibrary.wiley.com/doi/10.1002/anie.8217511,Angewandte Chemie International Edition,2026-09-08 00:00:00 UTC,2026-09-08 00:00:00+00:00,10.1002/anie.8217511,Hyung Min Chi,"ABSTRACT The catalytic synthesis of both ( E )‐ and ( Z )‐haloalkenes from internal aryl alkyl alkynes via a sulfur‐boron Lewis pair has been developed. The catalytically active Lewis pair complex is generated in situ from 2‐naphthalenethiol and B(C 6 F 5 ) 3 , enabling the selective synthesis of chloro‐, bromo‐, and iodoalkenes with exclusive Markovnikov regioselectivity. Both ( E )‐ and ( Z )‐haloalkenes were obtained in good yields with high selectivities by simply controlling the reaction temperature. Experimental mechanistic studies support the intermediacy of vinyl radicals generated through an overall formal hydrogen atom transfer (HAT) process. Computational investigations further support a stepwise proton transfer‐electron transfer (PT‐ET) mechanism rather than a concerted HAT event. The origin of the stereodivergence is also elucidated by combining experimental observations with theoretical calculations. This work demonstrates a new strategy for vinyl radical generation through sulfur‐boron Lewis pair catalysis and suggests that formal HAT reactivity can emerge from a stepwise PT‐ET mechanism in main‐group catalysis.",crossref,0
Subcomponent Self‐Assembly of Anion‐Coordinated Quadruple Helicates With Light‐Induced Guest Release,https://onlinelibrary.wiley.com/doi/10.1002/anie.9038203,Angewandte Chemie International Edition,2026-09-08 00:00:00 UTC,2026-09-08 00:00:00+00:00,10.1002/anie.9038203,Jie Zhao,"ABSTRACT Developing new self‐assembly strategies is important not only for constructing otherwise inaccessible materials, but also for understanding the principles that govern how molecules organize. Herein, we report the use of subcomponent self‐assembly for the construction of anion‐coordinated quadruple helicates with high to quantitative yields. These quadruple helicates were assembled in situ from simple subcomponents through the simultaneous formation of dynamic acylhydrazone bonds and hydrogen bonds. Among them, the A 2 L 4 quadruple helicate featuring linkers of 4,4′‐methylenebis(phenyl) ( H 1 ) demonstrated the ability to encapsulate a range of cationic guests, such as TBA + and TPA + . At the same time, the templating effect of the guests was able to drive the selective formation of H 1 ⊃TBA from a dynamic combinatorial library. Notably, the incorporated acylhydrazone units function as a photoresponsive motif, enabling light‐induced release of encapsulated guests. By demonstrating subcomponent self‐assembly for constructing photoresponsive anion‐coordinated architectures, this work provides a robust strategy that paves the way for metal‐free, high‐nuclearity hydrogen‐bonded assemblies and their advanced applications in smart materials for targeted molecular delivery and release.",crossref,0
Constructing Bimetallic Photoredox Sites to Synergistically Modulate Carbon‐Oxygen Intermediate Species Toward Efficient Methanol Synthesis from Methane,https://advanced.onlinelibrary.wiley.com/doi/10.1002/aenm.71565,Advanced Energy Materials,2026-09-08 00:00:00 UTC,2026-09-08 00:00:00+00:00,10.1002/aenm.71565,Yujie Xiong,"ABSTRACT Selective photocatalytic methane (CH 4 ) conversion into high‐value liquid methanol (CH 3 OH) using O 2 in aqueous media under mild conditions offers a promising sustainable route for chemical manufacturing. However, in previous catalytic systems, inadequately engineered catalytic sites impede the precise regulation of reactive carbon‐oxygen intermediate formation, which triggers undesired overoxidation by‐products and severely restricts both the activity and selectivity of CH 4 transformation. Herein, a facile bimetallic photoredox site design strategy is reported to construct TiO 2 photocatalysts co‐modified with palladium nanoparticles (Pd NPs) and iron oxide sub‐nanoclusters (FeO x SCs) for the highly active (5.25 times that of pristine TiO 2 ) and selective (78.60%) transformation of CH 4 to CH 3 OH. Mechanistic studies demonstrate that uniformly dispersed FeO x facilitates CH 4 adsorption and oxidation to efficiently generate CH 3 * intermediates, while the adjacent Pd precisely steers O 2 into a side‐on adsorption configuration, promoting its reduction toward methanol‐productive hydroxyl radicals (•OH). Benefiting from the interfacial synergy between bimetallic redox sites, key carbon‐oxygen intermediates are directionally and precisely generated and then efficiently coupled, achieving selective CH 4 ‐to‐CH 3 OH transformation. This work highlights the substantial potential of rationally designing bimetallic photoredox sites to selectively modulate intermediates in photoredox half‐reactions for sustainable photochemical synthesis.",crossref,0
Bowl-shaped Janus mesoporous silica nanomotors: active drug delivery and oxygen modulation for boosting bacterial keratitis treatment,https://academic.oup.com/nsr/advance-article/doi/10.1093/nsr/nwag578/8788035?rss=1,National Science Review Advance Access,2026-09-08 00:00:00 UTC,2026-09-08 00:00:00+00:00,10.1093/nsr/nwag578,Lixin Xie,"Bacterial keratitis is a primary cause of corneal blindness, with its clinical treatment hampered by inadequate drug penetration into the deep corneal stroma and the growing emergence of antibiotic resistance. Corneal collagen cross-linking (CXL), a promising non-antibiotic strategy relying on riboflavin (RF) photosensitization and UV-induced stromal stiffening, is limited by poor bioavailability and diminished efficacy in infection-induced hypoxic microenvironments. Herein, we fabricate a self-propelled nanomotor system based on bowl-shaped Janus mesoporous SiO2 nanoparticles via ZIF-8-templated in situ",rss_oup,0
Free Charge Generation in Organic Photoconversion Devices–the Impact of Electrostatic Potentials,https://advanced.onlinelibrary.wiley.com/doi/10.1002/aenm.71553,Advanced Energy Materials,2026-09-08 00:00:00 UTC,2026-09-08 00:00:00+00:00,10.1002/aenm.71553,Ji‐Seon Kim,"ABSTRACT The generation of free charges in organic semiconductors is fundamentally limited by the formation of tightly bound electron‐hole pairs (excitons) arising from their low dielectric screening. Conventional donor/acceptor (D/A) heterojunctions overcome this limitation through interfacial energetic offsets at the cost of high voltage losses that limit organic photoconversion device efficiency compared to inorganic counterparts. The success of non‐fullerene acceptors (NFAs), enabling efficient charge generation at relatively small energetic offsets, challenges this picture and suggests the need to consider additional charge generation mechanisms. In this review, we highlight the critical role of molecular electrostatic potentials in free charge generation within organic semiconductors. The molecular origins of electrostatic potentials are discussed within the multipole expansion framework, with particular emphasis on quadrupole moments arising from anisotropic charge distributions within a molecule. The role of these electrostatic effects in modulating interfacial energetics, inducing band bending, and facilitating charge separation in donor/acceptor heterojunctions is examined, alongside their extension to single‐component systems. In single‐component systems, orientation‐dependent molecular packing creates functional energetic offsets without the need for distinct donor and acceptor materials. Based on these observations, key molecular and device design strategies for harnessing electrostatic effects in next‐generation organic photoconversion devices are outlined.",crossref,0
“Store-and-Release” Strategy Enables Nickel-Catalyzed Deaminative Migratory Arylation of Aliphatic Amines,https://pubs.acs.org/jacsat/article/doi/10.1021/jacs.6c09936/5425977/Store-and-Release-Strategy-Enables-Nickel,Journal of the American Chemical Society: Latest Articles (ACS Publications),2026-09-08 00:00:00 UTC,2026-09-08 00:00:00+00:00,10.1021/jacs.6c09936,Jose B. Roque,"Abstract While migratory functionalization reactions provide a powerful means to navigate broader chemical space, their application to aliphatic amines remains particularly elusive. Herein, we describe the nickel-catalyzed migratory arylation of aliphatic amines using Katritzky salts enabled by a “store-and-release” strategy. This strategy leverages dihydropyridines, which are traditionally viewed as chemical dead-ends under reductive cross-coupling conditions, as latent reservoirs to store and release translocated alkyl radicals, thereby decoupling the chain-walking event from the cross-coupling cycle. The developed protocol enables migratory functionalization of Katritzky salts derived from a wide range of primary amines, and a variety of aryl and heteroaryl bromides. The reaction exhibits broad functional group tolerance, accommodating alkenes, polar functionalities, and substrates derived from pharmaceutically relevant compounds. This methodology enables expanded small-molecule library synthesis through regiodivergent deaminative arylations. Preliminary mechanistic studies support the “store-and-release” design principle, rendering it as a platform that can be applied for other migratory functionalization reactions.",crossref,0
Ligand Recognition Directs Functional Ionic Layer Construction on Metal Nanoclusters for Electrocatalysis,https://pubs.acs.org/jacsat/article/doi/10.1021/jacs.6c12647/5425720/Ligand-Recognition-Directs-Functional-Ionic-Layer,Journal of the American Chemical Society: Latest Articles (ACS Publications),2026-09-08 00:00:00 UTC,2026-09-08 00:00:00+00:00,10.1021/jacs.6c12647,Jianping Xie,"Abstract Cation effects are central to electrocatalytic CO2 reduction, but freely dissolved cations lack positional control, defined function and persistent coupling to surface motifs. Precise regulation of such ionic microenvironments remains difficult in ligand-stabilized metal nanocatalysts, where interfacial modification often perturbs ligand organization and metal core structure. Here we use atomically precise [Au25(EBA)18]− nanoclusters (EBA = 4-ethynylbenzoic acid) as model electrocatalysts to develop a ligand-recognition strategy for constructing interfacial ionic layers. Phenylbiguanide (PGd) was selected as a bifunctional cation: its phenyl motif enables recognition-driven association with the aromatic EBA ligand shell through CH−π interactions, whereas its biguanidinium unit offers NH2 and NH sites for CO2 binding and activation. This design positions PGd beyond the first ligand shell as a site-proximal ionic promoter, forming a defined ionic layer while preserving access to active sites. Constrained ab initio molecular dynamics calculations indicate that protonated PGd maintains hydrogen-bond coupling with CO2, facilitating CO2 capture and activation near Au sites. Molecular analyses resolve PGd association, binding range and interfacial configuration. Optimized PGd incorporation lowers the overpotential by 200 mV and achieves a FECO of 95.6% at −0.7 V during CO2 reduction. These results establish ligand recognition as a route for converting diffuse cation effects into defined ionic microenvironments on atomically precise electrocatalysts.",crossref,0
"Mitochondrial Dyes with Balanced Permeability-Fixability for Live, Fixed, and Expanded Multicellular Imaging",https://pubs.acs.org/jacsat/article/doi/10.1021/jacs.6c16881/5425715/Mitochondrial-Dyes-with-Balanced-Permeability,Journal of the American Chemical Society: Latest Articles (ACS Publications),2026-09-08 00:00:00 UTC,2026-09-08 00:00:00+00:00,10.1021/jacs.6c16881,Zhixing Chen,"Abstract Mitochondrial inner-membrane ultrastructure plays a central role in cellular metabolism, aging, and cell death. However, super-resolution imaging of mitochondria after fixation remains challenging: commercially available fixable probes often lack sufficient reactivity for strong retention during fixation, whereas state-of-the-art probe PKMO FX, despite high fixation efficiency, suffers from low cellular permeability due to the introduction of highly hydrophilic groups. Here, we overcome this “permeability-fixability trade-off” by introducing a rational design strategy centered on amide-to-ester substitution. We report mitochondrial probes, PK Mito 590 FIX and PK Mito 647 FIX, which leverage optimized lipophilic ester linkages to achieve rapid mitochondrial labeling kinetics (labeling within 10 min) and superior aldehyde cross-linking efficiency (&gt;90% signal retention). This molecular engineering enables a seamless transition from live-cell dynamics to post-fixation super-resolution microscopy with unprecedented signal-to-background ratios. Crucially, the enhanced permeability of these probes unlocks post-fixation imaging of multicellular samples, allowing the visualization of mitochondrial architectures within patient-derived cell clusters and isolated mouse islets. Furthermore, we demonstrate that these probes withstand the harsh polymerization conditions of expansion microscopy (ExM), democratizing mitochondrial ultrastructural imaging via standard confocal platforms. Collectively, this toolkit bridges the gap between physiological dynamics and structural definition, offering a versatile platform for multiscale interrogation of mitochondrial biology in both adherent cells and complex multicellular systems.",crossref,0
Singlet Photoredox Catalysis via Supramolecular Host–Guest Interactions,https://pubs.acs.org/jacsat/article/doi/10.1021/jacs.6c09969/5426410/Singlet-Photoredox-Catalysis-via-Supramolecular,Journal of the American Chemical Society: Latest Articles (ACS Publications),2026-09-08 00:00:00 UTC,2026-09-08 00:00:00+00:00,10.1021/jacs.6c09969,F. Dean Toste,"Abstract Photocatalysts most often leverage long-lived triplet excited states to promote valuable reactivity in organic synthesis. Consequently, many potential photosensitizers remain unviable for catalytic applications because of the kinetic constraints of diffusion-controlled intermolecular electron transfer. Supramolecular mechanisms can obviate this constraint through ground-state association with a reactant, enabling species with short-lived excited-state lifetimes to engage in synthetically relevant transformations. Thus far, the instability of host architectures toward open-shell intermediates has limited their use as photoredox catalysts. Through the synthesis of an oxidatively robust GeIV catecholate cage (Ep/2 = 0.357 V vs Fc/Fc+), we have enabled the (4 + 2) synthesis of isoquinolones via singlet photoredox catalysis. These results establish supramolecular preorganization as a generalizable platform for harnessing the unique redox potentials of singlet excited states in organic synthesis.",crossref,0
Stereoselective C2′-Alkylation of Nucleosides Enabled by Electrochemical Ni-Catalyzed C(sp3)–C(sp3) Cross-Coupling,https://pubs.acs.org/jacsat/article/doi/10.1021/jacs.6c11534/5426439/Stereoselective-C2-Alkylation-of-Nucleosides,Journal of the American Chemical Society: Latest Articles (ACS Publications),2026-09-08 00:00:00 UTC,2026-09-08 00:00:00+00:00,10.1021/jacs.6c11534,Ming Shang,"Abstract Chemical modification at the C2′ position of nucleosides is critical to nucleic acid therapeutic development, yet general and stereoselective methods for C2′-alkylation remain limited due to synthetic challenges associated with nucleoside substrates. Herein, we report an electrochemical Ni-catalyzed stereoselective C(sp3)–C(sp3) cross-coupling strategy for efficient C2′-α-alkylation of nucleosides. Readily accessible C2′-bromonucleosides and NHPI esters derived from abundant carboxylic acids serve as coupling partners under mild electrochemical conditions, enabling modular installation of diverse alkyl groups with broad functional-group tolerance and excellent diastereoselectivity. The protocol accommodates multiple nucleobases, is scalable, and provides products directly compatible with oligonucleotide synthesis. Biophysical studies indicate that these modifications can modulate DNA/RNA duplex thermal stability and improve resistance to exonuclease degradation. This electrochemical cross-coupling strategy provides an approach to C2′-alkyl-modified nucleosides and expands the toolbox for functional nucleic acid design.",crossref,0
Nickel–Zinc Catalysts Favor CO Production via Carbide Formation in CO2 Hydrogenation,https://pubs.acs.org/jacsat/article/doi/10.1021/jacs.6c11100/5426421/Nickel-Zinc-Catalysts-Favor-CO-Production-via,Journal of the American Chemical Society: Latest Articles (ACS Publications),2026-09-08 00:00:00 UTC,2026-09-08 00:00:00+00:00,10.1021/jacs.6c11100,Liane M. Rossi,"Abstract Achieving high CO selectivity in CO2 hydrogenation with non-noble metal catalysts remains challenging. Here, we report a simple and cost-effective in situ synthesis of nickel–zinc carbide (Ni3ZnC) from Ni species supported on ZnO under reaction conditions. A higher amount of Ni3ZnC forms in the calcined NiO/ZnO catalyst compared to the prereduced Ni/ZnO system. Thermodynamic analysis reveals a strong driving force for Ni3ZnC formation via NiO/ZnO coreduction (ΔE ≈ −455 kJ mol–1), which is more exothermic than the metallic Ni pathway due to favorable H2O stoichiometry. Density functional theory calculations show that the carbide phase moderates surface reactivity. CO becomes geometrically trapped and isolated from hydrogen due to site blocking by Zn and C atoms. This combination of weakened adsorption and site confinement suppresses deep hydrogenation, leading to high CO selectivity over methanation. This strategy provides a practical route for designing selective reverse water–gas shift catalysts for tandem reaction pathways to liquid fuel synthesis.",crossref,0
In Situ Gas-Cell Electron Microscopy Reveals Pressure-Selected Restructuring Pathways in AuRu Ammonia Catalysts,https://pubs.acs.org/jacsat/article/doi/10.1021/jacs.6c08457/5425971/In-Situ-Gas-Cell-Electron-Microscopy-Reveals,Journal of the American Chemical Society: Latest Articles (ACS Publications),2026-09-08 00:00:00 UTC,2026-09-08 00:00:00+00:00,10.1021/jacs.6c08457,Jennifer A. Dionne,"Abstract Bimetallic catalysts provide new routes toward sustainable ammonia synthesis, but their nanoscale structural dynamics under reaction-relevant conditions remain poorly understood. Here, we combine in situ gas-cell and multimodal electron microscopy to determine how temperature, gas pressure, and chemistry select among distinct restructuring pathways in AuRu nanoparticle catalysts. Initially, the AuRu nanoparticles form polycrystalline face-centered cubic (FCC) alloys with Au/Ru intermixing. Elevated temperature (≥350 °C) induces intraparticle phase segregation into distinct Au-rich (FCC) and Ru-rich hexagonal close-packed (HCP) domains that exhibit localized plasmonic modes. Atmospheric-pressure 3:1 H2:N2 gas unlocks a distinct restructuring regime absent at lower pressures, characterized by pronounced faceting and nanovoid formation. Systematic gas variation identifies hydrogen as the dominant driver. Density functional theory-trained machine-learning interatomic potentials and Grand Canonical Monte Carlo simulations reveal that H–Ru interactions enhance the Au/Ru diffusivity mismatch, promoting vacancy accumulation and nanovoid formation. Together, these results show that, rather than simply accelerating the thermally driven phase segregation observed at lower pressures, atmospheric-pressure H2:N2 gas redirects restructuring toward faceting and nanovoid formation through a gas-mediated Kirkendall-type mechanism.",crossref,0
Ultrasound-Synchronized In Situ Crystallization Locks Transient High-Activity Enzyme Conformations within Covalent Organic Frameworks,https://pubs.acs.org/jacsat/article/doi/10.1021/jacs.6c13996/5426633/Ultrasound-Synchronized-In-Situ-Crystallization,Journal of the American Chemical Society: Latest Articles (ACS Publications),2026-09-08 00:00:00 UTC,2026-09-08 00:00:00+00:00,10.1021/jacs.6c13996,Qiang Chen,"Abstract Enzymes transiently access high-activity conformations with exposed cryptic sites and heightened substrate affinity, yet these states dissipate upon relaxation to the thermodynamic ground state once the activating perturbation is removed, leaving this catalytic potential largely inaccessible. Here we show that such fleeting conformations can be captured by synchronizing enzyme activation with host crystallization in a single sonochemical process, where ultrasound simultaneously drives enzymes into open conformations and promotes aqueous crystallization of covalent organic frameworks that grow around and lock the activated proteins before relaxation occurs. Using a library of six frameworks with systematically varied pore sizes and chemistries, we find that effective locking requires both tight steric confinement and abundant nonbonded interactions. The optimal framework increased the catalytic activity of horseradish peroxidase by 3.4-fold, primarily through a marked reduction in the Michaelis constant, while retaining &gt;70% activity over 10 catalytic cycles. Molecular dynamics simulations identify the captured species as a globally reorganized open state defined by displacement of gating phenylalanine residues, while high-resolution 2D solid-state NMR analysis further elucidates the COF-enzyme interfacial interactions that stabilize this otherwise metastable conformation. Moreover, ex situ controls in which activation precedes encapsulation fail entirely, establishing that temporal synchrony between conformational opening and framework crystallization is mechanistically essential. Extending this strategy to laccase, cytochrome c, and lipase enhanced immobilized enzyme activity by 3.8-fold, 2.7-fold, and 1.5-fold over conventional stirring. This work reframes enzyme immobilization from passive protection to active conformational upgrading, enabling a general strategy to harvest transient functional states beyond equilibrium reach.",crossref,0
Engineering a Fast Li + -Diffusion Secondary Phase in Sn Anodes for Low-Pressure All-Solid-State Batteries,https://pubs.acs.org/jacsat/article/doi/10.1021/jacs.6c11667/5425879/Engineering-a-Fast-Li-Diffusion-Secondary-Phase-in,Journal of the American Chemical Society: Latest Articles (ACS Publications),2026-09-08 00:00:00 UTC,2026-09-08 00:00:00+00:00,10.1021/jacs.6c11667,Zheng Chen,"Abstract Alloys are promising anode candidates for all-solid-state batteries (ASSBs) due to their high specific capacities and regulated interphase with the nonflowing solid-state electrolytes (SSEs). However, selection of alloys is constrained by low initial Coulombic efficiency (ICE), which often excludes candidates with high specific capacity and mechanical deformability─parameters essential for high energy density and low-stack pressure operation. In this work, we reassess and unlock the potential of tin (Sn) anodes in ASSBs. By incorporating bismuth (Bi) as a secondary element, we developed low-cost, diffusion-engineered Sn–Bi binary elemental anodes achieving a high ICE (∼90%) and specific capacity (∼700 mAh g–1). Electrochemical characterizations, first-principles calculations, and cross-sectional morphologies reveal that Li3Bi exhibits a significantly higher Li diffusion coefficient (3.5 × 10–6 cm2 s–1) compared to LiSn and Li13Sn5 (1.5 × 10–14 and 1.3 × 10–11 cm2 s–1, respectively), remains stable in a larger voltage window, and facilitates diffusion throughout the electrode for reversible Sn (de)lithiation. Sn–Bi full cells coupled with a LiNi0.82Co0.11Mn0.07O2 (NCM82) cathode demonstrate high rate capability (1 C) and stable cycling with areal capacities up to 10 mAh cm–2 at 23 °C. Multidimensional engineering strategies, from grain to matrix and interface, are further investigated to improve low-stack pressure (5 MPa) performance. This work advances the potential of alloy anodes for practical application of ASSBs.",crossref,0
Stereoselective polysubstituted bicyclo[1.1.0]butane synthesis by rhodium-catalyzed kinetic resolution,https://www.science.org/doi/10.1126/science.aeh6251,Science,2026-09-08 00:00:00 UTC,2026-09-08 00:00:00+00:00,10.1126/science.aeh6251,Xihe Bi,"Bicyclo[1.1.0]butanes (BCBs) are a distinctive class of strained small-ring carbocycles of growing importance in synthetic and medicinal chemistry. However, the enantioselective synthesis of polysubstituted BCBs remains a largely unsolved challenge. Herein, we report a general chemical platform for the stereoselective assembly of chiral or meso 1,2,3,4-tetrasubstituted BCBs from internal alkynes and carbenes via stepwise [2+1+1’] or one-pot [2+1+1] cycloaddition reactions, respectively. Successful execution of these transformations exploits the combination of triftosylhydrazones (carbene precursors) and chiral dirhodium catalysts. The sterically hindered catalyst Rh 2 ( R -3,5- di PheTPCP) 4 features a confined chiral microenvironment that enables exquisite discrimination between cyclopropene enantiomers, affording highly enantioenriched polysubstituted BCBs through kinetic resolution upon reaction with chiral rhodium carbenes. This chemistry operates under mild reaction conditions, employs readily available starting materials, and exhibits broad substrate scope.",crossref,0
Ultrafast Charge Transfer Driven by Strong Adsorption: An Efficient Interfacial Strategy for Photocatalysis,https://advanced.onlinelibrary.wiley.com/doi/10.1002/adma.74945,Advanced Materials,2026-09-08 00:00:00 UTC,2026-09-08 00:00:00+00:00,10.1002/adma.74945,Huogen Yu,"ABSTRACT In practical photocatalysis, the strong interaction between surface adsorbates and the cocatalyst is unavoidable, which inevitably triggers a reconfiguration of its electronic structure. However, how this strong adsorption‐induced electronic state reconfiguration (SA‐ESR) affects the ultrafast charge transfer kinetics remains poorly understood. To fill this gap, we deliberately introduced thiocyanate ions (SCN − ) as a model adsorbate, which selectively adsorb onto the Au nanoparticles deposited on CdZnS, thereby establishing a well‐defined strong‐adsorption system to probe how such SA‐ESR effect governs the ultrafast charge transfer kinetics during photocatalytic H 2 evolution. Comprehensive investigations reveal that the strongly adsorbed SCN − effectively withdraws electrons from Au, inducing an electronic state reconfiguration to form electron‐deficient Au δ+ . Such SA‐ESR effect efficiently promotes ultrafast photoelectron transfer from CdZnS to the Au cocatalysts, thereby accelerating the overall charge transfer kinetics and ultimately boosting the photocatalytic H 2 ‐evolution performance. Consequently, the optimized CdZnS/Au‐S system (0.05 mM SCN − , pH = 2) achieves an outstanding H 2 ‐production rate of 8.33 mmol g −1 h −1 with visible hydrogen bubble evolution. This work clarifies the deterministic role of strong surface adsorption in driving ultrafast charge kinetics, providing practical insights for the precision design of highly efficient photocatalytic architectures.",crossref,0
Bio‐Inspired Rigid–Flexible Integrated Materials With Gradient Interphases for Superior Energy Dissipation,https://advanced.onlinelibrary.wiley.com/doi/10.1002/adma.74952,Advanced Materials,2026-09-08 00:00:00 UTC,2026-09-08 00:00:00+00:00,10.1002/adma.74952,Yanfeng Zhang,"ABSTRACT Bio‐inspired rigid–flexible integrated architectures effectively mitigate the intrinsic trade‐off between strength and toughness. However, conventional rigid–flexible architectures assembled by adhesives or non‐covalent interactions typically suffer from weak interfacial bonding and modulus‐mismatch‐induced stress concentration, thereby causing delamination. Here, we report a facile strategy combining monomer diffusion with network reconfiguration to construct rigid–flexible multilayered materials with continuous modulus gradient interphases. The optimized 7‐layer gradient material (7L‐G), comprising rigid polydicyclopentadiene and its flexible copolymers, exhibits a high tensile strength of 51.7 MPa and an elongation at break of 261.0%. Real‐time fluorescence tracking using aggregation‐induced emission molecules and quantum dots reveals the monomer diffusion kinetics, while nanoindentation confirms a ∼60 µm‐thick gradient transition interphase. Both quasi‐static tensile and split Hopkinson tension bar (SHTB) tests demonstrate that the 7L‐G sample displays significantly superior energy dissipation to its non‐gradient counterparts. This enhancement is attributed to the efficient stress delocalization and coordinated plastic deformation enabled by the gradient interphases. Ballistic impact tests and numerical simulations demonstrate the exceptional ballistic resistance performance of the 7L‐G sample. This study confirms the effectiveness of modulus gradient interphases in enhancing the interfacial integrity and energy dissipation of rigid–flexible materials, and provides a versatile strategy for developing high‐performance impact‐resistant polymer materials.",crossref,0
Tailoring the d‐Band Center via Multi‐Metal–Phosphorus d–p Orbital Hybridization in a High‐Entropy Metal Phosphide to Enable Accelerated Sulfur Redox Kinetics,https://advanced.onlinelibrary.wiley.com/doi/10.1002/adma.74940,Advanced Materials,2026-09-08 00:00:00 UTC,2026-09-08 00:00:00+00:00,10.1002/adma.74940,Jinliang Zhu,"ABSTRACT Sluggish lithium polysulfide (LiPS) reduction kinetics and the shuttle effect lead to low active mass utilization and poor cycling stability, thereby seriously hampering the commercial application of Li–S batteries. Herein, a theoretically guided high‐entropy phosphide (Fe 0.74 Co 0.64 Ni 0.61 Cu 0.32 Mo 0.24 P, FCNCMP–HEMP) nanoparticle is designed to enhance LiPS conversion. The electronic interaction among the S 3 p orbitals of S x 2– in LiPSs, the metal d orbitals, and the P 3p orbitals in FCNCMP–HEMP enables favorable catalytic activity for LiPS conversion. Impressively, FCNCMP–HEMP/C exhibits a higher electron transfer number and lower activation energy in solid–liquid–solid LiPS reduction reactions, indicating enhanced LiPS conversion kinetics. Specifically, Li–S cells with FCNCMP–HEMP/C@S cathodes deliver a high discharge capacity of 744 mAh g – 1 and an ultralow capacity decay of 0.014% per cycle over 2000 cycles at 5 C. Moreover, the assembled pouch cell with the FCNCMP–HEMP/C@S cathode shows a high energy density of 456 Wh kg – 1 . This work opens a new pathway for designing high‐entropy metal phosphides for high‐performance Li–S batteries.",crossref,0
Spectrally Coordinated Plasmonic–Photothermal Photocatalysts for Mineralization of Mixed Indoor VOCs Under White LED Illumination,https://advanced.onlinelibrary.wiley.com/doi/10.1002/adma.74944,Advanced Materials,2026-09-08 00:00:00 UTC,2026-09-08 00:00:00+00:00,10.1002/adma.74944,Hyoung‐il Kim,"ABSTRACT Indoor volatile organic compounds (VOCs) remain a major health concern, yet conventional photocatalysts show limited effectiveness under low‐intensity indoor lighting. Here, a spectrally coordinated plasmonic–photothermal–photocatalytic architecture integrating Cu(II)‐grafted TiO 2 (CuT), yolk–shell Au@SiO 2 (AuSi), and reduced graphene oxide sheets (GS) is presented for efficient mixed‐VOC mineralization under white light‐emitting diode (LED) illumination. Rather than acting as a simple multicomponent composite, this architecture couples partially overlapping but preferential spectral contributions across the LED spectrum: CuT drives visible‐light photocatalytic oxidation, AuSi contributes localized surface‐plasmon‐resonance‐induced electric‐field enhancement near CuT, and GS converts longer‐wavelength photons into localized heat to accelerate interfacial oxidation kinetics. Compared with CuT and binary controls, the composite enhances reactive oxygen species generation, CO 2 formation, and humidity tolerance. CuT/AuSi‐GS enables near‐stoichiometric CO 2 formation during CH 3 CHO/C 7 H 8 mixed‐VOC mineralization at 10 ppmv within 1 h and maintains over 80% CO 2 yield throughout 168 h of continuous‐flow operation at 2 ppmv. Chamber‐scale validation in a 64‐L reactor indicates the feasibility of VOC mineralization under a dedicated white LED source. Operando infrared spectroscopy traces stepwise oxidation of oxygenated and aromatic VOCs toward CO 2 , while wavelength‐dependent activity, spectral‐overlap analysis, thermal profiling, complementary spectroscopy, and simulations support coordinated energy utilization and deep mineralization under indoor white LED illumination.",crossref,0
Recyclable Triboelectric Nanogenerators Enabled by Biodegradable Pollen‐Paper Nanoarchitectonics for Sustainable Energy Harvesting,https://advanced.onlinelibrary.wiley.com/doi/10.1002/aenm.71517,Advanced Energy Materials,2026-09-08 00:00:00 UTC,2026-09-08 00:00:00+00:00,10.1002/aenm.71517,Nam‐Joon Cho,"ABSTRACT Triboelectric nanogenerators (TENGs) are promising devices for harvesting ambient mechanical energy, however, their development is hindered by low power output, limited energy conversion efficiency, and reliance on synthetic polymers. Here, we report a pollen‐based recyclable TENG (PRTENG) achieving a power density of 5.07 W m −2 , rivaling synthetic polymeric TENGs. The seamless integration of bleached pollen paper with PEDOT:PSS and poly(vinyl alcohol) via strong hydrogen‐bonding networks exhibits a 21% increase in maximum stress and 82‐fold toughness enhancement alongside robust durability of over 100 000 contact‐separation cycles. Moreover, when integrated into footwear, the PRTENG effectively converts human motion into electrical energy. Critically, water‐assisted disassembly enables complete component recovery for reassembly with negligible performance loss, while the recovered substrates can biodegrade within 12 days. Overall, this study provides a sustainable approach to engineer fully flexible, recyclable, and eco‐friendly TENGs for deployment in wearable electronics, decentralized sensing networks, and next‐generation sustainable IoT infrastructures.",crossref,0
Cation-Mediated Proton Transfer Enhances Acidic CO2 Electrolysis on a Molecular Catalyst,https://pubs.acs.org/jacsat/article/doi/10.1021/jacs.6c09528/5426339/Cation-Mediated-Proton-Transfer-Enhances-Acidic,Journal of the American Chemical Society: Latest Articles (ACS Publications),2026-09-08 00:00:00 UTC,2026-09-08 00:00:00+00:00,10.1021/jacs.6c09528,Xiaofeng Feng,"Abstract Electrochemical CO2 reduction reaction (CO2RR) in acidic media is attractive for mitigating carbonate formation, yet it typically relies on alkali metal cations to promote CO2RR over the competing hydrogen evolution reaction. Here we show that CH3NH3+, an alkylammonium cation with proton-donating capability, markedly enhances acidic CO2 electrolysis on immobilized cobalt phthalocyanine (CoPc), outperforming alkali metal cations. Compared with Na+, CH3NH3+ increases the CO partial current density by ∼10-fold at modest overpotentials while maintaining ∼95% Faradaic efficiency for CO production. Combined electrochemical analyses and grand-canonical density functional theory calculations reveal a distinct cation role beyond electrostatic stabilization of *CO2: CH3NH3+ serves as an interfacial proton-transfer mediator that enables directed proton transfer to adsorbed *CO2, thereby facilitating the rate-limiting protonation step. This cation-mediated mechanism enables CO partial current densities up to 600 mA cm–2 and single-pass CO2-to-CO conversion approaching 90% in acidic media. These findings expand the conventional view of electrolyte cations in CO2RR and establish cation-enabled interfacial proton transfer as a strategy for promoting protonation-limited electrocatalysis.",crossref,0
Correction to “Side-Chain Free Semiconducting Polymer for High-Performance n-Type Organic Electrochemical Transistors”,https://pubs.acs.org/jacsat/article/doi/10.1021/jacs.6c17620/5425872/Correction-to-Side-Chain-Free-Semiconducting,Journal of the American Chemical Society: Latest Articles (ACS Publications),2026-09-08 00:00:00 UTC,2026-09-08 00:00:00+00:00,10.1021/jacs.6c17620,Iain McCulloch,,,0
Redefining the Functional Boundary of the Photothermal Effect in Flexible Energy Storage: From Dominant Driver in Supercapacitors to Kinetic Modulator in Batteries,https://advanced.onlinelibrary.wiley.com/doi/10.1002/adma.74926,Advanced Materials,2026-09-08 00:00:00 UTC,2026-09-08 00:00:00+00:00,10.1002/adma.74926,Meifang Zhu,"ABSTRACT Flexible energy‐storage devices are key components of wearable electronics, yet they suffer from restricted ion transport, sluggish interfacial kinetics, and capacity loss under low‐temperature, deformed, and complex service conditions. Photothermal effects, which convert light into localized heat in situ, offer a lightweight, self‐powered alternative to external heating. Unlike previous reviews that treat photothermal behavior as an accompanying phenomenon of photovoltaic or photoelectrochemical processes, this review establishes the photothermal effect as an independent core mechanism and, for the first time, defines its functional boundary across device types. We show that the photothermal effect acts as a dominant enhancement mechanism in supercapacitors, where interfacial ion transport is rate‐limiting. It directly regulates conductivity, polarization, and pseudocapacitive kinetics, typically restoring low‐temperature capacitance by approximately 2–5 fold within seconds of illumination. In batteries, by contrast, it serves mainly as an auxiliary kinetic modulator bounded by bulk diffusion, phase transitions, and interfacial chemistry, generally yielding more modest (approximately 20%–50%) low‐temperature improvements over minutes. Building on this boundary, we review key photothermal materials, device architectures, and failure mechanisms, and propose standardized protocols coupling illumination, temperature, deformation, and cycling. This framework aims to guide photothermal flexible energy storage from proof‐of‐concept toward all‐weather wearable applications.",crossref,0
Cr/Ir Dual-Atom-Doped Cr0.2Ir0.1Ru0.7O2 Electrocatalysts for Overcoming the Activity–Stability Trade-Off in Acidic Water Electrolysis,https://pubs.acs.org/jacsat/article/doi/10.1021/jacs.6c13377/5425853/Cr-Ir-Dual-Atom-Doped-Cr0-2Ir0-1Ru0-7O2,Journal of the American Chemical Society: Latest Articles (ACS Publications),2026-09-08 00:00:00 UTC,2026-09-08 00:00:00+00:00,10.1021/jacs.6c13377,Dapeng Cao,"Abstract Developing efficient and stable oxygen evolution reaction (OER) catalysts under acidic conditions for proton exchange membrane water electrolyzers (PEMWE) is still a pivotal challenge owing to the trade-off between activity and stability. Herein, we synthesize a Cr/Ir dual-atom-doped Cr0.2Ir0.1Ru0.7O2 electrocatalyst, which not only presents a low overpotential of 202 mV but also achieves a long-term stability over 1100 h at 10 mA cm–2 in acidic OER. Importantly, the PEMWE device assembled by using Cr0.2Ir0.1Ru0.7O2 as the anode can operate stably over 1300 h at 0.3 A cm–2. Combining operando spectroscopies (Raman, ATR-SEIRAS, and DEMS) and density functional theory, we find that the Cr and Ir dual-atom incorporation efficiently regulates the electronic structure of Ru and enhances the intrinsic activity of Ru sites, while Ir doping shortens the Ru–O bonds to stabilize lattice oxygen, effectively suppressing the lattice-oxygen-mediated mechanism (LOM) and predominantly following the adsorbate evolution mechanism (AEM). This predominant AEM pathway, together with the downshifted d-band center of Ru and optimized *OOH binding, breaks the conventional activity–stability trade-off of the OER electrocatalysts. In short, Cr/Ir dual-atom doping provides a useful synergistic complementary strategy for high-performance PEMWE anode catalysts.",crossref,0
Molecular and Surface W-Sites through 31P-Detected and Dynamic Nuclear Polarization Surface-Enhanced 183W NMR Spectroscopy across Olefin Metathesis Catalysts,https://pubs.acs.org/jacsat/article/doi/10.1021/jacs.6c13173/5426549/Molecular-and-Surface-W-Sites-through-31P-Detected,Journal of the American Chemical Society: Latest Articles (ACS Publications),2026-09-08 00:00:00 UTC,2026-09-08 00:00:00+00:00,10.1021/jacs.6c13173,Christophe Copéret,"Abstract Supported tungsten catalysts are widely employed in industrial olefin metathesis reactions. However, further optimization of their performance requires detailed insight into the local structure of the active sites. Accessing this information remains challenging because of the limited site resolution and surface sensitivity of conventional spectroscopic techniques. While 183W solid-state NMR spectroscopy could in principle offer direct information on the tungsten coordination environment, its practical application is severely limited because of intrinsically low sensitivity. Herein, we demonstrate that the 183W NMR signatures of molecular and supported alkylidene complexes are readily accessible through indirect 31P detection. Through this strategy, we are able to identify two distinct Lewis acidic tungsten surface sites on WOx/SiO2 catalysts and resolve their structural characteristics through their NMR fingerprints. A fraction of the total number of sites (ca. 30%), which correspond to isolated dioxo sites, are able to coordinate PMe3, a requirement for NMR detection; these sites can likely also coordinate other small molecules, to possibly generate active sites. These findings provide a structural basis for understanding the catalytic activity and the rational design of supported metathesis catalysts.",crossref,0
Leveraging Tissue‐Derived Extracellular Vesicles for Regenerative Medicine,https://advanced.onlinelibrary.wiley.com/doi/10.1002/adma.74930,Advanced Materials,2026-09-08 00:00:00 UTC,2026-09-08 00:00:00+00:00,10.1002/adma.74930,Bing‐Dong Sui,"ABSTRACT Tissue‐derived extracellular vesicles (Ti‐EVs) encapsulate the complex molecular signature of their native microenvironment, serving as critical mediators for tissue homeostasis and regeneration. This review provides a state‐of‐the‐art overview of Ti‐EV biology, critically evaluating current evidence from the liver, heart, adipose tissue, and skeletal muscle while identifying key challenges and future perspectives for clinical translation. We first categorize current isolation technologies by their validation status in the Ti‐EV context, and then survey organ‐specific functional profiles with emphasis on the functional shifts that accompany transitions between physiological and pathological states, as well as inter‐organ communication. Cross‐tissue comparison reveals conserved cargo classes, shared signaling pathways, and five recurrent regenerative mechanisms, including cell cycle regulation, metabolic reprogramming, microenvironment remodeling, angiogenesis, and programmed cell death control. These patterns point to three overarching principles: cargo composition encodes tissue identity, effector mechanisms are drawn from a constrained functional repertoire, and functional output is calibrated by tissue states. Engineering strategies for cargo reprogramming, controlled delivery, and targeted modification are discussed alongside bottlenecks in scalable production and regulatory compliance. This integrated framework positions Ti‐EVs as context‐dependent signaling systems and highlights single‐vesicle analysis, smart cargo editing, and personalized precision approaches as key directions for clinical translation.",crossref,0
Powering Skin Repair: Piezoelectric Biomaterials‐Driven Wound Healing,https://advanced.onlinelibrary.wiley.com/doi/10.1002/adma.74903,Advanced Materials,2026-09-08 00:00:00 UTC,2026-09-08 00:00:00+00:00,10.1002/adma.74903,Johnson V. John,"ABSTRACT Over the past decade, piezoelectric biomaterials have emerged as powerful platforms for tissue repair and regeneration by enabling self‐generated, minimally invasive bioelectric stimulation. Among them, skin wound healing has become a prominent area of research due to the tissue's accessibility and clinical relevance. Specifically, the microcurrents powered by piezoelectric biomaterials closely mimic the endogenous electrical cues present in healthy skin. These bioelectrical signals regulate multiple stages of wound healing, including cell migration and proliferation, angiogenesis, extracellular matrix formation, and immune modulation. This review will provide a comprehensive overview of piezoelectric biomaterials for skin wound healing and examine the physiological and biochemical roles of the naturally occurring electric fields in healthy skin and injured skin. By integrating these perspectives, we highlight how piezoelectric scaffolds can power skin tissue repair by recapitulating native bioelectric signaling. We further discuss current challenges, translational opportunities, and future directions toward the development of next‐generation electroactive wound dressings for the treatment of acute and chronic wounds.",crossref,0
"Versatile Sb 2 S 3 Interlayer for Back‐Interface Carrier Management in Narrow‐Bandgap Sb 2 (S x ,Se 1−x ) 3 Solar Cells",https://advanced.onlinelibrary.wiley.com/doi/10.1002/adma.74946,Advanced Materials,2026-09-08 00:00:00 UTC,2026-09-08 00:00:00+00:00,10.1002/adma.74946,Guilin Chen,"ABSTRACT Severe carrier recombination at the back interface, exacerbated by valence‐band misalignment arising from the tunable S/Se composition in Sb 2 (S x ,Se 1−x ) 3 (0 ≤ x 2 S 3 interlayer between the narrow‐bandgap Sb 2 (S x ,Se 1−x ) 3 absorber and the PbS hole transport layer (HTL). KPFM and GIWAXS measurements reveal that this Sb 2 S 3 interlayer reduces surface defect density and improves the crystalline quality of the film surface. Moreover, leveraging the complete mutual solubility between Sb 2 S 3 and Sb 2 (S,Se) 3 , TOF‐SIMS confirms the formation of a compositionally graded heterojunction from the Se‐rich bulk to the S‐rich back surface during annealing, creating a continuous energy staircase. Consequently, the hole‐extraction barrier is eliminated, the built‐in electric field is enhanced, and the depletion region is broadened, accelerating hole collection. This strategy delivers the following performance: for Sb 2 (S,Se) 3 ‐derived devices, efficiency increases from 6.88% to 9.76%; when extended to the Sb 2 Se 3 ‐derived case, efficiency rises from 7.77% to 10.03%. These results set new benchmarks for all‐inorganic Sb 2 (S x ,Se 1−x ) 3 thin‐film solar cells, especially for carbon‐electrode devices, and establish a back‐interface engineering strategy for Sb 2 (S x ,Se 1−x ) 3 solar cells.",crossref,0
Reconstruction of Transition Metal Catalysts for Industrial‐Scale Electrochemical CO 2 Reduction Under Operational Modulation,https://advanced.onlinelibrary.wiley.com/doi/10.1002/adma.74939,Advanced Materials,2026-09-08 00:00:00 UTC,2026-09-08 00:00:00+00:00,10.1002/adma.74939,Zhihui Dai,"ABSTRACT The reconstruction of catalysts during the electrochemical CO 2 reduction reaction (eCO 2 RR) is pivotal for carbon utilization and renewable energy storage. Driven by thermodynamic and kinetic forces, catalysts undergo inevitable dynamic evolutions that generate performance‐determining active sites. Traditional studies, however, often treat catalysts as static systems and overlook their real‐world working behavior, leading to biased understandings of active sites. To bridge this gap, this review proposes a tripartite framework demonstrating that catalyst evolution is a coupled, multiscale process driven by intrinsic chemical reconstruction, microenvironmental fluctuation, and external mechanical stress. Mechanistically, we reveal that intense local electric fields and pH gradients at high current densities accelerate surface atom migration, while physical stresses from vigorous bubble nucleation and growth trigger a vicious cycle of catalyst layer delamination and performance decay. We highlight how in situ characterizations and multiscale simulations resolve these stress‐coupled dynamics in real time, and summarize concrete stabilization strategies: employing precise coordination engineering and valence modulation to thermodynamically anchor active phases against migration, and utilizing interfacial texturing to enhance mechanical robustness against gas‐evolution stress. By bridging atomic‐scale reconstruction with device‐level failure modes, this review guides the rational design of durable catalysts for industrial eCO 2 RR.",crossref,0
Laser‐Printing of Dynamic Colorful‐Patterns Activated by Pure‐Water,https://advanced.onlinelibrary.wiley.com/doi/10.1002/adma.74949,Advanced Materials,2026-09-08 00:00:00 UTC,2026-09-08 00:00:00+00:00,10.1002/adma.74949,Huai Yang,"ABSTRACT Traditional printing technologies rely heavily on chemical dyes and organic reagents, posing significant environmental risks and resource sustainability challenges. Although bio‐inspired structural colors offer a promising alternative, efficiently and conveniently achieving high‐resolution, reversible, and eco‐friendly patterning of dynamic optical content remains a formidable challenge. Here, we report a scalable and sustainable color‐printing strategy that employs pure water to activate dynamic patterns within laser‐programmed cholesteric liquid crystal networks (CLCNs). By leveraging laser direct‐writing technology, a highly temporal‐spatial resolution complex optical information with a highly customizable printing ecosystem has been constructed. This strategy relies on adjusting the spatial distribution anisotropy of internal cross‐link density to program the swelling behavior of the helical‐structures, which generating structural‐color can cover across the full visible spectrum. We demonstrate the versatility of this high‐throughput fabrication platform through multidimensional information encryption, self‐adaptive QR codes, and smart architectural coatings. The presented new printing ecosystem, due to its characteristics such as easily accessible raw materials, simple process, high economic applicability, and environmental friendliness, is bound to have a broader development space and will not be confined to laboratory manufacturing.",crossref,0
Topological Spin‐Texture Transitions in van der Waals Magnets Revealed by X‐Ray Fourier Transform Holography,https://advanced.onlinelibrary.wiley.com/doi/10.1002/adma.74883,Advanced Materials,2026-09-08 00:00:00 UTC,2026-09-08 00:00:00+00:00,10.1002/adma.74883,Moritz Hoesch,"ABSTRACT Nontrivial topological spin‐textures, such as skyrmions, merons, bimerons, and skyrmioniums, are envisioned as robust building blocks for future memory and logic devices. Controllable transformations between these states require a quantum‐mechanical description of electronic degrees of freedom and atomic‐scale insight beyond existing phenomenological models. Here, we report an atomic‐scale investigation of topological phase transitions and their protection in the two‐dimensional van der Waals ferromagnet Fe 3 GeTe 2 (FGT) using a combined experimental‐theoretical approach. Synchrotron‐based Fourier transform holography directly images labyrinth domains, isolated skyrmions, mixed labyrinth‐skyrmion phases, and skyrmion bags with high spatial resolution. We compare these observations to simulations based on an electronic lattice Hamiltonian that captures both metallicity and relativistic spin‐orbit coupling in FGT. By systematically exploring a broad range of temperatures and magnetic fields, we map the mechanisms governing topological transitions and their stability. This sequential‐integrated experimental‐theoretical framework advances understanding of spin‐texture interactions and enables precise control of external tuning parameters. Our results establish a platform for creating, stabilizing, and manipulating topological states, paving the way for engineered spin‐texture transitions in next‐generation spintronic technologies.",crossref,0
Functional Complementation of Sn/La Diatomic Sites Over V 2 O 5 Cathodes Resolves the Capacity–Stability Trade‐Off of Aqueous Potassium Ion Battery,https://advanced.onlinelibrary.wiley.com/doi/10.1002/adma.74719,Advanced Materials,2026-09-08 00:00:00 UTC,2026-09-08 00:00:00+00:00,10.1002/adma.74719,Shaojun Guo,"ABSTRACT The intrinsic trade‐off between high specific capacity and structural stability severely limits the development of high‐capacity K + cathodes. Herein, we address this limitation through a strategic pairing of f / p ‐block elements for constructing isolated heteronuclear diatomic sites (La/Sn) on carbon substrate. This pairing drives the reconstruction of V 2 O 5 into hydrated layered phase, forming a dual‐function interface where La acts as a structural anchor and Sn as a kinetics promoter. The strongly Lewis acidic La center stabilizes the host framework by suppressing vanadium dissolution, whereas Sn, with energetically accessible p ‐orbitals, facilitates interfacial charge transfer. The resulting interface couples K + intercalation with interfacial proton storage, forming a highly reversible hybrid reaction pathway that reconciles capacity and stability. As a result, C/Sn/La‐V 2 O 5 electrode achieves a high specific capacity of 350 mAh g −1 , exceptional rate capability, and outstanding cycling stability (95.5% retention after 10 000 cycles). Operando spectroscopic analyses support the existence of this dual‐ion coupling pathway governs the reversible charge‐storage process, with the exceptional electrochemical performance originating from the functional complementarity of the Sn/La dual‐atomic sites. This work establishes f / p ‐block element pairing as a promising design strategy for engineering atomic interfaces that integrate complementary charge‐storage mechanisms, with preliminary generality supported by additional element pairs.",crossref,0
Native Defects‐Induced Fermi‐Level Pinning and Diffuson‐Mediated Thermal Transport in BiSbSe 3 Thermoelectrics,https://advanced.onlinelibrary.wiley.com/doi/10.1002/adma.74931,Advanced Materials,2026-09-08 00:00:00 UTC,2026-09-08 00:00:00+00:00,10.1002/adma.74931,Li‐Dong Zhao,"ABSTRACT Ultralow thermal conductivity is widely recognized as a core characteristic of promising thermoelectrics, yet many such materials still fail to realize high thermoelectric performance. Te‐free BiSbSe 3 embodies this contradiction: its intrinsically ultralow thermal conductivity makes it promising for medium‐temperature thermoelectric applications, while stable p ‐type transport remains elusive and the optimization limits of both conduction types remain unclear. Here, we reveal that native defects and Sb containing lone‐pairs jointly govern its transport behavior. Electron microscopy analysis and first‐principles calculations confirm that Se vacancies and cation‐on‐Se antisite defects possess low formation enthalpies, stabilizing n ‐type conduction, compensating holes, and pinning the Fermi level away from the valence band maximum. Moreover, strong near‐band‐edge Sb‐Se hybridization softens Sb‐dominated low‐frequency optical phonons, promoting acoustic‐optical coupling and diffuson‐like thermal transport at high temperatures. By matching theory and experiment, we identify carrier mobility degradation at high donor concentrations as the main limitation for n ‐type BiSbSe 3 . Our calculations predict that eliminating Fermi‐level pinning could enable p ‐type BiSbSe 3 to achieve an excellent average ZT of ∼ 1.4 over 300‐800 K. These findings not only clarify the long‐standing underperformance of ultralow thermal conductivity thermoelectric compounds, but also establish a universal chemical design framework for optimizing Te‐free thermoelectrics.",crossref,0
Sodium Formate as a High‐Capacity Cathode Presodiation Additive for Ultra‐Stable Sodium‐Ion Batteries,https://advanced.onlinelibrary.wiley.com/doi/10.1002/adma.74935,Advanced Materials,2026-09-08 00:00:00 UTC,2026-09-08 00:00:00+00:00,10.1002/adma.74935,Zhen Li,"ABSTRACT The initial Coulombic efficiency (ICE) of sodium‐ion batteries (SIBs) is substantially lower than that of lithium‐ion batteries, primarily owing to the intrinsic limitations of hard carbon anodes. Cathode sodium‐compensation additives have emerged as a promising strategy to address this challenge, offering both safety and ready scalability for mass production. However, most reported additives rely on catalytic decomposition, which inevitably raises cost and introduces inert components into the battery. Here, catalyst‐free sodium formate (HCOONa) is introduced as a cathode additive that delivers a sodium‐compensation capacity of 398 mAh g − 1 . It is revealed that the HCOO − possesses a higher highest occupied molecular orbital energy than conventional carbonate solvents, enabling preferential oxidation that suppresses detrimental electrolyte decomposition. The oxygen species derived from HCOONa facilitate the formation of a robust and thin cathode electrolyte interphase (CEI) on the NaNi 1/3 Fe 1/3 Mn 1/3 O 2 cathode. This CEI comprises a Na 2 O‐rich inorganic phase and a COOR‐rich organic phase, which enhance interfacial mechanical strength and electrochemical stability. Hard carbon||NaNi 1/3 Fe 1/3 Mn 1/3 O 2 pouch cells containing 2.5 wt% HCOONa exhibit a 5.7% increased initial discharge capacity and superior cycling stability, retaining 88% capacity after 700 cycles. These findings establish an effective presodiation strategy that compensates for sodium loss while stabilizing electrode interfaces in practical SIBs.",crossref,0
Flow-Guided Chemical Language Modeling for Linker Design in Reticular Chemistry,https://pubs.acs.org/jacsat/article/doi/10.1021/jacs.6c06920/5426584/Flow-Guided-Chemical-Language-Modeling-for-Linker,Journal of the American Chemical Society: Latest Articles (ACS Publications),2026-09-08 00:00:00 UTC,2026-09-08 00:00:00+00:00,10.1021/jacs.6c06920,David Fairen-Jimenez,"Abstract Reticular chemistry has enabled the synthesis of tens of thousands of metal–organic frameworks (MOFs), yet the discovery of new materials still relies largely on intuition-driven linker design and iterative experimentation. As a result, researchers explore only a small fraction of the vast chemical space accessible to reticular materials, limiting the systematic discovery of frameworks with targeted properties. Here, we introduce NexerraR1, a building-block chemical language model that enables inverse design in reticular chemistry through targeted generation of organic linkers. Rather than generating complete frameworks directly, Nexerra operates at the level of molecular building blocks, preserving the modular logic that underpins reticular synthesis. The model supports both unconstrained generation of low-connectivity linkers and scaffold-constrained design of symmetric multidentate motifs compatible with predefined nodes and topologies. We further combine linker generation with flow-guided distributional targeting to steer the generative process toward application-relevant objectives while maintaining chemical validity and assembly feasibility. The generated linkers are subsequently assembled into three-dimensional frameworks and structurally optimized to produce candidate materials compatible with experimental synthesis. Using NexerraR1, we validate this strategy by rediscovering known MOFs and by proposing the experimental synthesis of a previously unreported framework, CU-525, generated in silico. Together, these results establish a controllable building-block-level design framework for reticular chemistry in which chemical language modeling enables the direct translation from computational design to synthesizable frameworks.",crossref,0
"Correction to “Protein Tyrosine Amination: Detection, Imaging, and Chemoproteomic Profiling with Synthetic Probes”",https://pubs.acs.org/jacsat/article/doi/10.1021/jacs.6c16443/5426529/Correction-to-Protein-Tyrosine-Amination-Detection,Journal of the American Chemical Society: Latest Articles (ACS Publications),2026-09-08 00:00:00 UTC,2026-09-08 00:00:00+00:00,10.1021/jacs.6c16443,Dan Yang,,,0
Machine-Learning-Guided Molecular Design for Dynamic Self-Activating Interface toward Ah-Level Anode-Free Zn–I2 Pouch Cells,https://pubs.acs.org/jacsat/article/doi/10.1021/jacs.6c15211/5426519/Machine-Learning-Guided-Molecular-Design-for,Journal of the American Chemical Society: Latest Articles (ACS Publications),2026-09-08 00:00:00 UTC,2026-09-08 00:00:00+00:00,10.1021/jacs.6c15211,Guozhao Fang,"Abstract Anode-free Zn batteries are attractive for zero-excess-Zn operation and maximized anode utilization, but reversible high-areal-capacity Zn plating/stripping over large hostless interfaces remains difficult, especially in Ah-level Zn–I2 pouch cells where polyiodide shuttling accelerates capacity decay and corrodes the nascent anode interface. Here, we integrate machine-learning-guided polyiodide regulation with dynamic interfacial reconstruction to establish a self-activating Zn deposition pathway for reversible anode-free Zn–I2 cells. DFT-supervised screening reveals multidentate weak O–C–H···I interactions and chain-assisted confinement as key molecular design principles for polyiodide confinement, guiding the selection of polyethylene glycol 4000 (PE4000). More importantly, PE4000 gates trace reversible Sn/Sn2+ interfacial conversion, enabling dynamic Zn–Sn reconstruction, persistent zincophilic sites, and orientation-regulated Zn nucleation/growth during repeated plating/stripping. Consequently, the optimized anode-free Zn–I2 cells sustain 16,000 cycles at 10 mA cm–2. Single-layer pouch cells operate for over 3000 cycles at 4.65 mAh cm–2, with recovered Sn remaining reusable for another 1000 cycles. Ah-level pouch cells further deliver 2390 Ah cumulative capacity over 2800 cycles. This work establishes a system-level interface-matching strategy for practical high-utilization anode-free batteries.",crossref,0
Systematic Ligand Modification Tunes the Stability and Reactivity of Copper Complexes for the Electrocatalytic Reduction of Carbon Dioxide,https://pubs.acs.org/jacsat/article/doi/10.1021/jacs.6c11205/5426567/Systematic-Ligand-Modification-Tunes-the-Stability,Journal of the American Chemical Society: Latest Articles (ACS Publications),2026-09-08 00:00:00 UTC,2026-09-08 00:00:00+00:00,10.1021/jacs.6c11205,Vincent C.-C. Wang,"Abstract Compared to first-row transition metal complexes, such as Mn, Fe, Co, and Ni, the development of molecular copper electrocatalysts for CO2 reduction has been plagued by the instability of low-valent Cu intermediates, which are prone to undergo demetallation or aggregation. A series of rational and systematic ligand modifications was employed to transform a CO2-fixing yet electrochemically unstable pyridine-2,6-dicarboxamide copper complex into a stable electrocatalytic system. Guided by the Hard–Soft Acid–Base principle, incorporation of a thioether donor into the nitrogen-based pincer framework stabilized Cu(I) intermediates, thereby promoting reversible electron transfer and mitigating the instability of the hard nitrogen-donor environment. Furthermore, the introduction of a macrocyclic structure not only enhances the overall stability of the complex but also minimizes structural reorganization to support the redox reversibility of the redox-active ligand. The resulting complex mediated the electroreduction of CO2 to CO through an alternating sequence of electron-transfer (E) and chemical (C) steps (ECEC mechanism). The mechanistic studies identified the key CO2-bound and protonated HCO2-bound copper intermediate species using a combination of spectroscopic tools, complementary in situ electrochemical methods, and isotopic labeling. In addition, comparative experimental and computational analyses of the copper complexes further revealed the factors governing catalyst stability. These results demonstrate that the interplay among the coordination sphere, redox-active ligand, and ligand rigidity dictates the electrocatalytic performance and stability of molecular copper complexes. This work provides design principles and mechanistic insights applicable to both homogeneous electrocatalysts and copper-complex-derived heterogeneous systems for CO2 reduction.",crossref,0
Cobalt–Copper Single-Atom Alloy Catalyst for Electrochemical Nitric Oxide Reduction to Ammonia,https://pubs.acs.org/jacsat/article/doi/10.1021/jacs.5c19722/5426593/Cobalt-Copper-Single-Atom-Alloy-Catalyst-for,Journal of the American Chemical Society: Latest Articles (ACS Publications),2026-09-08 00:00:00 UTC,2026-09-08 00:00:00+00:00,10.1021/jacs.5c19722,Xinhe Bao,"Abstract Electrochemical reduction of nitric oxide (NO) to ammonia (NH3) offers a more sustainable pathway. However, significant challenges remain in achieving high NH3 Faradaic efficiency, industrially relevant production rates, and downstream purification to meet commercial standards. Here, we report a cobalt–copper single-atom alloy (CoCu SAA) catalyst that has a remarkable NH3 production rate of 8995.9 μmol cm–2 h–1 in a flow cell and a current density of 1338.3 mA cm–2 with an NH3 Faradaic efficiency of 90.0%. Furthermore, the membrane electrode assembly (MEA) electrolyzer delivered an NH3 Faradaic efficiency of 91.8% at a current density of 3.0 A cm–2 and a cell voltage of 2.21 V. Electrochemical spectroscopic characterizations and density functional theory calculations reveal that isolated Co dopants optimize the adsorption strength of *NO and key reaction intermediates by modulating the electronic structure of neighboring Cu atoms, thus decreasing the energy barrier for the reaction and enhancing the catalytic activity and selectivity of NO electroreduction.",crossref,0
Ligand‐Dependent Electronic Modulation of Conjugated Metal–Organic Frameworks Enables Efficient Electrocatalytic Nitric Oxide Reduction to Ammonia,https://advanced.onlinelibrary.wiley.com/doi/10.1002/adma.74943,Advanced Materials,2026-09-08 00:00:00 UTC,2026-09-08 00:00:00+00:00,10.1002/adma.74943,Huan Pang,"ABSTRACT Electrochemical reduction of ammonia represents a highly promising approach for transforming harmful environmental pollutants into more valuable products. In this study, we successfully achieved precise control over the environment surrounding single‐atom Ni sites by modifying functional groups on ligands. To validate this strategy, we constructed two similar hollow Ni‐MOFs. The metal–organic frameworks (MOFs) containing the p‐type tetraazanaphthotetraphene ligand (Ni‐TT) demonstrated exceptional performance compared to n‐type triphenylene (Ni‐TP). Its overall reduction rate reached 196.9 µmol·h −1 ·cm 2 , with a Faraday efficiency as high as 90.9% at −0.4 V versus RHE. The exceptional performance of Ni‐TT stems from the p‐type tetranaphthalenetetracene ligand, which is nitrogen‐rich and electron‐deficient. The electronic properties of the ligand significantly influence the coordination environment around the single‐atom Ni site, enabling precise control over proton‐transfer behavior during the reaction. Theoretical calculations also indicate that hydrogen adsorption on p‐type Ni‐TT surfaces accelerates hydrogen transfer at Ni active sites compared to n‐type Ni‐TP. This significantly enhances the rate‐determining step (RDS) in the NO hydrogenation process. The constructed Ni‐TT‐based Zn‐NO battery achieved a power density of 2.1 mW cm −2 . These results provide insight into how conjugated ligand structures modulate the electronic structure and hydrogenation behavior, which may guide future studies on MOF‐based electrocatalysts for nitric oxide reduction reaction (NORR).",crossref,0
Daily briefing: Gene-therapy deaths put spotlight on trials in China,https://www.nature.com/articles/d41586-026-02838-1,Nature,2026-09-08 00:00:00 UTC,2026-09-08 00:00:00+00:00,10.1038/d41586-026-02838-1,Flora Graham,"The deaths of two children in separate gene-therapy trials could have a profound effect on China’s biomedical industry, say researchers. Plus, an AI system has formalized Fermat’s last theorem and the impact of Nancy Grace Roman.",rss_nature,0
Integrative modeling of the genome structure and dynamics in fission yeast,https://www.pnas.org/doi/abs/10.1073/pnas.2612002123?mi=eymic2&af=R&access=on&content=articlesChapters&publication=pnas&sortBy=Earliest&target=default,Proceedings of the National Academy of Sciences: Keyword search for query,2026-09-08 07:00:00 UTC,2026-09-08 07:00:00+00:00,10.1073/pnas.2612002123,Shin-ichi Tate,"Genome organization in the nucleus is highly structured and dynamic. Recent advances in genomic technology have enabled the measurement of genome-wide architecture and locus-specific motion, yielding contact maps and live-cell trajectories. However, these outcomes are derived from different modalities and are not directly comparable, with their quantitative integration being a key challenge. Here we establish a genome-wide live-cell imaging platform in fission yeast
                    Schizosaccharomyces pombe
                    , tracking 131 chromosomal loci, along with the spindle pole body (SPB) and nucleolus, to construct a quantitative map of locus dynamics. By integrating these dynamics with contact data through polymer modeling of Hi-C data, we build a physics-based “digital twin” of the
                    S. pombe
                    genome consistent with the spatiotemporal dynamics of interphase chromatin. We validate it against genome-wide mobility patterns and known architectural features, including centromere and telomere clustering. The model also identifies distinct dynamical regimes: centromere- and telomere-proximal loci relax within
                    
                      
                        ∼
                      
                    
                    150 s, whereas the remaining loci relax within
                    
                      
                        ∼
                      
                    
                    70 s. We measure semiperiodic dynamics of SPB motion, including a characteristic peak near 225 s and
                    
                      
                        
                          1
                          /
                          f
                        
                      
                    
                    fluctuations. We use the model with SPB-directed forcing to show how these low-frequency components propagate through the genome to drive genome-wide chromatin displacements. Together, this predictive physics-based modeling framework integrates genome structure and dynamics to reveal how nuclear mechanical driving forces shape chromosome motion, linking mechanically driven chromatin responses to genome maintenance and regulation.",crossref,0
"Increased receptor binding and spike glycosylation, remodeled immune escape of surging SARS-CoV-2 subvariant BA.3.2.2/RE.2.2/Cicada",https://www.pnas.org/doi/abs/10.1073/pnas.2614163123?mi=eymic2&af=R&access=on&content=articlesChapters&publication=pnas&sortBy=Earliest&target=default,Proceedings of the National Academy of Sciences: Keyword search for query,2026-09-08 07:00:00 UTC,2026-09-08 07:00:00+00:00,10.1073/pnas.2614163123,George Fu Gao,"SARS-CoV-2 continues to evolve. The subvariant BA.3.2 (Cicada), a derivative of the Omicron BA.3 subtype first detected in late 2024, harbors multiple spike protein mutations, ORF7 and ORF8 deletions, and has recently evolved sublineages (BA.3.2.1 and BA.3.2.2), rendering it a critical target for epidemiological surveillance. The BA.3.2.2 sublineage, represented by RE.2.2, shows a marked upward trend in late 2025. Using surface plasmon resonance, we found that RE.2.2’s spike (S) protein receptor-binding domain (RBD) exhibits relatively high affinity for human receptor angiotensin-converting enzyme 2, with structural analysis identifying the R493Q reverse mutation as the key determinant. Pseudovirus infection and antibody neutralization assays demonstrated that RE.2.2 exhibited a distinct neutralization profile compared to contemporaneous dominant subvariants. Notably, several antibodies that previously lacked neutralizing activity (e.g., S2K146 and L4.65) to other subvariants regained neutralizing potency against RE.2.2, which was associated with key mutations including G446D. Profiling of RE.2.2 RBD binding to ACE2 orthologs across species showed no significant difference in species tropism from the representative Omicron BA.1. Importantly, RE.2.2 exhibits the newly emerged N-linked glycosylation at spike protein N529 (absent in all other subvariants), a modification potentially associated with immune evasion or spike protein conformational dynamics. In addition, we corroborated the “O-follow-N” glycosylation observation as previously reported, where O-linked glycans preferentially localize near N-glycosylation sites, implying coordinated glycan organization as an extra layer of spike regulation. These findings illuminate the evolutionary characteristics, functional changes, and the constrained virus immune escape of BA.3.2.2 (RE.2.2), providing critical insights into antibody development and variant surveillance.",crossref,0
Antibodies targeting a shared epitope exploit IgE allostery to drive distinct functional outcomes,https://www.pnas.org/doi/abs/10.1073/pnas.2613091123?mi=eymic2&af=R&access=on&content=articlesChapters&publication=pnas&sortBy=Earliest&target=default,Proceedings of the National Academy of Sciences: Keyword search for query,2026-09-08 07:00:00 UTC,2026-09-08 07:00:00+00:00,10.1073/pnas.2613091123,James M. McDonnell,"The Fc region of immunoglobulin E (IgE-Fc) is an important therapeutic target due to the antibody’s critical role in allergic disorders through interactions with high-affinity (FcεRI) and low-affinity (CD23) receptors. IgE-Fc is known to be conformationally flexible, undergoing large-scale structural changes that modulate receptor binding and downstream biological functions. The mechanistic basis for how ligands induce these allosteric changes is not fully understood. In this study, we investigate structure–function relationships of IgE by characterizing four closely related anti-IgE-Fc Fab fragments with highly conserved sequences that recognize a shared epitope at the base of the Cε2 domain. Despite their sequence similarity, these Fabs exhibit markedly different binding characteristics, stoichiometries, and functional activities. Furthermore, the crystal structures of these four Fab complexes reveal that the bound IgE-Fc adopts a wide range of conformations. These structural differences directly dictate the functional outcomes, ranging from conformations that facilitate FcεRI binding to those that prevent or destabilize receptor interaction. Our findings demonstrate that highly similar antibodies binding to the same epitope on a protein that exhibits significant conformational plasticity can elicit distinct and divergent functional outcomes. This work challenges the conventional antibody discovery paradigm, i.e., “same epitope, same functional outcome,” and highlights the importance of accounting for both the target’s structural flexibility and the resulting functional diversity within antibody selection strategies. This is especially critical when targeting dynamic proteins where allosteric mechanisms are fundamental to function.",crossref,0
Quantum-enhanced coherent Raman spectroscopy with broadband squeezed-light detection,https://www.pnas.org/doi/abs/10.1073/pnas.2611941123?mi=eymic2&af=R&access=on&content=articlesChapters&publication=pnas&sortBy=Earliest&target=default,Proceedings of the National Academy of Sciences: Keyword search for query,2026-09-08 07:00:00 UTC,2026-09-08 07:00:00+00:00,10.1073/pnas.2611941123,Shaul Mukamel,"Quantum correlations offer the possibility of surpassing classical limits in optical measurements, but their integration into nonlinear vibrational spectroscopy has remained largely unexplored. Here, we introduce a quantum-enhanced implementation of coherent Raman spectroscopy that employs broadband squeezed-light detection to interrogate relative intensity correlations between Stokes and anti-Stokes fields generated in an ultrafast four-wave-mixing process. By exploiting nonclassical correlations between these fields, we suppress the nonresonant background and enhance the signal-to-noise performance in both temporal and spectral domains, enabling detection sensitivities beyond the classical shot-noise limit. Importantly, the quantum advantage demonstrated here does not arise solely from improved detection statistics. Rather, it originates from microscopic intermolecular correlations mediated by cascaded exchange of a virtual photon between molecular pairs. This mechanism establishes a fundamentally distinct and significant pathway for information extraction in vibrational spectroscopy, providing access to structural and dynamical observables that are intrinsically inaccessible by conventional classical Raman techniques. Numerical simulations illustrate the power of the technique by resolving intradimer
                    
                      
                        
                          C
                          =
                          C
                        
                      
                    
                    bond splitting in cyclobutane thymine dimers following ultraviolet excitation, highlighting its potential for probing ultrafast photochemical processes with quantum-limited sensitivity and for label-free biomedical optical sensing and imaging.",crossref,0
The native structure of the Trichonympha centriole cartwheel reveals a zigzag stacking pattern,https://www.pnas.org/doi/abs/10.1073/pnas.2612170123?mi=eymic2&af=R&access=on&content=articlesChapters&publication=pnas&sortBy=Earliest&target=default,Proceedings of the National Academy of Sciences: Keyword search for query,2026-09-08 07:00:00 UTC,2026-09-08 07:00:00+00:00,10.1073/pnas.2612170123,Khanh Huy Bui,"Centrioles are essential cellular organelles with complex architectures. Their earliest assembly intermediate—the cartwheel—has a ninefold symmetry established by Spindle assembly abnormal protein 6 (SAS-6). Using cryoelectron tomography and subtomogram averaging, we resolved the native structure of the SAS-6 rings within the cartwheel of the exceptionally long
                    Trichonympha
                    proximal centriole, identifying a 16-nm axial periodicity was formed by stacked rings of V-shaped SAS-6 tetramers, which comprise the fundamental unit of the cartwheel central hub. Within these stacked rings, SAS-6 N-terminal head domains adopted a zigzag stacking pattern. Additionally, our improved resolution provides insights into the function of the previously observed cartwheel inner density, nine asymmetric densities that bridge adjacent tetramers, potentially imparting polarity and enhancing structural stability. Molecular dynamics simulations indicate increased rigidity in intertetramer interactions, supporting efficient ring formation and revealing how cartwheel architecture and polarity are established and stabilized.",crossref,0
At least a fivefold gap in effective global marine protection,https://www.pnas.org/doi/abs/10.1073/pnas.2611733123?mi=eymic2&af=R&access=on&content=articlesChapters&publication=pnas&sortBy=Earliest&target=default,Proceedings of the National Academy of Sciences: Keyword search for query,2026-09-08 07:00:00 UTC,2026-09-08 07:00:00+00:00,10.1073/pnas.2611733123,Rick D. Stuart-Smith,"The Convention on Biological Diversity’s ambitious target to “effectively conserve” 30% of the world’s oceans in protected areas by 2030 risks being undermined by a primary focus on total area protected rather than realized conservation outcomes. Area-based assessments can overstate success because few marine protected areas (MPAs) possess strong restrictions and high compliance. Here, we estimate the extent that conservation outcomes are realized across the global MPA network for shallow reefs using standardized fish survey data. We first compare observed fish biomass from 552 surveyed MPA zones in temperate and tropical seas to modeled counterfactuals in the absence of protection, then extend these findings across the global network using key MPA attributes and predictive models. We estimate that at best, a quarter of the global MPA network is likely delivering meaningful conservation outcomes, with effectiveness strongly contingent upon the level of compliance with fishing restrictions. If shallow reef responses are representative of other marine ecosystems, then &lt;2% of the ocean is effectively protected, compared to 9.8% presently reported. The unsupported assumption that MPA designation and management attributes directly translates to tangible biodiversity outcomes has apparently resulted in pervasive overestimation of conservation achievement. Critically, long-term success of MPAs will require further research, informed governance, and improved strategic policies that focus on the intricate mechanisms underlying compliance with mandated area restrictions.",crossref,0
Integration of Semaphorin/Plexin activation and amplification by a Neuropilin-like coreceptor ensures robust homeostatic plasticity,https://www.pnas.org/doi/abs/10.1073/pnas.2604252123?mi=eymic2&af=R&access=on&content=articlesChapters&publication=pnas&sortBy=Earliest&target=default,Proceedings of the National Academy of Sciences: Keyword search for query,2026-09-08 07:00:00 UTC,2026-09-08 07:00:00+00:00,10.1073/pnas.2604252123,Mihaela Serpe,"Robust homeostatic plasticity is essential for survival, enabling neuronal circuits to withstand destabilizing forces and restore function during critical challenges such as predator evasion or toxin exposure. Semaphorin/Plexin signaling is central to presynaptic homeostatic potentiation at central synapses and at neuromuscular junctions across species. However, our understanding of this pathway has remained incomplete, as secreted Semaphorins bind weakly to their Plexin receptors and require additional coreceptors for efficient signaling. Here, we identify Neuropilin and Tolloid-like protein (Neto-α), an auxiliary subunit for ionotropic glutamate receptors (iGluRs), and the tyrosine kinase Abelson (Abl) as essential components of the Sema2b/PlexB signaling pathway that drives rapid homeostatic potentiation and stabilizes synaptic strength at the
                    Drosophila
                    neuromuscular junction. Neto-α functions as a Neuropilin-like coreceptor that cooperates with Sema2b to relieve PlexB autoinhibition and initiate signaling. In parallel, Neto-α recruits Abl, which functions as a cytosolic amplifier to enhance pathway output. We demonstrate that both pathway activation and amplification are required for a rapid and effective homeostatic response. By integrating these two functions within a single molecular assembly, Neto-α ensures fast and efficient compensatory responses to perturbations. This evolutionarily conserved signaling module, Neto (or Neuropilin)/Sema/Plex/Abl, likely operates in cellular contexts beyond neural function, including in tumorigenesis.",crossref,0
"Sexual selection purges mutation load, but not overall genetic diversity, decreasing vulnerability to extinction",https://www.pnas.org/doi/abs/10.1073/pnas.2608675123?mi=eymic2&af=R&access=on&content=articlesChapters&publication=pnas&sortBy=Earliest&target=default,Proceedings of the National Academy of Sciences: Keyword search for query,2026-09-08 07:00:00 UTC,2026-09-08 07:00:00+00:00,10.1073/pnas.2608675123,David S. Richardson,"Theory suggests sexual selection will enhance population viability by purging deleterious alleles. However, direct genomic evidence for this fundamental idea is scarce and contradictory. We combined long-term experimental evolution with whole-genome resequencing to directly test how sexual selection affects mutation load, genomic divergence, and extinction risk in small populations (maximum N
                    e
                    = 40) of
                    Tribolium castaneum
                    . After 156 generations, populations evolving under strong sexual selection carried substantially fewer deleterious alleles than populations under weak sexual selection, based on both individual-level estimates of missense and nonsense variants and population-level R
                    xy
                    analyses, indicating more efficient purging of deleterious alleles. In contrast, nucleotide diversity and runs of homozygosity were similar across treatments, indicating that purging acted most strongly on deleterious variation, and that reduced mutation load in these small populations under strong sexual selection was not explained by demographic effects. Importantly, population-level mutation load estimates best explained extinction risk under inbreeding, directly linking sexual selection to purging and population viability. Genome scans of high and low sexual selection populations revealed peaks of divergence, which included genes involved in courtship, sex discrimination, and seminal fluid proteins. Our results provide direct genomic evidence that sexual selection can reduce mutation load without eroding standing genetic diversity and thus adaptive potential, while driving adaptive divergence in reproductive traits. This beneficial purging may help explain the widespread prevalence of sexual reproduction in nature despite inherent costs and have important ramifications as to how we manage populations of conservation concern.",crossref,0
Disproportionality analysis to investigate fatal adverse events with immune checkpoint inhibitors: Proceed with extreme caution,https://www.pnas.org/doi/abs/10.1073/pnas.2608648123?mi=eymic2&af=R&access=on&content=articlesChapters&publication=pnas&sortBy=Earliest&target=default,Proceedings of the National Academy of Sciences: Keyword search for query,2026-09-08 07:00:00 UTC,2026-09-08 07:00:00+00:00,10.1073/pnas.2608648123,Emanuel Raschi,,,0
Cryo-EM structure of TGFBIp fibrils driven by a corneal dystrophy–linked mutation enables design of peptide inhibitors of aggregation,https://www.pnas.org/doi/abs/10.1073/pnas.2607937123?mi=eymic2&af=R&access=on&content=articlesChapters&publication=pnas&sortBy=Earliest&target=default,Proceedings of the National Academy of Sciences: Keyword search for query,2026-09-08 07:00:00 UTC,2026-09-08 07:00:00+00:00,10.1073/pnas.2607937123,David S. Eisenberg,"Corneal dystrophy is a heterogeneous group of diseases which manifests clinically by progressive corneal opacity and diminishing visual acuity. A group of corneal dystrophies are linked to autosomal dominant mutations in transforming growth factor β–induced protein (TGFBIp) and characterized by extracellular amyloid-positive deposits of unknown molecular structure. Here, we determined the cryogenic-electron microscopy (cryo-EM) structure of amyloid fibrils formed by the TGFBIp FAS1-4 domain with corneal dystrophy–linked mutation V624M. The L569 to N609 fibril core, which includes the Y571-R588 segment enriched in patient corneal deposits, forms symmetrical protofilaments with internal solvent channels. Leveraging this structure, we designed peptide inhibitors intended to bind onto fibril ends to block elongation, targeting the unequal growth of symmetrical protofilaments. Our G1 and H4 inhibitors exhibit concentration-dependent reduction of TGFBIp FAS1-4 aggregation as assessed by Thioflavin T, solubility fractionation, and electron microscopy. Our work illustrates how fibril structures can guide rational inhibitor design and suggests the targeting of protein aggregates as a therapeutic approach for corneal and ocular diseases.",crossref,0
Neuromotor modules revealed by direct electrical stimulation of the human primary motor cortex,https://www.pnas.org/doi/abs/10.1073/pnas.2604933123?mi=eymic2&af=R&access=on&content=articlesChapters&publication=pnas&sortBy=Earliest&target=default,Proceedings of the National Academy of Sciences: Keyword search for query,2026-09-08 07:00:00 UTC,2026-09-08 07:00:00+00:00,10.1073/pnas.2604933123,Vincent C. K. Cheung,"Muscle synergies extracted from multimuscle electromyographic (EMG) signals are widely interpreted as fundamental building blocks of motor control that coordinate groups of muscles during movement. Whether EMG-derived muscle synergies represent genuine neurally encoded modules or motor regularities arising from task or biomechanical constraints has been hotly debated because neurophysiological data that definitively demonstrate the neural basis of muscle synergies in humans have been lacking. Here, we seek to validate the potential neural origin of upper limb muscle synergies by exploiting direct electrical stimulation (DES) of the primary motor cortex (M1) routinely delivered by neurosurgeons during awake craniotomy surgery for glioma excision. Across 13 patients, 69% of the muscle synergies observed during preoperative voluntary behaviors could be matched to DES-evoked muscle synergies or their combination. Analysis of the synergies’ cortical activity maps further revealed that the cortical representations of the sparser muscle synergies were more anterior and distributed, and those of the nonsparse synergies, more posterior and localized. Our results not only provide direct causal evidence arguing for the neural origin of most behavioral muscle synergies in humans but also demonstrate the potential existence of two M1 subdivisions with distinct patterns of muscle synergy organization.",crossref,0
Fibronectin inhibition restores myelination in endothelial TNFR2–dependent nonremitting experimental autoimmune encephalomyelitis,https://www.pnas.org/doi/abs/10.1073/pnas.2616799123?mi=eymic2&af=R&access=on&content=articlesChapters&publication=pnas&sortBy=Earliest&target=default,Proceedings of the National Academy of Sciences: Keyword search for query,2026-09-08 07:00:00 UTC,2026-09-08 07:00:00+00:00,10.1073/pnas.2616799123,George Kollias,"In multiple sclerosis (MS), spontaneous remyelination occurs in early disease; however, this process becomes inefficient over time, resulting in sustained neurodegeneration and clinical deterioration. It is known that global tumor necrosis factor receptor 2 (TNFR2) deletion in experimental autoimmune encephalomyelitis (EAE), the murine MS model, causes a severe nonremitting disease; however, the underlying mechanism is poorly understood. Here, through bulk and single nucleus RNA sequencing, we identify endothelial TNFR2 deletion as the driver of nonremitting disease, as it is sufficient to drive a severe nonremitting phenotype that closely mirrors global TNFR2 loss. Remyelination failure upon endothelial cell–specific TNFR2 ablation was also detected at the Cuprizone model of remyelination confirming its dominant role in central nervous system (CNS) repair. Notably, this effect was independent of immune cell influx or vascular permeability changes but associated with fibronectin overexpression and accumulation in demyelinating lesions. Fibronectin accumulation led to the sequestering of oligodendrocyte progenitor cells (OPCs) at the demyelination areas and prevented myelin repair. Therapeutically, systemic fibronectin inhibition restored regeneration and clinical remission, as well as prevented OPC accumulation at lesions, providing strong preclinical evidence for fibronectin-targeting therapies in MS and other demyelinating disorders. These findings establish endothelial cells as key regulators of the parenchymal environment permissive to remyelination and open avenues for MS treatment strategies focused on vascular-driven CNS regeneration.",crossref,0
Deconstruction of lysergic acid diethylamide,https://www.pnas.org/doi/abs/10.1073/pnas.2603412123?mi=eymic2&af=R&access=on&content=articlesChapters&publication=pnas&sortBy=Earliest&target=default,Proceedings of the National Academy of Sciences: Keyword search for query,2026-09-08 07:00:00 UTC,2026-09-08 07:00:00+00:00,10.1073/pnas.2603412123,David E. Olson,"Of the classic psychedelics, lysergic acid diethylamide (LSD) is perhaps the best-known, but its complex chemical architecture has limited synthetic investigations aimed at generating analogues with improved safety and efficacy profiles. Here, we systematically deconstruct the tetracyclic ergoline core of LSD to create 9 simplified ergoline analogues (i.e., ergologs) and evaluate them in pharmacological assays relevant to 5-HT2A, 5-HT2B, and 5-HT2C receptor function. Our work revealed the key molecular features and minimal pharmacophore of LSD necessary to produce maximal agonism of 5-HT2A receptors and hallucinogenic behavioral effects. Furthermore, we established strategies for reducing the hallucinogenic and cardiotoxic potential of LSD and identified
                    UCD0094
                    and
                    UCD0076
                    as ergologs with improved safety profiles. In stark contrast to LSD,
                    UCD0076
                    exhibits preference for activating 5-HT2C receptors over other 5-HT2 receptors and produces antipsychotic-like properties in mouse behavioral assays.",crossref,0
Alternative genetic codes in bacteria and archaea identified with a fast k-mer–based algorithm,https://www.pnas.org/doi/abs/10.1073/pnas.2610659123?mi=eymic2&af=R&access=on&content=articlesChapters&publication=pnas&sortBy=Earliest&target=default,Proceedings of the National Academy of Sciences: Keyword search for query,2026-09-08 07:00:00 UTC,2026-09-08 07:00:00+00:00,10.1073/pnas.2610659123,Artem V. Melnykov,"The genetic code is conserved across all domains of life and is often described as universal. Nevertheless, many exceptions to the “universal” code have now been documented, most of these through manual or semiautomated inspection of highly conserved genes. Modern bioinformatics tools improved our ability to find alternative genetic codes but remain computationally expensive, preventing widespread use on thousands of new species identified by sequencing environmental samples. Here, I report a &gt;100-fold accelerated method for inferring the genetic code directly from assembled genomes and apply it to thousands of previously uncharacterized assemblies from archaea and bacteria. I describe three candidate genetic code variations, one of which, an alternative genetic code used by a family of Asgard archaea, is a unique example of sense codon reassignments for this domain. Identifying genetic code variations is important for understanding evolution of the standard code and improving accuracy of protein databases and open reading frame identification.",crossref,0
Earthquake-triggered cascading hazards under Arctic amplification,https://www.pnas.org/doi/abs/10.1073/pnas.2617210123?mi=eymic2&af=R&access=on&content=articlesChapters&publication=pnas&sortBy=Earliest&target=default,Proceedings of the National Academy of Sciences: Keyword search for query,2026-09-08 07:00:00 UTC,2026-09-08 07:00:00+00:00,10.1073/pnas.2617210123,Heidrun Kopp,"Arctic warming is reshaping permafrost and glacierized terrains, potentially changing their natural hazards in response to seismic shaking. On 10 March 2025, a Mw 6.5 oceanic transform fault earthquake near Jan Mayen Island in the Arctic Ocean triggered a large rock avalanche that buried part of the Kjerulf Glacier, generating infrasound signals and glacier calving. Using seismic, Global Navigation Satellite System data, infrasound records, satellite imagery, and long-term climatological records, we reconstruct a cascade of processes linking earthquake rupture to rock slope failure and ice calving. The rock avalanche occurred within minutes of the earthquake accompanied by a transient reduction in near-surface seismic velocity. Satellite observations further reveal multiple precursor slope failures during the years preceding the earthquake, indicating progressive instability of the slope. Long-term warming and permafrost degradation, likely contributed to reduce the slope stability, increasing susceptibility to the seismic ground shaking trigger. Our findings suggest that Arctic warming may progressively increase the susceptibility of slopes to earthquake-triggered failure in the Arctic, highlighting the emerging interactions between tectonic hazards, cryosphere instability, and climate change.",crossref,0
Illusory early-warning signals of Greenland Ice Sheet destabilization,https://www.pnas.org/doi/abs/10.1073/pnas.2623190123?mi=eymic2&af=R&access=on&content=articlesChapters&publication=pnas&sortBy=Earliest&target=default,Proceedings of the National Academy of Sciences: Keyword search for query,2026-09-08 07:00:00 UTC,2026-09-08 07:00:00+00:00,10.1073/pnas.2623190123,Aminat A. Ambelorun,"Interannual variability of surface mass balance over the Greenland Ice Sheet has been increasing, which has been cited as an early-warning signal of ice sheet destabilization under current climatic conditions. A destabilized ice sheet would continue to lose mass and contribute to global sea level rise, even if climate stopped changing in the future. Here, we investigate the mechanisms driving nonstationarity of surface mass balance variability in a high-fidelity surface mass balance reconstruction, and a calibrated simple model. We show that, regardless of the proximity to destabilization, increasing variability in surface mass balance is an expected consequence of atmospheric warming on low-accumulation parts of the ice sheet. Autocorrelation of surface mass balance exhibits spurious multidecadal trends under a wide range of climatic conditions due to the slow response of ice sheets to climatic fluctuations, making this a poor early-warning signal of destabilization. Though these findings do not rule out the potential for destabilization under current or future climate, they provide a conceptual framework for understanding the drivers of surface melt variability.",crossref,0
The 4EHP/GIGYF2 translation repressor complex is co-opted by the vaccinia virus K3L protein as a potential mechanism of immunoevasion,https://www.pnas.org/doi/abs/10.1073/pnas.2618090123?mi=eymic2&af=R&access=on&content=articlesChapters&publication=pnas&sortBy=Earliest&target=default,Proceedings of the National Academy of Sciences: Keyword search for query,2026-09-08 07:00:00 UTC,2026-09-08 07:00:00+00:00,10.1073/pnas.2618090123,Nahum Sonenberg,"Poxviruses have evolved robust immunoevasion strategies to facilitate replication in the cytosol. We previously reported that like several RNA viruses, vaccinia virus replication is impaired in the absence of the host cap-binding translation repressor protein 4EHP (eIF4E2), implicating the latter in host antiviral defense regulation and immunosuppression. Here, we show that the vaccinia virus–encoded K3L protein interacts with 4EHP via its obligatory binding partner GIGYF2 to increase the stability of the 4EHP/GIGYF2 complex. Consequently, K3L bolsters 4EHP/GIGYF2-mediated mRNA translation repression. Thus, we demonstrate that a 4EHP/GIGYF2-mediated mechanism is exploited by and conserved among RNA and DNA viruses as a potential immunoevasion strategy. Our findings document a 4EHP/GIGYF2-dependent stringent regulation of infection by poxviruses, a clinically important family of viruses that are employed as vaccine vectors and in oncolytic viral therapy.",crossref,0
"Correction for Grünig et al., Evolution after whole-genome duplication (WGD) drives phenotypic and transcriptomic divergence more than WGD in an autopolyploid herb",https://www.pnas.org/doi/abs/10.1073/pnas.2630051123?mi=eymic2&af=R&access=on&content=articlesChapters&publication=pnas&sortBy=Earliest&target=default,Proceedings of the National Academy of Sciences: Keyword search for query,2026-09-08 07:00:00 UTC,2026-09-08 07:00:00+00:00,10.1073/pnas.2630051123,,,,0
Size-tailored nanoparticle–antibody conjugates overcome hepatic sequestration in Alzheimer’s disease treatment,https://www.pnas.org/doi/abs/10.1073/pnas.2603034123?mi=eymic2&af=R&access=on&content=articlesChapters&publication=pnas&sortBy=Earliest&target=default,Proceedings of the National Academy of Sciences: Keyword search for query,2026-09-08 07:00:00 UTC,2026-09-08 07:00:00+00:00,10.1073/pnas.2603034123,Haiming Luo,"Antibody-based immunotherapy targeting amyloid-β (Aβ) is a promising approach for Alzheimer’s disease (AD). However, its efficacy is limited by rapid hepatic sequestration, complement activation, and liver dysfunction. In this study, we synthesized low-immunogenic 450-nm functionalized mesoporous silica nanoparticles (PEG-MSN-1F12) by conjugating the anti-Aβ
                    42
                    monoclonal antibody 1F12 to polyethylene glycol-modified mesoporous silica nanoparticles to address these challenges. In APP/PS1 mice, intravenous PEG-MSN-1F12 administration markedly enhanced peripheral Aβ clearance, promoted intestinal excretion, reshaped gut microbiota, and alleviated intestinal inflammation, thus reducing AD-associated hepatic burden. Peripheral Aβ removal further led to decreased brain Aβ deposition, attenuated microglial activation, and improved cognition. These findings highlight that the use of particle size–engineered antibody–nanoparticle conjugates is a safe and effective strategy to overcome hepatic sequestration, augment Aβ clearance, and improve AD outcomes.",crossref,0
"Correction for Sepulveda et al., Proteolytic activation of c-MYC facilitated by DOT1L",https://www.pnas.org/doi/abs/10.1073/pnas.2629744123?mi=eymic2&af=R&access=on&content=articlesChapters&publication=pnas&sortBy=Earliest&target=default,Proceedings of the National Academy of Sciences: Keyword search for query,2026-09-08 07:00:00 UTC,2026-09-08 07:00:00+00:00,10.1073/pnas.2629744123,,,,0
"Correction for Mitchell et al., TRAIL-coated leukocytes that kill cancer cells in the circulation",https://www.pnas.org/doi/abs/10.1073/pnas.2628909123?mi=eymic2&af=R&access=on&content=articlesChapters&publication=pnas&sortBy=Earliest&target=default,Proceedings of the National Academy of Sciences: Keyword search for query,2026-09-08 07:00:00 UTC,2026-09-08 07:00:00+00:00,10.1073/pnas.2628909123,,,,0
Reply to Revol et al.: Interpreting fatality-reporting signals in checkpoint immunotherapy,https://www.pnas.org/doi/abs/10.1073/pnas.2627923123?mi=eymic2&af=R&access=on&content=articlesChapters&publication=pnas&sortBy=Earliest&target=default,Proceedings of the National Academy of Sciences: Keyword search for query,2026-09-08 07:00:00 UTC,2026-09-08 07:00:00+00:00,10.1073/pnas.2627923123,Haojie Jin,,,0
Reply to Li et al.: Fluorinated liquid crystal monomers highlight a need for more data on emerging PFAS,https://www.pnas.org/doi/abs/10.1073/pnas.2626781123?mi=eymic2&af=R&access=on&content=articlesChapters&publication=pnas&sortBy=Earliest&target=default,Proceedings of the National Academy of Sciences: Keyword search for query,2026-09-08 07:00:00 UTC,2026-09-08 07:00:00+00:00,10.1073/pnas.2626781123,Elsie M. Sunderland,,,0
Exploring the unseen dimensions of olfaction via human perception and AI,https://www.pnas.org/doi/abs/10.1073/pnas.2625648123?mi=eymic2&af=R&access=on&content=articlesChapters&publication=pnas&sortBy=Earliest&target=default,Proceedings of the National Academy of Sciences: Keyword search for query,2026-09-08 07:00:00 UTC,2026-09-08 07:00:00+00:00,10.1073/pnas.2625648123,Pritish Kumar Varadwaj,,,0
PFAS-defined liquid crystal monomers: An overlooked class of organofluorine contaminants,https://www.pnas.org/doi/abs/10.1073/pnas.2625255123?mi=eymic2&af=R&access=on&content=articlesChapters&publication=pnas&sortBy=Earliest&target=default,Proceedings of the National Academy of Sciences: Keyword search for query,2026-09-08 07:00:00 UTC,2026-09-08 07:00:00+00:00,10.1073/pnas.2625255123,Yuhe He,,,0
"Structural coloration in the red seaweed, Chondrus crispus",https://www.pnas.org/doi/abs/10.1073/pnas.2624731123?mi=eymic2&af=R&access=on&content=articlesChapters&publication=pnas&sortBy=Earliest&target=default,Proceedings of the National Academy of Sciences: Keyword search for query,2026-09-08 07:00:00 UTC,2026-09-08 07:00:00+00:00,10.1073/pnas.2624731123,David S. Domozych,,,0
Reading the ribosome critically: A palindrome hypothesis and the limits of molecular inference,https://www.pnas.org/doi/abs/10.1073/pnas.2624727123?mi=eymic2&af=R&access=on&content=articlesChapters&publication=pnas&sortBy=Earliest&target=default,Proceedings of the National Academy of Sciences: Keyword search for query,2026-09-08 07:00:00 UTC,2026-09-08 07:00:00+00:00,10.1073/pnas.2624727123,Anton S. Petrov,,,0
Exosome trafficking is a key regulator of adipocyte thermogenesis,https://www.pnas.org/doi/abs/10.1073/pnas.2621342123?mi=eymic2&af=R&access=on&content=articlesChapters&publication=pnas&sortBy=Earliest&target=default,Proceedings of the National Academy of Sciences: Keyword search for query,2026-09-08 07:00:00 UTC,2026-09-08 07:00:00+00:00,10.1073/pnas.2621342123,Aaron C. Brown,"Activation of beige adipocytes enhances energy expenditure and promotes metabolic health, presenting a promising approach for combating obesity and diabetes. As part of this process, thermogenesis, fueled by uncoupled mitochondrial respiration, plays a central role in converting calories into thermal energy, thereby preventing their storage as fat. Here, we identify exosome trafficking as an intrinsic regulator of thermogenic adipocyte function. Exosomes are small extracellular vesicles that mediate cell–cell and intracellular communication by transporting regulatory cargo, including microRNAs, proteins, and lipids. Using both human cells and mouse models, we show that thermogenic activation of beige adipocytes promotes the rapid release of exosomes enriched in microRNAs known to suppress thermogenic programs. Consistent with a functional role for exosome trafficking, genetic or pharmacological disruption of this pathway attenuated thermogenesis, whereas enhancing exosome release amplified thermogenic output. Mice deficient in the exosome trafficking regulator
                    Rab27a
                    exhibit reduced energy expenditure in response to both cold exposure and β3-adrenergic stimulation, while enhancement of exosome release promotes thermogenic activity in vitro and in vivo. These findings establish exosome trafficking as a key contributor to thermogenic adipocyte function and thermogenic remodeling, highlighting an intracellular mechanism that may be leveraged to enhance energy expenditure and treat obesity-related metabolic diseases.",crossref,0
A structure–function neuronal network model of the rat nervous system,https://www.pnas.org/doi/abs/10.1073/pnas.2620995123?mi=eymic2&af=R&access=on&content=articlesChapters&publication=pnas&sortBy=Earliest&target=default,Proceedings of the National Academy of Sciences: Keyword search for query,2026-09-08 07:00:00 UTC,2026-09-08 07:00:00+00:00,10.1073/pnas.2620995123,Olaf Sporns,"A consensus description of global vertebrate nervous system organization—its basic plan or wiring diagram—has not emerged after centuries of research. Our approach to the problem is based on published experimental neuroanatomical connection data that describe the adult female and male rat nervous system’s intrinsic neuronal network organization at the interregional level of scale that is inherited and species specific. This bilateral network has 924 region nodes with a projected 81,582 directed and weighted axonal connections (edges) between them, giving a network density of 9.6%. On average there are 88 output (and input) connections per region, with 31% contralateral connections and 41% reciprocally connected node-pairs. Local network segregation analyzed with multiresolution consensus cluster analysis (based on connection weight) suggests four interconnected first-order systems: a bilaterally symmetric pair associated with behavior control (centered rostrally in forebrain-midbrain), and two bilateral systems associated with behavior execution (centered caudally in rhombicbrain-spinal cord). These four systems then divide into a nested hierarchy of 242 interconnected subnetworks or modules that at lower levels become amenable to experimental manipulation based on strong hypotheses generated from a structure–function model. Global network integration transcending modular boundaries is facilitated by a large rich club, with the “richest club” having 16 highly interconnected hub-pairs, and small-world attributes indicating relatively dense clustering and short path lengths. Computational modeling reveals that focal alterations in node connection weights tend to spread through the network in module-defined subnetworks that are also shaped by node centrality and connection pattern.",crossref,0
Heritability and social interaction in labor market outcomes: Evidence from the population of twins in the United States,https://www.pnas.org/doi/abs/10.1073/pnas.2620927123?mi=eymic2&af=R&access=on&content=articlesChapters&publication=pnas&sortBy=Earliest&target=default,Proceedings of the National Academy of Sciences: Keyword search for query,2026-09-08 07:00:00 UTC,2026-09-08 07:00:00+00:00,10.1073/pnas.2620927123,Moises Yi,"We use data on 44,000 twin pairs observed as adolescents in the 2000 Census, linked to their earnings 20 y later, to study the heritability of labor market outcomes. We extend the Classical Twins Design (CTD), which identifies heritability from contrasts between monozygotic and dizygotic twins, to settings where an analyst does not observe zygosity but can measure outcomes for same-sex and opposite-sex twins. We also allow for the presence of a family- and sex-specific component affecting same-sex siblings but only partly shared by opposite-sex siblings. Our extended model identifies heritability from the difference-in-differences of same-sex vs. opposite-sex twins vs. siblings. The estimates indicate strong heritability (h-sq = 0.36) of log earnings. Using an AKM [J. M. Abowd
                    et al.
                    ,
                    Econometrica
                    67
                    , 251–333 (1999)] decomposition that separates the person-specific component of earnings from employer-specific pay premiums, we find that both components are heritable. The heritability of employer pay premiums, however, is mainly driven by same-sex twins who work at the same firm, suggesting that social interactions may lead to an overestimate of the genetic component in earnings. Excluding siblings who work together leads to estimates of the heritability of log earnings that are 15% lower. Similar biases may be present in CTD-based estimates of heritability for other social outcomes like education.",crossref,0
Decoupling proton reactivity from Zn2+ interfacial electrochemistry through solvent isotope substitution,https://www.pnas.org/doi/abs/10.1073/pnas.2619771123?mi=eymic2&af=R&access=on&content=articlesChapters&publication=pnas&sortBy=Earliest&target=default,Proceedings of the National Academy of Sciences: Keyword search for query,2026-09-08 07:00:00 UTC,2026-09-08 07:00:00+00:00,10.1073/pnas.2619771123,Jeffrey E. Dick,"The parasitic hydrogen evolution reaction (HER) and corrosion fundamentally limit the reversibility of aqueous zinc batteries, yet their mechanistic origin remains unresolved. Here, we establish an experimental framework that probes bulk/diffuse-layer electrolyte properties via isotopic substitution (H
                    2
                    O → D
                    2
                    O) in hydrated zinc electrolytes. This approach largely preserves Zn
                    2+
                    -centered interfacial electrochemical behavior, as evidenced by indistinguishable nucleation overpotentials and steady-state fast scan voltammetric responses at ultramicroelectrodes (UMEs), while selectively modulating bulk proton transport properties and HER kinetics. Despite largely preserved interfacial energetics, electrochemical mass spectrometry (ECMS) reveals a pronounced suppression of gaseous side products in D
                    2
                    O-based electrolytes, directly implicating bulk and diffuse-layer H/D solvent dynamics as an important control over side reaction kinetics. Notably, this framework reveals that gas evolution emerges at comparable overpotentials across isotopic systems, indicating that the onset of parasitic activity is not governed by independent heterogeneous reaction pathways. Instead, these observations are consistent with a Zn
                    0
                    -associated activation process that includes corrosion-mediated HER during zinc electrodeposition, direct cathodic water reduction, or a combination of both pathways. Moreover, these findings reconcile and resolve long-standing observations in the zinc battery field in terms of HER mechanism and the additive literature, where trace components disproportionately enhance stability, by highlighting the critical roles of interfacial adsorption and double-layer structure alongside bulk solvation effects.",crossref,0
Cell-type-specific circadian and light-responsive transcriptional dynamics in adult Drosophila neurons,https://www.pnas.org/doi/abs/10.1073/pnas.2619143123?mi=eymic2&af=R&access=on&content=articlesChapters&publication=pnas&sortBy=Earliest&target=default,Proceedings of the National Academy of Sciences: Keyword search for query,2026-09-08 07:00:00 UTC,2026-09-08 07:00:00+00:00,10.1073/pnas.2619143123,Michael Rosbash,"The
                    Drosophila
                    adult central brain contains 240 circadian neurons, of which there are more than 25 different neuron subtypes based on connectomic data. Recent single-cell RNA-seq characterization of these neurons “around the clock” also indicates a similar number of molecular subtypes of circadian neurons, but other conclusions from these transcriptomic studies warranted verifying and extending with other approaches. To address these limitations, we used three complementary approaches: 1) We used a genetic multiplexing strategy to profile the transcriptomes of circadian neurons from multiple time points in a single experiment, reducing confounding technical variation between timepoints; 2) Large numbers of single nuclei were sequenced (snRNA-seq), which was enabled because the method El-INTACT purifies nuclei from frozen heads; 3) We assayed 12 time points under both light–dark and constant darkness conditions. These approaches showed dramatic transcriptional differences between time points in many circadian neuron types and enhanced time-of-day gene expression analysis. The data indicate that most of this regulation is transcriptional and circadian. There were however a small number of light-dependent transcripts, including some that correspond to mammalian immediate-early genes. They probably play a role in the light-regulation of gene expression and behavior in specific neurons, perhaps circadian entrainment or phase-shifting. The results taken together provide a more comprehensive picture of gene expression heterogeneity within adult
                    Drosophila
                    circadian neurons including how intrinsic clock mechanisms and light cues are integrated across circadian neuron subtypes.",crossref,0
"Ribosome stalling position, spacing, and A-site occupancy impact translation and cotranslational mRNA decay in plants",https://www.pnas.org/doi/abs/10.1073/pnas.2617633123?mi=eymic2&af=R&access=on&content=articlesChapters&publication=pnas&sortBy=Earliest&target=default,Proceedings of the National Academy of Sciences: Keyword search for query,2026-09-08 07:00:00 UTC,2026-09-08 07:00:00+00:00,10.1073/pnas.2617633123,Julia Bailey-Serres,"Ribosomes can pause during mRNA translation, but what causes pausing, how pauses affect protein production, and whether they trigger cotranslational mRNA decay are poorly understood in plants. Here, we investigate the causes and consequences of ribosome pausing in
                    Arabidopsis
                    and maize. This is accomplished by sizing, mapping, and quantifying footprints of individual ribosomes (monosomes) and closely spaced ribosome pairs (disomes) at single-codon resolution on open reading frames (ORFs). Ribosome footprinting was combined with 5′P-degradome-seq to examine the coincidence of pausing with cotranslational decay under control conditions and brief hypoxia in
                    Arabidopsis
                    . The data resolve two monosome conformations and three disome configurations. These include monosomes with a vacant or occupied A-site and disomes that have collided or are separated by one or two codons. Pausing is prevalent at initiation, termination, and di-Proline codons. Di-Proline pauses do not trigger cotranslational decay but appear important in cotranslational protein processing. Brief hypoxia induces stalling of A-site vacant ribosomes at Aspartate codons, often coinciding with 5′P peaks, indicating that rate-limiting decoding can trigger cotranslational mRNA decay. Notably, actively transcribed and translated hypoxia-response mRNAs accumulate 1- to 2-codon-separated disomes and are actively degraded. Comparative analysis of footprints in the two species reveals ribosome conformations and codon-specific pausing can be conserved or lineage-specific, as exemplified by pausing at di-Prolines and on Conserved Peptide upstream ORFs. In sum, the stalling of ribosomes at specific codons, coupled with ribosome A-site occupancy and disome spacing, modulates protein production and cotranslational mRNA decay in plants.",crossref,0
Redox state of Protein Kinase A RIα coordinates lysosomal calcium signaling and mitochondrial homeostasis,https://www.pnas.org/doi/abs/10.1073/pnas.2600754123?mi=eymic2&af=R&access=on&content=articlesChapters&publication=pnas&sortBy=Earliest&target=default,Proceedings of the National Academy of Sciences: Keyword search for query,2026-09-08 07:00:00 UTC,2026-09-08 07:00:00+00:00,10.1073/pnas.2600754123,Philip Eaton,"Protein Kinase A (PKA) Regulatory RIα cysteine redox state regulates docking to D-AKAP1 and may control Drp1 phosphorylation, a principal mediator of mitochondrial fission. RIα C17S knock-in (KI) mice, unable to form disulfides and therefore mimicking the reduced kinase, exhibited enlarged dysfunctional mitochondria. Unexpectedly, this abnormal mitochondrial morphology, which was accompanied by reduced respiration, decreased membrane potential, increased reactive oxygen species and impaired treadmill performance, was not explained by altered Drp1 Ser637 phosphorylation. Transcriptomic analysis revealed decreased mitochondrial biogenesis without loss of total mitochondrial mass, consistent with impaired mitochondrial turnover. KI cells showed impaired lysosomal proteolysis, altered lysosomal calcium homeostasis, reduced RIα–lysosome colocalization and markedly diminished TRPML1 abundance. Pharmacological modulation of lysosomal calcium pathways restored lysosomal calcium signaling in KI cells, whereas activation of TRPML1 signaling impaired mitochondrial respiration in wildtype cells toward KI levels. Together, these findings support a role for disulfide-RIα in coordinating lysosomal calcium signaling and mitochondrial quality control, such that loss of this oxidation state promotes accumulation of dysfunctional mitochondria.",crossref,0
Scale-dependent effects of species richness and asynchrony regulate the temporal stability of consumer-mediated nutrient dynamics,https://www.pnas.org/doi/abs/10.1073/pnas.2532469123?mi=eymic2&af=R&access=on&content=articlesChapters&publication=pnas&sortBy=Earliest&target=default,Proceedings of the National Academy of Sciences: Keyword search for query,2026-09-08 07:00:00 UTC,2026-09-08 07:00:00+00:00,10.1073/pnas.2532469123,Deron E. Burkepile,"Understanding the factors that regulate ecosystem processes, such as nutrient cycling, is increasingly important as global change accelerates the degradation and defaunation of ecosystems. In marine ecosystems, fish communities recycle and redistribute nutrients through excretion, directly influencing nutrient dynamics with implications for community dynamics and ecosystem function. The stability of consumer-mediated nutrient dynamics (CND) is threatened as global change disrupts species interactions, rewires food webs, and alters biogeochemical cycles. However, the stability of CND has rarely been quantified. While decades of research on primary producers show that biodiversity can buffer ecosystem functions against environmental variability, we know little about whether consumer diversity can have similar effects for CND. We estimated the temporal stability of nitrogen supply for marine fish communities using 146 time series, spanning ~25 y (1999–2023) and six long-term monitoring programs across coral reefs, mangrove creeks, seagrass beds, and kelp forests and representing ~1.5 million individual fishes. Across ecosystems, species richness strongly and positively predicted the temporal stability of CND, consistent with diversity–stability theory. However, richness was not the dominant driver within ecosystems. Instead, species asynchrony (i.e., variation in biomass fluctuations among multiple species) emerged as the strongest and most consistent predictor, with higher synchrony destabilizing CND. These findings extend biodiversity–stability theory to consumers and show that both biodiversity and dynamic community properties govern the stability of CND, with implications for conserving marine ecosystem function in the wake of global change.",crossref,0
Mitochondrial depolarization stabilizes the vitamin B12 chaperone MMADHC in the cytosol to increase MTR activity,https://www.pnas.org/doi/abs/10.1073/pnas.2537797123?mi=eymic2&af=R&access=on&content=articlesChapters&publication=pnas&sortBy=Earliest&target=default,Proceedings of the National Academy of Sciences: Keyword search for query,2026-09-08 07:00:00 UTC,2026-09-08 07:00:00+00:00,10.1073/pnas.2537797123,Vamsi K. Mootha,"Of the ~1,100 mitochondrial proteins, only a handful like PINK1 and ATFS-1 are known to stabilize and relocalize upon collapse of the proton motive force (PMF) to execute signaling roles. To systematically identify genes that increase exclusively at the protein level upon PMF collapse, we performed a joint proteomic and RNA-seq screen. The screen revealed 10 candidates (six mitochondrial), including two genes in vitamin B
                    12
                    metabolism - the B
                    12
                    chaperone MMADHC and cytosolic B
                    12
                    -dependent 5-methyltetrahydrofolate-homocysteine methyltransferase (MTR). MMADHC is short-lived across cell types and we show that its levels increase with PMF collapse. MMADHC stabilization precedes PINK1 activation in a time course of increasing mtDNA depletion, suggesting greater sensitivity to PMF collapse. MMADHC accumulates in mitochondria with LONP1 inhibition but in the cytosol upon PMF collapse, likely due to mitochondrial import failure. Cytosol-stabilized MMADHC increases MTR levels and activity. Altogether, the mitochondrial PMF regulates the cytosolic B
                    12
                    -dependent MTR, integral to one-carbon metabolism, by controlling the stability and compartmentalization of the B
                    12
                    chaperone MMADHC.",crossref,0
In This Issue,https://www.pnas.org/doi/abs/10.1073/iti3626123?mi=eymic2&af=R&access=on&content=articlesChapters&publication=pnas&sortBy=Earliest&target=default,Proceedings of the National Academy of Sciences: Keyword search for query,2026-09-08 07:00:00 UTC,2026-09-08 07:00:00+00:00,10.1073/iti3626123,,,,0
LINE-1 repeats are a defining feature of the Xce,https://www.pnas.org/doi/abs/10.1073/pnas.2514037123?mi=eymic2&af=R&access=on&content=articlesChapters&publication=pnas&sortBy=Earliest&target=default,Proceedings of the National Academy of Sciences: Keyword search for query,2026-09-08 07:00:00 UTC,2026-09-08 07:00:00+00:00,10.1073/pnas.2514037123,Jeannie T. Lee,"During early development, female mammals inactivate one X chromosome to balance their X-linked gene dosage with males. While allelic choice is random in inbred mouse populations, choice can be significantly skewed in interstrain hybrids. The genetic basis of skewing has long been attributed to the mysterious “X chromosome controlling element(s)” (
                    Xce
                    ) with different strengths among species, subspecies, and strains. When two X-chromosomes with different
                    Xce
                    strengths are inherited by offspring, the X chromosome with the stronger
                    Xce
                    will have a higher probability of remaining active. Here, we provide evidence that L1Tf repeats—a subfamily of long interspersed nuclear elements 1—plays a role in determining
                    Xce
                    strength. L1Tf elements form a condensed core within the inactive X (Xi) territory. Mouse strains with varying
                    Xce
                    strengths differ in the L1Tf copy number on the X chromosome, with the strength of the
                    Xce
                    allele being inversely related to L1Tf copy number. L1Tf expression mediates the
                    Xce
                    effect. However, in contrast to a prior report, L1Tf RNA does not coat the Xi. Rather, L1Tf promotes condensation of the Xi core. Intriguingly, L1Tfs recruit and sequester YY1 from active genes, accelerating XCI in cis. Thus, L1Tf copy number, expression, and binding of YY1 are key defining features of the
                    Xce
                    . We propose a model in which the
                    Xce
                    influences the choice of Xist alleles by promoting YY1 binding to the nucleation site for the initiation of Xist spreading.",crossref,0
Myosin II–independent contraction of actin filaments in membrane nanotubes,https://www.pnas.org/doi/abs/10.1073/pnas.2521821123?mi=eymic2&af=R&access=on&content=articlesChapters&publication=pnas&sortBy=Earliest&target=default,Proceedings of the National Academy of Sciences: Keyword search for query,2026-09-08 07:00:00 UTC,2026-09-08 07:00:00+00:00,10.1073/pnas.2521821123,Pramod Pullarkat,"The ability to generate active stresses within filamentous actin matrices is a fundamental and evolutionarily conserved process driving locomotion and morphogenetic changes in cells. The generation of pushing forces by actin polymerization is reasonably well understood, and is known to drive lamellipodia based motility and filopodial extension. Actin filaments decorated with myosin motors can also generate contractile stresses as in the cell cortex or in cytokinetic rings. In this article we use membrane nanotubes pulled out of axonal shaft to investigate actin dynamics and force generation. We report cyclic growth and retraction dynamics of actin within the tube and correlated contraction events giving rise to sustained load and fail cycles. The contraction mechanism operates independent of myosin II motor proteins. Furthermore, we analyzed the dynamics of actin within the tube, including under various biochemical or genetic perturbations. By combining these results with physical modeling, we argue that stresses generated in the actin filaments by the binding of actin depolymerizing factor (ADF/cofilin) proteins can explain the cyclic load-fail behavior.",crossref,0
Negative feedback regulation of karrikin signaling in Arabidopsis thaliana by an antagonistic paralog of karrikin receptors,https://www.pnas.org/doi/abs/10.1073/pnas.2525145123?mi=eymic2&af=R&access=on&content=articlesChapters&publication=pnas&sortBy=Earliest&target=default,Proceedings of the National Academy of Sciences: Keyword search for query,2026-09-08 07:00:00 UTC,2026-09-08 07:00:00+00:00,10.1073/pnas.2525145123,David C. Nelson,"Karrikins (KARs) are a class of butenolide molecules discovered in smoke hypothesized to mimic an undiscovered plant hormone, KAI2 ligand (KL). KAR/KL signaling regulates germination, seedling development, stress tolerance, and symbiotic interactions with soil microbes, among other traits. KAR/KL signaling is initiated by KARRIKIN INSENSITIVE2 (KAI2), an ɑ/β-hydrolase related to the strigolactone enzyme-receptor DWARF14 (D14). Activated KAI2 forms protein–protein interactions that trigger proteasomal degradation of a transcriptional regulator, SUPPRESSOR OF MAX2 1 (SMAX1), initiating changes in gene expression.
                    D14-LIKE2
                    (
                    DLK2
                    ), an ancient paralog of
                    KAI2
                    and
                    D14
                    , is a prominent transcriptional marker of KAR/KL signaling in many plants that has uncertain function. We find that DLK2 forms a negative feedback loop that attenuates KAR/KL signaling in
                    Arabidopsis thaliana
                    . This mechanism complements that of
                    KARRIKIN UPREGULATED F-BOX1
                    (
                    KUF1
                    ), which putatively restricts KAR/KL metabolism through targeted protein degradation. Loss-of-function mutations of
                    DLK2
                    show little effect alone, but synthetically enhance the constitutive KAR/KL responses of
                    kuf1
                    seedlings. Overexpression of DLK2 proteins from several plants increases the abundance of a SMAX1 ratiometric reporter. DLK2 does not require nuclear localization to protect SMAX1, suggesting its function is independent of interactions with SMAX1 or its transcriptional regulator partners. DLK2 hydrolyzes a profluorescent, desmethyl butenolide reporter molecule that is putatively analogous to KL. We hypothesize that DLK2 catabolizes KAI2 ligand(s) without participating in KAR/KL signaling directly. This functional antagonism could have evolved after
                    KAI2
                    gene duplication through subfunctionalizing mutations that disrupted protein–protein interactions while preserving enzymatic activity.",crossref,0
Coordinated regulation of diverse F-actin organizations orchestrates F-actin pulses in the actomyosin network,https://www.pnas.org/doi/abs/10.1073/pnas.2530056123?mi=eymic2&af=R&access=on&content=articlesChapters&publication=pnas&sortBy=Earliest&target=default,Proceedings of the National Academy of Sciences: Keyword search for query,2026-09-08 07:00:00 UTC,2026-09-08 07:00:00+00:00,10.1073/pnas.2530056123,Xiaobo Wang,"Pulsatile actomyosin networks emerge as a widespread mechanism driving tissue morphogenesis. Compared with myosin-II pulses, F-actin pulses are largely unexplored. By studying
                    Drosophila
                    oogenesis, we report that basal pulsatile actomyosin networks consist of F-actin bundle and meshwork architectures, implicating the existence of different F-actin microstructures and corresponding nucleators. Here, Rac1 and the Scar/WAVE-Arp2/3 complex (branched F-actin nucleator), exhibiting constant levels, are necessary to support F-actin pulsation, whereas pulses of Dia (unbranched F-actin nucleator) trigger F-actin pulsation. The pulsatile F-actin networks recruit the F-actin turnover regulator cofilin, thus generating cofilin pulses. Cofilin at relatively low concentration can cooperate with F-actin nucleators to amplify F-actin and enhance its pulsation, while cofilin at relatively high concentration might trigger the F-actin disassembly to attenuate its pulsation. These two different effects of cofilin on F-actin pulsation were confirmed by Zdk-cofilin optogenetics. Rac1 signaling, Dia, and cofilin are also crucial for F-actin pulses in border cell migration. Our findings thus reveal a coordinated regulation of F-actin pulses conferring actomyosin contractility in morphogenesis and cell migration.",crossref,0
Flow-driven lumen remodeling and valve opening in the vas deferens,https://www.pnas.org/doi/abs/10.1073/pnas.2538135123?mi=eymic2&af=R&access=on&content=articlesChapters&publication=pnas&sortBy=Earliest&target=default,Proceedings of the National Academy of Sciences: Keyword search for query,2026-09-08 07:00:00 UTC,2026-09-08 07:00:00+00:00,10.1073/pnas.2538135123,Tsuyoshi Hirashima,"Biological ducts must transport fluids while preserving structural integrity, yet how mechano-signaling coordinates wall deformation with luminal flow in vivo remains unclear. Here, we combine intravital two-photon excitation microscopy, light-sheet imaging, and Förster resonance energy transfer-based kinase biosensors to resolve ejaculation-like events in the mouse vas deferens. Acute phenylephrine stimulation elicits a sequence of luminal dynamics: an initial retrograde pressure-redistribution wave followed by a ballistic antegrade flow that propels dense sperm suspensions from the proximal to the distal duct. This contraction-driven flow opens a normally collapsed, wrinkled distal segment, driving progressive lumen expansion and unfolding of epithelial wrinkles. We show that the vas deferens actively modulates luminal geometry in response to these flow dynamics: ROCK activity in smooth muscle is required for global contraction and cAMP-associated signaling modulates this contractile response. By contrast, extracellular signal-regulated kinase activity in circumferential smooth muscle is dispensable for the ductal contraction but essential for active, flow-dependent remodeling of the distal lumen, forming the core of the mechano-signaling module that couples sperm flow to valve opening. These findings establish the vas deferens as an experimentally tractable model of ductal tissue hydraulics and reveal a mechano-signaling framework by which a tubular organ converts transient muscular input into robust, directional luminal transport.",crossref,0
A host-encoded prophage targets a Candidate Phyla Radiation bacterium and shapes episymbiotic interactions,https://www.pnas.org/doi/abs/10.1073/pnas.2615890123?mi=eymic2&af=R&access=on&content=articlesChapters&publication=pnas&sortBy=Earliest&target=default,Proceedings of the National Academy of Sciences: Keyword search for query,2026-09-08 07:00:00 UTC,2026-09-08 07:00:00+00:00,10.1073/pnas.2615890123,Xuesong He,"The Patescibacteriota, also known as the Candidate Phyla Radiation (CPR), represent a large lineage of ultrasmall bacteria with highly reduced genomes and obligate dependence on bacterial hosts. Although genomic analyses have revealed CRISPR–Cas and restriction–modification systems in many CPR genomes, no cognate bacteriophages (phages) have been isolated, leaving CPR–phage interactions unexplored.
                    Nanosynbacter lyticus
                    TM7x, the first cultivated CPR bacterium, grows episymbiotically on its host,
                    Schaalia odontolytica
                    XH001, in the human oral microbiome. Here, we identify Xhp1, an inducible prophage of XH001 that is preferentially activated during episymbiosis with TM7x. Released Xhp1 particles infect prophage-free XH001 via distinct strategies determined by host growth mode, establishing lysogeny under planktonic conditions but driving lytic infection during surface-associated growth. Xhp1 also binds efficiently to TM7x and exhibits limited infection under the conditions tested, indicating direct phage–CPR interactions. Importantly, TM7x modulates Xhp1 availability in a spatially dependent manner. In planktonic culture, free-floating TM7x reduces lysogenic conversion of XH001ΔXhp1, consistent with TM7x acting as a phage sink that lowers effective phage concentration. In contrast, during surface-associated growth, TM7x increases XH001ΔXhp1 susceptibility to lytic infection, likely by locally concentrating phage particles within a constrained niche. These results demonstrate that CPR bacteria can regulate viral encounter rates through spatial organization. In spatially structured environments such as oral biofilms, such modulation may shape infection dynamics and community structure. Together, this work characterizes the first CPR-targeting phage and reveals a an important role for phages in CPR–host bacteria interactions.",crossref,0
In vivo genome-wide CRISPR screens identify FOXR1 as a suppressor of CD8+ T cell antitumor immunity,https://www.pnas.org/doi/abs/10.1073/pnas.2534362123?mi=eymic2&af=R&access=on&content=articlesChapters&publication=pnas&sortBy=Earliest&target=default,Proceedings of the National Academy of Sciences: Keyword search for query,2026-09-08 07:00:00 UTC,2026-09-08 07:00:00+00:00,10.1073/pnas.2534362123,Xuetao Cao,"T cell dysfunction critically limits the efficacy of T cell–based immunotherapies in solid tumors, yet the intrinsic regulators of T cell dysfunction remain incompletely understood. Through an in vivo genome-wide CRISPR screen in tumor-infiltrating CD8
                    +
                    T cells, we identified Forkhead Box R1 (FOXR1) as a potent transcriptional suppressor of CD8
                    +
                    T cell effector functions. Genetic ablation of FOXR1 significantly enhanced cytokine production and cytotoxic capacity in both murine and human CD8
                    +
                    T cells, whereas its overexpression impaired T cell activation and effector molecule expression. Mechanistically, multiomics integration of RNA-seq, CUT&amp;Tag-seq, and ATAC-seq revealed that FOXR1 binds directly to promoter regions of key effector genes, including
                    IL2, GZMB,
                    and
                    PRF1
                    , and represses their expression. Importantly, FOXR1 deletion in human anti-CD19 CAR T cells improved their efficacy against solid tumors, demonstrating that FOXR1 is a checkpoint of T cell effector function and targeting FOXR1 is a promising strategy to enhance CAR T cell efficacy against solid tumors.",crossref,0
Evolution of maize recombination landscape during domestication,https://www.pnas.org/doi/abs/10.1073/pnas.2534336123?mi=eymic2&af=R&access=on&content=articlesChapters&publication=pnas&sortBy=Earliest&target=default,Proceedings of the National Academy of Sciences: Keyword search for query,2026-09-08 07:00:00 UTC,2026-09-08 07:00:00+00:00,10.1073/pnas.2534336123,Wojciech P. Pawlowski,"Despite the plethora of knowledge about the benefits of meiotic recombination and numerous theoretical studies examining how recombination rates evolve, there is a general lack of empirical support and consensus across species. To fill this knowledge gap, we characterized the evolution of recombination landscape in maize during its domestication from teosinte and related the observed changes to established theoretical frameworks. Through examining recombination in experimental populations of maize and teosinte and the population genomics approach of identifying historical recombination events using ancestral recombination graph inference to generate saturated maize and teosinte recombination maps, we found that during domestication, maize experienced a 12% increase in its genome-wide recombination rate. Furthermore, maize evolved higher recombination rates on the long arms of chromosomes in regions closer to centromeres, where recombination is generally very low. The repatterning of crossover events came from changes in global crossover positioning rather than alterations in cis-acting chromatin factors. Consequently, we found evidence of selection acting on trans-acting recombination modifiers affecting crossover interference and controlling the interference-dependent class I crossover pathway. We show that CO repatterning was likely beneficial for maize fitness, as significant recombination rate increases were predominantly in gene-rich regions, which harbor domestication-related variation. This work suggests genomic and mechanistic processes leading to the evolution of meiotic recombination landscape in response to directional selection pressure and provides evidence for the evolutionary advantage of recombination.",crossref,0
Heel-strike mechanics reveal evolutionary trade-offs in hominin bipedalism,https://www.pnas.org/doi/abs/10.1073/pnas.2533918123?mi=eymic2&af=R&access=on&content=articlesChapters&publication=pnas&sortBy=Earliest&target=default,Proceedings of the National Academy of Sciences: Keyword search for query,2026-09-08 07:00:00 UTC,2026-09-08 07:00:00+00:00,10.1073/pnas.2533918123,Nathan E. Thompson,"The human walking step is initiated by a distinctive heel-strike. Our closest living relatives, the African apes, are among the few other animals that are also thought to heel-strike. Qualitative similarities between human and African ape heel-strikes have been invoked in theories about the origins of hominin bipedalism, but some quantitative data suggest possible interspecies differences in foot-strike mechanics that hint at more complex evolutionary scenarios. However, these data are currently too sparse to fully characterize these differences or understand their functional consequences for hominin evolution. To address these gaps, we collected detailed three-dimensional marker-based kinematic and ground reaction force data in humans and in chimpanzees walking bipedally and quadrupedally. We found that chimpanzees used 2.4 to 8.6 times greater ranges of foot-strike angles than humans and often did not heel-strike. Statistical models revealed a possible explanation for this finding, showing that in both chimpanzees and humans, heel-striking is associated with high impact peak forces and loading rates. We also found that humans expend 26 to 41% more metabolic energy when they contact the ground with the distal foot before the heel, indicating an important adaptive trade-off: Heel-striking lowers the energetic cost of bipedal walking but increases potentially damaging impact loading rates. These results suggest that early hominins with primitive lower limb anatomy faced a choice between high impacts and relatively uneconomical walking, either of which likely constrained their terrestrial mobility. The later evolution of larger heels and lower limb joints enabled safe, economical heel-striking and greater daily ranging.",crossref,0
eIF5A and polyamines restrict mRNA levels in response to ribosome stalls,https://www.pnas.org/doi/abs/10.1073/pnas.2533876123?mi=eymic2&af=R&access=on&content=articlesChapters&publication=pnas&sortBy=Earliest&target=default,Proceedings of the National Academy of Sciences: Keyword search for query,2026-09-08 07:00:00 UTC,2026-09-08 07:00:00+00:00,10.1073/pnas.2533876123,Joshua A. Arribere,"Obstacles to translation elongation stall ribosomes and allow deleterious proteins to accumulate, which threatens cellular health. Cells recognize and clear stalled ribosomes via several interrelated pathways, although the mechanisms by which cells distinguish stalled from normally elongating ribosomes and mount an appropriate response are incompletely understood. While recent work highlights how ribosome collisions help cells to recognize stalled ribosomes, how other factors contribute to detection remains unclear. Here, we report a requirement for the translational factor eIF5A in the mRNA decay response to ribosomal stalling, i.e., No-Go mRNA Decay (NGD). We identified the
                    Caenorhabditis elegans
                    polyamine transporter,
                    catp-6
                    , via a forward genetic screen as a factor required for NGD. During our mechanistic dissection of the
                    catp-6
                    phenotype, we uncovered a role for cellular polyamines and the translation elongation factor eIF5A in NGD, and we show this requirement is conserved from
                    C. elegans
                    to
                    Saccharomyces cerevisiae
                    . Our analyses support the idea that cells use eIF5A to identify ribosomal stalls and execute NGD and uncover a molecular function for a core protein synthesis factor in limiting expression from stall-inducing mRNAs. Our work offers insight into how cells identify and remove problematic mRNAs from the translational pool. Our work also raises the possibility that dysregulated mRNA decay is an unrecognized pathophysiology associated with polyaminopathies and eIF5A disorders, of relevance to varied neurodegenerative and aging phenotypes and efforts to pharmacologically inhibit eIF5A.",crossref,0
Increasing risk of vapor pressure deficit exceeding critical thresholds for tree growth,https://www.pnas.org/doi/abs/10.1073/pnas.2530363123?mi=eymic2&af=R&access=on&content=articlesChapters&publication=pnas&sortBy=Earliest&target=default,Proceedings of the National Academy of Sciences: Keyword search for query,2026-09-08 07:00:00 UTC,2026-09-08 07:00:00+00:00,10.1073/pnas.2530363123,Bin He,"With global warming, rising atmospheric vapor pressure deficit (VPD) has emerged as a critical driver of vegetation productivity and the terrestrial carbon sink. Yet, the thresholds beyond which VPD constrains tree growth remain poorly quantified. Using 2,953 tree-ring sites and combining generalized additive models with threshold regression models, we demonstrate that growth-related VPD thresholds are widespread. Approximately 63% of the studied species groups exhibited identifiable thresholds, which were generally lower in cool, humid regions and higher in warm, dry environments. For the same tree species occurring under contrasting aridity conditions, thresholds also differed substantially. As VPD has risen, the proportion of sites exceeding these thresholds has increased rapidly since about 1970 and is projected to rise further under different emissions scenarios. Under SSP5-8.5 in particular, approximately 79.8% of the sites are projected to be exposed to VPD above their thresholds by the end of the century. Although potential upward threshold shifts associated with acclimation or adaptation could partly reduce future exceedance, this buffering effect becomes increasingly limited under stronger climate forcing. Without effective climate mitigation, rising VPD will increasingly exceed the tolerance thresholds of trees, placing more trees under sustained growth constraints and undermining terrestrial carbon sequestration.",crossref,0
Transthyretin can denature by an alternative pathway,https://www.pnas.org/doi/abs/10.1073/pnas.2536532123?mi=eymic2&af=R&access=on&content=articlesChapters&publication=pnas&sortBy=Earliest&target=default,Proceedings of the National Academy of Sciences: Keyword search for query,2026-09-08 07:00:00 UTC,2026-09-08 07:00:00+00:00,10.1073/pnas.2536532123,Jeffery W. Kelly,"Transthyretin (TTR) is a kinetically stable protein in the bloodstream, cerebrospinal fluid, and in the eye, whose aggregation causes a prominent human amyloid disease, TTR amyloidosis (ATTR). Dissociation of the wild-type TTR tetramer into metastable dimers is rate-limiting for aggregation at acidic pH and unfolding in denaturant solutions at neutral pH. However, this “canonical dimer” pathway of denaturation is not the only one accessible under conditions possibly relevant to amyloid disease. At pH-values reached in the late endosome and lysosome (pH 4.0 to 5.0), as well as with perturbing mutations at neutral pH, a second denaturation pathway becomes accessible involving a more expanded transition state. This “alternative unfolding” pathway is evident via a characteristic switch to a steeper slope in the plot of the log-transformed unfolding rate constant vs. the urea concentration. Using mutations, we identify globally distributed locations in the protein that are sensitive to pathway-switching and correlate them with structural information. We show that flux along the alternative denaturation pathway becomes kinetically competitive in a subset of variants under mildly acidic conditions. A small-molecule kinetic stabilizer of TTR decreases flux along the canonical denaturation pathway, and exhibits reduced influence on denaturation by the alternative pathway. We present a “universal” plot allowing classification of TTR mutants to either pathway, and suggest a mechanism by which the two pathways operate. We speculate that the existence of an alternative unfolding pathway could allow for rapid protein degradation and turnover of kinetically stable TTR under acidic conditions in the autolysosome.",crossref,0
"Simple, Efficient, and Generic Postselection Decoding for qLDPC Codes",http://link.aps.org/doi/10.1103/sv11-f78l,Recent Articles in Phys. Rev. Lett.,2026-09-08 10:00:00 UTC,2026-09-08 10:00:00+00:00,10.1103/sv11-f78l,Ying Li,"Author(s): Haipeng Xie, Nobuyuki Yoshioka, Kento Tsubouchi, and Ying LiQuantum error correction is indispensable for scalable quantum computation. Although encoding logical qubits substantially enhances noise resilience, achieving logical error rates low enough for practical algorithms remains challenging on existing hardware. Here, we introduce argument reweighting, a…[Phys. Rev. Lett. 137, 110601] Published Tue Sep 08, 2026",rss_description,0
Bounds on Lorentz Invariance Violation from Muon Fluctuations at the Pierre Auger Observatory,http://link.aps.org/doi/10.1103/t5k4-2m32,Recent Articles in Phys. Rev. Lett.,2026-09-08 10:00:00 UTC,2026-09-08 10:00:00+00:00,10.1103/t5k4-2m32,A. Abdul Halim (Pierre Auger Collaboration),"Author(s): A. Abdul Halim et al. (Pierre Auger Collaboration)Quantum gravity theories often modify spacetime symmetries. In particular, Lorentz invariance may be violated when approaching the Planck scale. Although the scales at which interactions occur in extensive air showers induced by ultra-high-energy cosmic rays in the atmosphere are many orders of magn…[Phys. Rev. Lett. 137, 111001] Published Tue Sep 08, 2026",rss_description,0
Lorentz-Violating Scenarios for the Highest-Energy Photons from GRB 221009A,http://link.aps.org/doi/10.1103/zjh2-mc47,Recent Articles in Phys. Rev. Lett.,2026-09-08 10:00:00 UTC,2026-09-08 10:00:00+00:00,10.1103/zjh2-mc47,Marco Roncadelli,"Author(s): Giorgio Galanti and Marco RoncadelliA photon at $\mathcal{E}≃251\text{ }\text{ }\mathrm{TeV}$ from GRB 221009A was detected by the Carpet Collaboration in 2022 using a partial dataset. Very recently, Carpet has completed its full data analysis reporting further support for its previous photon now at $\mathcal{E}=30{0}_{−38}^{+43}\text…[Phys. Rev. Lett. 137, 111002] Published Tue Sep 08, 2026",rss_description,0
Conformal Defects and Goldstone Bosons in Anti–de Sitter Space,http://link.aps.org/doi/10.1103/853m-z97v,Recent Articles in Phys. Rev. Lett.,2026-09-08 10:00:00 UTC,2026-09-08 10:00:00+00:00,10.1103/853m-z97v,Marco Meineri,"Author(s): Lorenzo Bianchi, Elia de Sabbata, and Marco MeineriWe study local quantum field theories in anti–de Sitter (AdS) space, with boundary conditions that break some of the bulk isometries. Specifically, we focus on conformal defects and we prove that their spectrum supports a displacement operator of protected dimension, despite the nonlocal nature of t…[Phys. Rev. Lett. 137, 111601] Published Tue Sep 08, 2026",rss_description,0
Delayed Charged Lepton Yukawa Equilibration in Minimal Seesaw,http://link.aps.org/doi/10.1103/nfkx-q6z7,Recent Articles in Phys. Rev. Lett.,2026-09-08 10:00:00 UTC,2026-09-08 10:00:00+00:00,10.1103/nfkx-q6z7,Sudipta Show,"Author(s): Rishav Roshan and Sudipta ShowWhile most studies of the minimal type-I seesaw neglect the heaviest decoupled right-handed neutrino, assuming negligible contributions to neutrino masses and leptogenesis, we demonstrate that its cosmological role can be significant. When long-lived, the presence of this particle can substantially …[Phys. Rev. Lett. 137, 111802] Published Tue Sep 08, 2026",rss_description,0
Isotensor $πππ$ Scattering with a $ρ$-Resonant Subsystem from QCD,http://link.aps.org/doi/10.1103/yyfr-j1yl,Recent Articles in Phys. Rev. Lett.,2026-09-08 10:00:00 UTC,2026-09-08 10:00:00+00:00,10.1103/yyfr-j1yl,Christopher E. Thomas (for the Hadron Spectrum Collaboration),"Author(s): Raúl A. Briceño, Maxwell T. Hansen, Andrew W. Jackura, Robert G. Edwards, and Christopher E. Thomas (for the Hadron Spectrum Collaboration)This Letter presents a lattice quantum chromodynamics (QCD) determination of $πππ$ scattering amplitudes for the isospin-2 channel with angular momentum and parity ${J}^{P}={1}^{+}$. The calculation is performed using unphysically heavy light-quark masses, corresponding to a pion mass of ${m}_{π}≈40…[Phys. Rev. Lett. 137, 111901] Published Tue Sep 08, 2026",rss_description,0
Energy Correlators within Jets in Transversely Polarized Proton-Proton Collisions at $\sqrt{s}=200\text{ }\text{ }\mathrm{GeV}$,http://link.aps.org/doi/10.1103/fgsf-gx2q,Recent Articles in Phys. Rev. Lett.,2026-09-08 10:00:00 UTC,2026-09-08 10:00:00+00:00,10.1103/fgsf-gx2q,B. E. Aboona (STAR Collaboration),"Author(s): B. E. Aboona et al. (STAR Collaboration)We report the first measurement of one- and two-point energy correlators within jets in transversely polarized proton-proton collisions at $\sqrt{s}=200\text{ }\text{ }\mathrm{GeV}$, using the STAR detector at the Relativistic Heavy Ion Collider. These observables quantify the energy-weighted angula…[Phys. Rev. Lett. 137, 111902] Published Tue Sep 08, 2026",rss_description,0
General Double-Zero-Index Photonic Crystals,http://link.aps.org/doi/10.1103/xb4y-tl1w,Recent Articles in Phys. Rev. Lett.,2026-09-08 10:00:00 UTC,2026-09-08 10:00:00+00:00,10.1103/xb4y-tl1w,Zhen Gao,"Author(s): Zebin Zhu, Dong Zhao, Ziyao Wang, Xucheng Yang, Liyong Jiang, and Zhen GaoSome photonic crystals (PCs) with Dirac-like (or semi-Dirac) conical dispersions exhibit the property of double-zero index (DZI), which was previously thought to occur only at the center of the Brillouin zone ($\mathrm{Γ}$ point). Here, we demonstrate a general DZI effect in PCs, whose Dirac-like po…[Phys. Rev. Lett. 137, 113801] Published Tue Sep 08, 2026",rss_description,0
Negative Refraction of Terahertz Phonons via Interfacial Momentum Compensation,http://link.aps.org/doi/10.1103/n9zv-9kc5,Recent Articles in Phys. Rev. Lett.,2026-09-08 10:00:00 UTC,2026-09-08 10:00:00+00:00,10.1103/n9zv-9kc5,Ke-Qiu Chen,"Author(s): Hao Chen, Zhong-Ke Ding, Yuan Yao, Chang-Hao Ding, Nannan Luo, Jiang Zeng, Li-Ming Tang, and Ke-Qiu ChenNegative refraction provides a route to steer and focus wave energy flow, but it remains difficult to realize for coherent terahertz phonons. The difficulty stems from conventional dispersion-based mechanisms, which require strongly anisotropic or negative-curvature dispersions, while the long-wavel…[Phys. Rev. Lett. 137, 116301] Published Tue Sep 08, 2026",rss_description,0
Competing Ordering Modes in the Distorted Quantum Kagome Material Clinoatacamite ${\mathrm{Cu}}_{2}\mathrm{Cl}{(\mathrm{OH})}_{3}$,http://link.aps.org/doi/10.1103/xmh8-68vk,Recent Articles in Phys. Rev. Lett.,2026-09-08 10:00:00 UTC,2026-09-08 10:00:00+00:00,10.1103/xmh8-68vk,S. Süllow,"Author(s): L. Stödter, C. Kastner, H. O. Jeschke, M. Reehuis, E. Chan, M.-H. Lemée-Cailleau, K. Beauvois, B. Ouladdiaf, F. Yokaichiya, F. Bert, T. J. Hicken, J. A. Krieger, H. Luetkens, J. L. Allen, R. Feyerherm, M. Tovar, D. Menzel, A. U. B. Wolter, B. Büchner, K. C. Rule, F. J. Litterst, U. K. Rößler, and S. SüllowWe have studied the magnetic properties of clinoatacamite ${\mathrm{Cu}}_{2}\mathrm{Cl}{(\mathrm{OH})}_{3}$, the parent compound of the quantum spin liquid candidate herbertsmithite and a long-standing puzzle among frustrated quantum magnets. As we reveal using density-functional theory, clinoatacam…[Phys. Rev. Lett. 137, 116701] Published Tue Sep 08, 2026",rss_description,0
Magnetization Plateaux as a Roadmap to Quantum Spin Liquids,http://link.aps.org/doi/10.1103/tkpx-sq6n,Recent Articles in Phys. Rev. Lett.,2026-09-08 10:00:00 UTC,2026-09-08 10:00:00+00:00,10.1103/tkpx-sq6n,Oleg A. Starykh,"Author(s): Anna Keselman, Xinyuan Xu, Hao Zhang, Cristian D. Batista, and Oleg A. StarykhWe investigate the spin-$1/2$ ${J}_{1}–{J}_{2}$ triangular-lattice Heisenberg antiferromagnet in a magnetic field by combining large-scale density matrix renormalization group (DMRG) simulations with self-consistent spin-wave theory. The resulting field-coupling phase diagram reveals that quantum fl…[Phys. Rev. Lett. 137, 116702] Published Tue Sep 08, 2026",rss_description,0
Approaching Kasteleyn Transition in Frustrated Quantum Heisenberg Antiferromagnets,http://link.aps.org/doi/10.1103/4cn4-fymq,Recent Articles in Phys. Rev. Lett.,2026-09-08 10:00:00 UTC,2026-09-08 10:00:00+00:00,10.1103/4cn4-fymq,Andreas Honecker,"Author(s): Katarína Karl’ová, Afonso Rufino, Taras Verkholyak, Nils Caci, Stefan Wessel, Jozef Strečka, Frédéric Mila, and Andreas HoneckerWe show that the Kasteleyn transition, the abrupt proliferation of infinite strings of defects in classical dimer and related models, can also be relevant for frustrated 2D quantum magnets. This is explicitly demonstrated in a phase of the spin-$1/2$ Heisenberg diamond-decorated honeycomb lattice wh…[Phys. Rev. Lett. 137, 116703] Published Tue Sep 08, 2026",rss_description,0
Spontaneous Raman Scattering under Vibrational Strong Coupling: The Critical Role of Polariton Spatial Mode Coherence,http://link.aps.org/doi/10.1103/m138-4w64,Recent Articles in Phys. Rev. Lett.,2026-09-08 10:00:00 UTC,2026-09-08 10:00:00+00:00,10.1103/m138-4w64,David Hagenmüller,"Author(s): Maxime Dherbécourt, Joël Bellessa, Clémentine Symonds, Guillaume Weick, and David HagenmüllerResonant coupling of a vibration to a cavity mode has been reported to dramatically modify spontaneous Raman scattering, but subsequent studies have produced conflicting results. In this Letter, we develop a microscopic quantum framework that captures the spatial structure of polaritonic modes. In a…[Phys. Rev. Lett. 137, 116901] Published Tue Sep 08, 2026",rss_description,0
Near-Field Photon Nernst Effect,http://link.aps.org/doi/10.1103/z52f-tjqt,Recent Articles in Phys. Rev. Lett.,2026-09-08 10:00:00 UTC,2026-09-08 10:00:00+00:00,10.1103/z52f-tjqt,Linxiao Zhu,"Author(s): Alireza Kalantari Dehaghi and Linxiao ZhuWe consider the consequence of having nonreciprocal photon transfer between two surfaces with temperature gradient. We demonstrate that in a system consisting of graphene and a magneto-optical substrate separated by a gap, a transverse electric field is generated in graphene perpendicular to magneti…[Phys. Rev. Lett. 137, 116902] Published Tue Sep 08, 2026",rss_description,0
Microscopic Theory of a Fluctuation-Induced Dynamical Crossover in Supercooled Liquids,http://link.aps.org/doi/10.1103/8lw2-352q,Recent Articles in Phys. Rev. Lett.,2026-09-08 10:00:00 UTC,2026-09-08 10:00:00+00:00,10.1103/8lw2-352q,Grzegorz Szamel,"Author(s): Corentin C. L. Laudicina, Liesbeth M. C. Janssen, and Grzegorz SzamelMean-field theories of the glass transition predict a phase transition to a dynamically arrested state, yet no such transition is observed in experiments or simulations of finite-dimensional systems. We resolve this long-standing discrepancy by incorporating critical dynamical fluctuations into a mi…[Phys. Rev. Lett. 137, 118201] Published Tue Sep 08, 2026",rss_description,0
Extensive Spatiotemporal Chaos in Nonreciprocal Flocking,http://link.aps.org/doi/10.1103/lfwy-bbmv,Recent Articles in Phys. Rev. Lett.,2026-09-08 10:00:00 UTC,2026-09-08 10:00:00+00:00,10.1103/lfwy-bbmv,Heiko Rieger,"Author(s): Chul-Ung Woo, Jae Dong Noh, and Heiko RiegerTwo intermingled species of active matter can exhibit coherent rotation or disorderly scrambling depending on their mutual interactions.[Phys. Rev. Lett. 137, 118301] Published Tue Sep 08, 2026",rss_description,0
Breakdown of Emergent Chiral Order and Defect Chaos in Nonreciprocal Flocks,http://link.aps.org/doi/10.1103/c6dy-38z1,Recent Articles in Phys. Rev. Lett.,2026-09-08 10:00:00 UTC,2026-09-08 10:00:00+00:00,10.1103/c6dy-38z1,Benoît Mahault,"Author(s): Charlotte Myin, Suropriya Saha, and Benoît MahaultTwo intermingled species of active matter can exhibit coherent rotation or disorderly scrambling depending on their mutual interactions.[Phys. Rev. Lett. 137, 118302] Published Tue Sep 08, 2026",rss_description,0
Photoelectron Chiral Dichroism Induced by Lasers without Helicity via Excited Chiral Electronic Wave Packets,http://link.aps.org/doi/10.1103/jxjx-c8r1,Recent Articles in Phys. Rev. Lett.,2026-09-08 10:00:00 UTC,2026-09-08 10:00:00+00:00,10.1103/jxjx-c8r1,Ofer Neufeld,"Author(s): Gal Bouskila, Avner Fleischer, and Ofer NeufeldPhotoelectron circular dichroism (PECD) is a method where randomly oriented chiral molecules are photoionized due to irradiation by circularly polarized lasers, yielding large chiral signals in the photoelectron momentum distribution. Recently, PECD was explored with polarization-tailored light, suc…[Phys. Rev. Lett. 137, 113201] Published Tue Sep 08, 2026",rss_description,0
Parent Hamiltonian and Intrinsic Phase Transition in Non-Hermitian Photonic Systems,http://link.aps.org/doi/10.1103/7ly2-g3bh,Recent Articles in Phys. Rev. Lett.,2026-09-08 10:00:00 UTC,2026-09-08 10:00:00+00:00,10.1103/7ly2-g3bh,Peng Xue,"Author(s): Yuntao Xiao, Yuchen Guo, Xiaojian Huang, Huixia Gao, Dengke Qu, Lei Xiao, Kunkun Wang, Shuo Yang, and Peng XueNon-Hermitian systems host phenomena absent in Hermitian physics, but realizing Hamiltonians with intrinsic non-Hermitian properties remains challenging. The theoretical method of non-Hermitian parent Hamiltonian (NH-PH) enables the construction of a non-Hermitian system from a pair of matrix produc…[Phys. Rev. Lett. 137, 110401] Published Tue Sep 08, 2026",rss_description,0
Neutron star matter with hyperons: Bayesian comparison of nucleonic and SU(6)/SU(3) hyperonic models,http://link.aps.org/doi/10.1103/6jzv-s7dq,Recent Articles in Phys. Rev. C,2026-09-08 10:00:00 UTC,2026-09-08 10:00:00+00:00,10.1103/6jzv-s7dq,Ignazio Bombaci,"Author(s): Athira S., Vishal Parmar, Monika Sinha, and Ignazio BombaciWe investigate neutron star matter with hyperons within a density-dependent relativistic mean-field framework using Bayesian inference, considering three composition scenarios: purely nucleonic matter, hyperonic matter under SU(6) flavor symmetry, and hyperonic matter under SU(3) symmetry with free …[Phys. Rev. C 114, 035802] Published Tue Sep 08, 2026",rss_description,0
"Nuclear constraints on $^{12}\mathrm{C}(α,γ)^{16}\mathrm{O}$ and their impact on black-hole mass predictions",http://link.aps.org/doi/10.1103/hy6l-43l3,Recent Articles in Phys. Rev. C,2026-09-08 10:00:00 UTC,2026-09-08 10:00:00+00:00,10.1103/hy6l-43l3,A. M. Mukhamedzhanov,"Author(s): A. M. MukhamedzhanovGravitational-wave observations have renewed interest in the black-hole mass gap and in the maximum mass of first-generation black holes below its lower edge. The $^{12}\mathrm{C}(α,γ)^{16}\mathrm{O}$ reaction plays a central role in this problem because it determines the carbon-to-oxygen ratio afte…[Phys. Rev. C 114, 035803] Published Tue Sep 08, 2026",rss_description,0
"Indirect measurement of the ${S}^{*}(E)$ factor for $^{12}\mathrm{C}(^{12}\mathrm{C},p)^{23}\mathrm{Na}$ at Gamow energies via the Trojan horse method with near-${0}^{∘}$ spectator detection",http://link.aps.org/doi/10.1103/p79r-jssc,Recent Articles in Phys. Rev. C,2026-09-08 10:00:00 UTC,2026-09-08 10:00:00+00:00,10.1103/p79r-jssc,Xuejian Wang,"Author(s): Chengbo Li, Huiming Jia, Qungang Wen, Chengjian Lin, Lei Yang, Feng Yang, Nanru Ma, Tianpeng Luo, Xuepeng Sun, Shangkun Shao, and Xuejian WangThe astrophysical ${S}^{*}(E)$ factor for the $^{12}\mathrm{C}+^{12}\mathrm{C}$ reaction within the Gamow window (${E}_{G}=1.5±0.3$ MeV) plays a pivotal role in modeling stellar carbon burning and explosive nucleosynthesis scenarios. However, direct measurements—or even simple extrapolations—at thes…[Phys. Rev. C 114, 035801] Published Tue Sep 08, 2026",rss_description,0
$γW$-exchange correction beyond the forward-angle limit in neutron $β$ decay,http://link.aps.org/doi/10.1103/2bm2-28wb,Recent Articles in Phys. Rev. C,2026-09-08 10:00:00 UTC,2026-09-08 10:00:00+00:00,10.1103/2bm2-28wb,Hai-Qing Zhou,"Author(s): Hui-Yun Cao and Hai-Qing ZhouIn this work, we discuss the $γW$-exchange contributions in neutron $β$ decay with an elastic intermediate state, beyond the forward-angle limit (FAL). By decomposing the one-$W$-exchange and $γW$-exchange amplitudes in terms of 16 independent Pauli-spinor structures, we calculate the $γW$-exchange …[Phys. Rev. C 114, 035202] Published Tue Sep 08, 2026",rss_description,0
${f}_{2}(1270)→π+π$ as a probe of spin and vorticity in heavy-ion collisions,http://link.aps.org/doi/10.1103/wlwy-dpj3,Recent Articles in Phys. Rev. C,2026-09-08 10:00:00 UTC,2026-09-08 10:00:00+00:00,10.1103/wlwy-dpj3,Su Houng Lee,"Author(s): In Woo Park, Beomkyu Kim, Giorgio Torrieri, Kayman J. Gonçalves, Sanghoon Lim, and Su Houng LeeThe correlation between vorticity and spin alignment in heavy-ion collisions can be probed through polarization measurements of hadrons, whose total spin originates from both constituent-quark spins and orbital angular momentum in the quark-model framework. So far, experimental measurements have bee…[Phys. Rev. C 114, 034907] Published Tue Sep 08, 2026",rss_description,0
Probing the tetrahedral $α$ clusters in relativistic $^{16}\mathrm{O}+^{16}\mathrm{O}$ collisions,http://link.aps.org/doi/10.1103/z96t-6rxd,Recent Articles in Phys. Rev. C,2026-09-08 10:00:00 UTC,2026-09-08 10:00:00+00:00,10.1103/z96t-6rxd,Shi Pu,"Author(s): Jin-Yu Hu, Hao-jie Xu, Xiaobao Wang, and Shi PuRelativistic $^{16}\mathrm{O}+^{16}\mathrm{O}$ collisions provide a valuable opportunity to study both the quark-gluon plasma formed in small systems and the intrinsic structure of $^{16}\mathrm{O}$. Recent implementations of ab initio nuclear configurations in heavy-ion simulations have produced di…[Phys. Rev. C 114, 034905] Published Tue Sep 08, 2026",rss_description,0
Causal-horizon scaling of quarkonium suppression in strong QCD fields,http://link.aps.org/doi/10.1103/53rr-wr79,Recent Articles in Phys. Rev. C,2026-09-08 10:00:00 UTC,2026-09-08 10:00:00+00:00,10.1103/53rr-wr79,Yi Yang,"Author(s): Yi YangThe simultaneous observation of strong sequential bottomonium suppression and small azimuthal anisotropy constrains the time scale and geometry of quarkonium dissociation in relativistic heavy-ion collisions. This work investigates an early-time contribution in which strong pre-equilibrium color fie…[Phys. Rev. C 114, 034904] Published Tue Sep 08, 2026",rss_description,0
Improved formula for Wigner function and spin polarization in a decoupling relativistic fluid at local thermodynamic equilibrium,http://link.aps.org/doi/10.1103/5rpc-hg99,Recent Articles in Phys. Rev. C,2026-09-08 10:00:00 UTC,2026-09-08 10:00:00+00:00,10.1103/5rpc-hg99,Daniele Roselli,"Author(s): Xin-Li Sheng, Francesco Becattini, and Daniele RoselliWe present an upgraded formula for Wigner function and spin polarization of fermions emitted by a relativistic fluid at local thermodynamic equilibrium at the decoupling, which improves the one obtained by F. Becattini, M. Buzzegoli, and A. Palermo [Phys. Lett. B 820, 136519 (2021)] and by S. Y. F. …[Phys. Rev. C 114, 034903] Published Tue Sep 08, 2026",rss_description,0
Electromagnetic radiation from baryon-rich matter in heavy-ion collisions,http://link.aps.org/doi/10.1103/nh24-jn4j,Recent Articles in Phys. Rev. C,2026-09-08 10:00:00 UTC,2026-09-08 10:00:00+00:00,10.1103/nh24-jn4j,Chun Shen,"Author(s): Xiang-Yu Wu, Charles Gale, Sangyong Jeon, Jean-François Paquet, Björn Schenke, and Chun ShenPhotons and dileptons produced in high energy nuclear collisions contain undistorted information about the conditions at their point of emission, such as the local temperature, flow velocity, and chemical potential. Using state of the art modeling of the collision dynamics, which reproduce hadronic spectra, the authors find good agreement with measurements by the STAR Collaboration at the Relativistic Heavy Collider, but differ from measurements by the PHENIX Collaboration in terms of magnitude but not shape. This work shows that the multimessenger approach to heavy-ion collisions previously used at higher energy is amenable to baryon-rich environments at lower temperatures, and paves the way for more comprehensive studies of the QCD phase diagram.[Phys. Rev. C 114, 034902] Published Tue Sep 08, 2026",rss_description,0
Sensitivity of anisotropic flow in $\mathrm{Pb}+\mathrm{Pb}$ collisions to the neutron skin of $^{208}\mathrm{Pb}$ at energies available at the CERN Large Hadron Collider,http://link.aps.org/doi/10.1103/5qcl-8w8t,Recent Articles in Phys. Rev. C,2026-09-08 10:00:00 UTC,2026-09-08 10:00:00+00:00,10.1103/5qcl-8w8t,Guo-Liang Ma,"Author(s): Xin-Li Zhao, Xin-Yi Xie, Yuan Li, and Guo-Liang MaWe study the sensitivity of anisotropic flow in $\mathrm{Pb}+\mathrm{Pb}$ collisions at $\sqrt{{s}_{NN}}=5.02$ TeV to the neutron skin of $^{208}\mathrm{Pb}$ using the improved string-melting version of a multiphase transport (AMPT) Model. By varying the neutron surface diffuseness, we trace the imp…[Phys. Rev. C 114, 034901] Published Tue Sep 08, 2026",rss_description,0
Self-consistent spectral framework for inclusive nonelastic breakup: The Trojan-horse method as its sub-Coulomb resonant limit,http://link.aps.org/doi/10.1103/zpsb-vhqc,Recent Articles in Phys. Rev. C,2026-09-08 10:00:00 UTC,2026-09-08 10:00:00+00:00,10.1103/zpsb-vhqc,Jin Lei,"Author(s): Jin LeiAt the keV-scale energies of stellar nucleosynthesis, the resonant charged-particle reactions addressed by the Trojan-horse method (THM) proceed through isolated near-threshold resonances, so the low-energy cross section and the resonance strength carry the same information. The standard THM working…[Phys. Rev. C 114, 034606] Published Tue Sep 08, 2026",rss_description,0
"Photonuclear cross sections for the $^{197}\mathrm{Au}(γ,pn)^{195m}\mathrm{Pt}$ reaction near threshold",http://link.aps.org/doi/10.1103/6zdl-krbq,Recent Articles in Phys. Rev. C,2026-09-08 10:00:00 UTC,2026-09-08 10:00:00+00:00,10.1103/6zdl-krbq,R. V. F. Janssens,"Author(s): J. Song, J. Nolen, D. Rotsch, R. Gampa, R. M. de Kruijff, T. Brossard, C. R. Howell, F. Krishichayan, S. W. Finch, Y. K. Wu, S. Mikhailov, M. W. Ahmed, and R. V. F. JanssensPlatinum radioisotopes are of growing interest for targeted cancer therapy and diagnostic imaging because their decay delivers highly localized radiation doses in tissue, herewith enabling precise DNA damage through Auger-electron emission. Developing production technologies that provide platinum is…[Phys. Rev. C 114, 034605] Published Tue Sep 08, 2026",rss_description,0
Muon-induced fission of actinide nuclei,http://link.aps.org/doi/10.1103/1h7p-c6kp,Recent Articles in Phys. Rev. C,2026-09-08 10:00:00 UTC,2026-09-08 10:00:00+00:00,10.1103/1h7p-c6kp,A. S. Umar,"Author(s): Christian Ross and A. S. UmarA negative muon captured by an actinide cascades down through the muonic atomic levels; deeply bound transitions can proceed via inverse internal conversion, depositing the muonic transition energy directly into the nucleus and, when the deposited energy exceeds the fission barrier, inducing prompt …[Phys. Rev. C 114, 034604] Published Tue Sep 08, 2026",rss_description,0
Information entropy and $\mathrm{Δ}$-scaling law in central $^{197}\mathrm{Au}$ $+$ $^{197}\mathrm{Au}$ collisions at 20–350 MeV/nucleon,http://link.aps.org/doi/10.1103/q8sf-r7r4,Recent Articles in Phys. Rev. C,2026-09-08 10:00:00 UTC,2026-09-08 10:00:00+00:00,10.1103/q8sf-r7r4,Yu-Gang Ma (马余刚),"Author(s): Jin-Mei Wang (汪金梅), Feng-Hua Qiao (乔枫华), Xian-Gai Deng (邓先概), and Yu-Gang Ma (马余刚)Within the isospin-dependent quantum molecular-dynamics (IQMD) framework, we investigate the multiplicity information entropy $H$ of neutrons, protons, intermediate-mass fragments (IMFs), and all fragments, together with the $\mathrm{Δ}$-scaling behaviors, in central $^{197}\mathrm{Au}+^{197}\mathrm…[Phys. Rev. C 114, 034603] Published Tue Sep 08, 2026",rss_description,0
Direct mass measurement of $^{91}\mathrm{Rh}$ and $^{89}\mathrm{Ru}$ and mid-shell trend of the one-proton separation energies for $N=Z+1$ nuclei,http://link.aps.org/doi/10.1103/lsp5-qntn,Recent Articles in Phys. Rev. C,2026-09-08 10:00:00 UTC,2026-09-08 10:00:00+00:00,10.1103/lsp5-qntn,Samuel Ayet San Andrés (for the Super-FRS Experiment Collaboration),"Author(s): Samuel Ayet San Andrés et al. (for the Super-FRS Experiment Collaboration)Neutron-deficient nuclei in the $N≈Z, A≈90$ region were produced by fragmentation of a relativistic $^{107}\mathrm{Ag}$ beam at the GSI Helmholtz Centre for Heavy Ion Research (GSI), separated in the fragment separator FRS, slowed down, and thermalized, and high-precision mass measurements were perf…[Phys. Rev. C 114, 034311] Published Tue Sep 08, 2026",rss_description,0
Correcting nuclear mass models with interpretable machine learning to bridge theory and data,http://link.aps.org/doi/10.1103/yjnd-vgjr,Recent Articles in Phys. Rev. C,2026-09-08 10:00:00 UTC,2026-09-08 10:00:00+00:00,10.1103/yjnd-vgjr,Haozhao Liang,"Author(s): Yanhua Lu, Tianshuai Shang, Pengxiang Du, Jian Li, and Haozhao LiangNuclear mass prediction is one of the core issues in nuclear physics research, yet it faces the challenge of small-sample datasets with high complexity. This study introduces the Kolmogorov-Arnold network (KAN) into the refinement of nuclear mass models, proposing an efficient and interpretable solu…[Phys. Rev. C 114, 034310] Published Tue Sep 08, 2026",rss_description,0
Helium-3 and triton relativistic wave functions in light-front dynamics,http://link.aps.org/doi/10.1103/3tv4-hpxl,Recent Articles in Phys. Rev. C,2026-09-08 10:00:00 UTC,2026-09-08 10:00:00+00:00,10.1103/3tv4-hpxl,V. A. Karmanov,"Author(s): Zhimin Zhu, Ziqi Zhang, Kaiyu Fu, and V. A. KarmanovThe relativistic wave functions of $^{3}\mathrm{He}$ and $^{3}\mathrm{H}$ nuclei are calculated in the framework of light-front dynamics. They are determined by 32 spin-isospin components, each of which depends on five scalar variables. For nucleon-nucleon interaction, the one-boson exchange model i…[Phys. Rev. C 114, 034309] Published Tue Sep 08, 2026",rss_description,0
Generic mechanism for shell structure evolution from an energy density functional perspective,http://link.aps.org/doi/10.1103/vqrl-cjyy,Recent Articles in Phys. Rev. C,2026-09-08 10:00:00 UTC,2026-09-08 10:00:00+00:00,10.1103/vqrl-cjyy,D. Verney,"Author(s): L. Heitz, J.-P. Ebran, E. Khan, and D. VerneyA simple pattern of organization, the nuclear shell structure, emerges from the complex interactions between nucleons in nuclei and determines, to some significant degree, nuclear structure properties. Recent experimental investigations of exotic nuclei revealed a shortfall in our current understand…[Phys. Rev. C 114, 034308] Published Tue Sep 08, 2026",rss_description,0
Influence of nuclear deformation on the $α$-decay systematics of superheavy nuclei with $Z=120–130$: Density-dependent cluster model and improved empirical approaches,http://link.aps.org/doi/10.1103/jk8y-ykc9,Recent Articles in Phys. Rev. C,2026-09-08 10:00:00 UTC,2026-09-08 10:00:00+00:00,10.1103/jk8y-ykc9,S. G. Abd-Elnasser,"Author(s): Theeb Alsultan, Saifful Kamaluddin Muzakir, and S. G. Abd-ElnasserSystematic calculations of $α$-decay and spontaneous-fission (SF) properties are presented for the even-even superheavy isotopic chains with $Z=120–130$. The $α$-decay half-lives are evaluated within the density-dependent cluster model using a double-folding potential with a zero-range exchange appr…[Phys. Rev. C 114, 034306] Published Tue Sep 08, 2026",rss_description,0
Exponentially Enhanced Two-Mode Multiboson Entanglement via Phase-Modulated Tunneling,http://link.aps.org/doi/10.1103/mxnp-zvth,Recent Articles in Phys. Rev. Lett.,2026-09-08 10:00:00 UTC,2026-09-08 10:00:00+00:00,10.1103/mxnp-zvth,Gershon Kurizki,"Author(s): Pritam Chattopadhyay, Abraham G. Kofman, and Gershon KurizkiThe entanglement of quantum systems is commonly restricted by their coupling Hamiltonian and initial state properties. Here, we prove by exact analysis of tunnel-coupled bosonic field modes that factorized multiboson two-mode states can become fully entangled via stroboscopic sign flips of the two-m…[Phys. Rev. Lett. 137, 110201] Published Tue Sep 08, 2026",rss_description,0
$\mathrm{Ξ}$-deuteron low-energy $s$-wave phase shifts and momentum correlation functions in Faddeev formulation,http://link.aps.org/doi/10.1103/rxh5-w9xk,Recent Articles in Phys. Rev. C,2026-09-08 10:00:00 UTC,2026-09-08 10:00:00+00:00,10.1103/rxh5-w9xk,H. Kamada,"Author(s): M. Kohno and H. KamadaThe low-energy $\mathrm{Ξ}$-deuteron scattering is investigated through the solution of Faddeev equations, employing three sets of the currently available representation of the $\mathrm{Ξ}$-nucleon interactions. One of these is the chiral next-to-leading order interaction specified by the Jülich gro…[Phys. Rev. C 114, 034004] Published Tue Sep 08, 2026",rss_description,0
Author Correction: Nanopore-enabled time-resolved monitoring of catecholamine-related phenylalanine metabolism,https://www.nature.com/articles/s41565-026-02294-y,Nature Nanotechnology,2026-09-09 00:00:00 UTC,2026-09-09 00:00:00+00:00,10.1038/s41565-026-02294-y,Hai-Chen Wu,Author Correction: Nanopore-enabled time-resolved monitoring of catecholamine-related phenylalanine metabolism,rss_nature,0
How nanophotonics can drive optical computing toward practical applications,https://www.nature.com/articles/s41565-026-02264-4,Nature Nanotechnology,2026-09-09 00:00:00 UTC,2026-09-09 00:00:00+00:00,10.1038/s41565-026-02264-4,Qionghai Dai,"This Review discusses photonic platforms that have already shown programmability, high integration density, and stability, and that can support large-scale AI models, edge computing, and logic and scientific computing.",rss_nature,0
A heat-driven route to elastocaloric cooling,https://www.nature.com/articles/s41560-026-02128-0,Nature Energy,2026-09-09 00:00:00 UTC,2026-09-09 00:00:00+00:00,10.1038/s41560-026-02128-0,,"A heat-driven elastocaloric cooling system is demonstrated in which two shape memory alloys perform complementary roles: one converts heat into mechanical work, while the other converts that work into cooling. This approach offers a pathway to electricity-minimized solid-state cooling using abundant low-grade heat sources.",rss_nature,0
Higher odds of produced-water-like chemistry in groundwater vulnerable to shale gas spills,https://www.nature.com/articles/s41893-026-01933-5,Nature Sustainability,2026-09-09 00:00:00 UTC,2026-09-09 00:00:00+00:00,10.1038/s41893-026-01933-5,James E. Saiers,"Horizontal drilling and hydraulic fracturing are a core part of the US domestic energy economy, particularly in the Appalachian region. However, surface spills occurring in areas of high hydrologic vulnerability could pose a risk to the drinking-water sources of more than 120,000 local residents.",rss_nature,0
Emissions and system-level decarbonization pathways for global petrochemical production,https://www.nature.com/articles/s41893-026-01931-7,Nature Sustainability,2026-09-09 00:00:00 UTC,2026-09-09 00:00:00+00:00,10.1038/s41893-026-01931-7,Jonathan M. Cullen,"The petrochemical sector is a major source of greenhouse gas emissions, yet a consistent facility-level emissions inventory is missing, hindering effective sectoral decarbonization. This study fills the gap through a bottom-up and detailed assessment of 37,379 facilities globally.",rss_nature,0
Physiological flexibility in changing climates,https://www.nature.com/articles/s41558-026-02738-2,Nature Climate Change,2026-09-09 00:00:00 UTC,2026-09-09 00:00:00+00:00,10.1038/s41558-026-02738-2,John S. Terblanche,"How much ectothermic animals can rely on plastic adjustments in their physiology remains a central challenge when forecasting climate change impacts. Here, I look back on a 2015 paper that examined the role of physiological plasticity in thermal performance and discuss subsequent research and broader conservation implications.",rss_nature,0
Molecular modifier aids melting of MOFs,https://www.nature.com/articles/s41563-026-02738-9,Nature Materials,2026-09-09 00:00:00 UTC,2026-09-09 00:00:00+00:00,10.1038/s41563-026-02738-9,Ross S. Forgan,"The glass transition temperatures of melting mixtures of metal–organic frameworks (MOFs) and phenanthroline are lowered through transient coordination, enabling melt-quenched vitrification of previously unmeltable MOFs.",rss_nature,0
Closed-loop in situ isolation of deep-sea extremophiles through sensor-driven microenvironment preservation,https://www.nature.com/articles/s44460-026-00128-x,Nature Sensors,2026-09-09 00:00:00 UTC,2026-09-09 00:00:00+00:00,10.1038/s44460-026-00128-x,Si Zhang,"A closed-loop cyber physical platform that preserves native deep-sea microenvironments enables fully automated in situ cultivation and isolation of extremophiles through sensor-driven sampling, pressure retentive handling and robotic high-pressure manipulation.",rss_nature,0
Depression risk associated with idealized sentiment toward urban places on social media,https://www.nature.com/articles/s44284-026-00516-x,Nature Cities,2026-09-09 00:00:00 UTC,2026-09-09 00:00:00+00:00,10.1038/s44284-026-00516-x,Hong Yang,"Urban environments substantially influence mental health, yet quantifying subjective perceptions linked to depression remains challenging. Utilizing social media data, a novel framework identifies emotional responses to urban places, revealing complex associations between sentiment and depression risk across diverse contexts.",rss_nature,0
Highly efficient base editing at PCSK9 and normal human embryo development,https://www.nature.com/articles/s41586-026-11118-x,Nature,2026-09-09 00:00:00 UTC,2026-09-09 00:00:00+00:00,10.1038/s41586-026-11118-x,Dieter Egli,Highly efficient base editing at PCSK9 and normal human embryo development,rss_nature,0
Phone tutoring boosts math scores when schools are forced to close,https://www.nature.com/articles/d41586-026-02843-4,Nature,2026-09-09 00:00:00 UTC,2026-09-09 00:00:00+00:00,10.1038/d41586-026-02843-4,Benjamin Thompson,"Evidence suggests that regular calls can keep kids learning when schooling is disrupted — plus, why a familiar world map may be about to change.",rss_nature,0
How AI is changing PhD programmes: join our free webinar,https://www.nature.com/articles/d41586-026-02751-7,Nature,2026-09-09 00:00:00 UTC,2026-09-09 00:00:00+00:00,10.1038/d41586-026-02751-7,David Payne,Learn how artificial intelligence can hone your research skills as well as the potential pitfalls of relying too heavily on it.,rss_nature,0
Bacteria recruited to treat cancer,https://www.nature.com/articles/d41586-026-02823-8,Nature,2026-09-09 00:00:00 UTC,2026-09-09 00:00:00+00:00,10.1038/d41586-026-02823-8,,Anticancer drugs could be manufactured and delivered by modified microorganisms.,rss_nature,0
Ruins of ancient Asian city show engineering prowess and organization,https://www.nature.com/articles/d41586-026-02821-w,Nature,2026-09-09 00:00:00 UTC,2026-09-09 00:00:00+00:00,10.1038/d41586-026-02821-w,,"The 5,000-year-old city of Liangzhu has mounds, dams and city walls built in a challenging waterlogged site.",rss_nature,0
Breaking timescales with generative sampling of conformational transitions,https://www.nature.com/articles/s41586-026-11025-1,Nature,2026-09-09 00:00:00 UTC,2026-09-09 00:00:00+00:00,10.1038/s41586-026-11025-1,Christophe Chipot,"A generative committor-guided path-sampling framework reconstructs rare biomolecular transition pathways and reveals the underlying thermodynamics and kinetics without using predefined collective variables or brute-force sampling, at an acceptable computational cost.",rss_nature,0
Within-family effect of ancestry on complex traits in a Mexican population,https://www.nature.com/articles/s41586-026-11039-9,Nature,2026-09-09 00:00:00 UTC,2026-09-09 00:00:00+00:00,10.1038/s41586-026-11039-9,Peter M. Visscher,This study uses a within-family design to identify significant ancestry differences in complex traits such as height and type 2 diabetes in a genetically diverse population from Mexico City.,rss_nature,0
Neocortical long-range inhibition promotes cortical synchrony and sleep,https://www.nature.com/articles/s41586-026-10876-y,Nature,2026-09-09 00:00:00 UTC,2026-09-09 00:00:00+00:00,10.1038/s41586-026-10876-y,Renata Batista-Brito,"In mice, a sparse population of sleep-active long-range inhibitory neurons in the neocortex promote widespread cortical synchronization and sleep, revealing a cortical mechanism that contributes to the regulation of sleep.",rss_nature,0
An operational perturbation proteomics-based virtual cell model,https://www.nature.com/articles/s41586-026-11001-9,Nature,2026-09-09 00:00:00 UTC,2026-09-09 00:00:00+00:00,10.1038/s41586-026-11001-9,Tiannan Guo,"Temporal protein-abundance measurements from systematically perturbed breast cancer cell lines were generated to develop ProteinTalks, a virtual cell model that functions as an operational tool for diverse drug discovery tasks.",rss_nature,0
PLA2G2D in tumour-draining lymph nodes regulates anti-tumour immunity,https://www.nature.com/articles/s41586-026-10954-1,Nature,2026-09-09 00:00:00 UTC,2026-09-09 00:00:00+00:00,10.1038/s41586-026-10954-1,Floris Dammeijer,"A specific population of macrophages that express high levels of the enzyme PLA2G2D in tumour-draining lymph nodes is associated with poor prognosis in patients, and inhibiting PLA2G2D improves anti-tumour immunity in mouse models.",rss_nature,0
Foaming photopolymers as a high-resolution biomimetic printing platform,https://www.nature.com/articles/s41586-026-10968-9,Nature,2026-09-09 00:00:00 UTC,2026-09-09 00:00:00+00:00,10.1038/s41586-026-10968-9,Easan Sivaniah,"Deep-foam photolithography uses light-controlled polymer foaming to create high-resolution, multifunctional microstructures with tunable optical, wetting and fluid-handling properties for advanced manufacturing applications.",rss_nature,0
Advancing conflict research and response through satellite-derived data,https://www.nature.com/articles/s41586-026-11004-6,Nature,2026-09-09 00:00:00 UTC,2026-09-09 00:00:00+00:00,10.1038/s41586-026-11004-6,Jan Dirk Wegner,"Integrating satellite-derived war-damage data with text-based fatality records through improvement, enrichment and fusion mitigates limitations inherent in each source, revealing complex violence dynamics beyond fatality-centric paradigms, as case studies from Ukraine and Myanmar illustrate.",rss_nature,0
Denisovans from southwestern China and their subsistence strategies,https://www.nature.com/articles/s41586-026-10997-4,Nature,2026-09-09 00:00:00 UTC,2026-09-09 00:00:00+00:00,10.1038/s41586-026-10997-4,Fahu Chen,"Evidence from Bianfu Cave shows specialized hunting, expedient stone-tool production and extensive bone use of Denisovans, providing new insights into their ecology, behaviour and cultural legacy in eastern Asia.",rss_nature,0
A serpin–myeloid axis in pancreatic cancer heterogeneity and immune evasion,https://www.nature.com/articles/s41586-026-11002-8,Nature,2026-09-09 00:00:00 UTC,2026-09-09 00:00:00+00:00,10.1038/s41586-026-11002-8,Brian D. Brown,"SERPINE1 and SERPINB2-driven fibrin-rich niches locally programme immunosuppressive macrophages and exclude T cells, enabling spatially organized immune evasion in pancreatic ductal carcinoma.",rss_nature,0
Mobile education builds resilience during shocks in five countries,https://www.nature.com/articles/s41586-026-10990-x,Nature,2026-09-09 00:00:00 UTC,2026-09-09 00:00:00+00:00,10.1038/s41586-026-10990-x,Tim Sullivan,"Remote phone-based targeted tutoring in five countries produced large, cost-effective learning gains during school closures, outperforming text messaging and working effectively when delivered by governments or non-governmental organizations to strengthen education resilience.",rss_nature,0
Ancient proteins identify various Denisovan remains from Southwest China,https://www.nature.com/articles/s41586-026-10976-9,Nature,2026-09-09 00:00:00 UTC,2026-09-09 00:00:00+00:00,10.1038/s41586-026-10976-9,Qiaomei Fu,Identification and proteomic analysis of bone fragments and teeth from an excavation in Southwest China provide insight into the evolution and phenotype of Denisovans and fill a geographical gap in their documented distribution.,rss_nature,0
Predicting genome-wide functional constraints with GPN-Star,https://www.nature.com/articles/s41586-026-11005-5,Nature,2026-09-09 00:00:00 UTC,2026-09-09 00:00:00+00:00,10.1038/s41586-026-11005-5,Yun S. Song,"GPN-Star, a genomic language model with a phylogeny-aware architecture for whole-genome alignment data, is shown to be a scalable and flexible tool for genetic variant effect prediction across species.",rss_nature,0
Imaging cellular activity across all organs reveals body-wide circuits,https://www.nature.com/articles/s41586-026-10979-6,Nature,2026-09-09 00:00:00 UTC,2026-09-09 00:00:00+00:00,10.1038/s41586-026-10979-6,Misha B. Ahrens,An imaging system developed to record cellular activity throughout the whole body of zebrafish captures cellular organ dynamics and identifies multiple distributed circuits.,rss_nature,0
"TRI-611, a selective, brain-penetrant molecular glue degrader of ALK",https://www.nature.com/articles/s41586-026-10998-3,Nature,2026-09-09 00:00:00 UTC,2026-09-09 00:00:00+00:00,10.1038/s41586-026-10998-3,Vito J. Palombella,"TRI-611 induces the degradation of ALK fusion proteins via a previously undescribed CRBN recruitment motif, and its preclinical anti-tumour activity highlights TRI-611 as a potential new way of treating ALK-positive non-small-cell lung cancer.",rss_nature,0
Anodic Pd membrane H2 extraction enhances thermochemical dehydrogenation,https://www.nature.com/articles/s41586-026-11008-2,Nature,2026-09-09 00:00:00 UTC,2026-09-09 00:00:00+00:00,10.1038/s41586-026-11008-2,Yogesh Surendranath,"An electrochemical cell with molten hydroxide and a Pd membrane actively extracts H2 and thereby boosts ammonia and methylcyclohexane conversion, while also delivering purified H2 ready for use.",rss_nature,0
Integrated signatures define mutational processes in prostate cancer,https://www.nature.com/articles/s41586-026-10468-w,Nature,2026-09-09 00:00:00 UTC,2026-09-09 00:00:00+00:00,10.1038/s41586-026-10468-w,Joachim Weischenfeldt,Eight integrated mutational footprints collectively explain the mutational processes in 85% of primary prostate cancer genomes.,rss_nature,0
TM184C is a GPCR-like regulator of intercellular exchange and autophagy,https://www.nature.com/articles/s41586-026-10993-8,Nature,2026-09-09 00:00:00 UTC,2026-09-09 00:00:00+00:00,10.1038/s41586-026-10993-8,Daniel G. Isom,"TM184C—an ancient G-protein-coupled receptor-like superdark protein involved in regulation of autophagy, intercellular connectivity and material exchange—underscores the promise of exploring the understudied human proteome and beyond.",rss_nature,0
Proximity-guided graph learning reveals tumour-associated proximity antigens,https://www.nature.com/articles/s41586-026-11003-7,Nature,2026-09-09 00:00:00 UTC,2026-09-09 00:00:00+00:00,10.1038/s41586-026-11003-7,Olugbeminiyi O. Fadeyi,"A proximity-mapping atlas defines tumour-associated proximity antigens, revealing disease-associated membrane spatial communities, and identifies EGFR–CDCP1 as a co-target pair that enhances tumour killing by multispecific therapeutics.",rss_nature,0
In the basement of miniaturized relics,https://www.nature.com/articles/d41586-026-02416-5,Nature,2026-09-09 00:00:00 UTC,2026-09-09 00:00:00+00:00,10.1038/d41586-026-02416-5,Carol Scheina,Thinking small.,rss_nature,0
AI model predicts which breast-cancer drugs work best,https://www.nature.com/articles/d41586-026-02845-2,Nature,2026-09-09 00:00:00 UTC,2026-09-09 00:00:00+00:00,10.1038/d41586-026-02845-2,Miryam Naddaf,Model trained on millions of protein measurements can gauge drug effectiveness in tissue samples taken from people with triple-negative breast cancer.,rss_nature,0
Why the super-fun Ig Nobel prizes bring serious value to science,https://www.nature.com/articles/d41586-026-02793-x,Nature,2026-09-09 00:00:00 UTC,2026-09-09 00:00:00+00:00,10.1038/d41586-026-02793-x,,"Awards that celebrate humour, curiosity and irreverence are a balm in hard times.",rss_nature,0
These six advances could change how drugs are delivered,https://www.nature.com/articles/d41586-026-02654-7,Nature,2026-09-09 00:00:00 UTC,2026-09-09 00:00:00+00:00,10.1038/d41586-026-02654-7,Nic Fleming,"Medication triggered by your circadian clock, self-assembling delivery systems based on DNA and other highlights from studies and trials.",rss_nature,0
DNA-editing ‘pencils’ probe early human development,https://www.nature.com/articles/d41586-026-02840-7,Nature,2026-09-09 00:00:00 UTC,2026-09-09 00:00:00+00:00,10.1038/d41586-026-02840-7,Vincent Pasque,A genome-rewriting approach known as adenine base editing offers a precise way to investigate gene function in early human embryos.,rss_nature,0
Popular open-science platform to stop hosting data and code amid funding concerns,https://www.nature.com/articles/d41586-026-02598-y,Nature,2026-09-09 00:00:00 UTC,2026-09-09 00:00:00+00:00,10.1038/d41586-026-02598-y,Dalmeet Singh Chawla,"Changes to the Open Science Framework’s policies will come into effect in November, forcing researchers to reconsider their workflows.",rss_nature,0
Special delivery: bacterial couriers are smuggling drugs into cancers,https://www.nature.com/articles/d41586-026-02657-4,Nature,2026-09-09 00:00:00 UTC,2026-09-09 00:00:00+00:00,10.1038/d41586-026-02657-4,Liam Drew,"Microorganisms that deliver treatments to tumours could make chemotherapy, radiotherapy and immunotherapy safer and more effective.",rss_nature,0
Uniform film formation helps tandem solar cells work better for longer,https://www.nature.com/articles/d41586-026-02709-9,Nature,2026-09-09 00:00:00 UTC,2026-09-09 00:00:00+00:00,10.1038/d41586-026-02709-9,,"When making mixed-halide perovskite films for use in solar cells, bromide-rich domains crystallize faster than iodide-rich ones do, leading to defects. Adding a molecule tuned to bind selectively to bromide-bound lead synchronizes the crystallization rates, yielding uniform films, better operating stability and a more-efficient perovskite–organic tandem.",rss_nature,0
"Use AI as a sparring partner, not an oracle",https://www.nature.com/articles/d41586-026-02846-1,Nature,2026-09-09 00:00:00 UTC,2026-09-09 00:00:00+00:00,10.1038/d41586-026-02846-1,Marc Schmitt,"As artificial-intelligence tools become crucial collaborators in science, universities must teach students to challenge such systems and assess their ability to do so.",rss_nature,0
Who were the Denisovans? Rich trove of fossils and tools paints new picture,https://www.nature.com/articles/d41586-026-02810-z,Nature,2026-09-09 00:00:00 UTC,2026-09-09 00:00:00+00:00,10.1038/d41586-026-02810-z,Dyani Lewis,Objects found in a cave in southwestern China suggest that these enigmatic ancient humans were accomplished hunters.,rss_nature,0
Combined satellite and news data capture unseen aspects of war,https://www.nature.com/articles/d41586-026-02523-3,Nature,2026-09-09 00:00:00 UTC,2026-09-09 00:00:00+00:00,10.1038/d41586-026-02523-3,Hannes Mueller,Records of war extracted from news reports have shaped what researchers know about violence. Satellite images could transform that understanding — if access stays open.,rss_nature,0
Drug-delivering particles aim to breach the blood–brain barrier,https://www.nature.com/articles/d41586-026-02655-6,Nature,2026-09-09 00:00:00 UTC,2026-09-09 00:00:00+00:00,10.1038/d41586-026-02655-6,Simon Makin,The inability to get drugs into the brain has impeded the treatment of cancer and neurodegenerative diseases for decades. Techniques based on nanoparticles and exosomes are vying to provide a solution.,rss_nature,0
Phone-based tutoring improves learning during school closures,https://www.nature.com/articles/d41586-026-02471-y,Nature,2026-09-09 00:00:00 UTC,2026-09-09 00:00:00+00:00,10.1038/d41586-026-02471-y,Felipe Barrera-Osorio,One-to-one phone sessions substantially increased students’ numeracy test scores in low- and middle-income countries that experience emergencies that disrupt schooling.,rss_nature,0
Medicines do no good if people don’t take them,https://www.nature.com/articles/d41586-026-02658-3,Nature,2026-09-09 00:00:00 UTC,2026-09-09 00:00:00+00:00,10.1038/d41586-026-02658-3,Laura Vargas-Parada,"Health psychologist Rob Horne explains why medication non-adherence is such a problem, and how behavioural science can help to address it.",rss_nature,0
Hello Equal Earth: what the UN’s new world map will change,https://www.nature.com/articles/d41586-026-02820-x,Nature,2026-09-09 00:00:00 UTC,2026-09-09 00:00:00+00:00,10.1038/d41586-026-02820-x,Dhruv Shenai,"What the UN vote to ditch the Mercator projection means for education, navigation and public perception.",rss_nature,0
Why we need an International Panel on Inequality,https://www.nature.com/articles/d41586-026-02806-9,Nature,2026-09-09 00:00:00 UTC,2026-09-09 00:00:00+00:00,10.1038/d41586-026-02806-9,Wanga Zembe-Mkabile,Disparities in income and wealth are growing. A scientific assessment process can give governments the information they need to tackle them.,rss_nature,0
Pick up the phone! Phone calls with tutors keep kids learning when schools shut down,https://www.nature.com/articles/d41586-026-02825-6,Nature,2026-09-09 00:00:00 UTC,2026-09-09 00:00:00+00:00,10.1038/d41586-026-02825-6,Mohana Basu,The low-cost intervention was trialled in five countries during the COVID-19 pandemic.,rss_nature,0
Phone-call tutorials improve learning cost-effectively during education emergencies,https://www.nature.com/articles/d41586-026-02700-4,Nature,2026-09-09 00:00:00 UTC,2026-09-09 00:00:00+00:00,10.1038/d41586-026-02700-4,Tim Sullivan,"Across five randomized trials in India, Kenya, Nepal, the Philippines and Uganda, weekly 20-minute mobile-phone-call tutorials produced large learning gains for primary-school children during school closures caused by the COVID-19 pandemic. Governments can keep children learning through societal shocks using this approach, which combines low-cost, high-access mobile-phone technology with high-quality tutoring targeted to each child’s learning level.",rss_nature,0
A good drug is useless if it misses its target,https://www.nature.com/articles/d41586-026-02653-8,Nature,2026-09-09 00:00:00 UTC,2026-09-09 00:00:00+00:00,10.1038/d41586-026-02653-8,Richard Hodson,The best medicines go exactly where they’re needed in the body— and nowhere else.,rss_nature,0
Electric charge makes drops of water more destructive,https://www.nature.com/articles/d41586-026-02705-z,Nature,2026-09-09 00:00:00 UTC,2026-09-09 00:00:00+00:00,10.1038/d41586-026-02705-z,,"In many real-world settings, water droplets can become slightly charged as they slide across solid surfaces. This charge has been found to enable water droplets to damage protective coatings more easily than uncharged droplets do, and to cause the underlying metal to corrode.",rss_nature,0
Family-based analyses show how children’s genetics shape key traits,https://www.nature.com/articles/d41586-026-02689-w,Nature,2026-09-09 00:00:00 UTC,2026-09-09 00:00:00+00:00,10.1038/d41586-026-02689-w,,"The Norwegian Mother, Father and Child Cohort Study, called MoBa, includes genetic data from around 230,000 parents and children. Using about 44,000 father–mother–child trios, child and parental genetics were modelled together to estimate the effects of the children’s own genetic differences on their height, educational achievement, sleep duration and depressive symptoms.",rss_nature,0
Genetic associations with the Big Five personality traits probed in one million people,https://www.nature.com/articles/d41586-026-02790-0,Nature,2026-09-09 00:00:00 UTC,2026-09-09 00:00:00+00:00,10.1038/d41586-026-02790-0,,"Human DNA has been linked to personality traits — how individuals think, feel and act — thus identifying hundreds of genetic variants that contribute to the traits’ moderate heritability. The pathways from DNA to personality are robust yet complex, with widespread relevance for health, wealth, work and love.",rss_nature,0
"Dose once, treat forever: drugs are being engineered to last much longer",https://www.nature.com/articles/d41586-026-02660-9,Nature,2026-09-09 00:00:00 UTC,2026-09-09 00:00:00+00:00,10.1038/d41586-026-02660-9,Ben Deighton,Medication that persists inside the body for months or years could transform the treatment and prevention of many conditions — especially in low- and middle-income countries.,rss_nature,0
Nasal vaccines could stop pandemics before they begin,https://www.nature.com/articles/d41586-026-02656-5,Nature,2026-09-09 00:00:00 UTC,2026-09-09 00:00:00+00:00,10.1038/d41586-026-02656-5,Anthony King,"Sparking an immune response where microbes enter the body should not only stop a person getting sick, but also prevent them spreading the infection to others.",rss_nature,0
‘Superdark’ protein looks like a G-protein-coupled receptor — but shows unconventional behaviour,https://www.nature.com/articles/d41586-026-02472-x,Nature,2026-09-09 00:00:00 UTC,2026-09-09 00:00:00+00:00,10.1038/d41586-026-02472-x,M. Madan Babu,Mining millions of AI-predicted structures reveals an evolutionarily conserved protein that resembles a receptor family member but functions differently.,rss_nature,0
Oddball fossils suggest that the first insects were a mixed bunch,https://www.nature.com/articles/d41586-026-02710-2,Nature,2026-09-09 00:00:00 UTC,2026-09-09 00:00:00+00:00,10.1038/d41586-026-02710-2,,"As the most diverse class of animals, insects have dominated terrestrial ecosystems for the past 320 million years. However, the origins of this successful group have faded into the abysses of geological time. A collection of fossils reveals the unusual body plans and evolutionary experiments that could have contributed to the success of insects.",rss_nature,0
Drug delivery gets subcellular,https://www.nature.com/articles/d41586-026-02659-2,Nature,2026-09-09 00:00:00 UTC,2026-09-09 00:00:00+00:00,10.1038/d41586-026-02659-2,Katherine Bourzac,Therapies that target mitochondria and other organelles are being put to test in the clinic.,rss_nature,0
Mapping conflicts in carbon removal narratives,https://www.nature.com/articles/s44359-026-00218-6,Nature Reviews Clean Technology,2026-09-09 00:00:00 UTC,2026-09-09 00:00:00+00:00,10.1038/s44359-026-00218-6,Gaurav Ganti,Carbon dioxide removal has been described both as a mitigation necessity and as a risk to mitigation ambition or sustainability in the academic literature. This Comment examines the assumptions underlying carbon dioxide removal narratives and investigates whether they are reconcilable to inform the focus of research and policy.,rss_nature,0
From electromagnetic field-material interactions to intensified chemical manufacturing via microwave catalysis,https://doi.org/10.1039/d5cs01379h,Chemical Society Reviews,2026-09-09 00:00:00 UTC,2026-09-09 00:00:00+00:00,10.1039/d5cs01379h,Dionisios G. Vlachos,"This review evaluates the electromagnetic field–catalyst interactions, reactor designs, and scale-up considerations that guide microwave catalysis for intensified chemical manufacturing.",crossref,0
Hydrogel electrolytes in aqueous batteries: advances and mechanistic perspectives,https://doi.org/10.1039/d6ee04885d,Energy & Environmental Science,2026-09-09 00:00:00 UTC,2026-09-09 00:00:00+00:00,10.1039/d6ee04885d,Guihua Yu,"Aqueous batteries are attracting global research interests for next-generation energy storage owing to their safe operation, low cost, sustainability, and access to abundant materials. However, conventional aqueous electrolytes face critical...",crossref,0
Electrolyte engineering for lithium‑sulphur batteries with high energy density,https://doi.org/10.1039/d6ee04587a,Energy & Environmental Science,2026-09-09 00:00:00 UTC,2026-09-09 00:00:00+00:00,10.1039/d6ee04587a,Jiarui He,"Lithium-sulphur (Li-S) batteries are promising due to their high theoretical energy density, abundant sulphur, and low cost, yet their practical energy density is severely limited by the polysulphide shuttle effect...",crossref,0
Dual-acceptor regulation enables strain-adaptive morphology for efficient intrinsically stretchable all-polymer solar cells,https://doi.org/10.1039/d6ee03500k,Energy & Environmental Science,2026-09-09 00:00:00 UTC,2026-09-09 00:00:00+00:00,10.1039/d6ee03500k,Fei Huang,"Intrinsically stretchable organic solar cells are promising power sources for wearable and deformable electronics, but their development remains limited due to the difficulty of maintaining efficient charge transport during mechanical...",crossref,0
Achieving uniform zinc deposition under practical high areal capacity in zinc-ion batteries,https://doi.org/10.1039/d6ee03662g,Energy & Environmental Science,2026-09-09 00:00:00 UTC,2026-09-09 00:00:00+00:00,10.1039/d6ee03662g,Weishen Yang,Severe Zn dendrite growth at high areal capacities restricts the practical application of aqueous zinc-ion batteries. This challenge originates from both (i) inhomogeneous nucleation at the electrolyte–electrode (EE) interface within...,crossref,0
Bismuth oxyformate@polypyrrole nanowires: synergy of confined reconstruction and enhanced mass transfer for efficient and durable electrochemical CO2 reduction,https://doi.org/10.1039/d6ee03070j,Energy & Environmental Science,2026-09-09 00:00:00 UTC,2026-09-09 00:00:00+00:00,10.1039/d6ee03070j,Hui Pan,"The electrochemical CO2 reduction reaction (eCO2RR) to formate presents a promising route for carbon utilization. Bismuth-based catalysts are highly selective for this conversion, but suffer from limited mass transport and...",crossref,0
Ionomer microenvironment engineering regulates bubble detachment in anion exchange membrane water electrolyzers,https://doi.org/10.1039/d6ee03490j,Energy & Environmental Science,2026-09-09 00:00:00 UTC,2026-09-09 00:00:00+00:00,10.1039/d6ee03490j,Xiaolin Ge,"Efficient gas removal within catalyst layers remains a central limitation for anion exchange membrane water electrolyzers (AEMWEs) operating at industrially relevant current densities. Bubble accumulation disrupts catalyst layer microenvironment, inducing...",crossref,0
Temperature-Driven Phase Reconstruction Engineering Enabled by Crosslinkable Polypropylene Semicrystalline Regulation for Unprecedented Capacitive Energy Storage,https://doi.org/10.1039/d6ee04842k,Energy & Environmental Science,2026-09-09 00:00:00 UTC,2026-09-09 00:00:00+00:00,10.1039/d6ee04842k,Zhicheng Zhang,"Polypropylene (PP), as a canonical semicrystalline dielectric polymer, suffers from intrinsic structural and electrical weaknesses in its amorphous regions, which limit its performance in high-voltage, high-power electronic applications. To overcome...",crossref,0
Development of a Membraneless Flow-Through Electrochemical Cell for Direct Ocean Capture,https://doi.org/10.1021/acsenergylett.6c02243,ACS Energy Letters,2026-09-09 00:00:00 UTC,2026-09-09 00:00:00+00:00,10.1021/acsenergylett.6c02243,Mim Rahimi,"Abstract Marine carbon dioxide removal via direct ocean capture (DOC) is promising, but current electrochemical DOC systems remain limited by membrane costs and fouling, as well as the difficulty of achieving low energy consumption at industrially relevant current densities. Here, a membraneless electrochemical direct ocean capture (MEC-DOC) platform was developed based on Bi-mediated chloride intercalation chemistry for low-voltage pH-swing operation. Bi-coated carbon-cloth electrodes were characterized, and cell performance was evaluated under galvanostatic operation in unbuffered and bicarbonate-buffered electrolytes using galvano-dynamic and continuous modes. The MEC-DOC operated at 90 A/m2, above several reported DOC operating points and approaching the industrially relevant current-density threshold of 100 A/m2. Proton generation followed the electrode stoichiometry at high Faradaic selectivity, whereas only 59% of the generated acid was delivered to the treated stream. On this measured basis, the continuous mode required 494 kJ/molCO2 (3116 kWh/tonneCO2). These results establish MEC-DOC as a promising membrane-free pathway for scalable DOC.",crossref,0
Stabilizing High-Voltage Operation in O3-Type Na-Layered Cathodes by Suppressing Distortion-Driven Fe Migration,https://doi.org/10.1021/acsenergylett.6c02530,ACS Energy Letters,2026-09-09 00:00:00 UTC,2026-09-09 00:00:00+00:00,10.1021/acsenergylett.6c02530,Jongsoon Kim,"Abstract Fe-based O3-type Na-layered oxides such as Na[Ni1/3Fe1/3Mn1/3]O2 are attractive cathodes based on earth-abundant elements, yet their high-voltage operation is limited by voltage decay and capacity fading. Here, we identify a distortion−migration cascade initiated by Fe3+ oxidation to Fe4+. The resulting Jahn−Teller distortion of FeO6 octahedra destabilizes Fe within the transition-metal (TM) framework. This destabilization promotes Fe migration into the Na layer and drives irreversible layered to rocksalt-like reconstruction. A stepwise strategy that reduces the Fe content, reinforces the TM−O framework, and blocks Fe migration into the Na layer interrupts this cascade. The optimized cathode delivers 177.96 mAh g−1 with an initial Coulombic efficiency of 94.1% and retains 73.5% capacity after 100 cycles. Experimental and computational analyses reveal continuous structural evolution and suppressed Fe migration. These results establish suppression of distortion-driven Fe migration as a key design principle for stabilizing high-voltage operation in Fe-based Na-layered cathodes.",crossref,0
"Moisture-Activated, Low-Temperature Regeneratable Hydrogels for Cost-Effective Carbon Dioxide Capture and Water Harvesting",https://doi.org/10.1021/acsenergylett.6c02187,ACS Energy Letters,2026-09-09 00:00:00 UTC,2026-09-09 00:00:00+00:00,10.1021/acsenergylett.6c02187,Youhong Guo,"Abstract Effective emission control requires advanced sorbents that operate efficiently under dilute CO2 concentrations and variable humidities with minimized regeneration energy. However, existing sorbent materials typically incur high operational costs. Here, hydrogel sorbents comprising poly(N-isopropylacrylamide) (PNIPAM) with uniformly distributed triethylenetetramine (TETA) capture sites are developed to enable humidity-enhanced carbon capture and low-temperature regeneration. The hydrogel sorbents exhibit a synergistic moisture-activated capture mechanism, achieving ∼4.1 mmol g–1 CO2 uptake with concurrent water uptake of ∼0.6 g g–1 at 5% CO2 inlet and 70% relative humidity. The gel network enhances oxidative stability and enables regeneration at 50 °C within 30 min, representing a substantial reduction in energy demand. Solar- or Joule-heating-powered regeneration prototype devices are demonstrated to maintain robust stability and durability under continuous operation over 50 cycles. Techno-economic and life-cycle assessments reveal that the hydrogel sorbents offer a promising pathway toward economically viable and environmentally sustainable, decentralized CO2 removal coupled with water recovery.",crossref,0
Decoupling Triplet Population from Intersystem Crossing in TADF Materials,https://doi.org/10.1021/jacs.6c10012,Journal of the American Chemical Society,2026-09-09 00:00:00 UTC,2026-09-09 00:00:00+00:00,10.1021/jacs.6c10012,Hugo Bronstein,"Abstract The characterization of thermally activated delayed fluorescence (TADF) relies on detecting delayed emission following triplet formation. However, triplet population under optical excitation is fundamentally limited by the intrinsic intersystem crossing (ISC) efficiency of the emitter and in direct competition with often desirable singlet radiative decay. Here, we implement a general optical strategy to directly populate the triplet states of TADF chromophores in solution via diffusional triplet energy transfer, circumventing reliance on intrinsic ISC. This approach can enhance delayed-fluorescence detectability by up to 3 orders of magnitude across structurally diverse emitters spanning the blue to near-infrared and disparate emission time scales, converting near-threshold experiments into routine measurements. Through decoupling triplet population from ISC, we reveal previously hidden intrinsic TADF in two state-of-the-art chromophores, leading to a striking conclusion: unimolecular TADF remains highly relevant within multiple high-performing material families where delayed fluorescence─and the resulting high device performance─has previously been attributed solely to intermolecular solid-state effects. Accordingly, through providing an approach to directly interrogate the intrinsic triplet state photophysics of TADF materials, triplet sensitization can enable the identification and understanding of previously inaccessible photophysical behavior and property combinations, providing a foundation for future advances in TADF materials research.",crossref,0
Chirality-Dependent Electrical Characteristics of MoS2 Nanoscroll Transistors,https://doi.org/10.1021/jacs.6c11716,Journal of the American Chemical Society,2026-09-09 00:00:00 UTC,2026-09-09 00:00:00+00:00,10.1021/jacs.6c11716,Qingqing Ji,"Abstract MoS2 nanoscrolls can be intrinsically chiral quasi-1D materials, yet the influence of chirality on their electrical characteristics remains unresolved, since chirality metrology and device measurement have rarely been achieved on the same individual scrolls. In this work, we integrate polarization-resolved second-harmonic generation (SHG) with transistor characterization on MoS2 nanoscroll devices to address this long-standing question. We develop a unified SHG fitting model to extract an effective chiral angle (φ) for each scroll and establish a systematic correlation between transfer characteristics and structural parameters. The on-state current decreases with increasing |φ| and is further influenced by a strain-related parameter, whereas the off-state current correlates more closely with an SHG-derived winding/thickness indicator, consistent with electrostatic screening in multi-turn channels. These findings clarify the role of chirality and related geometric parameters in defining the transport properties of low-dimensional systems and provide useful insights for chirality-based nanoelectronics.",crossref,0
Abstracting Complementarity for the Design of Stereoselective Acid Catalysts,https://doi.org/10.1021/jacs.6c13855,Journal of the American Chemical Society,2026-09-09 00:00:00 UTC,2026-09-09 00:00:00+00:00,10.1021/jacs.6c13855,F. Dean Toste,"Abstract Complementarity is invoked to holistically characterize interactions between a catalyst and its substrate. Although the paradigm maintains utility across many fields of chemistry, it is challenging to proactively deploy, requiring post hoc analyses to demonstrate. Here, we report active site-based buried volume furnishes a quantitative and generalizable representation for complementarity by Brønsted acid organocatalysts. The low-dimensional, geometric abstraction helps construct analytical Gaussian models encoding complementarity. From these footholds, experimental validation realizes new stereoselective solutions across diverse structural motifs and functional modes. Unlike other heuristics for stereoinduction, active site-based buried volume guides the design of stereoselective solutions without requiring detailed attention to the mechanisms of stereoinduction. We anticipate the successful abstraction of high-dimensional, stereoselective interactions by complementarity into a single, low-dimensional descriptor will offer a systematic framework for future catalyst design.",crossref,0
Hydrazine Photorelease from Ru(II) Chugaev-Type Dicarbene Complexes,https://doi.org/10.1021/jacs.6c13259,Journal of the American Chemical Society,2026-09-09 00:00:00 UTC,2026-09-09 00:00:00+00:00,10.1021/jacs.6c13259,Christopher B. Larsen,"Abstract Ruthenium(II) polypyridyl complexes exhibit rich excited state reactivity from both photogenerated 3MLCT and higher energy thermally populated ligand-field (LF) excited states. In order to maximize the utility of the different reactivity of these two states, the energy gap between them must be tuned without sacrificing the favorable optical and photophysical properties of the complex. In probing design strategies aimed at enhancing the photostability of RuII complexes for nondissociative photochemical applications, we herein explore the use of Chugaev-type dicarbene ligands as strong σ-donors. Using a complementary combination of X-ray crystallography, electrochemistry, and optical and X-ray spectroscopies, we demonstrate how Chugaev-type dicarbene ligands destabilize LF states of photoactive RuII complexes without sacrificing the favorable optical and photophysical properties of the complex, and compare with π-accepting methylisocyanide ligands. Despite these design strategies aimed at suppressing dissociative excited-state ligand-field pathways, we further report an unexpected dechelative photoelimination of hydrazine from the RuII Chugaev-type dicarbene complexes that occurs directly from the 3MLCT excited state with quantum yields in the order of ca. 1–5%, and is sensitive to peripheral substitution of chromophoric bipyridine ligands. These findings contribute to growing understanding of molecular design principles for photoactive RuII complexes targeted at either dissociative/nondissociative photochemical applications and introduce a new potential scaffold and photorelease mechanism for photoactivated chemotherapy.",crossref,0
Hybrid Benzimidazole–Imidazole Carbodicarbene Ligands Control Deep-Red Emission from Photostable Borenium Ions,https://doi.org/10.1021/jacs.6c12621,Journal of the American Chemical Society,2026-09-09 00:00:00 UTC,2026-09-09 00:00:00+00:00,10.1021/jacs.6c12621,Robert J. Gilliard,"Abstract Carbodicarbenes (CDCs) are exceptionally strong neutral ligands used in main-group chemistry. Their combined σ- and π-donor abilities stabilize highly electrophilic main-group element centers while allowing the frontier orbitals and photophysical properties of their complexes to be tuned. However, how the structure of CDCs controls the emission of the coordination complexes they support has yet to be established. Herein we report benzimidazole–imidazole hybrid CDC ligands L1–L3. The Rh(I) dicarbonyl complexes of L1 and L2 show lower average carbonyl stretching frequencies ((ν̅CO) = 2001 and 1998 cm–1 in solution) than any carbone-type ligand reported to date, highlighting their exceptional donor strength. Comparison of L1–L3 with a bis-benzimidazole benchmark CDC on the same rigid boraolympicenium framework gives four borenium ions 1–4 that differ only in the CDC ligand, allowing the features of the CDC that dictate the properties to be disentangled. Notably, borenium ions 1, 2, and 3 are deep-red-emissive in fluid solution, retain their absorption and emission profiles under aerobic irradiation, and sensitize singlet oxygen. In contrast, the red-emissive benchmark borenium ion 4 decomposes under the same conditions, underscoring the critical importance of ligand design. Across the four boraolympicenium ions, neither emission energy nor fluorescence efficiency varies monotonically with donor strength. Borenium ion 3 contains the most electron-rich and sterically crowded ligand, emits at higher energy than 1 and 2, and is not the most efficient emitter. X-ray crystallography, conformer searches, and molecular dynamics reveal that 1–4 have substantially different accessible conformations despite nearly identical buried volumes around boron. Excited-state calculations show that emission energy and bandwidth depend on both the conformations sampled and the sensitivity of emission energy to the dihedral angle between the N-heterocyclic carbene wings of the CDC. The accessible conformations also determine the response to solvent polarity and viscosity, and the balance between fluorescence and nonradiative decay in fluid solution, PMMA, molecular host matrices, and the crystalline state. Restricting the range of accessible conformations in the crystalline state restores strong deep-red fluorescence, with quantum yields approaching ΦF = 0.5. These results provide important design considerations for CDC-supported main-group materials and suggest new methods to enhance the photostability and efficiency of donor-stabilized narrow energy gap chromophores.",crossref,0
Ion-Mediated Configuration Regulation and Chiralization in Cu(I) Cluster-Based Metallic Cages,https://doi.org/10.1021/jacs.6c14403,Journal of the American Chemical Society,2026-09-09 00:00:00 UTC,2026-09-09 00:00:00+00:00,10.1021/jacs.6c14403,Shuang-Quan Zang,"Abstract Emulating the well-controlled conformational switching of biomacromolecules within artificial supramolecular assemblies remains a long-recognized challenge, especially exploring the synergy effects of metal clusters within metalloproteins. Herein, three types of copper cluster-based metallacages (helical Cu8-X, trigonal Cu12-Cl, and tetrahedral Cu16-SO4) were synthesized through a ligand isolation and anion-templated strategy, in which anion-dependent ligand arrangements and cluster distortions dictated configuration differences, while precise modulation of environmental anions could trigger structural transformations accompanied by significant luminescence modulation. Notably, Cu16SO4 exhibits a dual inner–outer binding mode: when using the highly negatively charged anion (SO42–) as a template, the four counterions are bound in the grooves near the four faces of the tetrahedron, significantly enhancing structural stability. Furthermore, anchoring chiral cations can effectively transfer chirality to the cage framework, endowing it with circularly polarized luminescence property. This work provides a novel strategy for the construction of cluster-based metallacages, and this integrated system of controllable synthesis, stimulus-responsive transformation, and tunable functionality provides inspiration for exploring the dynamic regulation mechanisms of biomolecules.",crossref,0
Conformational Dynamics for Catalysis beyond the Sabatier Limit,https://doi.org/10.1021/jacs.6c11246,Journal of the American Chemical Society,2026-09-09 00:00:00 UTC,2026-09-09 00:00:00+00:00,10.1021/jacs.6c11246,F. Dean Toste,"Abstract Conformational changes occur throughout biology and are implicated in numerous phenomena, including enzyme catalysis where their role remains controversial. Conformational dynamics have also been observed in small-molecule catalysis, yet a lack of systematic study means that their influence is poorly understood. Here, we highlight how advances in chemical reaction network mathematics, alongside the translation of the Sabatier principle from heterogeneous to homogeneous catalysis, now enable the behavior of conformationally dynamic catalysts to be understood from first principles. We demonstrate that for common classes of reaction mechanisms, catalyst conformational dynamics can, in principle, cause large rate enhancements relative to each of the catalyst’s individual conformations, as well as rate enhancements of orders of magnitude above the Sabatier limit. This quantitative understanding reveals how particular features of a catalyst or reaction mechanism govern catalytic rate, which allows us to propose general design principles that might be exploited by existing or future conformationally dynamic catalysts. The understanding that conformational dynamics can allow a catalyst to overcome otherwise fundamental rate limits should have broad implications across chemistry and biology.",crossref,0
Fulvalene- and [3]Cumulene-Bridged Conjugated Organoboranes: Pentagon Annulation and Olefination Enabled by One-Step Alkyne Cyclization,https://doi.org/10.1021/jacs.6c15105,Journal of the American Chemical Society,2026-09-09 00:00:00 UTC,2026-09-09 00:00:00+00:00,10.1021/jacs.6c15105,Chuandong Dou,"Abstract Fulvalenes and cumulene analogues are hydrocarbons bearing two pentagonal rings linked by one or more consecutive double bonds. Their unique topological structures and physical properties have drawn great research interest. However, the synthesis of such hydrocarbons remains very challenging, owing to their inherent instability and the difficulty in the simultaneous construction of five-membered rings and double bonds. Herein, we disclose an ICl-mediated one-step alkyne-cyclization reaction that achieves concurrent pentagon annulation and olefination. Relying on an unexpected yet critical 5-endo cyclization pathway, we successfully synthesized two types of organoboranes featuring two boron-doped polycyclic π-skeletons tethered by either a fulvalene bridge or a pentagon-capped [3]cumulene motif. In comparison to the all-hexagon helicene generated via 6-exo cyclization, these two molecules exhibit distinct physical properties, such as broad light absorption, low-lying LUMO energy levels, high electron affinity, and short-lifetime excited states. Studies have demonstrated that the fulvalene substructure or [3]cumulene analogue, together with the boron centers, dominates their optoelectronic characteristics. Moreover, the chemical reduction of the fulvalene-bridged organoborane affords a radical anion in which the unpaired electron is fully delocalized over the fulvalene unit. This observation verifies that the fulvalene moiety possesses a superior electron-accepting ability compared with boron atoms. The established synthetic protocol and elucidated structure–property relationships lay a solid foundation for interdisciplinary studies spanning organoboron, fulvalene, and cumulene chemistry.",crossref,0
Direct and Selective 8e–/8H+ Electrochemical Reduction of CO2 to CH4 in an Aqueous Medium by an Iron Porphyrin with Distal Amine Groups in the 2nd Sphere,https://doi.org/10.1021/jacs.6c11724,Journal of the American Chemical Society,2026-09-09 00:00:00 UTC,2026-09-09 00:00:00+00:00,10.1021/jacs.6c11724,Abhishek Dey,"Abstract Reduction and valorization of CO2 to fuels and useful chemicals, using electrical energy, is an emerging area of research that addresses concerns of increasing greenhouse gas emissions as well as allowing storage of renewable electrical energy in the form of chemical fuels. The reduction of CO2 can produce several C1 compounds like CO, HCOOH, HCHO, CH3OH, and CH4. While there are several elegant molecular systems that can reduce CO2 by 2e–/2H+ to HCOOH and CO, there is a dearth of molecular catalysts that can accomplish the 8e–/8H+ reduction of CO2 to CH4 selectively. The problem lies in dissociation of partially reduced carbon species (e.g., CO, HCOOH) before the reduction can be achieved. Here, we use an iron porphyrin with four tertiary amine groups in the 2nd sphere, which can stabilize partially reduced species by hydrogen bonding as well as act as proton relays. This iron porphyrin can catalyze the reduction of CO2 to CH4 with >80% selectivity in aqueous bicarbonate solutions at room temperature. In situ surface-enhanced resonance Raman spectroscopy coupled to rotating-disk electrochemistry (SERRS-RDE) on modified graphite electrodes reveals that the reduction proceeds via the initial formation of a 2e–/2H+ reduced Fe-CO intermediate, which, unlike regular porphyrins, does not dissociate during reduction due to hydrogen-bonding stabilization, evidenced by the in-operando spectroscopic data, from the 2nd sphere amine residues. This catalyst can reduce CO2 by 8e–/8H+ to CH4 unabated in the presence of 30% O2.",crossref,0
Development of a Tunable Photoreactor for High-Throughput Experimentation,https://doi.org/10.1021/jacs.6c07607,Journal of the American Chemical Society,2026-09-09 00:00:00 UTC,2026-09-09 00:00:00+00:00,10.1021/jacs.6c07607,Laura K. G. Ackerman-Biegasiewicz,"Abstract Photochemistry has revolutionized modern chemical synthesis, offering new modes of bond activation and construction under mild conditions. Yet, the systematic study of light as a tunable reaction variable remains underdeveloped, as commercial high-throughput experimentation (HTE) platforms lack the flexibility to independently tune light parameters. These constraints hinder the discovery, optimization, and understanding of light-dependent reactivity, which is critical for identifying novel photocatalysts and transformations. To meet this need in photochemistry, we disclose the development of a tunable 24-well photoreactor that enables independent control of wavelength, light intensity, and irradiation time per well to efficiently screen light-driven reactions. Herein we showcase benchmarking studies with Fe, Ce, and Cu visible light-induced homolysis (VLIH) chemistry, demonstrating that the photoreactor can facilitate excellent reproducibility across wells, attain comparable yields to commercial Kessil lamps or CFLs, and enable parallel time course studies at different wavelengths and intensities. To showcase the significance of exploring light parameters in HTE, the tunable platform was leveraged to identify multivariable correlations when selecting ideal catalyst conditions. The decarboxylative coupling between gemfibrozil and benzyl acrylate to access a quaternary center was examined with FeCl3 and various ligands under UV (λmax = 395 nm), blue (λmax = 454 nm), and broad-spectrum white light. This study revealed wavelength- and catalyst-dependent reactivity patterns, whereby the use of different ligands required varied wavelengths for optimal yields, underscoring the importance of using multidimensional light screening for reaction discovery.",crossref,0
Elucidating Sodium-Ion Storage Mechanisms in Bowl-Shaped Hierarchical Porous Carbon Anodes: A Combined Solid-State NMR and EPR Approach,https://doi.org/10.1021/jacs.6c08138,Journal of the American Chemical Society,2026-09-09 00:00:00 UTC,2026-09-09 00:00:00+00:00,10.1021/jacs.6c08138,Daphna Shimon,"Abstract Understanding sodium-ion storage in carbon anodes is essential for fabricating efficient batteries via the design of carbon architectures with optimized pores, defects, and surface area. Previous mechanistic studies have mainly focused on hard carbon anodes with poorly defined structures, leaving the structural correlation with sodium storage unexplored. This work presents an investigation of the Na+ ion storage mechanisms in bowl-shaped hierarchical porous carbon anodes using a combination of nuclear magnetic and electron paramagnetic resonance spectroscopies. The material exhibits hierarchical porosity, a surface area of 917.5 m2/g, and delivers a reversible capacity of 250 mAh/g at 0.1 A/g in 1 M aqueous NaClO4. Solid-state magic-angle spinning nuclear magnetic resonance is used to identify four distinct Na+ ion environments in the carbon anode material. In addition, temperature-dependent continuous-wave electron paramagnetic resonance spectroscopy enables the differentiation between weakly adsorbed Na+ ions and more strongly interacting Na+ ions by analyzing line widths and g values as the cell voltage is varied. Our results reveal the correlation of the sodium storage processes: adsorption, insertion, and intercalation, to the potential of the electrochemical cell. This work establishes a clear relationship between hierarchical carbon architecture and Na+ storage pathways as a function of potentials. Providing mechanistic insight will help design advanced carbonaceous anodes for efficient sodium batteries.",crossref,0
4f/5d Electron-Governed Plasmonics in Monodisperse Rare-Earth Hexaboride Nanocrystals for Low-Energy Near-Infrared Photocatalysis,https://doi.org/10.1021/jacs.6c09470,Journal of the American Chemical Society,2026-09-09 00:00:00 UTC,2026-09-09 00:00:00+00:00,10.1021/jacs.6c09470,Chun-Hua Yan,"Abstract Rare earth hexaborides (REB6) have attracted considerable attention owing to their unique structure. However, the ultrarigid boron cage covalent network within this structure poses immense challenges to the controlled synthesis of their nanocrystals, severely hindering the exploration of their electronic properties and promising application directions. Here we successfully synthesize monodisperse LaB6 nanocrystals with tunable sizes down to sub-20 nm, during which the formation of reactive intermediates and a solution chemistry-like reaction pathway facilitate the formation of monodisperse, small-sized nanocrystals. This strategy is subsequently extended to other rare earth elements, resulting in the establishment of a material library containing 13 types of REB6 nanocrystals. Based on the library, REB6 nanocrystals demonstrate localized surface plasmon resonance (LSPR) properties in the near-infrared region, strongly related to 4f/5d electronic configurations of rare earth elements. Furthermore, they prove to be potentially low-energy photocatalysts under near-infrared light. This study fills a critical gap in systematic research on REB6 nanocrystals, highlighting their promise as a novel class of low-energy near-infrared photocatalysts.",crossref,0
Self-Assembling Hole-Transport Molecules Enable Photomultiplication-Type Organic Photodetectors with High Detectivity and Enhanced Environmental Stability,https://doi.org/10.1021/acsami.6c15173,ACS Applied Materials & Interfaces,2026-09-09 00:00:00 UTC,2026-09-09 00:00:00+00:00,10.1021/acsami.6c15173,Liang Shen,"Abstract Photomultiplication-type organic photodetectors (PM-OPDs) have attracted significant attention for their high gain and simplified device architecture. However, their practical application is severely constrained by the high dark current density inherent to charge injection-type multiplication mechanisms, which compromises specific detectivity (D*), as well as the poor environmental stability associated with conventional acidic and hygroscopic interlayers. Herein, we demonstrate that replacing the conventional PEDOT:PSS hole-transport layer with a self-assembled monolayer of 1F-2PACz not only dramatically suppresses dark current but also significantly enhances device robustness. In PM-OPDs with a P3HT:PC71BM (100:1, w/w) active layer, the 1F-2PACz-modified devices effectively suppress electron back-injection owing to the high work function and electron-blocking lowest unoccupied molecular orbital level of 1F-2PACz, exhibiting a dark current one order of magnitude lower than PEDOT:PSS-based counterparts, resulting in a high specific detectivity exceeding 1013 Jones. Mechanistic investigations reveal that 1F-2PACz facilitates faster hole extraction and mitigates interfacial trap-mediated recombination. Crucially, the hydrophobic nature of the fluorinated carbazole moiety endows the devices with superior water resistance and long-term stability; the device maintains stable performance after direct water immersion for 30 min and continuous storage for 60 days. This work demonstrates that self-assembling hole-transport molecules provide a robust strategy for simultaneously achieving high gain, low noise, and excellent stability in PM-OPDs.",crossref,0
Contrasting Piezoelectric Mechanisms of Transition Metal Dopants in Complex Lead-Based Perovskite: The Decisive Role of Ionic Site Selectivity,https://doi.org/10.1021/acsami.6c12800,ACS Applied Materials & Interfaces,2026-09-09 00:00:00 UTC,2026-09-09 00:00:00+00:00,10.1021/acsami.6c12800,Jiagang Wu,"Abstract Over the past years, defect engineering strategies, particularly heterovalent doping, have served as a key approach for tailoring the electromechanical properties of ferroelectrics. However, some microscopic mechanisms, such as the discrepant piezoelectricity regulation behavior induced by transition metal dopants in complex lead-based perovskite systems, remain poorly understood. In this study, we systematically investigated the respective effects of Mn and Fe on the piezoelectric performance of PNN-PZT-PMW ceramics. Our results reveal that Fe doping does not enhance the mechanical quality factor (Qm) and only slightly reduces the piezoelectric constant (d33). In contrast, Mn doping significantly improves Qm but markedly decreases d33. By combining ferroelectric scaling behavior analysis with hierarchical structural characterization, we attribute the negligible variation in electrical performance upon Fe doping primarily to the promotion of long-range ferroelectric order and the competitive interaction between two distinct types of defect dipoles FeNb″–VO•• and FeNi•–VPb″. Conversely, Mn doping induces a pronounced hardening effect due to the formation of defect dipoles such as MnZr/Ti″–VO•• or MnNb″–VO••. These dipoles effectively pin domain-wall motion, leading to a stronger dielectric relaxation effect and necessitating a substantially higher electric field to activate the intrinsic piezoelectric response. This study elucidates the decisive role of ionic site selectivity in governing defect dipole formation and polarization dynamics, providing an important theoretical framework for the precise design of high-performance piezoelectric materials through defect engineering.",crossref,0
Single-Walled Carbon Nanotubes as Near-Infrared Fluorescent Multiplexed Optical Reporters for Trigger-Induced π-Conjugated Peptide Self-Assembly,https://doi.org/10.1021/acsami.6c14027,ACS Applied Materials & Interfaces,2026-09-09 00:00:00 UTC,2026-09-09 00:00:00+00:00,10.1021/acsami.6c14027,Gili Bisker,"Abstract Supramolecular peptide assemblies provide versatile, functional material platforms with structures and properties that can be regulated by molecular design and external stimuli. Monitoring their structural evolution is therefore important for tracking trigger-induced reorganization, and thus property changes, during the assembly process. Here, we introduce near-infrared (NIR) fluorescent single-walled carbon nanotube (SWCNT) optical reporters as probes of trigger-induced peptide self-assembly in aqueous environments. We employ the π-conjugated peptide DVV4T, a quaterthiophene (4T)-Asp–Val–Val unit, as a model system that undergoes electrostatically regulated supramolecular reorganization while simultaneously acting as a noncovalent dispersant for SWCNTs. Exposure to distinct chemical triggers induces self-assembly of DVV4T, which incorporates the peptide-SWCNT hybrids into the resulting supramolecular structures. Electron microscopy reveals trigger-specific morphologies, ranging from bundled filaments to extended, interconnected networks of peptide-SWCNTs. These self-assembly transformations produce trigger-specific, chirality-resolved, time-dependent modulations in the SWCNT NIR fluorescence, enabling optical readouts of supramolecular restructuring within the NIR biologically transparent spectral window. Together, these results establish SWCNTs as information-rich optical transducers of stimulus-responsive peptide self-assembly and highlight their potential for tracking dynamic supramolecular reorganization in adaptive functional nanomaterials.",crossref,0
"Monolithic Integration of Sensing, Memory, and Processing in ScAlN Ferroelectric Optoelectronic Transistors for Multimodal Fusion",https://doi.org/10.1021/acsami.6c12438,ACS Applied Materials & Interfaces,2026-09-09 00:00:00 UTC,2026-09-09 00:00:00+00:00,10.1021/acsami.6c12438,Shishang Guo,"Abstract The biological nervous system achieves highly efficient cognitive functions through the seamless integration of sensing, memory, and computation. However, conventional artificial neuromorphic systems suffer from separated functional modules, resulting in considerable data transmission overhead and limited capability for multimodal information processing. Here, we demonstrate a monolithic integration platform based on ScAlN ferroelectric transistors, which implement sensing, memory, and processing functions, respectively. Leveraging ferroelectric polarization as a programmable internal field, the device can be reconfigured between an optoelectronic logic gate (OELG) mode for multimodal sensing and signal encoding and a ferroelectric field-effect transistor (FeFET) mode for non-volatile synaptic storage and computation. The FeFET exhibits stable analogue conductance modulation with an on/off ratio exceeding 104, endurance over 104 cycles, and retention beyond 104 s, enabling synaptic weight updating for neuromorphic computing. By integrating these functions, we further demonstrate audio–visual fusion for multimodal recognition, achieving enhanced perception performance with an accuracy exceeding 99%. This work establishes a reconfigurable ferroelectric optoelectronic platform and provides a hardware foundation for energy-efficient multimodal neuromorphic systems requiring integrated perception and computation.",crossref,0
Precursor Reactivity-Controlled Synthesis of ZnSeTeS/ZnSe/ZnS Alloy Quantum Dots with High-Color-Purity and Photolithographic Patterning,https://doi.org/10.1021/acsami.6c15533,ACS Applied Materials & Interfaces,2026-09-09 00:00:00 UTC,2026-09-09 00:00:00+00:00,10.1021/acsami.6c15533,Yongyin Kang,"Abstract Environmentally friendly ZnSeTe QDs are attractive candidates for next-generation display and lighting due to their excellent luminescence and composition tunability. However, the substantial reactivity disparity between Se and Te precursors often leads to inhomogeneous Te distribution within ZnSeTe QDs, limiting the color purity and luminescence stability. To overcome these challenges, we developed ZnSeTeS/ZnSe/ZnS gradient alloy QDs to alleviate lattice mismatch and reduce defects, improving the stability and color purity of QDs. The optimized green-emitting QDs exhibit a narrow size distribution (∼5.6 nm), a full width at half maximum (FWHM) of 33 nm, and a photoluminescence (PL) peak at 532 nm, closely approaching the green primary defined by the BT.2020 standard. By adjusting the Te and S incorporation ratios, the PL peaks of the QDs are widely tuned from 420 to 670 nm. Furthermore, through the combination of thiol-ligand exchange and UV lithography, high-precision patterning of the ZnSeTeS/ZnSe/ZnS QDs was achieved with a single pixel size of 20 µm × 20 µm × 2.5 µm, demonstrating broad application prospects in next-generation microdisplay applications such as AR/VR.",crossref,0
Active Hydrogen Dynamic Balance Strategy Improves Electrocatalytic Acetylene Semi-hydrogenation over Cu Nanoparticles/N-MXene,https://doi.org/10.1021/acsami.6c12429,ACS Applied Materials & Interfaces,2026-09-09 00:00:00 UTC,2026-09-09 00:00:00+00:00,10.1021/acsami.6c12429,Xuan Jian,"Abstract Electrocatalytic acetylene semi-hydrogenation (EASH) is a green and sustainable route for converting acetylene to ethylene using water and renewable electricity under ambient conditions. In this work, Cu nanoparticles-anchored nitrogen-doped MXene catalyst (Cu NPs/N-MXene) was designed to construct electron-rich Cu active centers through interfacial electronic modulation of Cu sites by the two-dimensional conductive N-MXene framework. Benefiting from this electron-enriched Cu NPs/N-MXene interface, the catalyst effectively overcomes the conventional challenges of active hydrogen (*H) supply-demand imbalance and competitive HER during the EASH process at high current densities. In a gas-diffusion electrode flow cell, it maintains high activity in the range of 0.1–0.6 A cm–2, achieving a Faradaic efficiency for ethylene as high as 92.7% and an ethylene selectivity exceeding 98% at a high current density of 0.6 A cm–2. Additional DFT calculations reveal that the N-MXene-regulated interface lowers the barriers for water dissociation and the first acetylene hydrogenation step from 0.541 to 0.414 eV and from 0.51 to 0.16 eV, respectively, while increasing the barrier for ethylene over-hydrogenation from 0.34 to 0.52 eV. These concerted changes support more effective kinetic coupling between *H generation and its selective consumption through acetylene semi-hydrogenation. Consequently, a kinetic balance of rapid generation-efficient transfer-precise consumption of *H plays a critical role in enhancing EASH performance. This study provides an interfacial electronic structure regulation strategy for the electrocatalytic conversion of acetylene to ethylene at high current densities.",crossref,0
N -Shaped vs Λ-Shaped Bridging Symmetric Molecules: Geometric Compatibility Drives Performance Improvement in Perovskite Solar Cells,https://doi.org/10.1021/acsami.6c13197,ACS Applied Materials & Interfaces,2026-09-09 00:00:00 UTC,2026-09-09 00:00:00+00:00,10.1021/acsami.6c13197,Lili Yang,"Abstract Intrinsic defects limit the further improvement of photovoltaic performance and stability of perovskite solar cells (PSCs). Bridging symmetric molecules have been proved to be a kind of promising additive for passivating defects within perovskites. However, there is currently a lack of systematic understanding of how the geometric configuration of bridging symmetric molecules affects the modulation effect of photovoltaic performance of PSCs. Herein, the S─S bridging symmetric molecules with nitro groups were selected as additives, i.e., bis-(2-nitrophenyl)-disulfid (B2) and bis(4-nitrophenyl) disulfide (B4), which exhibit tilted N-shaped (N) and inverted V-shaped (Λ) configurations, respectively. Compared with N-shaped B2 molecules with S─S bridging groups hidden inside the molecular structure, Λ-shaped B4 molecules with exposed S─S bridging groups exhibit excellent defect passivation performance in perovskite films. Both experimental and theoretical results indicate that the exposed S─S bond in B4 molecule acts as a third anchoring point, optimizing the matching degree between the spacing distance of passivating group within molecules and the distance between adjacent lead ions in the perovskite lattice. Such improved geometric compatibility not only helps to improve the crystal quality but also releases the residual stress of perovskite film. Moreover, B4 modification also optimizes the band alignment so that it accelerates the charge transfer process of PSCs. As a result, the B4-based PSCs achieve a maximum power conversion efficiency of 25.43% with improved stability. This study not only lays the experimental and theoretical foundation for the rational design of bridging symmetric molecular additives, but also promotes the application of such molecules in improving the performance of various perovskite-based optoelectronic devices.",crossref,0
Chloride-Resistant CoO@Mo(OH) x Layered Heterostructure for Efficient Seawater Oxygen Evolution,https://doi.org/10.1021/acsami.6c10701,ACS Applied Materials & Interfaces,2026-09-09 00:00:00 UTC,2026-09-09 00:00:00+00:00,10.1021/acsami.6c10701,Junfang Cheng,"Abstract Seawater electrolysis for large-scale hydrogen production is severely hindered by chloride ion (Cl–) poisoning and the competing chlorine evolution reaction (CER) against the oxygen evolution reaction (OER). In this work, a layered CoO@Mo(OH)x heterostructure with a crystalline CoO inner layer and an amorphous Mo(OH)x outer layer forming a close interface, with possible oxygen-mediated Mo–O–Co interactions, was constructed. Systematic evaluation reveals distinct activity trends in alkaline vs simulated seawater electrolytes. The reference MoCoOx catalyst degrades severely in seawater due to MoO-mediated Cl– adsorption promoting CER at adjacent CoO sites. In contrast, the layered CoO@Mo(OH)x structure exhibits excellent chloride tolerance and OER performance, achieving 312 mV at 50 mA cm−2 and outstanding stability (98.1% retention after 170 h at 10 mA cm−2). Using experiments, in situ Raman, and DFT, we reveal that the outer Mo(OH)x layer captures chloride (Mo binding: –3.71 eV vs –3.32 eV on Co), protecting inner CoO sites and enabling durable OER.",crossref,0
Hybrid Emulsions for the Efficient Formation of Giant Unilamellar Vesicles,https://doi.org/10.1021/acsami.6c07553,ACS Applied Materials & Interfaces,2026-09-09 00:00:00 UTC,2026-09-09 00:00:00+00:00,10.1021/acsami.6c07553,Xavier Casadevall i Solvas,"Abstract Droplet-templated production of giant unilamellar vesicles (GUVs) (mediated by either nanoparticles or surfactants) offers an emergent platform for the bottom-up assembly of synthetic cells. Currently, these techniques suffer from inherent efficacy and scalability challenges, which hinder the possibility to generate biologically relevant vesicles (i.e., supporting transmembrane proteins) for therapeutic applications. Here, we report on a novel methodology that harnesses synergistic effects of hybrid emulsions (i.e., combining fluorosurfactants with fluorinated silica nanoparticles, FSiNPs) to modulate the interfacial stability of the generated emulsions, allowing for a more nuanced and efficient production of GUVs via the droplet-templated technique. Droplets formed with FSiNPs in combination with three structurally different copolymeric fluorosurfactants (a monoblock, a diblock, and a triblock) display a diversity of effects, some of which synergize with the processes of GUV formation and release. The monoblock Krytox-FSH surfactant (consisting of a carboxylic hydrophilic group linked to a perfluoropolyether moiety, PFPE) appears to adsorb on the surface of FSiNPs, enhancing emulsion stability and hindering GUV release. The previously reported diblock surfactant FSL-PEGMMA360 competitively excludes FSiNPs from the interface, preventing GUV formation altogether. Intriguingly, the triblock surfactant RAN-008 (PEG600-PFPE2) displays a synergistic effect with FSiNPs, which permits GUV assembly while facilitating GUV release. Mechanistic studies using calcein release from GUV-precursor liposomes and fluorescence lifetime imaging microscopy–Förster resonance energy transfer (FLIM-FRET) suggest that this effect may arise from a moderate steric hindrance role of RAN-008 against FSiNPs, which weakens the affinity of the newly formed GUVs for the FSiNPs stabilized at the droplet interface. We further demonstrate that this method is more suitable for preparing GUVs incorporating transmembrane proteins than previously reported droplet-templated techniques. Our results indicate that subtle changes in the interfacial structure of complex amphiphilic systems can drastically impact emulsion stability and their interactions with the proteolipidic components of the dispersed phase, potentially providing optimal conditions for droplet-templated GUV formation.",crossref,0
Bioorthogonal Polymer Nanozymes for Effective Treatment of Bacterial Wound Biofilm Infections,https://doi.org/10.1021/acsami.6c12077,ACS Applied Materials & Interfaces,2026-09-09 00:00:00 UTC,2026-09-09 00:00:00+00:00,10.1021/acsami.6c12077,Vincent M. Rotello,"Abstract Multidrug-resistant (MDR) bacterial infections are a rapidly emerging healthcare crisis. The challenge of MDR bacteria is further exacerbated through biofilm formation that limits effective drug penetration and hinders the ability of the host immune system to clear the infection. Cationic polymer nanoparticles carrying bioorthogonal transition-metal catalysts (polyzymes) can penetrate bacterial biofilms and locally catalyze the uncaging of antimicrobial drug derivatives, acting as an in situ bioorthogonal “drug factory”. Polyzymes were designed and fabricated using an amphiphilic polymer nanoscaffold and iron(III) tetraphenyl porphyrin as the catalyst. The polyzyme bioorthogonally uncaged an azide-protected prodrug of the antimicrobial drug moxifloxacin. The efficacy of this approach was tested in vitro against an in vitro Escherichia coli (E. coli) biofilm, resulting in a ∼3.5-log10 colony-forming units (CFU/mL) reduction of bacterial load (99.99%). The polyzyme was subsequently incorporated into a thermoresponsive Poloxamer 407 hydrogel to create a wound dressing, and the localized activation of pro-moxifloxacin was tested in an in vivo E. coli wound biofilm model. The polyzyme-mediated localized activation of the prodrug was highly effective, resulting in significantly more bacterial killing compared to the free drug moxifloxacin. These results demonstrate the therapeutic potential of bioorthogonal polyzymes for treating wound biofilm infections, with enhanced local activity and improved treatment outcomes compared to standard clinical treatment methods.",crossref,0
Stabilized and Conductive MXene Films via Dual Biopolymer Modification for Long‑Term Electromagnetic Interference Shielding and Infrared Camouflage,https://doi.org/10.1021/acsami.6c10745,ACS Applied Materials & Interfaces,2026-09-09 00:00:00 UTC,2026-09-09 00:00:00+00:00,10.1021/acsami.6c10745,Xuyang Zhang,"Abstract MXene demonstrates considerable potential in the domains of electromagnetic interference (EMI) shielding and infrared camouflage due to its inherently high electrical conductivity. However, its vulnerability to structural and functional degradation under humid–thermal conditions severely limits its practical application. Herein, a synergistic dual-strategy design is proposed for the fabrication of a stable MXene-based film with enhanced oxidation resistance. Through dual modification with sodium lignosulfonate (LS) and tannic acid (TA), the antioxidative capability and mechanical strength of MXene are cooperatively enhanced. Moreover, by constructing conductive pathways between MXene layers via Al3+ ionic intercalation, the conductivity compromised by polymer addition is effectively restored, a mechanism that is further substantiated by DFT calculations. It is evident that the rational design of the MXene/LS/PTA-Al3+ film exhibits remarkable oxidation stability. Following a 30 day aging process in a humid–thermal environment, the film retains 92.18% of its original EMI shielding effectiveness, while the infrared emissivity undergoes only a marginal increase from 0.15 to 0.22, demonstrating excellent structural and functional durability. Consequently, the highly stable MXene/LS/PTA-Al3+ film has significant potential as a durable electromagnetic-infrared compatible stealth material.",crossref,0
Oxidant-Free Atomic Layer Deposition of SnO2 Using Complementary Metal Precursors,https://doi.org/10.1021/acsami.6c07074,ACS Applied Materials & Interfaces,2026-09-09 00:00:00 UTC,2026-09-09 00:00:00+00:00,10.1021/acsami.6c07074,Kornelius Nielsch,"Abstract We report a novel atomic layer deposition (ALD) process for SnO2 that does not require water or other strong oxidizing agents, such as H2O, O2 plasma, O3, or H2O2. The development of alternative oxidant-free ALD processes is highly attractive because it enables a gentler and more controllable chemical environment, which is crucial for next-generation nanoscale devices and complex material stacks. In this approach, Sn-based complementary metal precursors are employed: Sn(OtBu)4 serves as both the tin and oxygen precursor, while SnCl4 acts as an additional tin source. For this precursor combination, an optimal ALD temperature window of 70–90 °C was established, within which amorphous SnO2 films are deposited. Post-deposition annealing is subsequently required to develop the desired crystallinity and to adjust the oxygen-vacancy concentration and impurity levels, which ultimately determine the electrical and optical properties of the resulting SnO2 films and their potential for various applications. To gain mechanistic insight into this oxidant-free SnO2 growth process, we employ density functional theory (DFT) calculations to investigate the surface reactions during sequential exposure of Sn(OtBu)4 and SnCl4 on a SiO2 substrate. The results reveal key atomic-level processes, including ligand-exchange pathways, oxygen transfer, and surface regeneration, which govern film growth. This combined experimental and theoretical approach provides fundamental understanding of the SnO2 ALD mechanism and offers guidance for post-deposition optimization of the material.",crossref,0
Additive Nanomanufacturing of Multimaterial 3D Core-Shell Functional Microarchitectures,https://doi.org/10.1021/acsami.6c15063,ACS Applied Materials & Interfaces,2026-09-09 00:00:00 UTC,2026-09-09 00:00:00+00:00,10.1021/acsami.6c15063,Wei Xiong,"Abstract The development of micro/nanoscale functional systems has created a growing demand for compact electrochemical components. Three dimensional core-shell electrochemical microarchitectures are especially promising because they combine efficient footprint utilization, rapid electron transport, and large active surface areas. Their realization, however, requires high spatial precision, programmable 3D geometries, and site-selective integration of multiple functional materials. Two-photon polymerization (TPP) offers the required resolution and geometric freedom, but converting TPP-defined polymer architectures into high-fidelity, high-conductivity 3D structures and achieving heterogeneous multimaterial integration remain challenging. Here, we present an additive nanomanufacturing with conformal electrodeposition (ANCE) strategy for the high-fidelity site-selective heterogeneous integration of multiple functional materials into complex 3D core-shell microarchitectures. TPP-printed polymer structures are first converted into high-fidelity 3D Au frameworks, which subsequently serve as conductive scaffolds for the site-selective electrodeposition of diverse functional materials, including metals, alloys, and metal oxides, circumventing repeated resin exchange or nanoscale realignment issues. As a proof of concept, MnOx and Zn are sequentially electrodeposited onto the spatially separated 3D Au frameworks, forming an on-chip 3D zinc-ion microbattery prototype. The assembled device exhibits reversible electrochemical operation and powers a microscale UV photosensor fabricated via femtosecond laser direct writing. This strategy provides a promising route from TPP-defined geometries to miniaturized core-shell multimaterial electrochemical devices.",crossref,0
Poly(ionic liquid)-Grafted MOF Gels: A Co-catalyst-free Platform for High-Efficiency CO2 Cycloaddition,https://doi.org/10.1021/acsami.6c13731,ACS Applied Materials & Interfaces,2026-09-09 00:00:00 UTC,2026-09-09 00:00:00+00:00,10.1021/acsami.6c13731,Shaokun Tang,"Abstract Poly(ionic liquid)-grafted UiO-66-NH2 gels are developed as a high-performance and co-catalyst-free platform for efficient CO2 capture and chemical fixation under mild conditions. To address the mass transfer limitations and high energy barriers typical of purely microporous powder materials, a series of hierarchically porous metal–organic framework (MOF)-poly(ionic liquid) hybrid gels (HP-MOF-PILs) were engineered within a structurally adaptive UiO-66-NH2 gel matrix by integrating covalent anchoring with subsequent radical polymerization. Structural characterization reveals that the hybrid catalyst maintains the structural integrity of the MOF gel framework while successfully preserving the well-defined, highly interconnected mesoporous network inherent to the gel skeleton. Although the intensive grafting of PIL segments leads to a reduction in intrinsic microporosity, the gel-derived open mesopores significantly alleviate mass transfer resistance, preventing the active-site burial and heavy aggregation common in bulk polymers or packed powders, thereby ensuring high accessibility to the catalytic centers. The hybrid catalyst achieves over 99% cyclochloroallyl carbonate yield under 0.1 MPa CO2 without any co-catalyst. The high catalytic efficiency stems from a multi-site cooperative effect, wherein coordinatively unsaturated Zr4+ Lewis acid centers assisted by structural Zr−OH groups on the MOF nodes electrophilically activate epoxide C−O bonds, while grafted PIL segments supply hydrogen-bonding donors and nucleophilic Br− anions for rapid ring-opening. Furthermore, owing to the macrostructural stability and resilient coordination network of the gel matrix, the catalyst exhibits excellent durability over six consecutive cycles. This work provides a promising strategy for designing integrated gel-based composite catalysts with self-supporting pore architectures for sustainable carbon utilization.",crossref,0
Phase-Controlled Crystal Growth of Cs3Cu2I5 Scintillators via the Solution Method for γ-ray Detection,https://doi.org/10.1021/acsami.6c09525,ACS Applied Materials & Interfaces,2026-09-09 00:00:00 UTC,2026-09-09 00:00:00+00:00,10.1021/acsami.6c09525,Yadong Xu,"Abstract The zero-dimensional (0D) copper halide perovskite Cs3Cu2I5 exhibits outstanding luminescence and scintillation properties, making it a highly promising scintillator for γ-ray detection. Solution growth is a favorable and inexpensive method for growing Cs3Cu2I5 single crystals; however, scalable growth of Cs3Cu2I5 crystals with low defect density suffers from the unavoidable formation of secondary phase CsCu2I3. In this work, centimeter-size, high quality Cs3Cu2I5 single crystals are synthesized via a constant-temperature solvent evaporation crystallization (CT-SEC) method, in which the formation of CsCu2I3 can be eliminated by precursor engineering. The phase evolution behavior is elucidated as the decrease in the I−/Cu+ concentration ratio during the growth of the Cs3Cu2I5 crystal. Through synergistic regulation of precursor antioxidative treatment and raw material stoichiometry, the long-term phase-stable growth of Cs3Cu2I5 single crystals is achieved. The obtained Cs3Cu2I5 crystals exhibit excellent energy resolutions of 5.38% for 137Cs and 13.30% for 241Am γ-ray irradiation.",crossref,0
"S-Vacancy Rich Ni-Doped CoS Embedded in S,N Co-doped Carbon as a Bifunctional Catalyst for Zinc–Air Battery",https://doi.org/10.1021/acsami.6c13448,ACS Applied Materials & Interfaces,2026-09-09 00:00:00 UTC,2026-09-09 00:00:00+00:00,10.1021/acsami.6c13448,Ping Xu,"Abstract Simultaneously optimizing activities of oxygen reduction reaction (ORR) and oxygen evolution reaction (OER) remains challenging in the design of bifunctional electrocatalysts due to their distinct reaction pathways. Herein, a simultaneous sulfidation-carbonization strategy using CoNi-ZIF to construct S-vacancy-rich Ni-doped CoS embedded in an S,N co-doped carbon matrix (Ni-CoS-VS@SNCI) as a self-supported bifunctional electrocatalyst for rechargeable zinc–air batteries (ZABs). The N-configured network facilitates the ORR intermediates' adsorption and promotes a highly selective four-electron ORR pathway. For OER, S vacancies tailor the electronic structure and accelerate electrochemical reconstruction. Combined in situ characterization and density functional theory (DFT) calculations reveal that S-vacancy-induced reconstruction leads to the formation of low-crystalline Co(Ni)OOH with abundant O vacancies, potentially involving the lattice oxygen mechanism (LOM). As a result, Ni-CoS-VS@SNCI delivers a half-wave potential of 0.863 V for ORR and a low overpotential of 289 mV at 20 mA cm–2 for OER. In ZABs, it achieves a high specific capacity of 816 mA h gZn–1 and excellent long-term stability, outperforming commercial Pt/C + RuO2 catalysts. This work provides a viable route for synchronizing dual-site optimization in oxygen electrocatalysis.",crossref,0
Computer-Assisted Workflow for DNA Origami-Engineered Triangular Nanopores,https://doi.org/10.1021/acsami.6c10897,ACS Applied Materials & Interfaces,2026-09-09 00:00:00 UTC,2026-09-09 00:00:00+00:00,10.1021/acsami.6c10897,Xiaoming Liu,"Abstract Synthetic nanopores engineered by DNA origami provide a highly biocompatible and structurally programmable platform for elucidating the transmembrane mechanisms of functional macromolecules. However, engineering large DNA nanopores exceeding 30 nm in width remains a significant challenge. Here, we introduce a computer-assisted workflow to significantly reduce the design time and characterization costs of 45 nm-wide triangular DNA nanopores compared to empirical approaches. By leveraging extensive computational simulations, the feasibility of the triangular nanopore design was first validated. Computer-assisted image processing and data analysis confirmed that the majority of nanopore monomers maintained consistent triangular configurations and were capable of single-molecule translocation of trypsin. Long-term fluorescence tracking revealed exponential uptake of dextran into the vesicle interior, suggesting that the triangular DNA nanopore holds promise as a gatekeeper of macromolecular transmembrane transport. We envision that this computer-assisted approach could enhance design efficiency and data-processing accuracy, establishing a robust foundation for the intelligent development of DNA nanopores.",crossref,0
Fe-Rich Biomass-Derived Hierarchically Porous Capacitive Electrodes as Electron Repeaters to Boost Power Generation in Microbial Electrochemical Systems,https://doi.org/10.1021/acsami.6c06724,ACS Applied Materials & Interfaces,2026-09-09 00:00:00 UTC,2026-09-09 00:00:00+00:00,10.1021/acsami.6c06724,Yujie Feng,"Abstract Microbial electrochemical systems (MESs) present a promising approach for simultaneous water treatment and electricity generation. However, their performance is constrained by limited chemical-to-electrical energy conversion efficiency. Anode materials are central to this conversion process. Here, a self-supporting dual-precursor-derived carbon anode with excellent mechanical strength was developed by combining iron-rich biomass-derived heteroatom self-doping and pyrolytic pore formation with the intrinsic pore-forming ability and high carbon yield of phenolic resin. The resulting high-capacitance anode integrates hierarchically porous, heteroatom-doped carbon scaffolds with a mechanically robust matrix. The high capacitance generated by the synergistic effect of the porous architecture and endogenous Fe/N heteroatoms from the biomass precursor functions as both an electron repeaters and a capacitive buffer to support high biocurrent generation. Electrode materials derived from Enteromorpha sp. (E-MPR) exhibit a maximum capacitance of 1.67 ± 0.004 F cm–2 and supported a biomass loading of 1873.7 ± 74.1 μg cm–2, compared with 324.3 ± 12.1 μg cm–2 on carbon felt. The electroactive biofilm was dominated by Geobacter (81%). The functionally coupled electrode design optimizes the structure–performance relationships among the electrode material, the electroactive biofilm, and overall system efficiency. Consequently, a breakthrough in power and current densities was achieved, with values reaching 6138 ± 118 mW m–2 and 22 ± 1.2 A m–2, respectively. This work provides a notable enhancement in MES performance, suggesting that the high-performance anode is a promising candidate for engineering-scale applications of MES.",crossref,0
Star-Shaped Bionic Evaporator with Enhanced Marangoni Convection for Achieving Zero Liquid Discharge Desalination of High-Salinity Brine,https://doi.org/10.1021/acsami.6c14043,ACS Applied Materials & Interfaces,2026-09-09 00:00:00 UTC,2026-09-09 00:00:00+00:00,10.1021/acsami.6c14043,Shaochun Tang,"Abstract Solar-driven interfacial evaporation (SDIE) is a promising technology for freshwater production, but severe salt accumulation remains a critical bottleneck for its long-term stability and the realization of zero liquid discharge (ZLD). Inspired by plant guttation through leaf tips or edges and the morphology of morning glory flowers, a biomimetic pentagram-shaped Janus evaporator (PCMF@STAR) was fabricated. Experiments and simulations consistently demonstrate that the PCMF@STAR synergizes thermal and solute gradients to drive co-directional Marangoni convection, overcoming the issue of mutually offsetting thermal and solute flows in conventional evaporators. This hydrodynamic synergy dramatically expands the range and intensity of convection, driving directional salt crystallization along the edge ridges while maintaining a clean photothermal interface. Consequently, in highly concentrated 20 wt % brine, PCMF@STAR achieved a superior evaporation rate of 3.28 kg m–2 h–1 and a salt collection rate of 270 g m–2 h–1, outperforming state-of-the-art systems by 167% and 342%, respectively. Furthermore, outdoor tests show freshwater yield of 13.95 kg m–2 day–1 and salt collection rate of 1710 g m–2 day–1, satisfying the drinking requirements of seven adults. This low-cost and scalable evaporator provides a reliable solution for ZLD and sustainable mineral recovery in complex environments.",crossref,0
Anti-Corrosion and Long Communication Range RFID Tags Based on Graphene-Assembled Films for Underground Wireless Temperature Sensing,https://doi.org/10.1021/acsami.6c14140,ACS Applied Materials & Interfaces,2026-09-09 00:00:00 UTC,2026-09-09 00:00:00+00:00,10.1021/acsami.6c14140,Daping He,"Abstract Soil temperature monitoring constitutes a critical component of modern agricultural production systems. Conventional detection methods are typically labor-intensive, exhibit low operational efficiency, and demonstrate poor adaptability to soil-buried environments. In this study, a passive radio-frequency identification (RFID)-based temperature sensing system is proposed, in which the antenna and AMC structures are fabricated from graphene-assembled films (GAF) and the temperature detection is enabled by an integrated commercial RFID chip. The system offers favorable corrosion resistance and extended-range wireless communication capability. To further enhance the wireless communication distance, a GAF artificial magnetic conductor (AMC) is specifically designed and integrated with the sensor. Consequently, the maximum free-space communication range of the GAF RFID sensing system increases from 10.1 to 16.8 m. The test results show that the GAF temperature sensor has a maximum temperature deviation of 1.2 °C and a mean absolute error of 0.366 °C with calibrated mercury thermometer in the soil. Moreover, real-time wireless data acquisition and display of GAF temperature system are successfully demonstrated. The proposed GAF RFID sensing system effectively addresses key limitations of conventional sensing techniques and demonstrates initial feasibility for soil-buried temperature monitoring applications.",crossref,0
Self-Powered Bipolar Response Photodetector Based on MoS2/SnBi2Te4 Heterojunction,https://doi.org/10.1021/acsami.6c10312,ACS Applied Materials & Interfaces,2026-09-09 00:00:00 UTC,2026-09-09 00:00:00+00:00,10.1021/acsami.6c10312,Zhiming Huang,"Abstract Self-powered detectors with bipolar photoresponse have significant potential applications across various fields. However, achieving both fast response and high-sensitivity simultaneously in a single bipolar photodetector remains a challenge. In this study, we present a self-powered photodetector based on a MoS2/SnBi2Te4 unipolar barrier van der Waals heterojunction, which exhibits a wavelength-dependent bipolar photoresponse. This unique behavior arises from the switching dominance of the two materials in the device photoresponse at different wavelengths. The device demonstrates a negative photoresponse in the wavelength range of 532–808 nm, achieving a noise equivalent power (NEP) as low as 3.35 × 10–15 W·Hz–1/2 at 635 nm, along with an impressive specific detectivity (D*) of 1.26 × 1011 Jones. Notably, it exhibits a positive photoresponse among the wavelengths of 980–1250 nm, with an NEP value of 3.06 × 10–14 W·Hz–1/2 and a D* of 1.38 × 1010 Jones at 980 nm. Furthermore, we demonstrate the potential application of this detector in ternary optical logic devices. Additionally, the unipolar barrier band structure effectively suppresses carrier recombination, while the built-in electric field facilitates rapid charge separation. As a result, the device achieves an ultralow dark current and fast response speeds, with a rise time of 2.3 μs and a fall time of 4.2 μs. This study offers innovative material architectures and design strategies for constructing self-powered bipolar photodetectors with high sensitivity.",crossref,0
Tuning the Band Structure of Covalent Triazine Frameworks for Sequential Reductive–Oxidative Photoredox Catalysis,https://doi.org/10.1021/acsami.6c12897,ACS Applied Materials & Interfaces,2026-09-09 00:00:00 UTC,2026-09-09 00:00:00+00:00,10.1021/acsami.6c12897,José Alemán,"Abstract Interrupted atom transfer radical addition (ATRA) processes through radical–polar crossover (RPC) manifolds constitute a powerful strategy for the rapid assembly of complex molecular architectures, yet their implementation using heterogeneous photocatalysts remains largely unexplored due to the challenge of simultaneously sustaining reductive and oxidative elementary steps within the same catalytic manifold. Herein, we demonstrate that systematic band-structure engineering of covalent triazine frameworks (CTFs) through aromatic spacer modulation enables dual photoredox activity under visible light. Three CTF materials featuring progressively elongated aromatic spacers were synthesized using superacid-mediated nitrile trimerization. Structural and photophysical studies revealed that spacer elongation modulates donor–acceptor interactions, charge-carrier dynamics, and energetic band positions. Among them, CTF-3 displayed the unique energetic balance required to efficiently promote both photocatalytic oxidation and reduction processes. More importantly, this material enables an unexplored interrupted ATRA RPC cyclization toward dihydro-oxazolines under heterogeneous photocatalytic conditions. Mechanistic studies support a sequential catalytic manifold involving SET halide activation, radical addition to olefins, oxidation-induced RPC, and intramolecular cyclization. These results demonstrate how molecular engineering of CTF semiconductors affords control over complex dual photoredox reactivity.",crossref,0
Nanoscale Composition Mapping and Depth-Resolved Diffraction in Photopolymer Holographic Gratings,https://doi.org/10.1021/acsami.6c11523,ACS Applied Materials & Interfaces,2026-09-09 00:00:00 UTC,2026-09-09 00:00:00+00:00,10.1021/acsami.6c11523,Christopher N. Bowman,"Abstract The performance of holographic photopolymers, one of the most promising material platforms for addressing the critical needs in emerging holographic applications, is governed by spatial variations of chemical composition, which have rarely been assessed at length scales commensurate with the grating pitch. Here, the chemical specificity of AFM-IR, an infrared technique capable of nanoscale resolution, is leveraged to map the local composition of a holographic grating recorded in a thiol-ene/polyurethane photopolymer film. Quantitative analysis enabled by calibration of photopolymer (1584 cm–1) to polyurethane (1532 cm–1) intensity ratios in flood-cured films with systematically varied photopolymer loading reveals variations of the grating local peak-to-valley concentration (averaged through the grating thickness) of ≈1.7% g/g. In addition, the grating structure was probed at different depths by measuring the grating angular diffraction efficiency upon sequential, layer-by-layer material removal with a cryo-microtome. The evolution of the diffraction peak intensity and position with depth (i.e., upon thinning of the grating) indicates through-thickness heterogeneity in both the refractive index modulation and the grating geometry. In combination, these approaches offer a framework for assessing the composition of holographic gratings and for understanding their performance.",crossref,0
Redirecting Regioselectivity in Cytochrome P450 ApPT for B‐Ring Functionalization of Pentacyclic Triterpenoids,https://doi.org/10.1002/anie.2096522,Angewandte Chemie International Edition,2026-09-09 00:00:00 UTC,2026-09-09 00:00:00+00:00,10.1002/anie.2096522,Liao‐Bin Dong,"ABSTRACT Pentacyclic triterpenoids (PTs) feature a steroid‐like privileged scaffold, but late‑stage functionalization of their inert B‑ring C(sp 3 )─H bonds remains a formidable synthetic challenge due to the absence of directing groups and the consequent poor regio‐ and stereoselectivity. Here we report a semi‐rationally engineered P450 variant, MB4, that enables highly selective C7β hydroxylation of 18β‐glycyrrhetinic acid, achieving C–H activation on the B‐ring with > 99% regioselectivity. Protein crystallography and computational studies revealed that the reshaped active pocket of MB4 disrupts the native 1,5‐hydrogen atom transfer (1,5‐HAT) relay oxidation, thereby redirecting the regioselectivity exclusively to the B‐ring C7 position. The synthetic utility of MB4 was demonstrated through substrate scope investigation, large‐scale preparation, and a chemoenzymatic synthesis platform that generated a library of previously inaccessible B‐ring‐modified PT derivatives. Biological evaluation showed that several C7‐acylated derivatives exhibited antiproliferative activity (IC 50 = 0.31–5.04 µM) by triggering caspase‐3‐dependent apoptosis and inducing G2/M‐phase arrest. This work provides a promising blueprint for reprogramming P450 selectivity for late‐stage C–H functionalization of polycyclic natural products.",crossref,0
Toward Cell‐Specific Molecular MRI: Modulating Chemical Exchange Saturation Transfer Contrast With Manganese,https://doi.org/10.1002/anie.1291856,Angewandte Chemie International Edition,2026-09-09 00:00:00 UTC,2026-09-09 00:00:00+00:00,10.1002/anie.1291856,Angelo Bifone,"ABSTRACT Chemical exchange saturation transfer (CEST) MRI enables sensitive detection of low‐concentration metabolites in vivo, but its biological interpretation is limited by the composite nature of the signal, which reflects contributions from multiple cell types. In the brain, these include intracellular metabolites in neurons and glial cells, as well as semisolid macromolecular pools. Here, we introduce MangaCEST, a strategy that uses manganese (Mn 2 + )‐induced intracellular relaxation changes to modulate the contributions of different cell populations to the CEST spectrum. Mn 2 + enters the cytoplasm via calcium‐permeable channels and accumulates in excitable cells in an activity‐dependent manner, shortening water T 1 and selectively reducing CEST contrast. Comparison of CEST Z‐spectra with or without Mn 2 + enables MangaCEST to isolate Mn‐sensitive signal components and differentially analyze intracellular contributions. To provide a cell‐type‐weighted Mn 2 + effect in a well‐defined biological framework, we focused on the cerebellum, where preferential neuronal accumulation of Mn 2 + is well documented. In the developing chick embryo in vivo, Mn 2 + caused significant T 1 shortening (∼28%) and frequency‐dependent CEST spectrum changes. Differential spectra showed attenuation at 3–4 ppm, consistent with contributions from neuronal‐associated metabolite pools. These findings suggest that MangaCEST may represent a promising strategy for disentangling cellular contributions to molecular MRI signals in the brain.",crossref,0
Engineering Directional Ion Transport Channels in Three‐Dimensional Covalent Organic Frameworks for High‐Performance Sodium‐Ion Batteries,https://doi.org/10.1002/anie.4794052,Angewandte Chemie International Edition,2026-09-09 00:00:00 UTC,2026-09-09 00:00:00+00:00,10.1002/anie.4794052,Zhi‐Guo Gu,"ABSTRACT Covalent organic frameworks (COFs) with abundant redox‐active sites are promising electrode materials for sodium‐ion batteries (SIBs). However, conventional design strategies are often limited by sluggish Na + transport and low utilization of active sites. Here, we report a pair of 3D COFs (COF‐O and COF‐H). In COF‐O, the C═O groups are precisely oriented toward the pore channels, allowing the O atoms to serve as effective Na + storage sites. In contrast, COF‐H contains only C–H groups within the pores, which lack Na + storage capability. When employed as an anode material in SIBs, COF‐O exhibits a high specific capacity of 318 mAh/g (1.9 times that of COF‐H) and excellent cycling stability over 6000 cycles. In situ spectroscopic studies combined with theoretical calculations reveal that the C═O groups in COF‐O act as efficient Na + storage sites, effectively enhancing the capacity and accelerating Na + transport kinetics. This work demonstrates that precisely orienting functional groups in 3D COFs can create effective ion transport channels, providing a promising strategy for designing advanced organic electrode materials for SIBs.",crossref,0
Catalyst–Electrolyte Synergy Enables Ultrafast and Long‐Life Two‐Electron Aqueous Zinc–Iodine Batteries,https://doi.org/10.1002/anie.9322658,Angewandte Chemie International Edition,2026-09-09 00:00:00 UTC,2026-09-09 00:00:00+00:00,10.1002/anie.9322658,Chunyi Zhi,"ABSTRACT Two‐electron aqueous Zn–I 2 batteries deliver doubled cathode capacity yet remain constrained by the thermodynamic instability of I + and sluggish, multistep interfacial kinetics. By systematically correlating electrochemical behavior with ZnCl 2 concentration, we demonstrate that strengthened Cl − coordination mitigates ICl hydrolysis but concurrently aggravates charge‐transfer resistance. Thus, suppressing hydrolysis alone proves insufficient, underscoring the need to address interfacial kinetics. To address this, we design a single‐atom catalytic confinement host featuring atomically dispersed Co–N 4 sites on N‐doped carbon hollow nanospheres (CoSAs@NC). These isolated Co sites strongly chemisorb polyiodides, expedite electron exchange, and facilitate Zn 2+ transport within a hierarchically mesoporous framework, coupling high stability with fast kinetics. Operando spectroscopy and kinetic analyses reveal that atomic catalysis significantly decreases the Tafel slope, enhances exchange current density, and reduces charge‐transfer resistance. With high‐iodine‐content cathode, Co‐SAs@NC‐based cells achieve 190.6 mAh g −1 at 30 A g −1 , and ultralong cycling stability with only 0.00179% capacity decay per cycle over 20000 cycles. Pouch cells deliver high energy density of 218.6 Wh kg − 1 (based on total electrode mass). This integrated catalysis–confinement strategy resolves the intrinsic stability–kinetics trade‐off, advancing practical, high‐rate Zn–I 2 energy storage.",crossref,0
1‐Azabicyclo[1.1.0]butanes (ABBs) on the Map: Mechanistic Pathways for Catalytic Ring Opening and Functionalizations,https://doi.org/10.1002/anie.1799115,Angewandte Chemie International Edition,2026-09-09 00:00:00 UTC,2026-09-09 00:00:00+00:00,10.1002/anie.1799115,Hsuan‐Hung Liao,"ABSTRACT Given the prominence of azetidine derivatives in pharmaceutical chemistry, developing their catalytic synthesis continues to attract strong attention from synthetic chemists. While the strain‐release ring opening and functionalizations of 1‐azabicyclo[1.1.0]butanes (ABBs) has become a promising route to access diverse azetidines and 1‐azabicyclic molecules since their discovery in the late 1960s, such transformations were mostly operated under stoichiometric conditions, and reactions facilitated by catalysis have only emerged recently. The integration of catalysis in ABB chemistry has enabled innovative reaction development, particularly through the interception of transient reaction intermediates—for instance, C3‐ radical and N1‐ anion — to allow divergent transformations, thereby achieving unprecedented synthetic versatility. This mini‐review summarizes recent advances in catalytic strain‐release ring opening and functionalizations of ABBs from a mechanistic‐centered perspective. The reaction pathways are categorized into polar ring opening, radical ring opening, and polar ring opening with radical crossover. The features of each class of reaction are presented for the identification of mechanistic commonalities and differences across diverse transformations.",crossref,0
High Entropy Regulation of Electrostatic Repulsion and Structural Design in Layered Oxide Cathodes for Sodium‐Ion Batteries,https://doi.org/10.1002/anie.8175512,Angewandte Chemie International Edition,2026-09-09 00:00:00 UTC,2026-09-09 00:00:00+00:00,10.1002/anie.8175512,Yanjiao Ma,"ABSTRACT High entropy strategies have emerged as a promising approach for tailoring the structure and electrochemical performance of layered cathodes for sodium‐ion batteries (SIBs). Although previous studies have mainly attributed these improvements to entropy‐driven structural stabilization, the mechanisms governing phase formation and evolution remain poorly understood. Herein, we propose that electrostatic regulation, particularly the modulation of Na–Na and O–O repulsive interactions, provides an important mechanistic link between high entropy design and structural evolution. Compositional complexity reconstructs the TM–O bonding network, redistributes the charge compensation, alleviates local lattice distortion, and modulates interlayer interactions, thereby influencing the formation and evolution of P2‐ and O3‐type structures during Na + (de)intercalation. Based primarily on configurational entropy and elemental distribution, high entropy strategies can be divided into three operational categories: high entropy doping, entropy tuning, and high entropy structure. Their phase‐dependent effects are then analyzed within P2, O3, and P2/O3 structural frameworks to clarify how entropy‐related strategies address distinct electrostatic instabilities. The correlations among sodium content, entropy level, phase structure, and electrochemical behavior are further summarized to establish practical design principles for layered oxide cathodes.",crossref,0
Active Electrochemical Regulation Strategies Based on Dynamic Response Mechanisms for Secondary Batteries,https://doi.org/10.1002/anie.7244229,Angewandte Chemie International Edition,2026-09-09 00:00:00 UTC,2026-09-09 00:00:00+00:00,10.1002/anie.7244229,Ying Bai,"ABSTRACT Developing advanced secondary batteries to adapt to the increasingly stringent performance requirements demands a fundamental rethinking of battery regulation strategies. Active electrochemical regulation strategies for secondary batteries are an innovative shift from static material design to dynamic electrochemical control, representing a promising frontier of battery regulation. Herein, for the first time, we provide a comprehensive review of recent advances in electrochemical regulation strategies for secondary batteries. Beginning with the fundamental electrochemical principles, this review summarizes the forefront applications of electrochemical regulation strategies, including interface optimization, electrode modulation, and electrochemical preheating techniques. The systematic mechanism analysis is conducted, emphasizing how electric field variation within batteries regulates the thermodynamic and kinetic behaviors of the constituent components, thereby determining the dynamic response of the entire system. Finally, this work outlines the existing challenges in electrochemical regulation and suggests promising directions for future research. Combined with active electrochemical regulation, it is expected to uncover foundational electrochemistry principles of battery performance enhancement, paving the way for theory‐guided optimization of secondary batteries.",crossref,0
Adenylation Domain Engineering Enables Biosynthesis of an Improved Polymyxin Antibiotic,https://doi.org/10.1002/anie.9880949,Angewandte Chemie International Edition,2026-09-09 00:00:00 UTC,2026-09-09 00:00:00+00:00,10.1002/anie.9880949,Hajo Kries,"ABSTRACT Polymyxins are potent nonribosomal peptide antibiotics, yet their clinical use is limited by a narrow therapeutic window and nephro‐/neurotoxicity. Conventional efforts to improve these agents rely on the incorporation of nonnatural building blocks that cannot be accessed biosynthetically and therefore must be introduced by total synthesis. Here we report a biosynthetic route to a next‐generation polymyxin that circumvents this limitation. By engineering the substrate‐binding pocket of a nonribosomal adenylation (A‐)domain, we created a mutationally expanded pocket that selectively activates the fatty amino acid l ‐2‐aminodecanoic acid ( l ‐Ada). Incorporation of this engineered A‐domain into the native polymyxin biosynthesis enabled production of Ada‐polymyxin with high potential for lowered toxicity directly in Paenibacillus polymyxa fermentation. This work demonstrates that rational redesign of nonribosomal A‐domains can redirect natural product biosynthesis toward chemically diverse, therapeutically superior antibiotics, opening new avenues for combating drug‐resistant bacteria.",crossref,0
Fluorinated Self‐Assembled Monolayers for Highly Reversible Anode‐Free Zinc Batteries,https://doi.org/10.1002/anie.6078477,Angewandte Chemie International Edition,2026-09-09 00:00:00 UTC,2026-09-09 00:00:00+00:00,10.1002/anie.6078477,Zhiqiang Zhu,"ABSTRACT Anode‐free zinc batteries offer a promising route to maximize energy density, yet their viability is compromised by uncontrolled Zn nucleation and severe parasitic reactions at the anode side. Herein, we address this issue by designing a dual‐functional fluorinated interphase on a Cu current collector, which couples high zincophilicity with robust hydrophobicity. This design leverages the electronegative fluorine atoms to enhance the zincophility of the sulfonyl tail group and guide uniform nucleation, while the fluorinated chains establish a compact hydrophobic barrier thermodynamically suppressing water‐induced side reactions. As a proof‐of‐concept, we employ molecularly tunable self‐assembled monolayers (SAMs) of benzene‐based thiols on Cu. By designing a series of ligands with stepwise increased fluorination (non‐fluorinated CPM → mono‐fluorosulfonyl MPM → di‐fluorosulfonyl DMPM), we demonstrate that higher fluorine content progressively enhances zincophilic site density and hydrophobic shielding. Consequently, the DMPM‐modified Cu electrode achieves highly reversible dendrite‐free Zn plating/stripping with an average Coulombic efficiency of 99.56% over 1000 cycles. This fluorinated interface exhibits universal robustness across capacitive (graphite), intercalation (Zn x V 2 O 5 ), and conversion (ZnI 2 ) cathodes, with practical viability demonstrated in a 0.2 Ah pouch cell. This work establishes a molecular‐level design paradigm for constructing robust interfaces for high‐energy, long‐life anode‐free batteries.",crossref,0
Deep Neural Network‐Driven Development of Coking‐ and Sulfur‐Resistant Nanostructured NiGa Alloy‐Based Anodes for Solid Oxide Fuel Cells,https://doi.org/10.1002/aenm.71569,Advanced Energy Materials,2026-09-09 00:00:00 UTC,2026-09-09 00:00:00+00:00,10.1002/aenm.71569,Jiujun Zhang,"ABSTRACT Solid oxide fuel cells (SOFCs) that directly convert natural gas into electricity are promising high‐efficiency energy‐conversion devices, yet conventional Ni‐based anodes suffer from severe carbon deposition and sulfur poisoning, leading to rapid electrode deactivation. Although binary alloying effectively regulates surface reaction pathways and improves anode stability, its development largely relies on experience‐driven trial‐and‐error screening. Here, we propose a rational screening framework that integrates microkinetic analysis with deep neural networks to identify the Ni‐Ga alloy from a vast binary alloy chemical space. Density functional theory confirms that such a Ni‐Ga alloy combines efficient methane activation with intrinsic resistance to carbon deposition. Guided by these predictions, we further construct a nanocomposite electrode with Gd 0.1 Ce 0.9 O 1.95 (GDC)‐encapsulated Ni‐Ga alloys (NiGa‐GDC). Benefiting from alloy‐induced electronic structure modulation and a nanocomposite electrode architecture, the NiGa‐GDC nanocomposite anode exhibits exceptional electrochemical performance and coking resistance. In nearly dry methane fuel (3% H 2 O), a corresponding electrolyte‐supported single cell achieves both high peak power density and durable operation, far outperforming the counterpart Ni‐GDC nanocomposite anode. Moreover, the NiGa‐GDC anode demonstrates remarkable resistance to sulfur poisoning. This study provides a new strategy for developing highly active and durable nickel‐based nanocomposite anodes for the direct utilization of natural gas.",crossref,0
Cross‐Scale Orchestration of Sublayer Axially N‐Bridged Fe Single Atoms Within Diffusion‐Oriented Matrix for Efficient Oxygen Reduction,https://doi.org/10.1002/aenm.71570,Advanced Energy Materials,2026-09-09 00:00:00 UTC,2026-09-09 00:00:00+00:00,10.1002/aenm.71570,Zhongwei Chen,"ABSTRACT Symmetry perturbation of planar FeN 4 moieties in Fe─N─C single‐atom catalysts holds great promise for elevating oxygen reduction reaction (ORR) performance, yet atomically precise coordination engineering of thermodynamically stable configurations with efficient O 2 mass‐transport integration remains challenging. Herein, a nitrogen‐mediated thermal activation strategy is proposed to construct a sublayer‐engineered Fe‐N 5 single‐atom catalyst, termed FeN 5 ‐ANDCL, featuring an axially N‐bridged dual‐carbon‐layer architecture integrated into a hollow carbon framework. The elaborately engineered FeN 5 ‐ANDCL enables cross‐scale structural orchestration, wherein the atomic‐scale axial N‐bridged sublayer steers cross‐layer charge transfer and triggers Fe d z 2 ‐O 2 p orbitals rehybridization, thereby elevating electron occupancy of antibonding states to weaken *OH adsorption, while the hollow carbon framework ameliorates O 2 diffusion resistance and streamlines transport pathways to achieve efficient mass‐transport. The unique configuration endows FeN 5 ‐ANDCL with exceptional ORR activity, attaining a high half‐wave potential of 0.927 V vs. RHE in alkaline media. When deployed in zinc‐air batteries, it delivers a peak power density of 307.3 mW cm −2 and remarkable cycling stability sustained for 1400 h. Collectively, this work establishes sublayer engineering for precise coordination regulation of single‐atom catalysts and demonstrates a cross‐scale orchestration principle that couples local electronic‐structure optimization with macroscopic transport regulation for efficient electrocatalysis.",crossref,0
3D Printed Ordered Porous Architectures of Functional Metal Tellurides for Ultra High Mass‐Loaded Ammonium‐Ion Batteries,https://doi.org/10.1002/aenm.71567,Advanced Energy Materials,2026-09-09 00:00:00 UTC,2026-09-09 00:00:00+00:00,10.1002/aenm.71567,Martin Pumera,"ABSTRACT Aqueous ammonium‐ion (NH 4 + ) batteries (AAIBs) have recently emerged as promising alternatives for next‐generation energy storage, owing to the unique hydrogen‐bond‐assisted diffusion of NH 4 + ions within the host lattice framework. However, research on electrode materials remains limited, and a considerable gap persists between laboratory scale and practical applications due to the low mass loadings (1–5 mg cm −2 ) of conventional electrodes. This work introduces an ultrahigh mass‐loading integrated 3D‐printed porous conductive electrode of functional metal tellurides, Bi 2‐x Sb x Te 3 (0 ≤ x ≤ 1.5) as an efficient anode for AAIBs. To address the limited ion diffusion associated with ultrahigh mass‐loading electrodes, Bi 2‐x Sb x Te 3 is integrated with a 3D‐printed porous titanium alloy (Ti 6 Al 4 V) substrate fabricated via the Selective Laser Melting (SLM) technique. Such an interconnected porous framework provides efficient mass‐transport pathways even at very high mass‐loading levels. The designed 3D‐printed Bi 2 Te 3 anode with a mass loading of 40 mg cm −2 achieves an impressive areal capacity of 9 mAh cm −2 at 2 mA cm −2 , while still retaining an exceptional specific capacity of 224 mAh g −1 . To improve the cyclic stability, smaller Sb 3+ ions are incorporated into the Bi 2 Te 3 lattice to strengthen the M─Te (M═Bi/Sb) bonds, which consequently mitigates volume fluctuations during cycling. Overall, this study demonstrates the potential of 3D‐printed Bi 2‐x Sb x Te 3 anodes for advancing AAIB technology.",crossref,0
Surface‐Functionalized MXene for Enhanced Photocatalytic CO 2 Reduction,https://doi.org/10.1002/aenm.71560,Advanced Energy Materials,2026-09-09 00:00:00 UTC,2026-09-09 00:00:00+00:00,10.1002/aenm.71560,Su‐Il In,"ABSTRACT MXenes have emerged as promising conductive and surface‐active materials for designing efficient photocatalytic systems for CO 2 ‐to‐hydrocarbon conversion, but their limited active sites and oxidation vulnerability remain major challenges. Herein, we report poly(catechol/p‐cresol) (PCA‐PCR) ligand‐functionalized MXene ( f ‐MXene) that exhibits enhanced oxidation stability under moisture‐involved conditions while largely preserving the electrical conductivity. The f ‐MXene is integrated with reduced TiO 2 (RT) semiconductor and copper (Cu) cocatalyst to construct a Cu/ f ‐MXene/RT ternary composite, which exhibits strong interfacial coupling and favorable band alignment, enabling efficient electron transfer from RT through f ‐MXene to Cu active sites. The optimized Cu/ f ‐MXene/RT catalyst achieves a CH 4 yield of 18.1 µmol g −1 , representing over 200‐fold enhancement compared to RT and more than double that of the Cu/MXene/RT. Synergistic interactions between Cu and f ‐MXene are essential, as neither component alone with RT achieves comparable activity. Moreover, the Cu/ f ‐MXene/RT catalyst also demonstrates superior cycling stability compared to the Cu/MXene/RT. Density functional theory (DFT) calculations indicate that the PCA‐PCR ligand suppresses excessive electron localization at Cu sites and promotes charge transfer to adsorbed CO 2 , facilitating its activation. This work demonstrates that ligand‐functionalized MXenes enable synergistic control over interfacial charge transport and structural stability, providing a robust strategy for designing advanced photocatalytic systems.",crossref,0
Experimentally Determined Spatiotemporal Charge Carrier Dynamics for the Development of Particulate Photocatalysts,https://doi.org/10.1002/aenm.71531,Advanced Energy Materials,2026-09-09 00:00:00 UTC,2026-09-09 00:00:00+00:00,10.1002/aenm.71531,Robert Godin,"ABSTRACT Particulate photocatalysts have generated interest for the low‐cost implementation of various photocatalytic processes, including the production of solar fuels as clean energy sources. With light absorption, charge generation, charge transport, and interfacial charge transfer all constrained in individual particles, complex photophysical and photochemical processes occur on a wide range of timescales within spatially defined volumes. The allure of deciphering the charge carrier dynamics to build a fundamental picture of photocatalysis in different materials has motivated the development of state‐of‐the‐art spatiotemporal measurement techniques. Monitoring charge carrier dynamics on relevant time and length scales is a challenging experimental task. Many experimental barriers have been overcome in recent years, providing some guidance for future directions for material development. This review delves into the underlying origins of spatial heterogeneity in charge carrier dynamics, introduces charge carrier transport phenomena, and details the recent examples of spatiotemporal investigation of charge carrier dynamics in particulate photocatalysts. These new experimental capabilities pave the way for a more comprehensive description of photocatalytic processes, guiding the optimization of photocatalytic materials.",crossref,0
"Internal Electric Field‐Guided, Low‐Adsorption Ferroelectric Anode Protective Layers for Sustainable Suppression of Polysulfide Side Reactions in Lithium–Sulfur Batteries",https://doi.org/10.1002/aenm.71536,Advanced Energy Materials,2026-09-09 00:00:00 UTC,2026-09-09 00:00:00+00:00,10.1002/aenm.71536,Sang‐Min Lee,"ABSTRACT Lithium–sulfur batteries (LSBs) offer energy densities beyond lithium‐ion batteries, yet parasitic reactions between soluble polysulfides and lithium metal cause active‐sulfur loss and porous Li, undermining cycle life. To address this problem, an anode protective layer is needed, but interactions between protective layers and polysulfides remain insufficiently understood. In this work, representative anionic and ceramic protective layers are employed as model systems to establish how strong polysulfide adsorption and persistent sulfur‐species retention affect protective‐layer functionality. Building on these findings, a positively polarized ferroelectric β‐pvdf layer incorporating fluorinated boron nitride nanosheets (PPFBN) is introduced. Corona poling aligns polarization to establish an internal field, while insulating nanosheets suppress free‐charge relaxation, thereby sustaining the field. The field promotes Li + transport to the anode and impedes the approach of polysulfide anions, while intrinsically low polysulfide affinity limits long‐term degradation of layer functionality. With PPFBN, Li/Li symmetric cells cycle stably for >1000 h in polysulfide‐containing electrolytes at 2 mA cm − 2 and 2 mAh cm − 2 . Full cells retain 80.4% capacity after 500 cycles at 0.5 C; under lean‐electrolyte conditions, cycle life extends by more than 150 cycles relative to bare Li. This study establishes a ferroelectric‐field, low‐polysulfide‐affinity design principle for durable anode protection in LSBs.",crossref,0
Holistic Top‐to‐Bottom Film Restructuring to Achieve Highly Stable Unencapsulated Perovskite Solar Cells,https://doi.org/10.1002/aenm.71552,Advanced Energy Materials,2026-09-09 00:00:00 UTC,2026-09-09 00:00:00+00:00,10.1002/aenm.71552,Wallace C. H. Choy,"ABSTRACT While perovskites have emerged as frontrunners in optoelectronics due to their exceptional properties, their performance remains bottlenecked by film imperfections such as interfacial defects, non‐uniform crystallization, and band alignment mismatches. Conventional treatments often fail to simultaneously address issues at the top surface, the bulk, and the buried interface. In this work, we introduce a holistic top‐to‐bottom restructuring strategy using a facile vapor‐phase post‐treatment. This approach induces a gradient‐distributed 2D perovskite phase that extends from the surface into the bulk while uniquely healing structural voids and chemical inhomogeneities at the buried interface. This synergistic restructuring optimizes the energy band structure for accelerated carrier extraction and passivates defects throughout the entire film depth. As a result, our unencapsulated n‐i‐p solar cells demonstrate exceptional environmental resilience, maintaining over 90% of their initial efficiency after 2,800 h of high‐humidity exposure. This study establishes a new benchmark for stability and provides a robust pathway for high‐performance perovskite photovoltaics.",crossref,0
AR/PARP Dual‐Targeting Bioactive Photosensitizer for Photo‐Immunotherapy of Prostate Cancer,https://doi.org/10.1002/adma.74964,Advanced Materials,2026-09-09 00:00:00 UTC,2026-09-09 00:00:00+00:00,10.1002/adma.74964,Leilei Shi,"ABSTRACT Prostate cancer poses a severe threat to men's health worldwide, and conventional therapeutic modalities are associated with various limitations. Photodynamic therapy (PDT) offers distinctive advantages such as minimal invasiveness, mild side effects and repeatable treatment. However, the therapeutic efficacy of PDT is limited by two critical factors: the single functional property of traditional photosensitizers and the pathological tumor microenvironment. Accordingly, molecular targeting photosensitizers have been developed to address these drawbacks. Notably, long‐term administration of single‐target agents entails a high risk of drug resistance. Accordingly, based on two key targets closely implicated in the DNA repair pathways of prostate cancer cells, the androgen receptor (AR), and poly(ADP‐ribose) polymerase (PARP), we proposed an AR/PARP dual‐targeting photosensitizer strategy and synthesized a quinoxalinone‐based photosensitizer QTEO , which can simultaneously target AR and PARP and exert a synergistic effect with photodynamic activity to induce DNA damage in cancer cells. The resulting damaged DNA fragments can further activate the innate immune pathways of the organism through a coordinated cascade of reactions. This promising strategy concurrently overcomes the limited functionality of conventional photosensitizers, the potential drug resistance induced by single‐target agents, and the complex pharmacokinetic issues associated with multidrug combination therapy, ultimately enabling molecular‐targeting photo‐immunotherapy for prostate cancer.",crossref,0
Dynamic Electrophoretic Assembly Coupled With Water‐Splitting‐Induced pH Control Enables Precision Ion Sieving Membranes,https://doi.org/10.1002/adma.74934,Advanced Materials,2026-09-09 00:00:00 UTC,2026-09-09 00:00:00+00:00,10.1002/adma.74934,Xing Yang,"ABSTRACT Discriminating among monovalent ions of similar charge and size, such as Li + , Na + , and K + , remains one of the most persistent challenges in separation science. Here we present a green, external‐acid‐free route to fabricate defect‐free covalent organic framework (COF)‐based thin‐film composite (TFC) membranes for high precision monovalent‐ion sieving. The method relies on a dynamic electric‐field‐assisted strategy in which an alternating electric field couples electrophoretic monomer assembly at the surface of an ion‐exchange membrane (IEM) substrate with spatiotemporally resolved delivery of hydronium ions generated in situ via water splitting. This localized in situ‐generated acid pulse initiates interfacial condensation into primary COF nuclei, which subsequently undergo continuous growth and fusion into a uniform ultrathin film through a self‐healing mechanism. The proposed membrane formation strategy effectively suppresses non‐selective transport pathways and enables rapid formation of highly selective ion‐transport channels, resulting in a membrane with near‐complete fractionation of Li + from other monovalent ions (e.g., K + and Na + ), while preserving fast ion permeation that exceeds that of previously reported membranes. The governing ion separation mechanism is elucidated as hydration‐shell restructuring under electrostatic confinement. The work establishes a scalable and energy‐efficient platform for precision ion separation and opens new opportunities for membrane‐based resource recovery and molecular purification.",crossref,0
Plasmon‐Free Surface‐Enhanced Raman Sensing Enabled by Phase‐Engineered Two‐Dimensional Mo 2 C‐Based Heterostructures,https://doi.org/10.1002/adma.74835,Advanced Materials,2026-09-09 00:00:00 UTC,2026-09-09 00:00:00+00:00,10.1002/adma.74835,Yu‐Lun Chueh,"ABSTRACT Plasmon‐free surface‐enhanced Raman scattering (SERS) based on two‐dimensional materials is a promising approach for nondestructive analysis. However, the smooth surfaces commonly formed during chemical vapor deposition (CVD) limit the generation of localized high electromagnetic fields and reduce chemical interactions with adsorbed molecules, even in metallic 2D materials. In this study, 2D Mo 2 C was synthesized by CVD, and MoOx/Mo 2 C, MoS 2 /Mo 2 C, and MoSe 2 /Mo 2 C heterostructures were fabricated through thermal oxidation, plasma‐assisted sulfurization, and selenization, respectively. The MoS 2 and MoSe 2 top layers were phase‐engineered into 1T‐rich and 2H‐rich structures at 350°C and 550°C, respectively, under the same plasma power of 150 W. The heterostructures exhibit improved SERS activity, mainly due to chemical enhancement (CM) arising from increased surface roughness, defect/edge‐rich nanostructures, and heterointerfaces that provide abundant localized chemically active sites for molecular adsorption and interfacial charge transfer. The 1T‐rich MoS 2 /Mo 2 C shows a detection limit of up to 10 −10 M and a Raman enhancement factor of 9.1 × 10 4 , while the 1T‐rich MoSe 2 /Mo 2 C displays a detection limit of up to 10 −9 M and a Raman enhancement factor of 8.9 × 10 4 for rhodamine B (RhB), attributed to the presence of a high density of states and localized chemically active sites on the 1T‐rich MoS 2 and MoSe 2 surfaces.",crossref,0
Sub‐Monolayer Wrapping Stabilizes Magnesium Ion Cathode,https://doi.org/10.1002/adma.74924,Advanced Materials,2026-09-09 00:00:00 UTC,2026-09-09 00:00:00+00:00,10.1002/adma.74924,Yang Liu,"ABSTRACT Rechargeable magnesium batteries (RMBs) hold promise as next‐generation energy storage systems, owing to their high volumetric capacity, high safety, and abundance of Mg. However, their development is hindered by sluggish Mg ion (Mg 2+ ) diffusion and cathode instability, especially polysulfide and transition metal dissolution. While ultrathin protection layers offer distinct advantages over conventional bulk coatings, their synthesis remains a significant challenge. Herein, we wrap a sub‐monolayer MoS 2 on Cu 1.81 S cathode, where MoS 2 layer acts as a functional interface that regulates the local chemical environment and suppresses cathode dissolution. MoS 2 layer also plays an activation role by facilitating Mg adsorption and reducing migration barriers, thereby accelerating storage kinetics. Benefiting from this synergistic design, Cu 1.81 S@MoS 2 cathode exhibits enhanced cycling stability and rate performance. It delivers around 246 mAh/g after 200 cycles at 100 mA/g with a low fading rate (0.057% per cycle), maintaining around 107 mAh/g after 600 cycles at 400 mA/g with 99.1% coulombic efficiency (CE). Furthermore, with the MoS 2 layer, the cathode shows excellent rate capability with 106 mAh/g at 1000 mA/g and full recovery at 20 mA/g. This work highlights a feasible nanostructuring strategy to stabilize conversion‐type cathodes to advance high‐performance RMBs.",crossref,0
