title,link,published,source,pub_date,doi,last_author,last_author_source,abstract,abstract_source
YBX1 Confers immunosuppressive bone metastatic traits in non-small cell lung cancer,https://www.nature.com/articles/s41467-026-73931-2,,Biological sciences : Nature Communications subject feeds,2026-06-13 00:00:00+00:00,,Jing Chen,,"The spread of lung cancer to bone is a devastating complication often linked to resistance against immunotherapy, but the reasons for this connection are poorly understood. Here we show that the transcription factor YBX1 acts as a central regulator driving both bone metastasis and the formation of an immunosuppressive environment in non-small cell lung cancer (NSCLC). YBX1 achieves this by activating distinct signaling pathways (IL6 and CCL5, respectively). Mechanistically, YBX1 protein levels are controlled by glycosylation that marks it for autophagic degradation inside cells. Notably, reduced YBX1 glycosylation was observed in highly bone-metastatic NSCLC cells. Importantly, we identified a drug candidate, Icaritin, which boosts this sugar-modification, leading to YBX1 degradation. This dual action inhibits bone metastasis and re-sensitizes tumors to immune attack. Our work reveals YBX1 as a promising single target for combating bone spread and overcoming immunotherapy resistance.",nature_html
Crop fields complement biodiversity in permanent grasslands across European landscapes,https://www.nature.com/articles/s41467-026-74356-7,,Biological sciences : Nature Communications subject feeds,2026-06-13 00:00:00+00:00,,Erik Öckinger,,"Temperate agricultural landscapes are experiencing unprecedented biodiversity declines. Landscape simplification is commonly identified as a driver of species loss across taxonomic groups, but the contribution of crop and non-crop habitats to farmland biodiversity conservation is surprisingly poorly known. Using 86 paired permanent grasslands and oilseed rape fields in five European countries, we assess how habitat type shaped plant, butterfly, wild bee, and carabid assemblages and whether increasing grassland amount in surrounding landscapes fosters the spillover of grassland-associated biodiversity to oilseed rape fields. We find habitat type rather than landscape-level grassland amount determines diversity and shapes species assemblages: plants and butterflies are more diverse in grasslands, while wild bees and carabids are equally or more diverse in oilseed rape fields. Increasing landscape-level grassland amount affects species assemblage composition but only reduces turnover between habitats in wild bees. Overall, both grasslands and oilseed rape fields harbour distinct sets of species, together contributing complementarily to regional diversity. Safeguarding biodiversity in agricultural landscapes therefore requires not only the conservation of permanent semi-natural habitats but also biodiversity-friendly management of disturbed habitats such as crop fields that can contribute valuable species.",nature_html
Spatial cellular order underlies locally-confined mechanisms of immune resistance in oropharyngeal cancer,https://www.nature.com/articles/s41467-026-74318-z,,Biological sciences : Nature Communications subject feeds,2026-06-13 00:00:00+00:00,,Charalampos S. Floudas,,"Oropharyngeal squamous cell carcinomas (OPSCCs) frequently result from oncogenic human papilloma virus (HPV) infections (HPV-OPSCC). The mechanisms underlying effective immune escape, despite abundant viral antigens, are incompletely understood. Here, we performed single-cell spatial gene expression profiling of HPV-OPSCC to characterize cellular organization and mechanisms of immune resistance. We describe distinct tumor-parenchymal immune foci that differ in cytokine expression, spatial location, immune cell infiltration and cancer cell states. Furthermore, immune foci display profound differences related to co-inhibitory receptor signaling and immunosuppressive myeloid cells, suggesting that different tumor-parenchymal regions may be dominated by distinct, locally-confined mechanisms of immunosuppression. Additionally, senescent-like HPV-OPSCC cells lacking HPV transcripts (HPVoff) are evident across the tumor parenchyma and able to evade HPV-specific T cell-mediated immunity in vitro. HPVoff cells are enriched within hypoxic regions and near IFN-γ producing T cells suggesting that both hypoxia and IFN-γ signaling can promote the HPVoff phenotype. In conclusion, our findings highlight a complex cellular interplay underlying heterogeneous cancer cell states, spatial immune cell organization, and diverse mechanisms of immune escape.",nature_html
Synthesis of functionalized hydrosilanes via titanium-catalyzed hydroboration and hydrogenation of C(sp3)–Si bonds in silacyclobutanes,https://www.nature.com/articles/s41467-026-74224-4,,Physical sciences : Nature Communications subject feeds,2026-06-13 00:00:00+00:00,,Lipeng Wu,,"The design and synthesis of molecules featuring both boron and silicon moieties hold significant promise for delivering unique reactivity patterns and material properties. Herein, a titanium-catalyzed selective hydroboration of the C(sp3)–Si bonds in silacyclobutanes for the synthesis of boryl-functionalized hydrosilanes is developed. Our protocol accommodates a broad range of structurally distinct silacyclobutanes, affording a diverse library of boryl-functionalized hydrosilanes (R2B~link~Si–H). The free Si–H and boryl functional groups allow for their seamless integration into synthetic chemistry and many other research areas. The facile synthesis of sila-substituted drug molecules via our strategy is also demonstrated. Furthermore, our methodology is successfully extended to the hydrogenation of the C(sp3)–Si bond using H2 gas, offering a general route to synthesize a broad spectrum of heteroleptic-substituted hydrosilanes, including their deuterated derivatives. Mechanistic investigations, complemented by DFT calculations, reveal an unusual two-electron process at the titanium metal center. The essence of the selective activation of C(sp3)–Si bonds over C(sp2)–Si in silacyclobutanes by titanium catalyst is elucidated.",nature_html
Urban energy and three-dimensional mobility integration for eVTOL scale-up,https://www.sciencedirect.com/science/article/pii/S0306261926008809?dgcid=rss_sd_all,,ScienceDirect Publication: Applied Energy,2026-06-13 00:00:00+00:00,,Hongxun Hui,,,
PMDS-UNet: A novel approach for precise segmentation of distributed photovoltaics in high-resolution remote sensing imagery,https://www.sciencedirect.com/science/article/pii/S0306261926008834?dgcid=rss_sd_all,,ScienceDirect Publication: Applied Energy,2026-06-13 00:00:00+00:00,,Mengjun Chen,,,
Proactive mitigation of voltage volatility via topological flexibility in park-level distribution networks,https://www.sciencedirect.com/science/article/pii/S0306261926008020?dgcid=rss_sd_all,,ScienceDirect Publication: Applied Energy,2026-06-13 00:00:00+00:00,,Hongjie Jia,,,
Pareto-optimal pathways to sustainable energy systems,https://www.sciencedirect.com/science/article/pii/S0306261926008299?dgcid=rss_sd_all,,ScienceDirect Publication: Applied Energy,2026-06-13 00:00:00+00:00,,Herbert Palm,,,
Hosting capacity of AI training data centers with PEM support: A two-level optimization approach,https://www.sciencedirect.com/science/article/pii/S0306261926008858?dgcid=rss_sd_all,,ScienceDirect Publication: Applied Energy,2026-06-13 00:00:00+00:00,,Ehab F. El-Saadany,,,
"System-level integration of bioconversion and catalytic reforming pathways for sustainable production of biodiesel, hydrogen, and ammonia from lignocellulosic biomass",https://www.sciencedirect.com/science/article/pii/S0306261926008433?dgcid=rss_sd_all,,ScienceDirect Publication: Applied Energy,2026-06-13 00:00:00+00:00,,Soonho Hwangbo,,,
Convolutional neural networks for non-intrusive load monitoring: a critical analysis and future directions,https://www.sciencedirect.com/science/article/pii/S0306261926007877?dgcid=rss_sd_all,,ScienceDirect Publication: Applied Energy,2026-06-13 00:00:00+00:00,,Aji Akbar Firdaus,,,
Trial-by-trial fMRI-neurofeedback dissociates fusiform and occipital contributions to face detection and recognition,https://www.nature.com/articles/s41467-026-74331-2,,Biological sciences : Nature Communications subject feeds,2026-06-13 00:00:00+00:00,,Patrik Vuilleumier,,"Self-regulation of specific brain regions can be achieved using neurofeedback with real-time functional magnetic resonance imaging (rt-fMRI). We leveraged this technique to dissect the role of two tightly interconnected areas implicated in face perception, by interleaving a visual task with upregulation of either the occipital (OFA) or fusiform face-responsive areas (FFA) in a trial-wise manner. Experimental participants (N = 22) successfully enhanced their target region when compared to yoked controls (N = 20). Regulation was face-selective, as evidenced by concomitant increases in other nodes of the face processing network. Critically, face detection was faster with enhanced FFA activity but hindered by enhanced OFA, whereas face identity recognition was optimal with concomitant increases in both FFA and OFA. These results argue against traditional face processing models assuming an information flow from posterior occipital to anterior fusiform cortex and instead support non-hierarchical models where FFA mediates initial face detection and OFA contributes to subsequent identity recognition.",nature_html
Financial inclusion and access to clean cooking fuels and technologies under uncertainty in emerging and developing countries,https://www.sciencedirect.com/science/article/pii/S0301421526003824?dgcid=rss_sd_all,,ScienceDirect Publication: Energy Policy,2026-06-13 00:00:00+00:00,,Haithem Awijen,,,
Vibration energy as a contributor to off-grid energy access and the sustainable energy transition,https://www.sciencedirect.com/science/article/pii/S030626192600855X?dgcid=rss_sd_all,,ScienceDirect Publication: Applied Energy,2026-06-13 00:00:00+00:00,,Magdalena Kuchler,,,
An ethanol boom and booming corn prices in Brazil's Amazon and Cerrado Regions,https://www.sciencedirect.com/science/article/pii/S030142152600323X?dgcid=rss_sd_all,,ScienceDirect Publication: Energy Policy,2026-06-13 00:00:00+00:00,,J. O'Hara,,,
Multi-agent reinforcement learning method for dual-timescale volt-var control considering dynamic partitioning and multi-stakeholder coordination,https://www.sciencedirect.com/science/article/pii/S0306261926008147?dgcid=rss_sd_all,,ScienceDirect Publication: Applied Energy,2026-06-13 00:00:00+00:00,,Xianyong Xiao,,,
Optimization and revenue allocation of off-grid multi-sector regional integrated energy systems considering tidal disturbance effects: An approach based on an improved ADMM algorithm and cooperative games,https://www.sciencedirect.com/science/article/pii/S0306261926008287?dgcid=rss_sd_all,,ScienceDirect Publication: Applied Energy,2026-06-13 00:00:00+00:00,,Chong Gao,,,
Large language models in power systems toward cognitive intelligence: A literature review,https://www.sciencedirect.com/science/article/pii/S0306261926008573?dgcid=rss_sd_all,,ScienceDirect Publication: Applied Energy,2026-06-13 00:00:00+00:00,,Chongqing Kang,,,
Techno-economic optimization and operational performance analysis of a solar-powered EV charging station: A campus case study,https://www.sciencedirect.com/science/article/pii/S0306261926008536?dgcid=rss_sd_all,,ScienceDirect Publication: Applied Energy,2026-06-13 00:00:00+00:00,,Emrah Gumus,,,
Conditional diffusion models for probabilistic day-ahead load forecasting in modern power systems,https://www.sciencedirect.com/science/article/pii/S0306261926008597?dgcid=rss_sd_all,,ScienceDirect Publication: Applied Energy,2026-06-13 00:00:00+00:00,,Jianhui Wang,,,
"SOLACE: a framework for exploring rooftop photovoltaic deployment, with application to Canada",https://www.sciencedirect.com/science/article/pii/S0306261926008883?dgcid=rss_sd_all,,ScienceDirect Publication: Applied Energy,2026-06-13 00:00:00+00:00,,Sophie Pelland,,,
Exploring scale effects of energy communities under the Swiss policy framework,https://www.sciencedirect.com/science/article/pii/S0306261926008214?dgcid=rss_sd_all,,ScienceDirect Publication: Applied Energy,2026-06-13 00:00:00+00:00,,Russell McKenna,,,
A supply–demand coordinated design framework for grid-interactive mixed-use communities,https://www.sciencedirect.com/science/article/pii/S0306261926008937?dgcid=rss_sd_all,,ScienceDirect Publication: Applied Energy,2026-06-13 00:00:00+00:00,,Borong Lin,,,
Energy inflation in the shadow of US–China tensions: Is the energy transition a pathway to stability?,https://www.sciencedirect.com/science/article/pii/S0301421526003563?dgcid=rss_sd_all,,ScienceDirect Publication: Energy Policy,2026-06-13 00:00:00+00:00,,Ilhan Ozturk,,,
Cost-effective synergy of energy and environmental policies in carbon emission reduction: Evidence from China's iron and steel industry,https://www.sciencedirect.com/science/article/pii/S0301421526003551?dgcid=rss_sd_all,,ScienceDirect Publication: Energy Policy,2026-06-13 00:00:00+00:00,,Jia-Jia Wu,,,
Regional sex differences in human cortical anatomy vary in their morphometric bases and overlap with sex chromosomal and gonadal influences,https://www.nature.com/articles/s41467-026-74274-8,,Biological sciences : Nature Communications subject feeds,2026-06-13 00:00:00+00:00,,Armin Raznahan,,"Humans show reproducible sex differences in regional cortical volume (CV), but it remains unclear how these relate to the two biologically dissociable determinants of CV – surface area (SA) and cortical thickness (CT) – or to potentially causal sex chromosomal and gonadal effects. Here, we analyze neuroimaging data in two independent human cohorts (N = 1754) to identify and interrelate highly reproducible sex differences in regional CV, SA and CT – as well as their alignment with distinct functional networks and histomolecular signatures. Integrating neuroimaging data from clinical cohorts with sex chromosome aneuploidy and isolated gonadotropin-releasing hormone deficiency (N = 313) establishes that regions of sex-biased cortical anatomy are enriched for congruent effects of X-chromosome dosage (e.g., primary sensory and insular cortices) and gonadal hormones (e.g., dorsal parietal regions and angular gyrus). This work refines maps of sex-biased human cortical organization and helps to narrow hypotheses regarding their potential genetic and endocrine causes.",nature_html
The PLK4 inhibitor RP-1664 demonstrates potent efficacy in neuroblastoma preclinical models through a dual mechanism of sensitivity,https://www.nature.com/articles/s41467-026-74061-5,,Biological sciences : Nature Communications subject feeds,2026-06-13 00:00:00+00:00,,John M. Maris,,"It was recently shown that inhibition of polo-like kinase 4 (PLK4) induces synthetic lethality in cancers with chromosome 17q-encoded TRIM37 copy number gain due to cooperative regulation of centriole duplication and mitotic spindle nucleation. We show here that chromosome 17q/TRIM37 gain is a defining feature of high-risk neuroblastoma and renders patient-derived cell lines hypersensitive to the novel PLK4 inhibitor RP-1664. We demonstrate that centriole amplification at low doses of RP-1664 contributes to this sensitivity in a TRIM37-independent fashion. CRISPR screens and live cell imaging reveal that upon centriole amplification, neuroblastoma cells succumb to multipolar mitoses due to an inability to cluster or inactivate supernumerary centrosomes. RP-1664 monotherapy showed robust anti-tumor activity in 14/15 human neuroblastoma-derived xenograft models, and significantly extended survival in a transgenic MYCN-driven murine model of neuroblastoma. RP-1664 combined with GD2-directed chemoimmunotherapy resulted in maintained complete responses in 6/9 mice with established MYCN-driven murine neuroblastomas. These data support clinical development of PLK4 inhibitors for high-risk neuroblastoma and other cancers with somatically acquired TRIM37 overexpression.",nature_html
Electronic softening of degraded LiCoO2 enables direct regeneration via ligand-mediated interface modulation,https://academic.oup.com/nsr/advance-article/doi/10.1093/nsr/nwag369/8707691?rss=1,,National Science Review Advance Access,2026-06-13 00:00:00+00:00,10.1093/nsr/nwag369,Jiang Zhou,,"The direct regeneration of degraded lithium cobalt oxide (LiCoO2, LCO) cathodes is pivotal for sustainable battery recycling, yet remains hindered by the intricate lattice defects arising from surface electronic-structure instability. Most existing regeneration strategies rely on compositional compensation while neglecting electronic-level regulation, and lack research on spontaneously formed, electrochemically unfavorable interface (rigid interface) that impede ion transport. Herein, we demonstrate a ligand-mediated electronic modulation strategy using a lithium-aluminum acetylacetonate complex (LAAE), where acetylacetonate (acac) functions as an electronic mediator rather than a conventional chelator. Through π→d orbital coupling with high-valence cobalt sites, acac redistributes Co-O bonding characteristics, creating an electronically compliant surface. This adsorption-induced bond weakening preferentially destabilizes defect-associated Co-O linkages, facilitating the removal of electronically inactive cobalt species and oxygen vacancy passivation, while lowering interfacial ion transport barriers. Simultaneously, lithium replenishment from Liacac-derived species together with Al3+ incorporation contributes to stabilizing the layered framework. The regenerated LCO (R-LCO-Al) achieves a near-ideal stoichiometry with suppressed oxygen vacancies and restored structural ordering, delivering a high specific capacity of 179.9 mAh g−1 at 0.5 C (3.0–4.5 V) and 87.0% capacity retention after 200 cycles, rivaling commercial LCO. These findings establish electronic-structure modulation as an effective strategy for closed-loop regeneration of degraded oxide cathodes.",rss_oup
Emerging Integrated Photonic Neural Network Technologies for Artificial Intelligence: From Devices to Systems,https://academic.oup.com/nsr/advance-article/doi/10.1093/nsr/nwag335/8707690?rss=1,,National Science Review Advance Access,2026-06-13 00:00:00+00:00,10.1093/nsr/nwag335,John E Bowers,,"The rapid expansion of artificial intelligence (AI) has created an explosive demand for computing power, while traditional von Neumann-based electronic computing faces the memory and interconnect bottlenecks. By migrating critical operations to the optical domain, photonic neural networks (PNNs) offer a promising solution to significantly reduce system latency and energy consumption. Driven by silicon (Si) photonics, on-chip PNNs achieve high-density integration on scalable platforms, promoting the evolution of optoelectronic integration systems. This paper presents a comprehensive review of emerging integrated PNN technology for AI, employing a cross-layer framework that spans from fundamental physical devices to system-level implementation. Based on the requirements of PNNs, this review analyzes key hardware devices and mainstream computing core architectures, evaluates integration strategies, and discusses advanced system packaging. Furthermore, the review provides a prospect on the field by identifying the remaining technical challenges and highlighting the transformative potential of PNNs as the infrastructure for next-generation AI.",rss_oup
A probabilistic forecasting framework for neighbourhood-level disaggregation of electric vehicle adoption scenarios,https://www.nature.com/articles/s41467-026-74155-0,,Scientific community and society : Nature Communications subject feeds,2026-06-13 00:00:00+00:00,,Julian Padget,,"The rapid growth of electric vehicle (EV) adoption presents significant challenges for electricity networks, particularly at the low-voltage level, where clustered neighbourhood demand risks overloading infrastructure. Existing scenario-based planning approaches typically assume uniform EV uptake across neighbourhoods within a region, failing to capture the heterogeneity in historical EV registration data. They provide limited uncertainty quantification, despite the difficulty of predicting future adoption at fine spatial scales. This paper introduces a Gaussian process (GP)-based forecasting framework that combines granular historical EV registration data with top-down regional scenarios to generate probabilistic neighbourhood-level forecasts. The GP captures how local adoption deviates from regional trends, encoded in the GP’s mean function, ensuring consistency with broader scenarios while accounting for local variation and uncertainty. We validate the framework using ten representative local authority districts in England and Wales, covering 1,294 neighbourhoods. The framework demonstrates improved performance compared to baseline methods (scaled scenario, logistic growth, linear extrapolation) in normalised mean absolute error, with statistically significant improvements at horizons of three years and beyond. It also delivers well-calibrated prediction intervals, providing reliable uncertainty estimates. This framework offers a practical tool for network operators, policymakers, and planners to support targeted decision-making and investment.",nature_html
Generative flow model on distance geometry for predicting transition states of chemical reactions,https://www.nature.com/articles/s41467-026-74101-0,,Physical sciences : Nature Communications subject feeds,2026-06-13 00:00:00+00:00,,Jian Sun,,"This paper addresses the challenge of predicting transition states, which are essential for understanding reaction mechanisms but difficult to obtain through experiments or conventional computations. We formulate transition state prediction as conditional probability flow learning in molecular distance geometry space rather than Cartesian coordinates. By operating on interatomic distances, the generative flow model on distance geometry employs a chemically constrained representation that captures bond reorganization. An optimal transport inspired evolution path directs the generative process toward chemically consistent intermediates through a dual branch network architecture. On the benchmark datasets, the proposed model improves pre-optimization structural fidelity over Cartesian baselines, accelerates transition state refinement, and generalizes to unseen reactions. This work shows that aligning generative modeling with chemically constrained geometric representations enables practical and accelerated transition state modeling pipelines.",nature_html
Operando identification of anion effect on lithium nucleation and growth via in situ transmission electron microscopy,https://www.nature.com/articles/s41467-026-74340-1,,Physical sciences : Nature Communications subject feeds,2026-06-13 00:00:00+00:00,,Zhiyuan Zeng,,"Lithium metal batteries are considered promising candidates for next-generation energy storage due to the high capacity and low redox potential of lithium negative electrodes. However, dendritic Li growth and unstable solid-electrolyte interphase formation remain critical bottlenecks for practical implementation. While electrolyte anion chemistry critically governs solid-electrolyte interphase formation, nanoscale observations of anion-regulated Li nucleation and growth mechanisms remain limited in tracking dynamic interfacial processes. Here, we employ in situ liquid-phase transmission electron microscopy combined with cryogenic spectroscopy and computational modelling to unravel anion-specific Li nucleation and growth in three distinct electrolytes: LiClO4, LiPF6, and LiTFSI-based electrolytes. Real-time tracking reveals that ClO4− drives dendritic Li growth with organic dominated solid-electrolyte interphase, whereas PF6− stabilizes moss-like Li nucleation through LiF-organic hybrid interphases. Notably, TFSI⁻ forms a bilayer SEI with LiF/Li2CO3-rich inner layers, enabling Li lateral growth and fusion. Molecular dynamics simulations correlate anion-induced interface architectures with Li+ transport and surface potential distributions, demonstrating that TFSI− suppresses dendrites via balanced mechanical confinement and ion-flux regulation. These anion-mediated interface engineering observations offers principles for electrolyte design toward stable lithium metal batteries.",nature_html
Generation of ultra-broadband frequency comb in strongly bistable nonlinear magnonic resonator,https://www.nature.com/articles/s41467-026-74143-4,,Physical sciences : Nature Communications subject feeds,2026-06-13 00:00:00+00:00,,Xufeng Zhang,,"Magnonic frequency combs (MFCs) offer a promising route to compact, energy-efficient platforms for on-chip coherent microwave signal generation and processing. Conventional on-chip comb generation typically relies on nonlinear resonators supporting equidistant, low-loss resonances driven by a monochromatic signal, resulting in fixed comb spacing. Here we introduce and experimentally demonstrate a distinct mechanism for ultra-broadband MFC generation using a highly nonlinear miniaturized magnonic resonator. The small resonator volume, combined with a slow-wave transducer, drives the system deep into the bistable regime where parametric excitation of propagating spin waves facilitates comb formation. Our approach yields over 350 comb lines spanning a 450 MHz bandwidth, with spacing continuously tunable via a two-tone external drive, representing an order-of-magnitude enhancement over prior reports at relatively low power. The platform is ultra-compact, scalable, and highly tunable, establishing a distinct frequency comb paradigm with transformative opportunities in microwave signal processing, neuromorphic computing, and precision sensing.",nature_html
Annealing of skyrmion lattice in van der Waals magnet via field modulation,https://www.nature.com/articles/s41467-026-74219-1,,Physical sciences : Nature Communications subject feeds,2026-06-13 00:00:00+00:00,,Yi Du,,"In atomic solids, annealing transforms disordered structures into ordered crystals through thermal activation, whereas realizing a comparable process in quasiparticle lattices is highly desirable. Magnetic skyrmions are topological spin textures that can form ordered lattice and undergo equilibrium phase transitions, yet thermal activation is insufficient to overcome their kinetic constraints or provide tunable control. Here, we demonstrate field-driven annealing of skyrmions in two-dimensional van der Waals Fe3GaTe2 (FGaT) at room temperature. Oscillating magnetic fields drive the formation of polycrystalline skyrmion lattices, whereas bipolar current pulses generate anisotropic hexatic states through current-induced lattice distortion. Despite distinct external fields, both processes follow similar defect-mediated crystallization dynamics. The annealing is enabled by the interplay between DMI and MA, while the thermodynamics are primarily governed by dipolar interactions. Our findings demonstrate a pathway for annealing control of topological spin textures and establish FGaT as a platform for exploring skyrmion collective behaviour and reconfigurable spintronics.",nature_html
Electrochemical artificial humification for sustainable waste biomass valorization and soil remediation,https://www.nature.com/articles/s41467-026-74387-0,,Earth and environmental sciences : Nature Communications subject feeds,2026-06-13 00:00:00+00:00,,Yucai Liu,,"Waste biomass valorization is critical for sustainability. In nature, biomass is converted into humic substances via humification, a key component of global biogeochemical cycles. Here, authors develop a rapid electrochemical artificial humification (EAH) method: unlike natural and microbially mediated humification which take days to years, EAH matures in 60 minutes. Mechanistically, biomass degrades, with quinone-like radicals generated at the anode and H* at the cathode driving primary amine formation, and these intermediates undergo polymerization to form macromolecular artificial humic-like substances (AHLS) whose molecular, elemental and physicochemical traits resemble natural humic substances (NHS). AHLS shows potential as slow-release fertilizers and oxidizing agents, with uses in saline-alkali soil remediation, pollutant removal and nutrient slow release. Techno-economic analysis highlights EAH’s advantages in land use efficiency and short-distance transportation which makes it particularly suitable for land-scarce megacities, while life cycle assessment shows it outperforms landfilling and composting in mitigating greenhouse effects and acidification. This work advances waste-to-resource tech, offers soil fertility and environmental strategies, and meets the core need for scalable, circular sustainability solutions.",nature_html
A User’s Roadmap to Foundation Models on Single-Cell and Spatial-Omics – Cell Type and Lineage applications,https://academic.oup.com/nsr/advance-article/doi/10.1093/nsr/nwag371/8707689?rss=1,,National Science Review Advance Access,2026-06-13 00:00:00+00:00,10.1093/nsr/nwag371,,,,
Robust bulk silicon carbide polymorphs sintered from collapsed hollow mesoporous structure,https://www.nature.com/articles/s41467-026-74043-7,,Physical sciences : Nature Communications subject feeds,2026-06-13 00:00:00+00:00,,Wei Luo,,"Bulk silicon carbide (SiC) ceramics are important for extreme-environment applications, but conventional synthesis demands densification temperature above 2100 °C or additives. This work introduces a straightforward strategy utilizing hollow mesoporous powder, achieving nearly full densification (99.2 ± 0.49% relative density) at 1750 °C through spark plasma sintering. The hollow structure induces intense stress accumulation around mesopores, causing instantaneous structural collapse into nanofragments (~6 nm) that greatly accelerate the densification kinetics. The resulting SiC ceramics feature fine grains (200–300 nm), clean grain boundaries, and coexisting 2H, 4H, and 3 C polytypes. These structural characteristics yield good mechanical properties: nanoindentation hardness > 35.0 GPa, Vickers hardness of 31.8 ± 1.6 GPa, and flexural strength of 625.32 ± 22.3 MPa—all exceeding conventional pure SiC. Theoretical and experimental analysis demonstrate that high-density stacking faults, nano-twins, and polytypic boundaries create substantial lattice distortions and atomic strain fields, effectively pinning dislocations and suppressing plastic deformation.",nature_html
Intrinsic DNA codes govern distinct modes of nucleosome-transcription factor interactions,https://www.nature.com/articles/s41467-026-74448-4,,Biological sciences : Nature Communications subject feeds,2026-06-13 00:00:00+00:00,,Feng Cui,,"The interplay between transcription factors (TFs) and nucleosomes is central to gene regulation, yet most studies adopt a protein-centric perspective that largely overlooks DNA sequence contributions. Here, we identify four distinct nucleosomal DNA classes, including the canonical WW/SS pattern (W = A/T, S = G/C). All four nucleosome types are widespread across the human genome both in vivo and in vitro. Nucleosomes sharing the same pattern are rotationally in phase, whereas different patterns exhibit specific rotational offsets, revealing distinct DNA codes for nucleosome positioning. Analysis of 744 TFs across eukaryotes shows that the WW/SS and anti-WW/SS patterns are associated with TF binding in chromatin. Differences in the proportions of these patterns in a region, quantified as ΔNPS values, correlate closely with in vitro nucleosome occupancy. Integrating ΔNPS with in vivo nucleosome occupancy identifies four distinct modes of nucleosome–TF interaction and links nucleosomal DNA patterns to nucleosome-depleted regions around TF binding sites.",nature_html
Covalently bonded polymer-metal-organic framework semiconductive membranes for flexible X-ray detection,https://www.nature.com/articles/s41467-026-74218-2,,Physical sciences : Nature Communications subject feeds,2026-06-13 00:00:00+00:00,,Shuao Wang,,"The fabrication of flexible semiconductive metal-organic frameworks (MOFs) membranes is a challenging research target with unique optoelectronics applications. In this work, we introduce a semiconductive polyMOF (polymer-metal-organic framework) strategy that copolymerizes semiconductive MOFs with polymer monomers, yielding uniform and defect-minimized semiconductive membranes with ultralow trap densities and eliminating microgaps. This molecular integration enables efficient charge transport, realizing flexible MOF membranes for high-sensitivity radiation detection. The polyMOF-based flexible detector demonstrates exceptional performance, with a leading X-ray sensitivity of 6972.9 μC Gyair−1 cm−2 among reported flexible X-ray detectors and an ultralow detection limit of 52.6 nGyair s−1. The flexible polyMOF detector outperforms the flat-panel devices in resolution and versatility while also serving as a conformal dosimeter with commercial-level accuracy. This work establishes covalent polyMOFs as a universal platform for defect-engineered optoelectronics, bridging material innovations with flexible radiation detection technology.",nature_html
Molecular pharmacodynamics of amoxicillin-clavulanic acid for urinary tract infections caused by Escherichia coli,https://www.nature.com/articles/s41467-026-74323-2,,Biological sciences : Nature Communications subject feeds,2026-06-13 00:00:00+00:00,,William Hope,,"Amoxicillin-clavulanic acid (AMX-CLV) is a widely used oral β-lactam/β-lactamase inhibitor combination against Escherichia coli. Clinical success is largely confined to urinary tract infections. The mechanistic basis for this site-specific efficacy remains unclear. Using a hollow-fibre infection model to replicate human plasma and urinary pharmacokinetics, we show that plasma-like exposures rapidly select for pre-existing resistant subpopulations; whereas, urinary exposures produce sustained bactericidal activity without resistance emergence. Genomic and transcriptomic analyses following plasma drug exposure reveal that treatment selectively enriches pre-existing resistant lineages already harbouring oxidative-stress-associated mutations that activate the SOS response and drive IS-mediated amplification of blaTEM-1, leading to β-lactamase hyperproduction and treatment failure. In contrast, the high urinary concentrations of clavulanic acid exert direct antibacterial activity, eradicating these subpopulations. Our findings demonstrate that local pharmacokinetic environments fundamentally shape evolutionary trajectories under β-lactam/β-lactamase inhibitor therapy, explaining the restricted efficacy of AMX-CLV and revealing a dynamic interplay between stress responses, genome plasticity, and drug partitioning that governs treatment outcome.",nature_html
Single-atom substitution redirects KatG reactivity from cofactor biogenesis to stereoselective sulfoxidation,https://www.nature.com/articles/s41467-026-73579-y,,Biological sciences : Nature Communications subject feeds,2026-06-13 00:00:00+00:00,,Aimin Liu,,"Protein-derived cofactors rely on precisely positioned heteroatoms to direct redox chemistry, yet isolating their individual contributions remains challenging. The indole N–H of tryptophan plays a central yet elusive role in biogenesis and function of the Met–Tyr–Trp (MYW) cofactor in catalase-peroxidase (KatG). Here, we use genetic code expansion to replace cofactor-forming Trp105 with thiotryptophan (S-Trp), enabling a single-heteroatom (N → S) substitution. Instead of forming the MYW crosslink, KatG bearing S-Trp105 undergoes site-specific monooxygenation to yield a chiral sulfoxide. HPLC-MS, circular dichroism, and FT-IR spectroscopy identify selective oxygen insertion at the sulfur, establishing enantioselective formation of an (S)-configured sulfoxide. A 2.22 Å cryo-EM structure visualizes the oxidized S-Trp105, revealing the S = O moiety orienting toward the iron and confirming the absence of crosslinking. The S-atom oxygenation is heme-dependent and proceeds via a two-electron oxygen-atom transfer, contrasting with the radical-mediated one-electron chemistry of native tryptophan. This redirection suppresses catalase activity by perturbing cofactor formation. These results show that a single-atom substitution reroutes the distal heme site from radical crosslinking to stereoselective sulfoxidation, uncovering a monooxygenase-like capability within KatG. This work highlights using noncanonical amino acids to achieve atomic-level control over reaction pathways and to interrogate cofactor biogenesis with unprecedented precision.",nature_html
Self-assembling proteins compose the chemically resistant shell biomaterial of planktonic tintinnid ciliates,https://www.nature.com/articles/s41467-026-74402-4,,Biological sciences : Nature Communications subject feeds,2026-06-13 00:00:00+00:00,,Sabine Agatha,,"Biomaterials provide superior properties and sustainable alternatives relevant to medicine, textiles, and high-tech applications. Research has mainly focused on animal-derived proteinaceous biomaterials, which remain challenging to reproduce while retaining their remarkable properties. Here, we show that the shell biomaterial of tintinnid ciliates, a lineage of planktonic unicellular eukaryotes, is composed of self-assembling structural proteins. The shells form in sea- and freshwater, are structurally diverse, and exhibit resistance against high temperatures and the strongest chemicals. Combining single-cell transcriptomics with proteomics of the shells, we identify the amino acid sequences of the shell-forming proteins that represent a new family unique to tintinnid ciliates, which we term Tintinnidorin. The proteins are rich in aromatic residues and possess a coherent architecture with flexible, unfolded segments connecting a folded core structure of beta-sheets. These multivalent capabilities facilitate intracellular storage, extracellular self-assembly, wet adhesion, thermostability, and salt tolerance. Tintinnid ciliates and their Tintinnidorin proteins provide an accessible system to elucidate sequence-structure-material relationships and inspire biomaterial design.",nature_html
Deciphering small sequence differences in T cell receptor-antigen pairing,https://www.nature.com/articles/s41467-026-73396-3,,Biological sciences : Nature Communications subject feeds,2026-06-13 00:00:00+00:00,,Tao Wang,,"T cells have important functions in development and disease processes through T cell receptor (TCR)-dependent activities. Many tools were developed to predict the binding between TCRs and antigens. However, one of the uncertainties is whether such tools can decipher how small changes in the TCRs or antigenic peptides contribute to binding. We develop a deep learning model, pMTnet-omni, which not only predicts the binding vs. non-binding of TCRs towards pMHCs, but also distinguishes the stronger vs. weaker binding of TCRs similar in sequence. We leverage this capability to interpret the biological rules that govern TCR-antigen pairing. This also enables pMTnet-omni to accurately predict variant TCRs with desired stronger or weaker binding to the antigen, in conjunction with a Lab-in-the-Loop (LiL) mechanism. We show that pMTnet-omni can also predict binding of TCRs towards similar pMHCs. Overall, we provide a flexible toolkit for research and translational applications involving antigens and TCRs.",nature_html
Analytical framework for understanding twisted 2D materials,https://academic.oup.com/nsr/advance-article/doi/10.1093/nsr/nwag339/8707688?rss=1,,National Science Review Advance Access,2026-06-13 00:00:00+00:00,10.1093/nsr/nwag339,,,,
Clonal evolution and mutational trajectories of metastatic colorectal cancer shaped by anticancer therapies,https://www.nature.com/articles/s41467-026-74384-3,,Biological sciences : Nature Communications subject feeds,2026-06-13 00:00:00+00:00,,Yongjun Cha,,"The evolutionary dynamics of cancer genomes at single-cell resolution under therapeutic pressure remain elusive. Hence, we perform whole-genome sequencing of 58 single-cell-derived tumoroids and 18 matched bulk tumors from six patients with metastatic colorectal cancer. High-resolution phylogenies reveal the clonal evolution of cancer with quantitative and qualitative profiling of therapy-associated mutations at the single-cell level. We uncover pronounced inter- and intra-patient heterogeneity in burden and spectrum of chemotherapy-induced mutations, with preferential enrichment in more proliferative lineages, highlighting differential mutagenic effects across co-existing cancer cell populations. Late-stage mutational trajectories uncover strikingly dynamic genomic alterations, including complex structural variants, extrachromosomal DNA amplifications, and LINE-1 retrotranspositions, often involving alterations in cancer driver genes. Together, we show the clonal architecture and mutational landscapes of advanced cancers under therapeutic pressure, providing an important foundation for future studies of late-stage cancer evolution under therapies.",nature_html
Molecular evidence for early deuterostome origins of ovarian cell types and neuroendocrine control of reproduction,https://www.nature.com/articles/s41467-026-74401-5,,Biological sciences : Nature Communications subject feeds,2026-06-13 00:00:00+00:00,,S. Zachary Swartz,,"Oogenesis requires complex interactions between germline and somatic cell types in the ovary. How did these cell types and their signaling interactions evolve? Here we use the sea star Patiria miniata as a non-chordate deuterostome representative to define the ovarian cell type toolkit in echinoderms. Sea stars continuously produce millions of new oocytes throughout their lifespan, making them a practical system to understand the mechanisms that drive oogenesis from a biomedical and evolutionary perspective. We performed scRNA-seq combined with high-resolution 3D imaging to reveal the ovarian cell types and their spatial organization. Our data support the presence of putative oogonial stem cells, granulosa-like, and theca-like cells, which display similarities with their mammalian counterparts. We also describe possible signaling interactions between somatic and germ line cells. Lastly, our data may suggest an intrinsic ovarian neuroendocrine system which could potentially regulate oogenesis.",nature_html
Characterization of membrane structures regulating primary ciliogenesis by quantitative isotropic ultrastructure imaging,https://www.nature.com/articles/s41467-026-73638-4,,Biological sciences : Nature Communications subject feeds,2026-06-13 00:00:00+00:00,,Christopher J. Westlake,,"The trafficking, docking, and fusion of membrane vesicles at the mother centriole (MC) are important for primary cilium construction. Here, we determined the three-dimensional (3D) membrane ultrastructures, and associated proteins, involved in this primary cilium assembly mechanism upstream of axoneme growth. Our work suggests that the enlargement of small vesicles docked to the MC is a key trigger for ciliogenesis progression, a process requiring the MC distal appendage protein CEP164. These vesicles appear to fuse to form tubular C-shaped intermediates and an unprecedented toroidal membrane intermediate. The formation of these previously uncharacterized tubular membrane ciliogenesis intermediates is orchestrated by the membrane trafficking regulators EHD1 and RAB8, and is associated with the IFT-B complex protein IFT88. Remarkably, we show that EHD1, through its membrane tubulation function, regulates ciliogenesis progression by directly promoting CP110/CEP97 removal from the MC cap. The establishment of these tubular membrane structures is also associated with the recruitment of the ciliary gate transition zone proteins. Together, these findings redefine the architectural framework of early ciliogenesis and underscore the utility of isotropic ultrastructural imaging combined with quantitative 3D analysis for elucidating mechanisms of membrane trafficking and organelle biogenesis.",nature_html
In situ reprogramming of CAR-alveolar macrophages via liposomal nanomedicine for lung cancer immunotherapy,https://www.nature.com/articles/s41467-026-74162-1,,Biological sciences : Nature Communications subject feeds,2026-06-13 00:00:00+00:00,,Jianfeng Liu,,"Immunotherapy has revolutionized lung cancer treatment; however, response rates remain suboptimal. Alveolar macrophages (AMs) within the tumor microenvironment contribute to immunotherapy resistance by inhibiting T cell function through metabolic exhaustion, as well by promoting tumor progression via a pro-tumor M2-like phenotype. Here, we describe a precision-engineered, cascade-targeted liposomal nanomedicine (pCAR-P3/LNP) that enables in situ reprogramming of AMs via a multi-step targeting strategy—including lung accumulation via intrapulmonary nebulization, active cellular targeting, and promoter-driven activation—to generate functionally optimized chimeric antigen receptor-expressing AMs (CAR-AMs). The CAR-AMs mediate synergistic antitumor efficacy through three integrated mechanisms: targeted phagocytosis of lung cancer cells, enhanced antigen presentation, and M1-like repolarization. Furthermore, CAR-AM-induced immune activation and memory potentiate the efficacy of immune checkpoint inhibitors and suppress metastatic progression in lung cancer models in female mice. This nanomedicine-based cell reprogramming strategy provides an approach to overcome immunosuppressive barriers in lung cancer immunotherapy and exemplifies the convergence of nanotechnology with immunology for enhanced therapeutic outcomes.",nature_html
Spatial architecture of autism pathogenesis reveals mosaic structural disarray during early development,https://www.nature.com/articles/s41467-026-74320-5,,Biological sciences : Nature Communications subject feeds,2026-06-13 00:00:00+00:00,,Jinyue Liu,,"Autism spectrum disorder (ASD) has been associated with diverse genetic factors and molecular changes. Yet, how pathophysiology emerges during development and contributes to clinical heterogeneity remains unclear. Here we use spatial and single-cell transcriptomics of genetically diverse patient-derived organoids of the prenatal cortex to map the spatial architecture of ASD pathogenesis. We find abnormal partitioning of progenitor and neuron zones alongside local patches of disorganized neurons that vary in distribution among patients. Such spatially mosaic disarray persists into neuronal maturation and is consistent with impaired adhesion between progenitors. Our findings suggest that the spatial landscape of biological processes leading to ASD may be more heterogeneous than previously thought. We propose a model in which different patterns of scattered abnormalities, arising from spatially mosaic pathogenesis during prenatal brain development, contribute to the wide range of symptoms and brain structure variations observed in ASD patients.",nature_html
Mid-infrared snapshot spectral imaging via nonlinear radial dispersion,https://www.nature.com/articles/s41467-026-74263-x,,Physical sciences : Nature Communications subject feeds,2026-06-13 00:00:00+00:00,,Heping Zeng,,"Mid-infrared spectral imaging provides chemically specific contrast through molecular vibrational fingerprints, yet snapshot acquisition remains severely limited by the lack of high-sensitivity detectors and efficient spectral encoding mechanisms. Here we introduce snapshot MIR spectral imaging based on intrinsic nonlinear radial dispersion, in which wavelength-dependent phase matching simultaneously enables frequency upconversion and spectral multiplexing. Different spectral components are mapped to distinct output angles within a 4f imaging architecture, enabling single-shot spectral encoding without external dispersive elements. In combination with speckle illumination encoding, spectral information is compressed and recovered without additional coding components. Leveraging nonlinear upconversion to the visible, the approach achieves room-temperature MIR spectral imaging with sensitivity approaching 1 photon/pixel/pulse across a broad spectral range from 2.5 to 4.0 μm. This work transforms spectral encoding from an external optical function into an inherent property of the nonlinear imaging process, providing a general route to high-sensitivity snapshot MIR spectral imaging.",nature_html
"Advances, challenges and prospects in thermoelectric cooling technology",https://www.sciencedirect.com/science/article/pii/S0306261926008779?dgcid=rss_sd_all,,ScienceDirect Publication: Applied Energy,2026-06-13 00:00:00+00:00,,Huadong Zhao,,,
Synergistic Dual Modulation of Li2S Redox Kinetics and Anode Stability Enabled by a High‐Efficiency Organodisulfide Mediator in Anode‐Free Lithium–Sulfur Batteries,https://advanced.onlinelibrary.wiley.com/doi/10.1002/adma.73710?af=R,,Wiley-Online-Library: Advanced Materials: Table of Contents,2026-06-13 02:50:19+00:00,10.1002/adma.73710,Jinkui Feng,,"ABSTRACT
                  
                    Lithium sulfide (Li
                    2
                    S) is pivotal for high‐energy‐density lithium–sulfur (Li─S) batteries due to its high theoretical capacity, abundant sulfur resources, and compatibility with anode‐free architectures. However, its application is hindered by its intrinsically insulating nature and sluggish redox kinetics. Furthermore, traditional 1,3‐dioxolane/1,2‐dimethoxyethane electrolytes cannot withstand high voltages and pose safety hazards due to low flash points. Herein, we propose a synergistic strategy by introducing diisopropyl dithiocarbonate disulfide (DIP) as a multifunctional redox mediator into a high‐flash‐point, high‐voltage‐tolerant tetraethylene glycol dimethyl ether electrolyte system. DIP directly converts Li
                    2
                    S to lithium polysulfides, decreasing the activation voltage of the first charge to 2.48 from 3.18 V. Simultaneously, DIP facilitates the formation of an organosulfur‐rich solid electrolyte interface on the lithium surface, effectively suppressing lithium dendrite formation and growth. Crucially, this system enables stable cycling in anode‐free Cu||Li
                    2
                    S batteries for 160 cycles at 0.3 mAh cm
                    −2
                    . Standard Li||Li
                    2
                    S cells also demonstrate superior durability, achieving an extremely low per‐cycle decay rate of 0.037% at 1C. Moreover, this strategy holds promise for other metal‐sulfur systems, such as Na─S, K─S, Ca─S, Mg─S, and Zn─S batteries, providing a feasible path for safe, next‐generation energy storage.",crossref
Programming Insulator‐to‐Metallic Transport in Insulating Materials via Surface Single‐Atom Engineering,https://advanced.onlinelibrary.wiley.com/doi/10.1002/adma.73723?af=R,,Wiley-Online-Library: Advanced Materials: Table of Contents,2026-06-13 05:29:00+00:00,10.1002/adma.73723,Hualiang Lv,,"ABSTRACT
                  
                    Reconfigurable electronic states in insulating materials enable metal‐like transport while preserving the intrinsic robustness and functional versatility of insulating hosts, thereby redefining materials beyond the conventional metal–insulator dichotomy. However, obtaining such states remains extremely challenging owing to strong electronic localization inherent in insulating materials. We demonstrate a universal surface single‐atom engineering strategy for linear and deep programming of electronic transport in insulating oxides and nitrides, including SiO
                    2
                    , Al
                    2
                    O
                    3
                    , and BN, by selectively inducing local symmetry breaking, effective bandgap compression, and impurity‐band percolation. Consequently, this strategy continuously narrows the bandgap and ultimately yields metallic transport characteristics with anomalously minimal temperature dependence. Furthermore, we apply single‐atom‐anchored SiO
                    2
                    , an intrinsically electromagnetic wave‐transparent material, to shielding with a record‐high effectiveness of 98.6% for an ultrathin 80 µm film that also maintains stable performance over a temperature range of 300–800 K. This counterintuitive performance defies the conventional paradigm, demonstrating that an intrinsically insulating material can achieve electromagnetic shielding comparable to state‐of‐the‐art metals while avoiding the temperature‐induced performance degradation of metallic shielding materials. Overall, we believe that this study establishes single‐atom band engineering as a general strategy for programming electronic transport in insulating materials, with broad implications for advanced electronics and unconventional functionalities.",crossref
Bioelectric Reawakening by a Self‐Powered Thermoelectric Hydrogel Accelerates Diabetic Ulcer Repair,https://advanced.onlinelibrary.wiley.com/doi/10.1002/adma.73728?af=R,,Wiley-Online-Library: Advanced Materials: Table of Contents,2026-06-13 06:25:05+00:00,10.1002/adma.73728,Jiaxiang Bai,,"ABSTRACT
                  
                    Diabetic foot ulcer (DFU) remains difficult to heal due to disrupted endogenous bioelectricity together with persistent infection, inflammation, and oxidative stress. Reinstating wound bioelectricity therefore represents an attractive therapeutic strategy, and thermoelectric materials are particularly suited to this purpose by harvesting the natural skin–air temperature gradient without external power input. Here, a self‐powered ionic thermoelectric dual‐network hydrogel is developed to simultaneously reconstruct wound bioelectric cues and remodel the hostile DFU microenvironment. The hydrogel generates wound‐relevant microcurrents under physiological temperature gradients, while luteolin and Zn
                    2
                    +
                    are incorporated as complementary bioactive modules to suppress bacterial burden and excessive inflammation, thereby establishing a pro‐regenerative niche. Meanwhile, the catechol‐containing dual‐network architecture imparts strong wet adhesion and robust mechanical stability for conformal wound coverage. Mechanistically, this study provides, to our knowledge, the first evidence that thermoelectric stimulation reprograms fibroblast repair behavior through bioelectric transduction into a Ca
                    2
                    +
                    /calmodulin‐dependent phosphoinositide 3‐kinase/protein kinase B (PI3K/Akt) and extracellular signal‐regulated kinase (Erk) signaling network. The hydrogel exhibits broad‐spectrum antibacterial activity, immunomodulatory effects, and pro‐angiogenic capacity in vitro, and accelerates wound healing by 66.84% in diabetic rats. This work establishes a self‐powered strategy that integrates bioelectric restoration with microenvironment remodeling for DFU repair.",crossref
Directional Concerted Proton‐Electron Transfer in COFs for Efficient Photocatalytic H2O2 Production,https://advanced.onlinelibrary.wiley.com/doi/10.1002/adma.73727?af=R,,Wiley-Online-Library: Advanced Materials: Table of Contents,2026-06-13 06:26:17+00:00,10.1002/adma.73727,Gen Zhang,,"ABSTRACT
                  
                    Photocatalytic two‐electron oxygen reduction reaction (2e
                    −
                    ORR) offers a sustainable route for green H
                    2
                    O
                    2
                    synthesis. However, its efficiency is fundamentally constrained by the kinetic mismatch between proton transfer and electron migration across heterogeneous interfaces. Inspired by concerted proton–electron translocation in natural hydrogenases, we report a catechol–triazine donor–acceptor (D–A) covalent organic framework, 2,3‐Dhta‐Tt, for directional concerted proton–electron transfer (DCPET) during photocatalytic H
                    2
                    O
                    2
                    production. The intrinsic built‐in electric field, combined with a catechol‐derived dynamic proton‐relay network, aligns proton and electron fluxes and establishes a periodic co‐transport channel toward triazine acceptor sites. At the molecular level, the catechol donor units dominate the highest occupied molecular orbital (HOMO), acting simultaneously as photoexcitation centers and initial proton‐release sites, thereby synchronizing proton delivery with electron migration. This vectorial coupling lowers the activation barrier for O─O hydrogenation and promotes highly selective 2e
                    −
                    ORR, affording an H
                    2
                    O
                    2
                    production rate of 27.22 mmol g
                    −1
                     h
                    −1
                    in pure water. The framework also exhibits proton conductivity of 6.09 × 10
                    −5
                     S cm
                    −1
                    and an extended excited‐state lifetime of 94.45 ps. Isotope labeling, operando spectroscopy, and DFT calculations support a proton‐cycling process and directional proton/electron participation. This work advances heterogeneous photocatalyst design beyond conventional PCET cooperativity.",crossref
Amphibious Breathable Ionic Skin Enabled by Dynamically Interlocked Star‐Shaped Ionic Liquid Telomers,https://advanced.onlinelibrary.wiley.com/doi/10.1002/adma.73701?af=R,,Wiley-Online-Library: Advanced Materials: Table of Contents,2026-06-13 06:27:44+00:00,10.1002/adma.73701,Peiyi Wu,,"ABSTRACT
                  Epidermal ionic skins act as promising adaptable interfaces for bioelectronics, but they often struggle to simultaneously maintain softness, breathability, adhesion, and conductivity across both dry and aquatic environments. Here, we introduce an amphibious ionic skin engineered by integrating a hydrophobic star‐shaped ionic liquid telomer as a bulky solvent within an amphiphilic linear poly(ionic liquid) network. The viscous four‐arm telomers are dynamically interlocked within the entangled matrix, facilitating robust water‐resistant self‐adhesion and self‐compliance. Meanwhile, the amphiphilic network provides efficient water‐permeable channels, ensuring superior moisture breathability in ambient conditions. Compared to conventional small‐molecule‐based ionic gels, our ionic skin exhibits high underwater stability due to the restricted leaching of the bulky telomeric species. When fabricated into ultrathin film electrodes, the material enables the acquisition of high‐fidelity electrophysiological signals in diverse environments, ranging from dry skin to fully submerged states. This topological network design provides a new strategy for developing environment‐adaptive skin‐like iontronic devices.",crossref
Unusual Anti‐Thermoplastics and Low Thermal Expansion in 2D Metal Halide Crystals,https://advanced.onlinelibrary.wiley.com/doi/10.1002/adma.202521667?af=R,,Wiley-Online-Library: Advanced Materials: Table of Contents,2026-06-13 08:09:51+00:00,10.1002/adma.202521667,Zhihua Sun,,"ABSTRACT
                  
                    Zero thermal expansion (ZTE) materials are critically important in numerous scientific and technical applications due to their versatile physical properties. However, these materials are predominantly inorganic oxides and metal alloys, while the intrinsically ZTE molecule‐based single crystals remain exceptionally scarce. This scarcity arises from the lack of a comprehensive understanding of molecular deformation and spatial orientation, which are governed by the intricate coupling between molecular dynamics and intermolecular interactions. Herein, we have presented the linear ZTE and unusual anti‐thermoplastics in a two‐dimensional metal‐halide crystal of G
                    3
                    Sb
                    2
                    Br
                    9
                    (
                    GSB
                    , where G is guanidinium). 
                    GSB
                     exhibits linear ZTE along the
                    a
                    ‐axis and
                    b
                    ‐axis (
                    α
                    a
                      = 1.77 × 10
                    −6
                     K
                    −1
                    , 
                    α
                    b
                      = 1.76 × 10
                    −6
                     K
                    −1
                    ) between 150 and 400 K, being comparable with several heterogeneous metal alloys (
                    e.g
                    ., LaFe
                    54
                    Co
                    3.5
                    Si
                    3.35
                    ). This behavior can be attributed to the wine‐rack motions, which produce compensatory effects between angular contraction of the inorganic framework and bond elongation. More interestingly, the crystal exhibits anti‐thermoplastic above 420 K, with both its hardness and Young's modulus increasing significantly. 2D metal‐halide molecular crystals combining ultralow in‐plane thermal expansion and anti‐thermoplastics are rarely reported. This work expands the scope of ZTE‐active materials and provides a material platform for studying thermal‐stiffening in soft metal‐halide frameworks.",crossref
A Lignin‐Targeted Pre‐Oxidation Strategy for Mitigating Closed Pore Collapse Toward High‐Stability Wood‐Based Hard Carbon Anodes for Na‐Ion Batteries,https://advanced.onlinelibrary.wiley.com/doi/10.1002/aenm.71179?af=R,,Wiley-Online-Library: Advanced Energy Materials: Table of Contents,2026-06-13 11:03:24+00:00,10.1002/aenm.71179,Lixia Yuan,,"ABSTRACT
                  
                    Wood‐based biomass is the most promising precursor of hard carbon anode for sodium‐ion batteries, due to its structural diversity. To realize precise control of the microstructure for hard carbons, we engineer a generally applicable lignin‐targeted pre‐oxidation strategy utilizing differential thermal responsiveness between lignin and cellulose in biomass. We employed NEXAFS, PDF, and SAXS analysis, which reveals that targeted pre‐oxidation mitigates closed‐pore collapse during carbonization, enabling precise structural engineering that significantly enhances platform capacity. This method delivers a reversible capacity of 392.0 mAh g
                    −1
                    with an initial columbic efficiency of 92.2% at 0.1 C, and a capacity retention exceeded 81.2% can be achieved after 2700 cycles at 5.0C. Moreover, full cells with Na
                    4
                    Fe
                    3
                    (PO
                    4
                    )
                    2
                    P
                    2
                    O
                    7
                    were assembled, coin cell retains ∼85% capacity after 11 000 cycles, and 14Ah pouch cells can exhibit ∼100% retention after 1500 cycles. This strategy validated across diverse biomass, providing mechanistic insights for designing commercial sodium‐ion battery anodes.",crossref
Tunnel‐Framework Interphase Driving Rapid Zn2+ Diffusion for Long‐Life Zn Metal Anodes,https://advanced.onlinelibrary.wiley.com/doi/10.1002/aenm.71196?af=R,,Wiley-Online-Library: Advanced Energy Materials: Table of Contents,2026-06-13 11:06:02+00:00,10.1002/aenm.71196,Ziyun Wang,,"ABSTRACT
                  
                    Aqueous zinc‐ion batteries (AZIBs) are presently attracting considerable interest for large‐scale energy storage owing to their low cost and high safety. Nevertheless, technical issues associated with aqueous electrolytes, including the hydrogen evolution reaction (HER), corrosion, and diffusion‐related dendrite growth, severely hinder their commercialization. Herein, a stable 3D tunnel framework (denoted as ASN) consisting of a Si
                    3
                    N
                    4
                    layer is constructed on bare Zn foil electrodes. The framework induces a homogeneous zinc ion flux and enables fast diffusion of zinc ions, while isolating the Zn metal surface from direct contact with water, thereby suppressing parasitic reactions. Density functional theory calculations and x‐ray absorption fine structure results reveal that Si─N sites within the coating facilitate the in‐tunnel hopping of Zn
                    2+
                    . Scanning electron microscope (SEM) images reveal uniform Zn nucleation and growth owing to the rapid diffusion accelerated by the tunnel framework, while in situ Raman spectroscopy reveals mitigated concentration polarization. As a result, the ASN@Zn symmetric cell exhibits an extended lifespan of more than 1800 h at 3 mA cm
                    −2
                    . The ASN@Zn anode reaches a high average coulombic efficiency of 99.89% over 1500 cycles. Moreover, the modified full cell with calcium vanadate cathode exhibits stable cycling for ∼10 000 cycles at 14 A g
                    −1
                    .",crossref
A Paintable Bioinspired Stratified Skin Resolving the Cooling‐Electricity Trade‐Off for All‐Weather Building Retrofits,https://advanced.onlinelibrary.wiley.com/doi/10.1002/adma.73697?af=R,,Wiley-Online-Library: Advanced Materials: Table of Contents,2026-06-13 13:45:37+00:00,10.1002/adma.73697,Zuankai Wang,,"ABSTRACT
                  
                    Passive daytime radiative cooling (PDRC) can mitigate heat stress by dissipating heat into cold outer space, yet its benefit is suppressed by rainfall and by overcooling at higher latitudes. To offset these limitations, globally distributed rainfall can be harnessed for complementary electricity generation via a droplet electricity generator (DEG). However, integrating DEG with PDRC while preserving both cooling and electrical performance remains challenging. Inspired by Tillandsia trichomes, we report a paintable bifunctional skin that resolves this trade‐off through stratified organization and functional reuse. A fluorinated top layer enables repeatable droplet electrification and self‐cleaning while preserving strong mid‐infrared emission, whereas nanoparticle‐based layers simultaneously provide broadband solar scattering and dielectric charge storage. Guided by Monte Carlo simulations, this skin exhibits 96.2% solar reflectance and 96.5% thermal emissivity, delivers a peak net cooling power of 104 W m
                    −2
                    , and sustains outdoor sub‐ambient cooling of up to 9.5°C for more than six months. During rainfall, it reaches a peak electrical power density of 357 W m
                    −2
                    . Global modeling across 1803 cities predicts a 33.9% expansion in the latitude span of net‐positive annual benefit relative to standalone PDRC, offering a scalable route toward all‐weather, latitude‐robust building retrofits.",crossref
"Unraveling the Design Principles of Crystallographic Orientation for Ultralong, 8500 Cycled Fe‐Ion Battery",https://advanced.onlinelibrary.wiley.com/doi/10.1002/adma.73744?af=R,,Wiley-Online-Library: Advanced Materials: Table of Contents,2026-06-13 13:46:50+00:00,10.1002/adma.73744,Linfeng Hu,,"ABSTRACT
                  
                    Rechargeable aqueous Fe‐ion batteries using Fe anodes is very promising in stationary grid‐scale energy storage but suffer from hydrogen evolution (HER) and Fe corrosion. Herein, we present new insights on the design principle of crystallographic orientation of the metallic Fe anode for long lifespan, sustainable Fe‐ion batteries. Guided by a density functional theory simulation on optimal surface energy and adsorption energy, we obtained highly [110] oriented Fe by annealing the commercial Fe foil at 1000°C in Ar/H
                    2
                    atmosphere. The [110] oriented Fe foil with the maximum exposure of (110) plane shows the significantly decreased lattice defect, residual stress, and grain boundary density. Consequently, side reactions including HER and by‐product formation were well suppressed with enhanced Fe‐ion diffusion and charge transfer kinetics. Significantly, 8540 cycle‐lifespan at 5.0 A g
                    −1
                    with 99.3% capacity retention was achieved in the full battery, which is not only very prominent in aqueous Fe
                    2+
                    ion battery systems, but also surpasses most of aqueous Zn
                    2+
                    , Mg
                    2+
                    ion batteries recently reported. Our findings demonstrate that uniform epitaxial Fe
                    2+
                    electrodeposition along the surface of preferred oriented Fe anode is an effective strategy to address the troublesome HER and corrosion issues in the aqueous battery using low‐cost, industrial Fe element.",crossref
Cytoskeleton‐Inspired Mechanically Interlocked Catenane Framework Enabling Robust yet Dynamic Polymer Networks,https://advanced.onlinelibrary.wiley.com/doi/10.1002/adma.73742?af=R,,Wiley-Online-Library: Advanced Materials: Table of Contents,2026-06-13 13:47:55+00:00,10.1002/adma.73742,Xuzhou Yan,,"ABSTRACT
                  
                    The red blood cell cytoskeleton, featuring a highly ordered yet dynamically reconfigurable skeletal topology, offers an important structural inspiration for designing high‐performance polymeric materials that integrate mechanical robustness, structural stability, and dynamic adaptability. Inspired by this topology and functionality, we report a class of dynamic polymer networks featuring a continuous mechanically interlocked catenane framework (
                    CF
                    MIN). The catenane framework is constructed via a sequential self‐assembly strategy, involving metal‐coordination‐driven formation of a supramolecular polyhexagonal network, followed by host–guest complexation with linear poly(crown ether). The resulting architecture integrates densely distributed mechanical bonds with a continuous rigid skeleton, thereby enabling simultaneous dynamic adaptability and structural stability. Compared with its structurally analogous but non‐interlocked control,
                    CF
                    MIN demonstrates significantly improved stiffness, strength, and toughness. These enhancements arise from hierarchical force‐triggered dynamic processes within catenane framework, involving host–guest dissociation, ring sliding, and metal–ligand bond rupture, together facilitating efficient energy dissipation. Meanwhile, topological constraints of catenane framework, along with robust metal coordination, impart superior structural stability to
                    CF
                    MIN, allowing network to retain integrity at temperatures up to 180°C. This work demonstrates that integrating mechanical bonds into ordered skeletal architectures offers a promising strategy for designing robust, dynamically adaptive, and thermally stable polymeric materials.",crossref
Ferroelectric Dynamic‐Field‐Driven Nucleation and Growth Model for Predictive Materials‐To‐Circuit Co‐Design,https://advanced.onlinelibrary.wiley.com/doi/10.1002/adma.73722?af=R,,Wiley-Online-Library: Advanced Materials: Table of Contents,2026-06-13 13:48:28+00:00,10.1002/adma.73722,John T. Heron,,"ABSTRACT
                  Real ferroelectric devices operate under mixed and distorted time‐varying voltages, yet the standard nucleation‐growth frameworks used to interpret ferroelectric switching, most notably the Kolmogorov‐Avrami‐Ishibashi (KAI) and nucleation‐limited switching models (NLS), are derived under the critically limiting assumption of a constant electric field. Thus, the prevailing interpretation of ferroelectric switching dynamics fails under real operating conditions. Here we introduce a compact dynamic‐field‐driven nucleation and growth (DFNG) model that enables quantitative fits to switching transients across multiple ferroelectric materials to extract time‐varying domain wall velocity and growth dimensionality, even under arbitrary voltage waveforms. This capability then motivates its use in device modeling under complex signals spanning disparate time and frequency scales. Coupling the compact model to application‐related waveforms and a circuit‐level simulation platform facilitates a predictive materials‐circuit co‐design framework by linking nucleation and growth parameters to memory window, disturb error, speed, and energy dissipation for next‐generation ferroelectric technologies.",crossref
Bio‐Inspired Full‐Spectrum Bidirectional Optoelectronic Synaptic Transistor for In‐Sensor Neuromorphic Vision,https://advanced.onlinelibrary.wiley.com/doi/10.1002/adma.73698?af=R,,Wiley-Online-Library: Advanced Materials: Table of Contents,2026-06-13 13:50:12+00:00,10.1002/adma.73698,Wenping Hu,,"ABSTRACT
                  
                    Inspired by avian visual systems, wide‐spectrum bidirectional optoelectronic synaptic transistors (OSTs) have emerged as a transformative platform for neuromorphic vision processing. However, current artificial synaptic technologies remain constrained by fragmented control paradigms that rely on wavelength‐selective or electrical polarity‐dependent modulation, restricting their capacity for complex visual information processing. In this study, an organic 2D molecular crystal (2DMC) heterojunction is developed to achieve high‐performance full‐spectrum bidirectional OSTs. The high‐quality 2DMC heterostructure facilitates efficient exciton separation and diffusion, yielding remarkable ambipolar characteristics with an exceptional responsivity of 6.3 × 10
                    4
                    A W
                    −1
                    under weak light. The bipolar heterostructure transistor design enables dynamic reconfiguration between excitatory and inhibitory synaptic behaviors through dual modulation mechanisms of spectral tuning and gate polarity control, successfully emulating bidirectional neuroplasticity features. The practical viability of this technology is demonstrated through implementation in a broad‐spectrum intelligent‐vehicle‐mounted vision system that achieves a classification accuracy of &gt;90% for traffic objects across complex scenarios. This work not only provides an effective strategy for developing high‐performance bidirectional optoelectronic synapses but also paves the way for advanced neuromorphic computing and intelligent machine vision technologies.",crossref
Rational Asymmetric Acceptor Engineering via Unidirectional Terminal π‐Extension and Optimizing Alkyl Branching Sites Affords a Binary Photovoltaic Efficiency of 20.7% by Suppressed Nonradiative Energy Loss,https://advanced.onlinelibrary.wiley.com/doi/10.1002/adma.73646?af=R,,Wiley-Online-Library: Advanced Materials: Table of Contents,2026-06-13 13:51:31+00:00,10.1002/adma.73646,Jin‐Liang Wang,,"ABSTRACT
                  
                    Ingenious molecular engineering of small‐molecule acceptors (SMAs) with low nonradiative energy loss (Δ
                    E
                    3
                    ) and enhanced exciton diffusion length (
                    L
                    D
                    ) to overcome the efficiency bottleneck of binary organic solar cells (OSCs) remains a critical challenge. Herein, a series of symmetric SMAs (
                    TC1‐F
                    to
                    TC4‐F
                    ) with progressively outward‐shifted branching sites and asymmetric/symmetric counterparts (
                    A‐TC3‐F
                    and
                    TC3‐NF
                    ) incorporating unidirectional/bidirectional naphthyl‐based terminals, are synthesized for efficient binary OSCs. The optimal 3ʳ
                    d
                    carbon branching site induces a distinct triclinic crystallographic system with closer π‐π stacking. Unidirectional naphthyl terminal‐based single‐crystal creates an unprecedented 2D lamellar network/3D interpenetrated packing that provides multidimensional charge‐transport pathways, which enabled an improved
                    L
                    D
                    and electron mobility in
                    A‐TC3‐F
                    neat film. The
                    A‐TC3‐F
                    ‐based blends optimize film formation kinetics and exhibit superior ordered molecular stacking morphology, yielding faster charge transport. Consequently, the optimized
                    A‐TC3‐F
                    ‐based binary OSCs achieve a champion PCE of 20.70% and an ultralow Δ
                    E
                    3
                    of 0.191 eV, setting a new benchmark for binary OSCs with asymmetric terminal‐based SMAs. Our systematic work highlights an innovative pathway for precisely tailoring the side‐chain branching position and a unidirectional terminal π‐extension strategy to optimize molecular packing, mitigate trade‐offs of device parameters, and boost benchmark PCE and minimal Δ
                    E
                    3
                    of binary OSCs with asymmetric terminal‐based SMAs.",crossref
Iron‐Hijacking Trojan Horse Nanoplatform Combats Implant‐Associated Biofilm Infections Through Immuno‐Fibrotic Remodeling,https://advanced.onlinelibrary.wiley.com/doi/10.1002/adma.73711?af=R,,Wiley-Online-Library: Advanced Materials: Table of Contents,2026-06-13 13:53:00+00:00,10.1002/adma.73711,Xiaochun Peng,,"ABSTRACT
                  Implant‐associated biofilm infections persist due to a vicious cycle of biofilm resilience and fibrosis‐driven immune exclusion. To break this cycle, we engineered a photothermal nanoplatform (CHPB@H) consisting of curcumin‐loaded hollow Prussian blue (CHPB) nanoparticles embedded in an injectable thermosensitive chitosan hydrogel for near‐infrared (NIR)‐triggered local delivery. Upon NIR irradiation, the platform releases iron ions and curcumin that self‐assemble into Fe‐curcumin (Fe‐Cur) complexes. These complexes act as a molecular “Trojan horse” that hijacks bacterial iron‐acquisition pathways to induce ferroptosis. Concurrently, CHPB scavenges reactive oxygen species (ROS) via its intrinsic nanozyme activity and suppresses oxidative stress‐driven fibroblast activation, thereby dismantling the fibrotic barrier that excludes immune effector cells. This dual action eliminates biofilms and restores immune cell infiltration into the infection site. In preclinical animal models, the therapy clears established implant infections, remodels the immune‐fibrotic microenvironment, and promotes tissue regeneration. This work establishes a “clear‐and‐remodel” paradigm that integrates active targeted ferroptosis (via iron hijacking) with immuno‐fibrotic remodeling, offering a translatable strategy for complex implant‐associated biofilm infections.",crossref
Shear‐Stiffening Damping Ionogels Enabled by the Synergy of Dynamic Bonds and Steric Hindrance,https://advanced.onlinelibrary.wiley.com/doi/10.1002/adma.73746?af=R,,Wiley-Online-Library: Advanced Materials: Table of Contents,2026-06-13 13:54:00+00:00,10.1002/adma.73746,Feng Yan,,"ABSTRACT
                  
                    High‐rate impact loading causes structural failure and insufficient energy dissipation in protective materials. The intrinsic stiffness–damping trade‐off in polymer materials makes it highly challenging to simultaneously achieve strong damping and broad frequency energy dissipation. Here, we developed tough ionogels with enhanced shear‐stiffening and damping capabilities through the synergy of dynamic bonds and steric hindrance of hyperbranched polymeric ionic liquids (HPILs). The synergistic coupling of dynamic‐bond dissociation in the high‐frequency regime and the topological constraint of viscous‐flow HPILs in the low‐frequency regime endows the ionogels with broad‐frequency damping and pronounced shear‐stiffening behavior. The prepared ionogel shows an 842‐fold shear‐stiffening response and high damping (tan δ &gt; 1) across a wide frequency range (10
                    −
                    3
                    –10
                    5
                    rad s
                    −
                    1
                    ). At a high impact rate of 4000 s
                    −
                    1
                    , it also exhibits high impact strength (248.6 MPa) and toughness (86.5 MJ m
                    −
                    3
                    ). This strategy provides a reference for the design of next‐generation high‐performance damping ionogels.",crossref
"Dearomative [3,3]‐Claisen Rearrangement of 2‐Indolyl Alcohols: An Efficient and General Protocol for Synthesizing 3,3‐Disubstituted Indolines and Related Indole Alkaloids",https://onlinelibrary.wiley.com/doi/10.1002/anie.7232106?af=R,,Wiley-Online-Library: Angewandte Chemie International Edition: Table of Contents,2026-06-13 16:37:01+00:00,10.1002/anie.7232106,Yu‐Ming Zhao,,"ABSTRACT
                  
                    Dearomative reactions of indoles have long been a focal point of research in organic synthesis due to their ability to transform planar molecules into three‐dimensional structures. Among these reactions, the dearomative indolic [3,3]‐Claisen rearrangement stands out, though it has been largely limited to two substrate classes: 2‐allyloxy indoles and 3‐indolyl alcohols. Herein, we report a practical and reliable dearomative Meerwein–Eschenmoser–Claisen rearrangement of 2‐indolyl alcohols, providing an innovative solution for the efficient construction of the widely observed structural unit of 3,3‐disubstituted indolines, prevalent in natural products and pharmaceuticals. This synthetic methodology features simple reaction conditions, broad substrate scope, good
                    E/Z
                    selectivity for products, and excellent chirality transfer from starting materials. The robustness of this methodology is demonstrated via the concise asymmetric total synthesis of the structurally complex alkaloid minfiensine, wherein the success of the total synthesis hinges on the strategic transformation of the dearomative indolic [3,3]‐Claisen rearrangement coupled with the palladium‐catalyzed regioselective α‐vinylation of carbonyl compounds.",crossref
Interfacial Electronic Modulation Redirects Anodic Radical Chemistry for Selective C─C Bond Cleavage in Electro‐Oxidative Lignin Depolymerization,https://onlinelibrary.wiley.com/doi/10.1002/anie.1876863?af=R,,Wiley-Online-Library: Angewandte Chemie International Edition: Table of Contents,2026-06-13 16:37:48+00:00,10.1002/anie.1876863,Yanlin Qin,,"ABSTRACT
                  
                    Electro‐oxidative lignin depolymerization is considered a promising route to renewable aromatics; however, its selectivity is often limited by competition with oxygen evolution and uncontrolled overoxidation at the anode. A CuO/Cu
                    0.92
                    Co
                    2.08
                    O
                    4
                    hetero structured catalyst was developed, with which 88% conversion of 2‐phenoxy‐1‐phenylethanol was achieved, affording benzaldehyde and phenol in 53% and 27% yields, respectively. By means of time‐resolved analysis and intermediate‐feeding experiments, a tandem pathway involving benzylic oxidation to 2‐phenoxyacetophenone followed by C
                    α
                    ‐C
                    β
                    scission was identified. In situ Raman and FTIR spectroscopy, together with EPR, revealed that the Cu─Co interface suppresses the accumulation of OER‐type CoOOH species while promoting oxygen‐centered radical chemistry under reaction conditions. Through density functional theory, it was further shown that interfacial electronic modulation strengthens substrate adsorption and lowers the barrier for bond cleavage. The same mechanistic logic was extended from the model substrate to enzymatic hydrolysis lignin, for which characteristic interunit linkages are weakened while aromatic products are retained. These findings establish interfacial control of anodic radical chemistry as a strategy for selective lignin bond editing under electrochemical conditions.",crossref
"Single‐Molecule Additive Integrating Na‐Ion Reservoir, Cosolvent, and Diluent Functions for Low‐Temperature Na‐Ion Batteries",https://onlinelibrary.wiley.com/doi/10.1002/anie.7967447?af=R,,Wiley-Online-Library: Angewandte Chemie International Edition: Table of Contents,2026-06-13 16:38:58+00:00,10.1002/anie.7967447,Yue Gao,,"ABSTRACT
                  
                    Na‐ion batteries hold great promise for low‐temperature energy storage, but their performance is severely constrained by Na‐ion loss, electrolyte freezing, and elevated viscosity. While each issue demands carefully tailored additive molecules, their combined use often leads to performance interference and complicates the manufacturing process. To overcome these concurrent challenges, we report an organic molecule, NaB(C
                    2
                    H
                    5
                    )
                    4
                    , designed via machine learning, which incorporates three functional components in a single entity: Na
                    +
                    to replenish sodium inventory, B(C
                    2
                    H
                    5
                    )
                    3
                    as a low‐freezing‐point cosolvent, and C
                    4
                    H
                    10
                    as a viscosity‐reducing diluent. NaB(C
                    2
                    H
                    5
                    )
                    4
                    undergoes complete decomposition below 4.0 V via a free‐radical cleavage pathway, as confirmed by NMR and mass spectrometry. The incorporation of this molecule reduces the freezing point of the ether electrolyte to −85.0°C, and when formulated in an ether‐based electrolyte at −60°C, it achieves an ionic conductivity of 0.61 mS cm
                    −1
                    and a viscosity of 49.7 mPa s. As a result, the hard carbon||P2‐Na
                    2/3
                    Ni
                    1/3
                    Fe
                    1/3
                    Mn
                    1/3
                    O
                    2
                    pouch cell exhibits an improved initial Coulombic efficiency from 64.8% to 83.7%, along with 90.2% capacity retention over 200 cycles at −60°C.",crossref
CO2‐Derived Degradable Polythioester Adhesives From Proton‐Trap‐Assisted S/O Isomerization‐Driven Cationic Ring‐Opening Polymerization,https://onlinelibrary.wiley.com/doi/10.1002/anie.8723325?af=R,,Wiley-Online-Library: Angewandte Chemie International Edition: Table of Contents,2026-06-13 16:40:16+00:00,10.1002/anie.8723325,Ye‐Zi You,,"ABSTRACT
                  
                    The development of degradable pressure‐sensitive adhesives (PSAs) holds great promise for enabling the recycling of adhesive‐containing materials. However, existing degradable PSAs are often constrained by insufficient or moderate adhesion strength, reliance on fossil‐based feedstocks, and/or incomplete degradation. Addressing these challenges requires the development of new polymerization strategies and material designs. Herein, we report a proton‐trap‐assisted S/O isomerization‐driven cationic ring‐opening polymerization of the CO
                    2
                    ‐derived thionolactone 3,6‐diethyltetrahydro‐2H‐pyran‐2‐thione, which enables the well‐controlled synthesis of high‐molecular‐weight CO
                    2
                    ‐based (co)polythioesters. The resulting materials exhibit a unique combination of high and tunable peel strength (up to 16.43 N/cm), excellent optical clarity (over 96% transmittance, low haze and low yellowness index), and the ability to undergo either complete degradation or quantitative depolymerization under mild conditions, delivering the first practical example of polythioester‐based PSAs. This study establishes a sustainable platform for PSA design that integrates robust performance with full life‐cycle management, thereby advancing the utilization of CO
                    2
                    ‐derived materials and circular polymer design.",crossref
"Substrate‐Controlled Dearomative Cycloadditions of Perfluoronaphthalenes via Visible‐Light Energy Transfer Catalysis: Switchable Access to [2+2], [4+2], and Diastereoconvergent Cycloadducts",https://onlinelibrary.wiley.com/doi/10.1002/anie.1846299?af=R,,Wiley-Online-Library: Angewandte Chemie International Edition: Table of Contents,2026-06-13 16:42:01+00:00,10.1002/anie.1846299,Biplab Maji,,"ABSTRACT
                  
                    We report the first substrate‐controlled intermolecular dearomative cycloaddition of polyfluoronapthalenes in which the substitution pattern of the olefin coupling partner governs the mode of cycloaddition. Under visible‐light energy transfer (
                    VL
                    EnT) catalysis, monosubstituted olefins react with octafluoronaphthalene to give dual dearomative ortho [2+2] cycloadducts selectively. In comparison, 1,1‐disubstituted olefins afford the corresponding para [4+2] cycloadducts with complete regiospecificity under otherwise identical conditions. Trisubstituted olefins engage in a diastereoconvergent [4+2] cycloaddition, delivering a single diastereomeric product regardless of the olefin geometry. This mild, operationally simple strategy provides direct access to structurally diverse, perfluorinated three‐dimensional molecular scaffolds, frameworks of increasing importance in drug discovery and materials science, from readily available starting materials in a single synthetic step. Control experiments and density functional theory calculations elucidated the
                    VL
                    EnT catalysis and olefin‐substitution‐controlled switching between distinct dearomative cycloaddition modes.",crossref
Reactivity of a d2 Mo(IV) Alkylidyne Fragment Bearing a PNCNP Pincer Ligand Toward Alkynes: Coordination and Catalytic Alkyne Metathesis,https://onlinelibrary.wiley.com/doi/10.1002/anie.4887237?af=R,,Wiley-Online-Library: Angewandte Chemie International Edition: Table of Contents,2026-06-13 16:43:26+00:00,10.1002/anie.4887237,Qian Liao,,"ABSTRACT
                  
                    Currently, almost all alkyne metathesis catalysts are based on high valent d
                    0
                    Schrock‐type alkylidyne complexes. Although non‐d
                    0
                    transition‐metal alkylidyne complexes are also common, to date, only Re(V) alkylidyne have been reported to be capable of catalyzing alkyne metathesis. Herein, the reactivity of a d
                    2
                    Mo(IV) alkylidyne fragment bearing a PNCNP pincer ligand toward alkynes was studied. A series of novel Mo carbyne‐alkyne complexes was synthesized and characterized. The incorporation of N‐Me moieties in the pincer ligand reduced the energy barrier of the metathesis process. Accordingly, the first example of a catalytic system for alkyne metathesis reaction involving a d
                    2
                    Mo(IV) alkylidyne fragment was developed.",crossref
"Extended Endocyclic Conjugation and N,N‐Bidentate Chelation Alleviate the Capacity–Stability Trade‐Off in Organic Magnesium Battery Cathodes",https://onlinelibrary.wiley.com/doi/10.1002/anie.5222656?af=R,,Wiley-Online-Library: Angewandte Chemie International Edition: Table of Contents,2026-06-13 16:44:41+00:00,10.1002/anie.5222656,Fei Xu,,"ABSTRACT
                  
                    Rechargeable Mg batteries represent an appealing post‐lithium energy‐storage technology, yet their advancement is hampered by the scarcity of cathode materials combining high capacity, rapid kinetics, and long‐term cycling stability. In this study, we propose a molecular design strategy integrating extended endocyclic conjugation with polydentate Mg
                    2+
                    coordination. Using hexaazatriphenylene (HATN), a rigid planar macrocycle featuring extensive π‐conjugation and
                    N
                    ,
                    N
                    ‐bidentate chelating sites, as the Mg‐storage active center, we constructed polymer cathodes through monothioether and dithioether linkages. Theoretical and experimental analyses reveal that the HATN unit enables high‐capacity, multi‐electron reversible Mg
                    2+
                    storage while maintaining structural stability via efficient charge buffering through strong electron delocalization, offering a notable advantage in a “capacity‒delocalization” evaluation framework. The thioether linkage suppresses dissolution and yields high surface area with hierarchical porosity, boosting interfacial kinetics and Mg
                    2+
                    transport. The resulting polymer cathode delivers a high capacity of 370 mAh g
                    ‒1
                    at 0.1 A g
                    ‒1
                    , superior rate capability (94 mAh g
                    ‒1
                    at 5.0 A g
                    ‒1
                    ), and exceptional cycling stability (95% capacity retention over 500 cycles at 1.0 A g
                    ‒1
                    ). This work presents an innovative molecular‐level design strategy for high‐performance organic Mg‐battery cathodes, advances the mechanistic understanding of multivalent‐ion storage, and provides a new paradigm for rational electrode engineering for multivalent battery systems.",crossref
Beyond Fluorination: A Golden Criterion Guided by Chemical Coordination‐Informed Machine Learning for High‐Voltage Electrolyte Design,https://onlinelibrary.wiley.com/doi/10.1002/anie.1244287?af=R,,Wiley-Online-Library: Angewandte Chemie International Edition: Table of Contents,2026-06-13 16:46:49+00:00,10.1002/anie.1244287,Siqi Shi,,"ABSTRACT
                  
                    Fluorine chemistry has garnered attention for extending operating voltage limits of electrolytes through robust interfacial passivation owing to fluorine's strong electronegativity. However, confronted with solvent/salt/additive multicomponent induced vast combinatorial space, conventional high‐voltage electrolyte recipe design has been confined to reliance on fluorine content adjustments, resulting in inevitable trade‐off between oxidation stability and ion transport kinetics. Herein, we develop a Chemical Coordination‐Informed Molarity feature parsing approach embedded into machine learning for training adapted models. By building the one‐to‐one mapping between components and chemical‐coordination atomic molarities of a given recipe, the trained gradient boosting regression achieves a prediction of oxidation potential with MAE below 0.36 V. Demonstrating 2808 experiment operational candidates based on a ternary‐solvent blend, we reveal the pronounced role of mono‐coordinated fluorine and double‐bonded oxygen molarity ratio (F1/O1) for breaking the oxidative stability limit, and define a golden design criterion for guiding O1‐involved recipes: F1(≥8.19)/O1(≥13.39)[0.55, 1.10]. Following this, we validate three experimentally reported low‐fluoride recipes and identify two promising ones exhibiting oxidation potentials around 6.3 V vs. Li
                    +
                    /Li along with high ion‐transport kinetics for further assessments. This work demonstrates customizable feature engineering in yielding intelligent materials design principles for reconciling multiple target performance that are usually mutually exclusive.",crossref
Interfacial Proton Ordering Near the Electrode Surface Directs Carbonyl Electroreduction to Methylene,https://onlinelibrary.wiley.com/doi/10.1002/anie.7784249?af=R,,Wiley-Online-Library: Angewandte Chemie International Edition: Table of Contents,2026-06-13 16:47:57+00:00,10.1002/anie.7784249,Zidong Wei,,"ABSTRACT
                  Carbonyl‐to‐methylene deoxygenation is a fundamental transformation in organic synthesis, but conventional Clemmensen and Wolff–Kishner–Huang reductions require harsh acidic or basic conditions. Electrochemical reduction offers a milder alternative, yet commonly stops at the alcohol stage because the initially formed alcohol intermediate desorbs from the electrode before further C─O bond activation. Here, we report a ‐Gly interfacial catalytic system for aqueous electrochemical carbonyl‐to‐methylene conversion. In this system, the Pd‐rich  electrode and glycine‐mediated interfacial regulation cooperate to retain alcohol intermediates at the electrified interface and promote their subsequent deoxygenation to methylene products. Time‐dependent reaction analysis supports a stepwise pathway involving initial carbonyl hydrogenation to an alcohol intermediate followed by further deoxygenation. Mechanistic and structural studies suggest that Pd sites supply surface H*, electron‐deficient Ni‐related sites generated through Ni─Pd coordination assist alcohol‐intermediate retention, and glycine regulates local proton availability and H* coverage in the interfacial region. This work highlights the ‐Gly system as an effective interfacial platform for directing carbonyl electroreduction beyond the alcohol endpoint under mild aqueous conditions.",crossref
Protonation‐Triggered Unlocking of Interlayer Carbon Nitride for Rapid Nanosheet Preparation,https://onlinelibrary.wiley.com/doi/10.1002/anie.9245386?af=R,,Wiley-Online-Library: Angewandte Chemie International Edition: Table of Contents,2026-06-13 16:48:33+00:00,10.1002/anie.9245386,Ling Qiu,,"ABSTRACT
                  
                    The intrinsic topological and electronic merits of graphitic carbon nitride (g‑C
                    3
                    N
                    4
                    ) are fundamentally obscured by strong π‐π stacking interactions and hydrogen‐bonding interactions. Overcoming these noncovalent barriers without compromising the structural integrity remains a formidable chemical challenge. Herein, we report a targeted electrostatic decoupling strategy via protonation that rapidly unlocks the intralayer framework of g‑C
                    3
                    N
                    4
                    into discrete, highly crystalline two‐dimensional (2D) nanosheets under ambient conditions. By utilizing trifluoromethanesulfonic acid, selective protonation at the heterocyclic nitrogen sites induces pronounced interlayer electrostatic repulsion and simultaneous intralayer electronic reconstruction, achieving an unprecedented production efficiency of 200 mg·mL
                    −1
                    ·h
                    −1
                    . Crucially, the high aspect ratio and structural fidelity of the as‐exfoliated nanosheets enable unambiguous direct observation of the intrinsic lyotropic liquid‐crystalline phase transition in pure g‑C
                    3
                    N
                    4
                    , resolving long‐standing ambiguities regarding its mesoscopic assembly behavior. Furthermore, the 2D nanosheets display over 50‐fold enhancement in photocatalytic hydrogen peroxide production activity compared to their bulk counterpart, attributed to the reduced thickness and significantly increased exposure of active sites. This work not only provides an efficient route for the exfoliation of layered polymers but also opens new opportunities for their solution‐phase processing.",crossref
Precise Regulation of Intrachannel Negative Charge Density in Metal‐Organic Frameworks for Efficient Alkali‐Ion Transport,https://onlinelibrary.wiley.com/doi/10.1002/anie.7827578?af=R,,Wiley-Online-Library: Angewandte Chemie International Edition: Table of Contents,2026-06-13 16:50:37+00:00,10.1002/anie.7827578,Zhipeng Sun,,"ABSTRACT
                  
                    Charged nanochannels are critical for efficient cation transport in metal‐organic frameworks (MOFs); however, the relationship between intrachannel negative charge density and ionic conductivity remains poorly understood. Here, we report structurally analogous MOFs with nanochannels of precisely tunable negative charge density: neutral N–MOF, moderately charged M–MOF, and highly charged H–MOF. Our results show that intrachannel negative charge density regulates the electrostatic microenvironment and host‐guest interactions, thereby controlling ion‐pair dissociation, cation hopping, and the concentration of mobile charge carriers. Fixed negatively charged groups within the MOF nanochannels promote salt dissociation and provide hopping sites for ion migration. However, excessive charge density in H–MOF causes electrostatic anchoring that restricts Li
                    +
                    mobility, whereas the moderate charge density in M–MOF provides the optimal balance between ion dissociation and ion transport. Accordingly, ionic conductivity follows the order M–MOF &gt; H–MOF &gt; N–MOF for both Li
                    +
                    and Na
                    +
                    transport. M–MOF achieved ionic conductivities of 1.56 mS cm
                    −1
                    for Li
                    +
                    and 1.38 mS cm
                    −1
                    for Na
                    +
                    at 30°C, establishing precise intrachannel charge regulation as a design principle for next‐generation solid‐state electrolytes.",crossref
Spatial Evolution of Coke in ZSM‐5 Catalysts During Methanol‐to‐Hydrocarbons Conversion Revealed by In Situ X‐Ray Photoelectron Spectroscopy,https://onlinelibrary.wiley.com/doi/10.1002/anie.7876229?af=R,,Wiley-Online-Library: Angewandte Chemie International Edition: Table of Contents,2026-06-13 16:51:38+00:00,10.1002/anie.7876229,Vladimir Paunović,,"ABSTRACT
                  
                    Along with assessing chemical pathways, understanding the spatial evolution of deactivating coke species in zeolites is essential for enhancing their catalytic efficiency in processes for chemical and fuel production. In this study, synchrotron‐based in situ X‐ray photoemission spectroscopy experiments provide insights into the coke deposition on ZSM‐5 catalysts with different Si/Al ratios during methanol‐to‐hydrocarbons conversion, which is an industrially relevant reaction. Surface‐sensitive C 1s X‐ray photoemission spectroscopy with a probing depth ≈1 nm demonstrates that the less acidic ZSM‐5 zeolites exhibit a more pronounced coke accumulation on crystal surfaces and promote the formation of highly condensed, graphite‐like structures than the higher acidic ones. Analysis of coking kinetics, lattice deformation, and coke composition using Raman, in situ infrared, and
                    operando
                    UV‐vis spectroscopies further supports enhanced surface coking in low‐acidity, slowly deactivating catalysts and more prominent micropore coke formation in high‐acidity, fast‐deactivating catalysts. The results indicate that acid site density governs both the kinetics and the preferential location of coke, shedding light on the fundamental nanoscale processes underlying coke‐induced deactivation of zeolite catalysts.",crossref
Predictive Registry Optimization of Molecular Adsorbates on Solid Surfaces,https://onlinelibrary.wiley.com/doi/10.1002/anie.1693717?af=R,,Wiley-Online-Library: Angewandte Chemie International Edition: Table of Contents,2026-06-13 16:52:42+00:00,10.1002/anie.1693717,Sigurd Höger,,"ABSTRACT
                  Understanding and predicting how large organic molecules adsorb on crystalline substrates is essential for designing functional surfaces in electronics, catalysis, and supramolecular chemistry. Standard quantum‐chemical approaches often fail for large π‐conjugated molecules due to size and conformational diversity. We present a physically intuitive, generalizable registry analysis that overcomes this by maximizing the overlap between surface‐oriented hydrogen atoms (“spikes”) and the periodic graphite hexagon centers (“pockets”) in a Monte Carlo‐like approach. Inspired by the alkane‐on‐graphite model, the framework extends to structurally complex architectures to assign adsorption geometries with high resolution, without costly computations. Registry scoring applied to STM data enabled determining the absolute conformation of atropisomers, demonstrating geometric registry as an applicable measure for predicting large‐molecule arrangements on surfaces.",crossref
In Situ Synchronized SERS‐SEIRAS Unveils Cation‐Regulated Interfacial Water and Intermediates in the Oxygen Reduction Reaction,https://onlinelibrary.wiley.com/doi/10.1002/anie.8900381?af=R,,Wiley-Online-Library: Angewandte Chemie International Edition: Table of Contents,2026-06-13 16:53:16+00:00,10.1002/anie.8900381,Jian‐Feng Li,,"ABSTRACT
                  
                    Interfacial water plays a crucial yet poorly understood role in the alkaline oxygen reduction reaction (ORR) by modulating the adsorption of oxygen intermediates and mediating proton‐coupled electron transfer (PCET). However, the lack of techniques to dynamically correlate interfacial water with adsorbed intermediates makes it difficult to elucidate the mechanism governing the evolution of intermediate species. Here, we report a synchronized, site‐consistent SERS–SEIRAS platform that tracks interfacial water and surface‐adsorbed species (OOH
                    ad
                    and OH
                    ad
                    ) in real time during cation‐dependent ORR. Our results show that decreasing cation hydration energy induces the formation of an interfacial water layer with weak hydrogen bonding, low orientation constraints, and high dynamic flexibility, which diminishes its interactions with OOH
                    ad
                    and OH
                    ad
                    . This structure enhances water and oxygen transport and weakens OH
                    ad
                    solvation, thereby reducing OH
                    ad
                    coverage and accelerating the final PCET step. Our results reveal how cations reshape the interfacial hydrogen‐bond network to control ORR kinetics. More broadly, this work demonstrates the power of multi‐spectroscopic coupling for probing dynamic electrocatalytic interfaces and offers a strategy for improving catalyst performance via electrolyte and interface engineering.",crossref
Pd Single‐Atom‐Doped Cu3Co Quantum Dots With Optimized Hydrogenation Kinetics for Versatile Aluminum‐Nitrate Primary Battery With Synchronous Energy Harvesting and Waste Valorization,https://onlinelibrary.wiley.com/doi/10.1002/anie.8420715?af=R,,Wiley-Online-Library: Angewandte Chemie International Edition: Table of Contents,2026-06-13 16:53:48+00:00,10.1002/anie.8420715,Jing‐Li Luo,,"ABSTRACT
                  
                    The rational design of nitrate batteries enabling simultaneous electricity generation and pollutant degradation is highly promising, yet most reported systems, such as Zn‐nitrate or aldehyde‐nitrate batteries, face critical limitations, including sluggish cathodic nitrate reduction kinetics, high anode material cost, low‐value anode reaction products, inferior open‐circuit potential (OCP), and limited power output. Optimizing catalyst activity and NH
                    3
                    selectivity via structure‐activity relationships is pivotal to enhancing the electrical output efficiency of such batteries. Herein, we report a Pd single‐atom‐doped Cu
                    3
                    Co quantum dots electrocatalyst (Pd
                    sa
                    ‐Cu
                    3
                    Co QDs), which modulates H* adsorption to accelerate the key hydrogenation steps of NO
                    3
                    RR, achieving a positive onset of +0.18 V (vs. RHE) and nearly 100% Faradaic efficiency (FE) for NH
                    3
                    at −0.5 V (vs. RHE). A novel Al‐NO
                    3
                    −
                    primary battery is further constructed by coupling cathodic NO
                    3
                    RR with anodic aluminum oxidation, enabling cathodic NH
                    3
                    production and anodic conversion of waste aluminum (e.g., used Cola cans) to green H
                    2
                    and high‐value alums. This battery exhibits an OCP of 1.26 V, 8.85 mW cm
                    −2
                    peak power density, and an FE of 48.78% NH
                    3
                    , 56.88% H
                    2
                    , and yield 56.10% alum, significantly enhancing its economic viability and practical application.",crossref
Sustainable Synthesis of Ammonium Nitrate From Air and Water via Tandem Plasma‐Electrolyzer System,https://onlinelibrary.wiley.com/doi/10.1002/anie.3006166?af=R,,Wiley-Online-Library: Angewandte Chemie International Edition: Table of Contents,2026-06-13 16:54:59+00:00,10.1002/anie.3006166,Yufei Zhao,,"ABSTRACT
                  
                    Ammonium nitrate (NH
                    4
                    NO
                    3
                    ) is an indispensable high‐nitrogen fertilizer, yet its conventional industrial production via the energy‐intensive Haber–Bosch and Ostwald processes accounts for a significant global carbon footprint. Herein, we report an alternative method for directly synthesizing NH
                    4
                    NO
                    3
                    from air and water by integrating plasma‐assisted nitrogen oxidation (pNOR) with paired electrocatalytic nitrite reduction and oxidation (eNO
                    2
                    –
                    RR/eNO
                    2
                    –
                    OR) in a neutral medium (0.5 M phosphate buffer solution). Key to this technology is the rational design of a Co
                    3wt%
                    Cu@C cathode catalyst for the critical eNO
                    2
                    –
                    RR step, which operates via a dual‐active‐site mechanism: Cu sites adsorb and activate NO
                    2
                    –
                    , while adjacent Co sites efficiently dissociate water to generate reactive hydrogen species (*H). Subsequent hydrogen spillover from Co to Cu sites dramatically accelerates NO
                    2
                    –
                    hydrogenation to NH
                    4
                    +
                    , achieving almost 100% Faradaic efficiency toward NH
                    3
                    and a high NH
                    4
                    +
                    yield rate of 512 µmol cm
                    −2
                     h
                    −1
                    at a low potential of –0.5 V vs. RHE. The integrated pNOR‐eNO
                    2
                    –
                    RR/eNO
                    2
                    –
                    OR system operates stably over 210 h (affording 8.5 mmol h
                    −1
                    NH
                    4
                    NO
                    3
                    ) with significant techno‐economic advantages. Further, the obtained NH
                    4
                    NO
                    3
                    solutions can serve as N‐P‐K fertilizer for plant growth, offering a route to on‐demand, on‐site fertilizer synthesis from air and water for smart agriculture.",crossref
Copper (II) Chloride Mediated Interfacial Permeation for High‐Efficient and Stable Wide‐Bandgap Perovskite Solar Cells,https://onlinelibrary.wiley.com/doi/10.1002/anie.5495010?af=R,,Wiley-Online-Library: Angewandte Chemie International Edition: Table of Contents,2026-06-13 16:56:05+00:00,10.1002/anie.5495010,Yiwang Chen,,"ABSTRACT
                  
                    Wide‐bandgap (WBG) perovskite solar cells (PSCs) are crucial for high‐efficiency tandem photovoltaics. However, their performance is severely limited by lattice disorder at the buried interface, which leads to the accumulation of deep‐level defects and interfacial morphological inhomogeneities, thereby inducing pronounced non‐radiative recombination and halide segregation. Here, we report a copper (II) chloride (CuCl
                    2
                    ) mediated interfacial permeation strategy that achieves the redox mediation and halide coordination, thereby stabilizing the interfacial chemical state, suppressing the formation of deep‐level defects. The strategy effectively suppresses lattice disorder at the buried interface, while simultaneously constructing an efficient hole‐transfer structure, thus enhancing interfacial phase stability and charge‐transport properties. Consequently, our modified 1.79 eV WBG PSCs exhibit minimized non‐radiative recombination losses and superior charge transport, achieving state‐of‐the‐art performance with an open circuit voltage (
                    V
                    OC
                    ) of 1.35 V, a fill factor of 84.29%, and power conversion efficiency (PCE) of 21.24%, one of the highest reported so far. The device can maintain 91% of its original efficiency after 1400 h of maximum power point tracking.",crossref
A Molecular Trimming Strategy for Hypoxia‐Tolerant Photosensitizers With Enhanced cGAS‐STING Activation,https://onlinelibrary.wiley.com/doi/10.1002/anie.1516189?af=R,,Wiley-Online-Library: Angewandte Chemie International Edition: Table of Contents,2026-06-13 16:57:45+00:00,10.1002/anie.1516189,Pingyu Zhang,,"ABSTRACT
                  
                    The development of effective photosensitizers for photo‐immunotherapy is highly desirable yet remains challenging, particularly given the prevailing reliance on π‐conjugation extension in conventional molecular design. Herein, we propose a counterintuitive “π‐bridge trimming” strategy to construct high‐performance Ir(III) complexes photosensitizers. Unlike the conventional π‐extension approach, the three‐ring fused
                    TTz‐Ir
                    outperforms its π‐extended five‐ring fused analog
                    TBTz‐Ir
                    in multiple aspects, including molar absorptivity, solubility, photocatalytic activity, and photocytotoxicity. Mechanistic studies revealed that the superior performance of
                    TTz‐Ir
                    stems from its longer triplet‐state lifetime, more efficient charge separation, and transport favoring type I reactive oxygen species (ROS) generation. Upon light irradiation,
                    TTz‐Ir
                    not only produces
                    1
                    O
                    2
                    via energy transfer, but also efficiently generates type I ROS such as O
                    2
                    •−
                    , H
                    2
                    O
                    2
                    , and •OH, primarily through oxygen reduction reaction (ORR) and water oxidation reaction (WOR) pathways, ensuring robust photocytotoxicity even under hypoxia. These ROS induces mitochondrial and nuclear DNA damage, leading to activation of the cGAS‐STING pathway and robust antitumor immunity. When encapsulated into DSPE‐PEG
                    2000
                    ‐Biotin,
                    TTz‐Ir NPs
                    achieve effective tumor accumulation and significant tumor suppression in vivo. This work provides a novel molecular design paradigm and efficient metal complexes for photo‐immunotherapy.",crossref
Incorporation of Organic Counter‐Cations Into Poly(Heptazine Imide) Networks for Promoting Proton‐Coupled Electron Transfer During Photocatalytic H2O2 Evolution,https://onlinelibrary.wiley.com/doi/10.1002/anie.202524638?af=R,,Wiley-Online-Library: Angewandte Chemie International Edition: Table of Contents,2026-06-13 16:58:17+00:00,10.1002/anie.202524638,Horațiu Szalad,,"ABSTRACT
                  
                    Nitrogen based onium ions such as methylammonium (MA
                    +
                    ), formamidinium (FA
                    +
                    ), and tetramethylammonium (TMA
                    +
                    ) were used as counterions in poly(heptazine imide) (PHI) networks via a protonation‐acid base reaction strategy. This creates all organic PHIs. Chemical composition analysis confirmed the successful accommodation of target species, resulting in a maximum incorporation of 1 cation per ideal PHI unit cell. Structural characterization confirmed crystal phase consistency to that of parent Na‐PHI. Photocatalytic H
                    2
                    O
                    2
                    evolution was chosen as a model reaction. Under ambient conditions, MA
                    +
                    ‐PHI showed the best performance, producing 7.6 mmol g
                    −
                    1
                    H
                    2
                    O
                    2
                    after 1 h of 427 nm LED irradiation, corresponding to an AQY of 13.9% and a 42% activity enhancement over the Na‐PHI analogue. When an additional oxygen pressure of 3 bars is applied, the H
                    2
                    O
                    2
                    yield increased to 36.5 mmol g
                    −
                    1
                    , while AQY increased proportionally to ∼66.8%, being one of highest outputs reported to date. Photochemical and photo‐charging experiments suggest that methylammonium moieties stabilize photoelectrons though coulombic interaction in an effective manner, while proton conductivity and photocatalytic experiments point out toward a PCET driven mechanism responsible for the recorded H
                    2
                    O
                    2
                    rate enhancements. These results showcase that counterion replacement, as applied in organic perovskites, also improves carbon nitride photosynthesis.",crossref
Charge‐Directed Photothermal Methane Dry Reforming Enabled by Interfacial TiOx Nanodomains,https://onlinelibrary.wiley.com/doi/10.1002/anie.4126002?af=R,,Wiley-Online-Library: Angewandte Chemie International Edition: Table of Contents,2026-06-13 16:59:45+00:00,10.1002/anie.4126002,Sibo Wang,,"ABSTRACT
                  
                    Photothermal dry reforming of methane (DRM) enables solar‐driven upgrading of CH
                    4
                    and CO
                    2
                    , yet its efficiency and durability are hindered by carbon deposition and poorly defined photochemical contributions. Here, we demonstrate a charge‐directed photothermal DRM catalyst composed of Rh nanoparticles supported on TiO
                    
                      x
                    
                    ‐functionalized TiC, where interfacial TiO
                    
                      x
                    
                    domains play a critical role by coupling directional photocarrier flow with adaptive oxygen chemistry. Upon illumination, metallic TiC generates charge carriers that transfer electrons to Rh sites while steering holes to TiO
                    
                      x
                    
                    surface oxygens. This charge‐directed interfacial chemistry selectively lowers the barrier for *OCH
                    3
                    formation, the potential‐determining step, thus suppressing *CH
                    3
                    over‐dehydrogenation and mitigating carbon formation. Concurrently, CO
                    2
                    activation at oxygen vacancies within TiO
                    
                      x
                    
                    regions restocks surface oxygens, closing a regenerative photothermal Mars–van Krevelen cycle. As a result, the catalyst delivers high syngas production rates (CO: 17.5 mol g
                    Rh
                    −1
                    h
                    −1
                    , H
                    2
                    : 10.5 mol g
                    Rh
                    −1
                    h
                    −1
                    ), attains a light‐to‐chemical energy efficiency of 29%, and operates stably for over 100 h without coking. This work highlights the mechanistic importance of amorphous TiO
                    
                      x
                    
                    interface in charge‐directed photothermal DRM and provides design insights for developing coking‐resistant reforming catalysts.",crossref
Decoupling Electronic Effects in Oxygen Reduction Catalysts via a Model Nanowire Platform,https://onlinelibrary.wiley.com/doi/10.1002/anie.7341900?af=R,,Wiley-Online-Library: Angewandte Chemie International Edition: Table of Contents,2026-06-13 17:00:24+00:00,10.1002/anie.7341900,Hongwen Huang,,"ABSTRACT
                  Understanding the intrinsic role of electronic structure in governing oxygen reduction reaction (ORR) activity on Pt‐based catalysts remains a long‐standing challenge due to the intrinsic coupling of electronic, strain, and ensemble effects in conventional alloy systems. Here, we establish a well‐defined Pt‐based nanowire (NW) model platform that enables the rigorous decoupling of electronic effects from structural contributions. By selectively incorporating electron‐donating Re (PtRe) or electron‐withdrawing Au (PtAu) into Pt NWs while maintaining identical morphology, surface structure, and coordination environment, the electronic contribution to ORR is isolated with minimal interference of strain and ensemble effects. A consistent activity trend (PtRe &gt; Pt &gt; PtAu) is observed from intrinsic ORR activity to device‐level membrane electrode assembly performance. Crucially, a correlation is established between the electronic structure, intermediate adsorption behavior, and intrinsic activity. Meanwhile, the high‐activity PtRe NW catalyst also delivers a robust durability with mass activity decline of 11.8% and voltage loss of 12 mV after 30,000‐cycle tests. In situ spectroscopy and theoretical calculations results collectively confirm that Re dopants donate electrons to Pt, generating an electron‐rich Pt surface that lowers the adsorption energy of oxygen intermediates and enhances ORR activity, while the Au dopant generates an opposite effect.",crossref
4‐Formyl‐N‐Methylpyridinium‐Mediated N‐Terminal Cysteine Modification/Removal Facilitates One‐Pot Multiplex Peptide Ligation,https://onlinelibrary.wiley.com/doi/10.1002/anie.3532271?af=R,,Wiley-Online-Library: Angewandte Chemie International Edition: Table of Contents,2026-06-13 17:01:24+00:00,10.1002/anie.3532271,Ping Wang,,"ABSTRACT
                  
                    The chemical synthesis of proteins with site‐specific modifications remains a fundamental challenge in chemical biology. One‐pot peptide ligation strategies have emerged as powerful tools to enhance synthetic efficiency, primarily relying on N‐terminal cysteine (Cys) protection. However, current Cys deprotection conditions require various reagents or pH adjustments during the reaction, rendering downstream processing cumbersome. Here, a visible‐light‐mediated deprotection strategy using 2‐(N‐methylpyridinium‐4‐yl)‐thiazolidine (4‐NMP‐Thz) as a novel N‐terminal Cys‐protecting group is reported. This reaction, catalyzed by [Ru(bpy)
                    3
                    ]Cl
                    2
                    at physiological pH (6.0–8.0), enables smooth one‐pot multi‐segment peptide assembly. The strategy demonstrates complete orthogonality to native chemical ligation (NCL) and desulfurization conditions, eliminating the requirement for intermediate purification or pH adjustment. This methodology was used to facilitate an efficient one‐pot synthesis of a 400‐amino acid (aa) glycosylated MUC1 glycoprotein bearing 40 O‐glycosyl modifications that is difficult to prepare using previously reported techniques. The 400‐aa MUC1 significantly enhanced antigenic immunogenicity compared with shorter MUC1 glycopeptides. This streamlined approach establishes a robust platform for the construction of complex post‐translationally modified proteins.",crossref
Synergistic Dual d‐Band Engineering at the Ru‐N4/MXene Interface for High‐Efficiency and Long‐Lived Li–CO2 Batteries,https://onlinelibrary.wiley.com/doi/10.1002/anie.7329130?af=R,,Wiley-Online-Library: Angewandte Chemie International Edition: Table of Contents,2026-06-13 17:02:19+00:00,10.1002/anie.7329130,Bin Xu,,"ABSTRACT
                  
                    The cyclability of Li–CO
                    
                      2
                    
                    batteries is fundamentally limited by the sluggish kinetics of Li
                    2
                    CO
                    3
                    formation and decomposition. In this work, we develop a Ru‑N
                    
                      4
                    
                    single‑atom catalyst anchored on MXene (MX‑Ru
                    SA
                    ), in which the atomic interface establishes a synergistic dual
                    d
                    ‑band center to overcome this kinetic constraint. The N coordination modifies the electronic state of Ru, upshifting its
                    d
                    ‐band center to strengthen intermediate adsorption and steer the growth of vertically aligned Li
                    2
                    CO
                    3
                    nanosheets that facilitate efficient electron and ion transport. Meanwhile, the presence of Ru‐N
                    4
                    sites modulates the electronic structure of the MXene support, optimizing the
                    d
                    ‐band center of Ti, which weakens the Li─O bonds in Li
                    2
                    CO
                    3
                    and significantly reduces its decomposition barrier. As a result, the Li–CO
                    2
                    battery with MX‑Ru
                    SA
                    delivers a high discharge capacity of 14757 mA h g
                    −1
                    , along with an ultralow charging overpotential of 0.56 V and a long cycle life over 3000 h at 100 mA g
                    −1
                    . This work demonstrates interfacial dual
                    d
                    ‑band synergy as a promising design principle toward high‑performance catalysts for metal‐gas battery systems.",crossref
3D‐Printable Nanoporous Thermosets via Disulfide‐Based Polymerization‐Induced Microphase Separation,https://onlinelibrary.wiley.com/doi/10.1002/anie.8227484?af=R,,Wiley-Online-Library: Angewandte Chemie International Edition: Table of Contents,2026-06-13 17:03:29+00:00,10.1002/anie.8227484,Cyrille Boyer,,"ABSTRACT
                  Interconnected nanoporous polymer networks are central to applications that demand rapid mass transport, yet their fabrication by polymerization‐induced microphase separation (PIMS) remains constrained by fixed macroCTA polarity, limited formulation compatibility, and difficult translation to additive manufacturing. Here, we address these limitations by introducing a PIMS strategy utilizing chemically degradable macroCTAs with systematically tunable hydrophilicity. These macroCTAs were synthesized via reversible addition−fragmentation chain‐transfer copolymerization of α‐lipoic acid or ethyl lipoate with various acrylates. This diverse library of macroCTAs enabled the preparation of microphase‐separated materials across a broad range of monomer and crosslinker chemistries, which were readily converted into nanoporous thermosets with well‐defined pore sizes (24–42 nm) via selective disulfide cleavage. Critically, these photocurable resins are compatible with liquid‐crystal display 3D printing, allowing the fabrication of complex, hierarchical architectures that can be directly etched to generate embedded nanoscale porosity while preserving structural integrity. Collectively, tunable and degradable macroCTAs bridge 3D‐printable form factors with programmable nanoscale structure, providing a general route to hierarchically structured materials for separations, catalysis, and advanced manufacturing.",crossref
Fibroblast‐Mimetic Lignin Polymersomes for Logic‐Gated Synthesis of Mechanically Reconfigurable Bioskins,https://onlinelibrary.wiley.com/doi/10.1002/anie.6127627?af=R,,Wiley-Online-Library: Angewandte Chemie International Edition: Table of Contents,2026-06-13 17:10:15+00:00,10.1002/anie.6127627,Feng Peng,,"ABSTRACT
                  Ageing is inevitable and accompanied by progressive loss of skin elasticity. Fibroblasts, embedded within the extracellular matrix, finely regulate skin mechanics via membrane‐bound ligands. Creating synthetic assemblies that mimic fibroblast function is appealing yet challenging. Here, we present a strategy that co‐assembles lignin with divinyl ligands to generate fibroblast‐mimicking polymersomes, enabling precise programming of bulk materials to emulate human skin across distinct physiological stages. Because lignin polymersomes are driven by relatively weak π–π stacking, hydrophobic ligands efficiently intercalate among aromatic rings, and their interfacial distribution can be tuned via molecular engineering. The polymersomes can be programmed in a Boolean logic‑gate manner (OR, AND, and NOT) to synthesize skin‐mimetic gels with tailored mechanical properties, analogous to fibroblast behavior. Furthermore, the platform enables on‑demand, high‑resolution 3D printing of complex bioskin architectures. This work provides a biomimetic paradigm for the synthesis and precise control over assembly from the molecular to the macroscopic scale.",crossref
Perylene Diimide‐Derived Bis(Macrocyclic) Ligand Affords Chiral Multinuclear Pd(II) Complexes via Direct Bay‐Region Palladation,https://onlinelibrary.wiley.com/doi/10.1002/anie.8176990?af=R,,Wiley-Online-Library: Angewandte Chemie International Edition: Table of Contents,2026-06-13 17:11:22+00:00,10.1002/anie.8176990,Bin Liu,,"ABSTRACT
                  
                    Macrocyclic ligands provide powerful access to structurally defined multi‐metallic architectures, yet direct π‐core metalation of imide‐functionalized polycyclic aromatic dyes remains difficult to control. Herein, we present the design and synthesis of a new nitrogen‐rich bis(macrocyclic) ligand (
                    1
                    ) based on a perylene diimide (PDI) scaffold. Coordination of Pd(II) to this ligand triggers direct C─H palladation at the bay region of the PDI, yielding two distinct complexes—a bis‑Pd and a tetra‑Pd species (
                    
                      1‐Pd
                      2
                    
                    and
                    
                      1‐Pd
                      4
                    
                    )—each featuring asymmetrically coordinated, bridged Pd centers within the macrocyclic cavities. Furthermore, palladation distorts the PDI core and induces conformational chirality in the macrocyclic framework. Ultrafast transient absorption measurements further reveal systematic changes in the excited‐state response across the series. In addition, OTTLE spectroelectrochemical studies show that direct palladation creates strongly redox‐responsive low‐energy optical states, with markedly enhanced near‐IR absorption in the reduced Pd complexes. This work provides a feasible synthetic route for the direct metalation of perylene diimide dyes, enabling strong dye‐metal electronic coupling and establishing such chiral multinuclear complexes as functionally tunable multi‐metallic π‐systems.",crossref
Unlocking an All‐Anisotropic‐Component Integrated Paradigm Toward Practical Solid‐State Zinc Metal Pouch Cells,https://onlinelibrary.wiley.com/doi/10.1002/anie.1641255?af=R,,Wiley-Online-Library: Angewandte Chemie International Edition: Table of Contents,2026-06-13 17:13:46+00:00,10.1002/anie.1641255,Peixin Zhang,,"ABSTRACT
                  
                    High‐safety and low‐cost Zn metal batteries hold great promise for energy storage, but their limited energy density remains a major bottleneck restricting their practical development. Here, an all‐anisotropic‐component integrated model with full high‐flux characteristic is presented for enabling high‐specific‐energy devices. By utilizing natural and recyclable wood‐based materials, we validate its feasibility in classic Zn–MnO
                    2
                    single‐electron reaction system. Among them, lightweight and carbonized wood material was used to serves as a universal current collector for both MnO
                    2
                    cathode and Zn anode. Simultaneously, a phosphate‐modified cellulose‐based hydrogel with vertically aligned channels was fabricated to achieve high electrochemical compatibility between electrode and electrolyte interfaces. As a result, this configuration enables the stable cycling of Zn||Ca‐MnO
                    2
                    pouch cells at high mass loading (even up to 50.13 mg cm
                    −2
                    ), with a wide‐temperature operability (−30°C to 60°C). Impressively, a maximum energy density of 173.2 Wh kg
                    −1
                    is achieved at the current density of 0.1 A g
                    −1
                    , exceeding the vast majority of previous findings. Such battery structure model can be applied to both vanadium‐ and manganese‐based cathodes, but also expected to other multielectron reaction systems, promoting the fast development of economical nonlithium energy storage batteries.",crossref
Synergistic Interaction Between N‐Heterocyclic Carbene (NHC)‐Anchored Cu(I) Atom and In Situ‐Generated Cu Nanoparticles in a Post‐Modified MOF‐808 Framework Promoting C─C Coupling in CO2 Reduction,https://onlinelibrary.wiley.com/doi/10.1002/anie.7002606?af=R,,Wiley-Online-Library: Angewandte Chemie International Edition: Table of Contents,2026-06-13 17:23:12+00:00,10.1002/anie.7002606,Xian‐Ming Zhang,,"ABSTRACT
                  
                    The electrochemical reduction of CO
                    2
                    to high‐value chemicals like C
                    2
                    H
                    4
                    represents a promising route for sustainable energy and CO
                    2
                    mitigation. However, its efficiency remains constrained by the high energy barrier for C─C bond formation and the competing hydrogen evolution reaction (HER). Herein, we report a synergistic catalyst for electrochemical CO
                    2
                    reduction reaction (eCO
                    2
                    RR), which comprises an N‐heterocyclic carbene (NHC)‐anchored Cu(I) atom and in situ electrogenerated Cu nanoparticles in a MOF‐808 framework. The catalyst exhibits outstanding performance in a neutral electrolyte, achieving a high Faradaic efficiency (FE) of 61.0% for C
                    2
                    H
                    4
                    and 79.5% for total C
                    2+
                    products. Experimental and theoretical studies reveal a dual role of the NHC ligand in eCO
                    2
                    RR: (i) promoting proton transfer and *CO hydrogenation via a robust hydrogen‐bonding network with interfacial water and (ii) stabilizing key intermediates such as *CHO and *COCHO through its strong electron‐donating ability. The synergy between a molecular NHC‐Cu(I) atom and adjacent Cu nanoparticles in a tailored microenvironment suppresses HER and lowers the energy barrier for asymmetric C─C coupling. This work offers a strategic design concept for constructing molecular‐nanostructured synergistic active sites in metal‐organic frameworks (MOFs) to advance electrocatalytic CO
                    2
                    conversion.",crossref
Huge study hints at risks of switching from tobacco cigarettes to vapes,https://www.nature.com/articles/d41586-026-01834-9,,Nature,2026-06-14 00:00:00+00:00,10.1038/d41586-026-01834-9,,,Lung cancer risk was higher in people who took up electronic cigarettes than in those who quit smoking completely. Lung cancer risk was higher in people who took up electronic cigarettes than in those who quit smoking completely.,nature_html
Coupling optimization strategies for renewable energy and hydrogen production systems: A review based on the VSEL framework,https://www.sciencedirect.com/science/article/pii/S0306261926008639?dgcid=rss_sd_all,,ScienceDirect Publication: Applied Energy,2026-06-14 00:00:00+00:00,,Xiaojun Lv,,,
"Renewable energy policy analysis in Iraq, Saudi Arabia, and Spain: A multi-dimensional assessment using HOMER and documented system performance data",https://www.sciencedirect.com/science/article/pii/S0301421526003654?dgcid=rss_sd_all,,ScienceDirect Publication: Energy Policy,2026-06-14 00:00:00+00:00,,Javier Ordóñez,,,
Collateral impact: U.S.-China tensions and energy transition in third countries,https://www.sciencedirect.com/science/article/pii/S0301421526003605?dgcid=rss_sd_all,,ScienceDirect Publication: Energy Policy,2026-06-14 00:00:00+00:00,,Qianying Chen,,,
How do green certificate and carbon emission trading impact clean energy investment? Evidence from evolutionary game modeling,https://www.sciencedirect.com/science/article/pii/S0301421526003691?dgcid=rss_sd_all,,ScienceDirect Publication: Energy Policy,2026-06-14 00:00:00+00:00,,Lei Cheng,,,
"A review of energy storage for power system resilience: Functions, metrics, and applications",https://www.sciencedirect.com/science/article/pii/S0306261926007087?dgcid=rss_sd_all,,ScienceDirect Publication: Applied Energy,2026-06-14 00:00:00+00:00,,Kyung-bin Kwon,,,
"Digital Twins in energy and power systems: architectures, applications, enabling tools, and actionable roadmap for utility-scale implementation",https://www.sciencedirect.com/science/article/pii/S0306261926007816?dgcid=rss_sd_all,,ScienceDirect Publication: Applied Energy,2026-06-14 00:00:00+00:00,,Vigna Kumaran Ramachandaramurthy,,,
Efficient and sustainable recycling of spent Lithium-ion batteries using green solvents: A review,https://www.sciencedirect.com/science/article/pii/S0306261926008123?dgcid=rss_sd_all,,ScienceDirect Publication: Applied Energy,2026-06-14 00:00:00+00:00,,Yogesh Sharma,,,
"Dynamic operating envelopes in distribution grids: Current advances, challenges, and future opportunities",https://www.sciencedirect.com/science/article/pii/S030626192600824X?dgcid=rss_sd_all,,ScienceDirect Publication: Applied Energy,2026-06-14 00:00:00+00:00,,Nariman Mahdavi,,,
Optimal transmission expansion modestly reduces decarbonization costs of U.S. electricity,https://www.sciencedirect.com/science/article/pii/S030626192600797X?dgcid=rss_sd_all,,ScienceDirect Publication: Applied Energy,2026-06-14 00:00:00+00:00,,Michael J. Roberts,,,
A novel framework with dynamic spatiotemporal graph modeling and adaptive optimization for lithium-ion battery remaining useful life prediction,https://www.sciencedirect.com/science/article/pii/S0306261926008652?dgcid=rss_sd_all,,ScienceDirect Publication: Applied Energy,2026-06-14 00:00:00+00:00,,Weiwei Huo,,,
PLF-IADP-based coordinated scheduling optimization for multiple data centers considering cheating behaviors,https://www.sciencedirect.com/science/article/pii/S0306261926008081?dgcid=rss_sd_all,,ScienceDirect Publication: Applied Energy,2026-06-14 00:00:00+00:00,,Zhenzhi Lin,,,
Revolutionizing thermal Management in Next-Generation AI data centers: Challenges and breakthrough innovations,https://www.sciencedirect.com/science/article/pii/S0306261926008329?dgcid=rss_sd_all,,ScienceDirect Publication: Applied Energy,2026-06-14 00:00:00+00:00,,Kashif Nawaz,,,
Dynamic temperature prediction model under multiple operating conditions for a 5 MW alkaline electrolyzer based on a physics-informed transformer,https://www.sciencedirect.com/science/article/pii/S0306261926008706?dgcid=rss_sd_all,,ScienceDirect Publication: Applied Energy,2026-06-14 00:00:00+00:00,,Yuan Zhu,,,
Reinforcement learning-driven adaptive stealthy attacks manipulating battery state of health estimation,https://www.sciencedirect.com/science/article/pii/S0306261926008718?dgcid=rss_sd_all,,ScienceDirect Publication: Applied Energy,2026-06-14 00:00:00+00:00,,Jinhao Meng,,,
A review of electrochemical process-driven recycling and regeneration technologies for lithium-ion batteries,https://www.sciencedirect.com/science/article/pii/S0306261926008263?dgcid=rss_sd_all,,ScienceDirect Publication: Applied Energy,2026-06-14 00:00:00+00:00,,Dean Pan,,,
Layering incentives: The impact of local top-ups on solar adoption and welfare,https://www.sciencedirect.com/science/article/pii/S0301421526003617?dgcid=rss_sd_all,,ScienceDirect Publication: Energy Policy,2026-06-14 00:00:00+00:00,,Sara Hastings-Simon,,,
Physical information-guided training method for transient voltage stability assessment,https://www.sciencedirect.com/science/article/pii/S0306261926008317?dgcid=rss_sd_all,,ScienceDirect Publication: Applied Energy,2026-06-14 00:00:00+00:00,,Siqi BU,,,
Ordered Lattice at Polycrystalline‐Single Crystal Island Interfaces for Efficient CO2/H2O Co‐Electrolysis in Solid Oxide Electrolysis Cells,https://advanced.onlinelibrary.wiley.com/doi/10.1002/aenm.71182?af=R,,Wiley: Advanced Energy Materials: Table of Contents,2026-06-14 12:59:16+00:00,10.1002/aenm.71182,Lang Xu,,"ABSTRACT
                  
                    Solid oxide electrolysis cells (SOECs) hold promise for large‐scale co‐electrolysis of CO
                    2
                    and H
                    2
                    O to produce syngas (CO/H
                    2
                    ), a key step toward sustainable fuel production. However, the efficiency of this process is often limited by sluggish electrode kinetics and inefficient interfacial charge transfer. Here, we construct a polycrystalline‐single crystal island homojunction via epitaxial growth to overcome these limitations. In this architecture, single‐crystal BaFeO
                    3
                    and BaCo
                    x
                    Fe
                    1‐x
                    O
                    3
                    islands are grown on a polycrystalline Ba
                    0.7
                    Gd
                    0.3
                    FeO
                    3
                    (110) substrate. The resulting structure achieves two major functions: it spatially separates CO
                    2
                    and H
                    2
                    O adsorption sites, while the highly ordered polycrystalline‐single crystal interface, free from dangling bonds, significantly enhances charge transfer kinetics. The BaCo
                    0.1
                    Fe
                    0.9
                    O
                    3
                    /Ba
                    0.7
                    Gd
                    0.3
                    FeO
                    3
                    composite electrode delivers a faradaic efficiency of 95.9% for CO
                    2
                    reduction and shows no notable degradation over 300 h of continuous operation. Moreover, directional doping of Co into the BaFeO
                    3
                    single‐crystal islands precisely modulates the adsorption behavior toward CO
                    2
                    and H
                    2
                    O, allowing a broadly adjustable syngas ratio (CO:H
                    2
                    = 1:1.1 to 1:5.8). This ordered ‘polycrystalline‐single crystal’ structure establishes a materials design strategy in which ordered interfaces and spatially separated active sites converge to overcome the kinetic and transport limitations that have long hindered high‐efficiency co‐electrolysis in SOECs.",crossref
Homo‐Electronic‐Type Inner‐ and Outer‐Wall Double‐Wall Carbon Nanotubes for Record‐Efficiency Carbon/Silicon Heterojunction Solar Cells,https://advanced.onlinelibrary.wiley.com/doi/10.1002/aenm.71194?af=R,,Wiley: Advanced Energy Materials: Table of Contents,2026-06-14 13:00:55+00:00,10.1002/aenm.71194,Jianhui Chen,,"ABSTRACT
                  
                    A fundamental and long‐standing question in carbon nanotube‐silicon (CNT/Si) photovoltaics is whether semiconducting or metallic nanotubes form better heterojunctions. For double‐wall carbon nanotubes (DWCNTs)—where both inner and outer walls can be either semiconducting (S) or metallic (M)—this question becomes more complex, as the electronic synergy between the two walls governs junction behavior. The lack of electronically pure DWCNT materials has, however, precluded a definitive answer. Here, we resolve this via side‐by‐side comparison of high‐purity DWCNTs with homo‐electronic‐type inner and outer walls (S@S and M@M) in heterojunction solar cells. Using optimized Nafion‐based passivation and doping, both S@S and M@M devices achieve record efficiencies &gt;22% on large active areas (≈10 cm
                    2
                    ), outperforming mixed‐type cells. Through systematic optoelectronic and junction‐physics analyses, we demonstrate that the device performance is dictated by the DWCNT electronic type. M@M devices benefit from higher built‐in potential and lower series resistance, yielding marginally higher efficiencies, while S@S devices exhibit the lowest film‐internal recombination. Beyond establishing a design pathway for high‐performance CNT/Si 1D/3D heterojunction, this work provides a materials principle—electronic uniformity in low‐dimensional passivating contacts—applicable to other emerging heterojunction systems, such as perovskite and tandem solar cells, where tailored interfacial energetics and suppressed recombination are equally crucial.",crossref
Recent advances in ambipolar organic light-emitting transistors: materials and devices,http://pubs.rsc.org/en/Content/ArticleLanding/2026/CS/D6CS00036C,,RSC - Chem. Soc. Rev. latest articles,2026-06-14 23:00:00+00:00,,Huanli Dong,,"Achieving balanced ambipolar transport in organic light-emitting transistors (OLETs) is crucial for realizing high-performance electroluminescence and advancing integrated optoelectronics. However, this goal remains challenging due to the imbalanced charge injection and transport for most organic semiconductors. Encouragingly, significant effort has been made through two complementary approaches: molecular engineering to develop ambipolar high-mobility emissive semiconductors, and device architecture optimization to compensate for material limitations. The latter encompasses asymmetric electrodes, interface modification layers, multi-layer device structures, and dual-gate device structures. This review summarizes recent advances in ambipolar OLETs from both materials and device perspectives, with emphasis on the interplay between intrinsic molecular properties and extrinsic device design. Finally, we briefly discuss the persistent challenges and future prospects for achieving high-efficiency ambipolar OLETs.",rsc_html
Simulation of fuzz formation on tungsten surface and its impact on sputtering and hydrogen retention by MD-MC hybrid method,https://iopscience.iop.org/article/10.1088/1741-4326/ae7585,,Nuclear Fusion - latest papers,2026-06-14 23:00:00+00:00,10.1088/1741-4326/ae7585,Minyou Ye,,"Tungsten (W) is considered the primary material for the divertor and first wall in future fusion reactors. Under the irradiation of helium (He) plasma, a porous layer named ‘fuzz’ forms on W surface, accompanied by changes in its physical properties. In this paper, the early stage of fuzz is constructed using a molecular dynamics (MD) and Monte Carlo (MC) hybrid method. It provides a more physically realistic structure by allowing the nanostructure to emerge naturally from the interplay of atomic-scale processes. The generated fuzz structures are subsequently employed to evaluate the changes in surface properties, including both sputtering and hydrogen (H) permeation/retention. Simulation results show that the fuzz layer ceases to grow once it reaches a certain thickness. Further analysis indicates that the formation of fuzz structure can suppress the diffusion and accumulation of He from the surface to bulk material. The simulation results also indicate that higher ion energy results in greater He retention, which consequently leads to an increase in the porosity of the fuzz layer. Simulations of He atoms cascades show that, although the energy directly transferred from He atoms (<100 eV) to W atoms is lower than the sputtering threshold energy (∼8.9 eV), W surface modifications and sputtering can still occur via adatoms formation. Compared with flat W surface, fuzzy surface tends to recapture the sputtering W atoms, exhibiting lower net sputtering yield under the same He irradiation conditions. The bombardment by He atoms can also promote the curling of fuzz structures, which may subsequently influence W surface diffusion. Finally, the He–H hybrid simulations indicate that the formation of fuzz structure significantly suppresses the H permeation and retention in the W bulk area and enhances H retention on W surface.",rss_description
In the field — and in the lab — sometimes the simplest tool is best,https://www.nature.com/articles/d41586-026-01885-y,,Nature,2026-06-15 00:00:00+00:00,10.1038/d41586-026-01885-y,Amanda Heidt,,"Technology has led to unprecedented innovation, but common household items can help make research more reproducible — and accessible. Technology has led to unprecedented innovation, but common household items can help make research more reproducible — and accessible.",nature_html
Why people should work together to shape the economy,https://www.nature.com/articles/d41586-026-01889-8,,Nature,2026-06-15 00:00:00+00:00,10.1038/d41586-026-01889-8,Clara Mattei,,An economist sets out how communities can direct economic decisions and not just endure their consequences. An economist sets out how communities can direct economic decisions and not just endure their consequences.,nature_html
‘Every box has been opened’: London botanic gardens digitizes 7 million specimens,https://www.nature.com/articles/d41586-026-01917-7,,Nature,2026-06-15 00:00:00+00:00,10.1038/d41586-026-01917-7,Davide Castelvecchi,,"As Kew Botanic Gardens completes a scan of its collections, AI tools could help in the fight against biodiversity loss. As Kew Botanic Gardens completes a scan of its collections, AI tools could help in the fight against biodiversity loss.",nature_html
At-home brain implant gives man with motor neuron disease his daily life back,https://www.nature.com/articles/d41586-026-01863-4,,Nature,2026-06-15 00:00:00+00:00,10.1038/d41586-026-01863-4,Miryam Naddaf,,The device has helped a man with motor neuron disease communicate and control his computer for nearly two years. The device has helped a man with motor neuron disease communicate and control his computer for nearly two years.,nature_html
How AI is revealing the secret lives of animals from hummingbirds to pumas,https://www.nature.com/articles/d41586-026-01887-w,,Nature,2026-06-15 00:00:00+00:00,10.1038/d41586-026-01887-w,Ryan Huling,,"Advances in machine learning and other technologies are helping researchers to trace the movements, landmarks and social practices of wildlife. Advances in machine learning and other technologies are helping researchers to trace the movements, landmarks and social practices of wildlife.",nature_html
Global source-sink dynamics of dengue viruses and epidemic establishment in areas on the fringe of endemic transmission,https://academic.oup.com/nsr/advance-article/doi/10.1093/nsr/nwag372/8708460?rss=1,,National Science Review Advance Access,2026-06-15 00:00:00+00:00,10.1093/nsr/nwag372,Hongjie Yu,,"The global expansion of dengue virus (DENV) poses a major public health threat, yet its circulation dynamics remain poorly understood. By integrating global genetic, epidemiological, and mobility data within a phylodynamic framework, we show that DENV circulation follows a source-sink model, with tropical endemic regions acting as persistent viral reservoirs (‘sources’) that seed epidemics in temperate areas (‘sinks’). Most areas at the fringe of endemic transmission exhibit sink-like characteristics with exception of South China. We identity a low-intensity dispersal route from South China to endemic Asia compared with the high-intensity source-to-sink direction, along with occasional DENV1 overwintering events in South China. Together, these findings suggest that South China occupies an intermediate state between endemic and non-endemic areas. These global DENV pathways were primarily driven by air travel and were reshaped by COVID-19 pandemic-related perturbations. Our findings highlight that dengue circulates within a fully interconnected global system that requires a shift from localized control to globally coordinated intervention efforts, as well as emphasize the importance of year-round genomic surveillance at the human-vector interface in fringe areas.",rss_oup
Does firms’ perceived political instability affect energy poverty?,https://www.sciencedirect.com/science/article/pii/S030142152600368X?dgcid=rss_sd_all,,ScienceDirect Publication: Energy Policy,2026-06-15 00:00:00+00:00,,Himja Sharma,,,
Highly energy efficient information handling dynamics of brain,https://academic.oup.com/nsr/advance-article/doi/10.1093/nsr/nwag373/8708461?rss=1,,National Science Review Advance Access,2026-06-15 00:00:00+00:00,10.1093/nsr/nwag373,Wanlin Guo,,"Artificial intelligence can outperform humans in specific tasks but at extremely high energy cost. Here we show that brain can agglomerate neurons into sphere to achieve energy-efficient ultra-long period electrophysiological activities. Chaos dynamics and fractal theory demonstrated the principle of brain to memorize and process information through formation of electrophysiological strange attractors under the global cooperation of neurons in the spatio-temporal structure. Then the neural sphere based information handling dynamics of brain can be constructed, predicting a storage capacity of 7.48×1018 Byte (3 orders higher than the previous estimates) and a computational power of 6.24×1018 FLOPS (≈ 78 000 modern GPUs) for human brain with a surprising energy efficiency up to 79% via Landauer’s principle, 8-order higher than that of the latest computer chips.",rss_oup
Continental-scale integration of soil metagenomes and organic matter chemistry reveals ubiquitous microbial capacity for chemically-recalcitrant carbon decomposition,https://www.nature.com/articles/s41467-026-71453-5,,Earth and environmental sciences : Nature Communications subject feeds,2026-06-15 00:00:00+00:00,,Emily B. Graham,,"Soil organic matter (SOM) decomposition by microorganisms is a major uncertainty in predicting terrestrial carbon–atmosphere feedbacks, partly because we lack understanding of the microbial diversity involved in depolymerizing different carbon pools across environmental gradients. We address this gap using a continental-scale dataset pairing shotgun metagenomes with high-resolution SOM chemistry, assembling 0.76 Tbp of prokaryotic MAGs (828 genomes) and identifying 66,727 SOM molecules from 47 standardized U.S. soil cores selected using respiration rates from 106 soils. Integrating these datasets reveals widespread microbial potential for depolymerizing chemically-recalcitrant SOM previously considered stable. We uncover complementary metabolic specialization between genera affiliated with two abundant bacterial orders, Rhizobiales and Chthoniobacterales, and an archaeal order, Nitrososphaerales. This metabolic partitioning is consistent across soil depths and activity levels, suggesting coordinated decomposition of complex SOM through distinct but complementary biochemical strategies. The metabolic potential for depolymerization of chemically-recalcitrant compounds is supported by the abundance of these molecules across the soils, as indicated by Fourier-Transform Ion Cyclotron Resonance Mass Spectrometry (FTICR-MS), and by flux balance analysis of metabolic models. Our results show that a substantial portion of ostensibly stable SOM remains vulnerable to microbial decomposition, a mechanism not captured in current Earth System Models.",nature_html
Constraining near-term projections of the South Asian high and Afro-Asian summer monsoon rainfall,https://www.nature.com/articles/s41467-026-74510-1,,Earth and environmental sciences : Nature Communications subject feeds,2026-06-15 00:00:00+00:00,,Huijun Wang,,"Reliable projections of Afro-Asian summer monsoon precipitation (AfroASMP) are critical for sustaining regional development and managing climate risks for billions of people. The complex historical variability of AfroASMP highlights the central role of dynamical circulations, alongside the favorable thermodynamic conditions associated with the centurial global warming. Here, we identify that up to 90% of the variance in AfroASMP over past six decades is dynamically dominated by the South Asian High (SAH), an extensive upper-tropospheric mode spanning West Africa to the western Pacific. Using a multi-model weighting scheme, the constrained near-term SAH projects a larger amplitude than raw simulations across three emission scenarios (SSP1-2.6, SSP2-4.5, SSP5-8.5). SAH-based constraints indicate a reduction in AfroASMP of 10–50 mm, with the largest decrease in abnormally wet conditions over Africa (62%) under SSP5-8.5, and increases in dry conditions over Africa and North China (>10%). The framework offers physically grounded evidence for climate adaptation and policy decisions.",nature_html
Daily briefing: Iron-Age human bones were made into tools before interment,https://www.nature.com/articles/d41586-026-01929-3,,Nature,2026-06-15 00:00:00+00:00,10.1038/d41586-026-01929-3,Flora Graham,,"Newly uncovered bones hint at how Iron Age Britons treated their dead. Plus, AI models have failed to beat human mathematicians at research-level problems and the everyday items that make great scientific tools. Newly uncovered bones hint at how Iron Age Britons treated their dead. Plus, AI models have failed to beat human mathematicians at research-level problems and the everyday items that make great scientific tools.",nature_html
Carbocycle editing of ketones proceeds via a radical-mediated bidirectional C-C bond cleavage/coupling strategy,https://www.nature.com/articles/s41467-026-74317-0,,Physical sciences : Nature Communications subject feeds,2026-06-15 00:00:00+00:00,,Li-Na Guo,,"1,n-Difunctionalized alkyl linchpins are pivotal building blocks in organic synthesis, functional materials, and pharmaceuticals. However, their preparation currently relies predominantly on de novo synthesis, which is hampered by low step-economy and poor functional group compatibility. Herein, we report an efficient method based on a radical-mediated bidirectional C-C bond cleavage, which enables simple cyclic ketones to function as potential diradical linchpins via the formation of gem-diperoxides. It employs a stepwise and controllable tandem process involving alkoxy radical-induced β-scission and acyloxy radical-mediated decarboxylation, to achieve ring-opening, carbon shrinkage, and bidirectional functionalization of carbocycles. This carbocycle editing protocol features sustainable metal catalysis, a broad substrate scope, and excellent functional group compatibility. Notably, the cascade reaction enables facile and selective editing of various complex natural products and drug molecules. This bidirectional C-C bond cleavage/coupling strategy allows for rapid and modular synthesis of structurally diverse alkyl 1,n-dithiocyanides, 1,n-diazides, 1,n-dihalides, and unsymmetric 1,n-thiocyanate-azides (n ≥ 4).",nature_html
An alkyl-swap platform for late-stage modification of secondary N-methylamines,https://www.nature.com/articles/s41557-026-02178-7,,Nature Chemistry,2026-06-15 00:00:00+00:00,10.1038/s41557-026-02178-7,Nuno Maulide,,"The selective functionalization of unprotected amines with simple, unactivated alkenes and alkynes remains a challenge in contemporary synthesis. Here we present a strategy for the peripheral modification of secondary N-methylamines that complements state-of-the-art approaches and tolerates a wide range of functional groups and native amine substrates. This method is primed for application in late-stage functionalization contexts, including the direct bioconjugation of fully functionalized, unprotected building blocks and complex peptides. The retrosynthetic flexibility unlocked by this method also enables the preparation of several commercial, high-grossing pharmaceuticals in a single synthetic step.The alternative text for this image may have been generated using AI.",nature_html
Bones of Iron Age skeleton were whittled into tools,https://www.nature.com/articles/d41586-026-01833-w,,Nature,2026-06-15 00:00:00+00:00,10.1038/d41586-026-01833-w,,,"The female individual’s brain was removed after her death, but her remains were carefully reassembled for her interment. The female individual’s brain was removed after her death, but her remains were carefully reassembled for her interment.",nature_html
Author Correction: UV and thermally stable hole-selective contacts with enhanced assembly density for inverted perovskite solar cells,https://www.nature.com/articles/s41563-026-02668-6,,Nature Materials,2026-06-15 00:00:00+00:00,10.1038/s41563-026-02668-6,Yongzhen Wu,,,
"Copper-catalyzed doubly enantioconvergent radical C(sp3)–P cross-coupling for the construction of P- and P,C-stereogenic centers",https://www.cell.com/chem/fulltext/S2451-9294(26)00166-X?rss=yes,,Chem,2026-06-15 00:00:00+00:00,10.1016/j.chempr.2026.103100,Xin-Yuan Liu,,"Liu and colleagues report a copper-catalyzed enantioconvergent radical C(sp³)–P cross-coupling of racemic secondary phosphine oxides and H-phosphinates with alkyl bromides in order to enable the efficient synthesis of P-stereogenic phosphorus compounds. The same catalytic platform further enables the doubly enantioconvergent construction of vicinal P,C-stereocenters from racemic H-phosphinates and racemic secondary benzyl bromides. This method provides a general and practical approach to phosphorus-centered chirality and may inspire the development of related strategies for other heteroatom-centered stereogenic systems.",rss_cell
Rewriting copper processing,https://www.nature.com/articles/s44286-026-00410-2,,Nature Chemical Engineering,2026-06-15 00:00:00+00:00,10.1038/s44286-026-00410-2,Mo Qiao,,,
A new spin on CO2 reduction,https://www.nature.com/articles/s44286-026-00409-9,,Nature Chemical Engineering,2026-06-15 00:00:00+00:00,10.1038/s44286-026-00409-9,Yanfei Zhu,,,
Link between thermodynamic correlation signatures and superconductivity in twisted trilayer graphene,https://www.nature.com/articles/s41565-026-02155-8,,Nature Nanotechnology,2026-06-15 00:00:00+00:00,10.1038/s41565-026-02155-8,Benjamin E. Feldman,,"Twisted graphene multilayers exhibit strong electronic correlations leading to a range of experimental signatures. Yet how these signatures relate to each other and to the microscopic ground states—and how twist angle and band structure reshape them—remains poorly understood. Here we study this interplay by correlating local thermodynamic and transport measurements in twisted trilayer graphene with unequal angles and flat electronic bands. We use a scanning single-electron transistor to map the impact of electron–electron interactions in the sample by selecting a region with smooth local twist angle evolution. We observe gapped correlated insulator states and asymmetric oscillations in the inverse electronic compressibility, both exhibiting pronounced electron–hole asymmetry with distinct ‘magic’ angles for conduction and valence bands. Subsequent transport measurements in the same region reveal robust superconductivity with a similar electron–hole asymmetry. Our measurements indicate that superconductivity is not directly tied to the correlated insulator states. Instead, its critical temperature correlates closely with the strength of the compressibility oscillations, suggesting a common origin or link between the two. By combining a local probe with transport measurements, we uncover connections between superconductivity and thermodynamic correlation signatures that are not apparent from either technique in isolation. These findings highlight the power of our dual approach.",nature_html
Programmed synthesis of mesoporous protein crystals in cellular reactors,https://www.nature.com/articles/s41565-026-02198-x,,Nature Nanotechnology,2026-06-15 00:00:00+00:00,10.1038/s41565-026-02198-x,Dingchang Lin,,"Protein crystals are naturally derived mesoporous materials with versatile structures and physicochemical properties. Here we introduce an intracellular synthesis platform that enables controllable and programmable protein crystallization. In live cells, we show that, after initial nucleation, steady protein expression governs crystal growth, yielding predictable, tunable dynamics in live cells. Exploiting this feature, we combined HaloTag and click chemistries to achieve modular, programmable immobilization of diverse guest materials with spatial patterning down to ~100 nm resolution. We further demonstrated the sequential release of immobilized materials in physiologically relevant fluids. As a proof of concept, we programmed particles to carry human fibroblast growth factors in distinct layers, which elicited designed oscillatory Akt signalling patterns in cell culture. This work outlines a programmable method for producing mesoporous materials, with possible applications in catalysis and biomedicine.",nature_html
Chain entanglements enable regeneration of high-performance thermosets,https://www.nature.com/articles/s41563-026-02646-y,,Nature Materials,2026-06-15 00:00:00+00:00,10.1038/s41563-026-02646-y,Jeffrey S. Moore,,"Thermoset plastics underpin structural materials, electronics and transportation, yet the permanent covalent networks that prevent flow and provide dimensional stability also make them difficult to recycle without sacrificing performance. Here we show that high-performance thermosets can be built around dense chain entanglements, the physical interlacing of long polymer strands, rather than dense permanent crosslinks, with only a small number of selectively cleavable junctions preserving connectivity. Long, rigid, entangled polyolefin backbones generated by frontal polymerization form glassy polymers with high stiffness, high toughness and excellent creep suppression yet can be fully deconstructed into soluble, linear oligomers. Varying oligomer length and end-group chemistry enables their reuse as re-entangling building blocks that regenerate thermosets with thermal and mechanical properties that remain unchanged across generations. The strategy further extends to high-temperature fibre-reinforced composite matrices and additively manufactured structures, establishing chain entanglement as a design principle for durable, regenerable thermosets.",nature_html
Efficient prime editing in vivo and in vitro using lipid nanoparticles,https://www.nature.com/articles/s41565-026-02200-6,,Nature Nanotechnology,2026-06-15 00:00:00+00:00,10.1038/s41565-026-02200-6,David R. Liu,,"Prime editing is a versatile clinical genome editing method that enables precise substitutions, small insertions and deletions at specified locations in the genomes of living systems including human cells. Although non-viral lipid nanoparticle (LNP) delivery of RNA in vivo has become a preferred method for gene editing in animals and patients, its application to complex, three-component prime editing systems has yielded low editing efficiencies. Here we developed a systematic prime editing LNP (PE-LNP) optimization platform that addresses key bottlenecks in cargo design that limit editing efficiency. This generalizable workflow yielded PE-LNPs that can achieve 49% average in vivo prime editing in the bulk mouse liver with a single dose of 2 mg kg−1. We applied our workflow to the correction of PAH R408W, a cause of phenylketonuria, in a mouse model and achieved prime editing efficiencies and serum phenylalanine levels anticipated to be curative. We also show that PE-LNPs minimize off-target editing compared with DNA delivery methods, induce only transient elevation of liver enzymes and can be dosed repeatedly to improve editing efficiencies. These PE-LNP systems provide an attractive alternative to viral delivery by offering transient expression that minimizes off-target editing, no observed long-term toxicity and high levels of non-viral in vivo liver prime editing.",nature_html
Nanocrystal-tailored recombination for all-perovskite tandem solar modules,https://www.nature.com/articles/s41586-026-10768-1,,Nature,2026-06-15 00:00:00+00:00,10.1038/s41586-026-10768-1,Hairen Tan,,"The commercialization of all-perovskite tandem solar modules is hindered by the reliance on the conventional gold-based tunnel recombination junction (TRJ)1,2. Specifically, this TRJ introduces substantial near-infrared parasitic absorption3 and suffers from interfacial instability4, limiting both photocurrent generation and operational durability. Here, we develop a solution-processed interconnecting layer based on surface-engineered indium oxide (In2O3) nanocrystals featuring high optical transparency, wherein controlled nanocrystal morphology and tailored ligand chemistry enable smooth interfacial contact and favorable energy level alignment. Critically, we introduce a phosphonic acid additive into the lead–tin (Pb–Sn) perovskite precursor, which synergistically improves the electronic contact with the In2O3 recombination layer, thereby enhancing hole extraction. In addition, the additive regulates perovskite crystallization to mitigate residual strain during film formation, ensuring high-quality large-area deposits. This coordinated interfacial and crystallization engineering strategy simultaneously enhances carrier recombination efficiency at the interconnection layer, improves carrier extraction, and promotes large-area film uniformity in all-perovskite tandems. As a result, a 65-cm2 all-perovskite tandem solar module achieves a certified power conversion efficiency of 26.2%5, with an open-circuit voltage of 2.182 V, a fill factor of 77.4%, and a short-circuit current density of 15.6 mA cm-2 in terms of averaged subcell performance, measured by Japan Electrical Safety and Environment Technology Laboratories (JET). This marks a significant advance toward scalable perovskite tandem photovoltaics.",nature_html
Nano-enabled spatially selective protein degradation modulates lactate metabolism to potentiate antitumor immunity in liver cancer,https://www.nature.com/articles/s41565-026-02196-z,,Nature Nanotechnology,2026-06-15 00:00:00+00:00,10.1038/s41565-026-02196-z,Zhaofei Liu,,"Dysregulated cancer metabolism, driven in part by excessive lactate export through monocarboxylate transporters 1 (MCT1) and 4 (MCT4), generates an acidic tumour microenvironment that suppresses antitumour immunity and diminishes therapeutic efficacy. Although small-molecule inhibitors targeting MCT1 and/or MCT4 have been explored, their clinical translation is limited by systemic toxicity. Here we developed polymer-based lysosome-targeting chimeras that selectively degrade CD147, a chaperone protein co-expressed with MCT1 and MCT4, in liver cancer cells, reducing lactate efflux and reprogramming lactate metabolism within the tumour microenvironment. We further engineered polymer-based acid-responsive CD147-targeting lysosome-targeting chimeras to achieve controlled intra-tumoural release under acidic conditions. Systemic administration of polymer-based acid-responsive CD147-targeting lysosome-targeting chimeras significantly suppressed tumour progression in several orthotopic liver cancer models. Moreover, these CD147-targeting lysosome-targeting chimeras potentiated the efficacy of multi-kinase inhibition, immunotherapy and radiotherapy, maintaining a favourable safety profile. Collectively, our nano-enabled spatially selective strategy modulates lactate metabolism in vivo, augmenting antitumour immunity and improving the efficacy of standard-of-care cancer therapies.",nature_html
Association of mortality and combined oxidative capacity of ozone and nitrogen dioxide,https://www.nature.com/articles/s41893-026-01875-y,,Nature Sustainability,2026-06-15 00:00:00+00:00,10.1038/s41893-026-01875-y,Haidong Kan,,"Ozone (O3) and nitrogen dioxide (NO2) are two common gaseous pollutants that both possess oxidizing properties with consequences for human health and have an inextricable chemical relationship that could have distinct public health impacts when considered in combination. We examined the short-term associations of the combined oxidative capacity of O3 and NO2 (represented by Oxwt, the average of O3 and NO2 concentrations weighted by their standard electrode potential) with total, cardiovascular and respiratory mortality in 380 cities across 23 countries or regions between 1985 and 2020. Over 2 days (LAG01), a 10-ppb increase in Oxwt concentration was associated with an increase of 0.82% (95% confidence interval (CI): 0.55%, 1.10%) in total mortality, 1.09% (95% CI: 0.83%, 1.35%) in cardiovascular mortality and 0.88% (95% CI: 0.31%, 1.45%) in respiratory mortality. We also observed variations in this association by geographic region and study period. More deaths were attributable to Oxwt than to either O3 or NO2 but fewer than the sum of the two. Thus, Oxwt might be a valuable indicator for use in public health efforts to capture the combined effects of O3 and NO2.",nature_html
Rooftop photovoltaic-powered electric vehicle charging for accelerated decarbonization,https://www.nature.com/articles/s41893-026-01854-3,,Nature Sustainability,2026-06-15 00:00:00+00:00,10.1038/s41893-026-01854-3,Jinyue Yan,,"Harnessing rooftop photovoltaic (RPV) generation to power electric vehicles (EVs) can substantially accelerate the renewable energy transition and carbon mitigation. Yet, the mismatch between electricity generation and charging demand, exacerbated by rapid EV adoption, introduces large uncertainties in charging capacity, economic feasibility and decarbonization potential. Here we assess the spatiotemporal scalability of PV-powered EV charging across 40 global cities, analysing 3.38 billion charging records from 22,000 charging piles. Under three charging strategies, influential factors affecting daily charging capacity (generation-to-demand ratio) across all urban microgrids of varying sizes consistently followed an exponential scaling law. By 2050, RPV generation is projected to double in each city (1.6–434.7 TWh yr−1), supported by rooftop area expansions aligned with the shared socioeconomic pathways and charging demand will rise 4–1,759-fold (1.5–10,451.7 GWh yr−1), driven by increased EV adoption under International Energy Agency scenarios. Under these evolving conditions, the annual charging capacity of each city declines but remains sufficient to meet 2050 charging demands. Across all cities, total revenue is projected at US$3,173.2 (±99.5) billion with accumulative carbon mitigation of 11.9(±0.4) Gt from 2025 to 2050. These results suggest that RPV-powered EV charging can remain economically viable and sufficient to meet growing demand across diverse urban settings through 2050.",nature_html
Distinguishing intrinsic and interfacial pyroelectric effects by polarization reversal measurements,https://www.nature.com/articles/s41467-026-74459-1,,Physical sciences : Nature Communications subject feeds,2026-06-15 00:00:00+00:00,,Ya Yang,,"Pyroelectric devices hold promise for thermal energy harvesting and sensing. While previous studies have focused on the intrinsic pyroelectric response, they neglect the interfacial pyroelectric effect at the electrode-material interface, leading to an overestimation of the intrinsic contribution to pyroelectricity. By leveraging the reversibility of the intrinsic effect and the irreversibility of the interfacial effect, we propose a method that uses polarization reversal measurements to distinguish between them. By calculating the contributions of the two effects for different ferroelectric films, it is observed that the intrinsic and interfacial pyroelectric effects dominate in PbTiO3 and BaTiO3 films with Schottky contacts, respectively, modifying the energy Figure of Merit. Furthermore, a machine learning model is employed to predict the proportion of intrinsic and interfacial effects, offering strategies for material screening. This work provides a rapid optimization approach and guidelines for high-performance pyroelectric devices based on ferroelectric films.",nature_html
Material considerations of memristors at the nanoscale,https://www.nature.com/articles/s41563-026-02634-2,,Nature Materials,2026-06-15 00:00:00+00:00,10.1038/s41563-026-02634-2,Wei Fan,,"Ilia Valov, a professor at the Institute of Electrochemistry and Energy Systems, Bulgarian Academy of Sciences, and at the Forschungszentrum Jülich, talks to Nature Materials about the relationship between nanoscale structure, composition, electrochemistry and the properties and functionalities of memristors.",nature_html
Excitonic spin torque in a magnetic semiconductor,https://www.nature.com/articles/s41563-026-02643-1,,Nature Materials,2026-06-15 00:00:00+00:00,10.1038/s41563-026-02643-1,Youn Jue Bae,,"Excitons are electronic excitations in semiconductors that mediate the interaction between light and matter. They underpin a wide range of phenomena from optoelectronics to nonlinear optics and sensors. Here we show that a bound exciton reservoir in the two-dimensional magnetic semiconductor CrSBr exerts a spin torque that coherently acts as damping-like and anti-damping-like torques. Crucially, this excitonic spin torque drives a non-trivial trajectory on the magnetic potential energy surface, enabling rapid and repeated switching between antiferromagnetic configurations from a single optical pulse. Unlike traditional spin torques that are fixed by heterostructure symmetry and interface design, this excitonic spin torque is an intrinsic material property. Our results establish excitons as a practical control knob for optospintronic devices, bidirectional quantum transducers, spintronic memory and studies of non-equilibrium magnetic phase transitions.",nature_html
The latest benefit of obesity drugs: boosting testosterone and sperm quality,https://www.nature.com/articles/d41586-026-01867-0,,Nature,2026-06-15 00:00:00+00:00,10.1038/d41586-026-01867-0,Mariana Lenharo,,Preliminary study finds that testosterone levels increase or stabilize in people taking GLP-1 medications. Preliminary study finds that testosterone levels increase or stabilize in people taking GLP-1 medications.,nature_html
Human health effects of amine-based carbon capture and storage in the US electricity sector,https://www.nature.com/articles/s41893-026-01869-w,,Nature Sustainability,2026-06-15 00:00:00+00:00,10.1038/s41893-026-01869-w,Corinne D. Scown,,"Postcombustion carbon capture and storage (CCS) can reduce CO2 emissions from coal and natural gas combined cycle (NGCC) power plants. Integrating CCS affects other air pollutant emissions as well. Flue gas must be pretreated to avoid undesirable reactions between pollutants and solvents, whereas amine-based solvents can degrade, leading to NH3 emissions. Here we explore the air pollution and CO2 emissions impacts of national-scale postcombustion CCS adoption at coal and NGCC plants using monoethanolamine and a mixture of 2-amino-2-methyl-1 propanol and piperazine (CESAR1) as representative solvents. If CCS retrofits are only viable on newer facilities, 97% of NGCC plant emissions are addressable versus 27% of coal plant emissions. Potential human health benefits of CCS retrofits are concentrated at coal plants, where the net benefits of added flue gas pretreatment are substantial, regardless of solvent. NGCC plants, however, require NH3 emissions controls and/or modern solvents, as using monoethanolamine without NH3 emissions controls could increase net human health burdens fourfold. Thus, the human health impacts from adopting postcombustion CCS using amine-based solvents depend on solvent choice, fuel type, existing flue gas concentration and NH3 emission controls. Careful consideration of such factors can maximize the climate and health benefits of postcombustion CCS deployment.",nature_html
Arene difunctionalization through an acyl-inserting Smiles rearrangement enabled by N-heterocyclic carbene catalysis,https://www.nature.com/articles/s41467-026-74546-3,,Physical sciences : Nature Communications subject feeds,2026-06-15 00:00:00+00:00,,Jun-Long Li,,"Arene difunctionalization offers a powerful strategy for the simultaneous installation of two functional groups in a single step. Despite recent advances, ipso/para-selective arene transformations remain underdeveloped. Herein, we report an N-heterocyclic carbene (NHC)-catalyzed radical protocol that addresses this challenge. The process features a unique generation of acyl-inserting Smiles rearrangement, wherein radical Meisenheimer intermediates are intercepted by NHC-bound radicals prior to rearomatization. Subsequent ketone deprotonation regenerates ionic Meisenheimer intermediates, thereby completing the rearrangement and affording 1,4-difunctionalized arenes. This organocatalytic protocol exhibits broad substrate scope, tolerates diverse functional groups, and delivers acylated aniline derivatives in excellent yields (96 examples, up to 98% yield). The synthetic potential is further showcased by a ring-expansion strategy to benzo[b]azepines and by late-stage functionalization of drug-like molecules. Mechanistic insights from combined experimental and computational studies shed light on the unique reactivity and the observed excellent site-selectivity.",nature_html
Transition Radiation Field Enhanced Laser Proton Acceleration Employing Near-Critical-Density Foam,https://www.nature.com/articles/s41467-026-74298-0,,Physical sciences : Nature Communications subject feeds,2026-06-15 00:00:00+00:00,,R. X. Li,,"Laser-driven protons with ultrafast temporal properties attract great interest in fields ranging from flash radiation oncology to compact accelerators. High-efficiency energy coupling of protons from laser-induced accelerating fields is complex, hybrid acceleration mechanisms that combine multiple field contributions prove critical for optimizing proton energy. Here, we report a laser proton acceleration scheme in which proton energy can be enhanced by a transition radiation field (TRF) built by high-energy and large-charged electron bunches. Using near-critical-density plasmas, we experimentally produce electron beams with charges up to ~30 nC (>13 MeV). As these electrons exit the target, they emit intense TRF with energy up to 0.6 J in 0.1-15 THz range, corresponding to an acceleration field of 1012–13 V m–1. When superposed with the charge-separation field (CSF), proton cut-off energy is boosted by more than a factor of two, reaching 90 MeV. The resulting spectra exhibit a distinctive plateau-shaped feature in the high-energy regime. Multi-dimensional kinetic simulations confirm the synergistic role of the TRF and CSF in both enhancing the proton energy and shaping the spectral structure. This scheme provides new insights into the coupling between relativistic electron beams and acceleration fields and facilitates more efficient laser-driven proton acceleration.",nature_html
Regulation of H+ transfer pathways promotes C-C coupling in acidic CO2 electroreduction,https://www.nature.com/articles/s41467-026-74410-4,,Physical sciences : Nature Communications subject feeds,2026-06-15 00:00:00+00:00,,Zhou Chen,,"Electrochemical CO2 reduction reaction in acidic media is fundamentally limited by competitive hydrogen evolution and poor selectivity toward multi-carbon products. Here we report a cooperative catalytic strategy that enables highly selective multi-carbon formation under strongly acidic conditions by regulating proton activation and interfacial solvation. By exploiting the copper oxide nanosheets and integrating an immobilized cobalt tetra(4-carboxyphenyl)porphyrin, a dual-functional interface is constructed that steers abundant protons toward productive C–C bond formation. This synergy sustains C-C coupling at high current densities and suppresses parasitic hydrogen evolution. As a result, the hybrid catalyst delivers a multi-carbon Faradaic efficiency of up to 89.5% with partial current densities exceeding 1 A cm−2 in pH 2 ± 0.1 electrolyte, and maintains high selectivity even at pH 0.7 ± 0.05. Operando spectroscopic analyses and theoretical calculations reveal that regulated proton activation enables efficient formation of key C-C coupling intermediates and stabilizes the catalytic interface under acidic conditions. These results demonstrate a viable route to achieve efficient CO2 electroreduction to multi-carbon products in acidic environments through molecular control of proton utilization.",nature_html
"High-resolution nanopore peptide sensing, profiling and sequence assembly",https://www.nature.com/articles/s41565-026-02192-3,,Nature Nanotechnology,2026-06-15 00:00:00+00:00,10.1038/s41565-026-02192-3,Shuo Huang,,"Nanopores have been explored as a potential platform for protein analysis following the success of nanopore nucleic acid sequencing. However, protein sequencing remains technically challenging and has not yet been established for proteomics use. Here a nickel-immobilized Mycobacterium smegmatis porin A (MspA-NTA-Ni) nanopore is shown to enable the identification of a range of proteomic analytes, including amino acids and peptides up to 39 amino acids in length. Under identical conditions, signals corresponding to 20 proteinogenic amino acids, 4 post-translationally modified amino acids, 32 peptides, 6 modified peptides, 11 bioactive peptides and 2 neoantigen peptides were recorded. Machine-learning-based analysis enabled classification of these analytes with a validation accuracy of up to 97.4% within the studied dataset. The MspA-NTA-Ni nanopore supports both direct peptide identification and peptide profiling following enzymatic hydrolysis. As a proof of concept, a reference peptide was digested using exo- and endopeptidases to generate overlapping peptide fragments. Nanopore measurements combined with machine learning predictions enabled the identification of fragment compositions and partial sequences, allowing reconstruction of the original peptide sequence. This hydrolysis-based approach shows sensitivity to sequence alterations, including mutations, deletions and post-translational modifications, indicating potential utility for targeted peptide characterization.",nature_html
Modeling megawatt-scale hydrogen electrolysis plants with frequency support capability,https://www.sciencedirect.com/science/article/pii/S0306261926008792?dgcid=rss_sd_all,,ScienceDirect Publication: Applied Energy,2026-06-15 00:00:00+00:00,,Oriol Gomis-Bellmunt,,,
Physics-informed reinforcement learning for large-scale EV smart charging considering distribution network voltage constraints,https://www.sciencedirect.com/science/article/pii/S0306261926008780?dgcid=rss_sd_all,,ScienceDirect Publication: Applied Energy,2026-06-15 00:00:00+00:00,,Pedro P. Vergara,,,
Data-driven predictive modeling for water source heat pumps: Toward digital twin development for energy stations,https://www.sciencedirect.com/science/article/pii/S0306261926008846?dgcid=rss_sd_all,,ScienceDirect Publication: Applied Energy,2026-06-15 00:00:00+00:00,,Yulong Ding,,,
Active nitrogen mediated selective ruthenium migration on ceria for high pressure ammonia decomposition,https://www.nature.com/articles/s41467-026-74205-7,,Physical sciences : Nature Communications subject feeds,2026-06-15 00:00:00+00:00,,Hyuntae Sohn,,"Precise stabilization of atomic structures under reaction environments remains a central challenge in heterogeneous catalysis. Here, we demonstrate that ammonia (NH3) serves as a chemically active nitrogen source to derive the selective migration of ruthenium (Ru) atoms onto ceria (CeO2) domains, forming a durable atomically dispersed structure. During ammonia decomposition, nitrogen-containing intermediates promote atomic redistribution of Ru and anchor the atoms selectively at CeO2, yielding stable Ru-ceria interfaces. The resulting catalyst exhibits high activity in high-pressure ammonia decomposition for hydrogen production, attributed to its lowered activation energy and mitigated hydrogen poisoning. Furthermore, both the catalytic performance and the atomic Ru structure are preserved during long-term high-pressure operation, confirming the exceptional structural stability of the designed configuration. This study establishes active-nitrogen-driven migration as an effective strategy for constructing robust and reaction-friendly catalyst surface.",nature_html
"A system-level assessment of geological hydrogen storage, renewable generation and demand prediction for clean electricity pathways: A Great Britain case study",https://www.sciencedirect.com/science/article/pii/S0306261926008238?dgcid=rss_sd_all,,ScienceDirect Publication: Applied Energy,2026-06-15 00:00:00+00:00,,Christopher Groves,,,
Embedding regulatory storage time limitations into reverse logistics network design for retired lithium-ion batteries under uncertain quantity and quality of returns,https://www.sciencedirect.com/science/article/pii/S0306261926008871?dgcid=rss_sd_all,,ScienceDirect Publication: Applied Energy,2026-06-15 00:00:00+00:00,,Zhang Wu,,,
Exergoeconomic assessment of the industrial integration of a thermochemical energy storage system with adaptive turbomachinery,https://www.sciencedirect.com/science/article/pii/S0306261926008950?dgcid=rss_sd_all,,ScienceDirect Publication: Applied Energy,2026-06-15 00:00:00+00:00,,R. Chacartegui,,,
Temperature-induced delamination: A method for uniformly delaminating multilayer Ti3C2Tx via volume changes in low-freezing-point solvents,https://www.cell.com/matter/fulltext/S2590-2385(26)00228-6?rss=yes,,Matter,2026-06-15 00:00:00+00:00,10.1016/j.matt.2026.102865,Marino Lavorgna,,"Exfoliating MXenes into large, intact monolayers remains challenging. Yang et al. introduce a temperature-induced delamination (TIDE) strategy that harnesses reversible expansion and contraction of a water-ethanol solvent to generate a gentle “molecular jack” effect. This sustainable physical approach produces large-area, highly conductive Ti3C2Tx monolayers and few-layer particles with high yield, offering a scalable route to high-quality two-dimensional materials.",rss_cell
Joint compliance with food security and environmental constraints limits the global potential of energy crops,https://www.cell.com/one-earth/fulltext/S2590-3322(26)00140-5?rss=yes,,One Earth,2026-06-15 00:00:00+00:00,10.1016/j.oneear.2026.101739,Benoît Gabrielle,,,
Reforestation increases water inequality under low warming but reduces water availability under high warming,https://www.cell.com/one-earth/fulltext/S2590-3322(26)00141-7?rss=yes,,One Earth,2026-06-15 00:00:00+00:00,10.1016/j.oneear.2026.101740,Xuhui Lee,,"Land management plays a critical role in climate mitigation and local water security. Reforestation, as a key land management strategy, is widely implemented to sequester carbon, and it also alters local water availability through biophysical effects. However, how the same reforestation activity affects water availability under different climate states remains unclear, a gap critical for adaptive land management and water policy. Here, we show that the hydrological consequences of reforestation depend on the background climate state. Using Earth system model simulations, we find that under a low-warming scenario, reforestation causes an insignificant increase in global mean water availability but increases spatial inequality (stronger wetting over wet regions). In contrast, under a high-warming scenario, reforestation reduces global water availability while weakening spatial inequality (drying over wet regions). A moisture budget analysis attributes these differences to circulation responses in wet regions. Our findings reveal that climate context shapes reforestation outcomes, providing practical insights for policymakers designing climate-adaptive land management strategies.",openalex
Breaking symmetry yields a low-loss out-of-plane tunable microwave dielectric,https://www.nature.com/articles/s41928-026-01651-y,,Nature Electronics,2026-06-15 00:00:00+00:00,10.1038/s41928-026-01651-y,Darrell G. Schlom,,"Voltage-tunable capacitors (varactors) are key components in microwave circuits. Tunable dielectric varactors can outperform competing technologies but typically suffer from high dielectric loss. Ruddlesden–Popper dielectric thin films can, by contrast, offer low microwave loss. Unfortunately, their crystallographic symmetry is usually not compatible with an out-of-plane parallel-plate varactor design, which can minimize size and maximize the electric field in the tunable dielectric compared with an in-plane device design. Here we show that a low-loss and tunable Ruddlesden–Popper dielectric thin film that is compatible with the parallel-plate varactor design can be created by breaking this crystallographic symmetry. We study films that are similar to the widely studied tunable microwave dielectric Ba0.45Sr0.55TiO3 but have a Ba0.45Sr0.55O rock-salt layer for every n-perovskite unit cells. The film with n = 8 exhibit an optimum combination of tunability and loss, with a material quality factor of around 200 and a relative tunability of 51% at an applied electric field of 250 kV cm−1, which results in a dielectric tuning figure of merit of 100 at 10 GHz.",nature_html
A miniaturized ingestible temperature sensor for continuous internal monitoring,https://www.nature.com/articles/s41928-026-01643-y,,Nature Electronics,2026-06-15 00:00:00+00:00,10.1038/s41928-026-01643-y,Giovanni Traverso,,"Ingestible electronic systems offer a minimally invasive means to continuously monitor core body temperature, providing critical insights into a range of health conditions. However, the size of ingestible sensors often limits their use, particularly in paediatric populations. Here we report a miniaturized ingestible temperature sensor for continuous internal monitoring. The device integrates a 1 mm × 1 mm low-power (10 nW) integrated circuit, a 5 mm × 5 mm antenna for wireless backscatter communication and a coin-cell battery. The fully encapsulated system measures just 6 mm in diameter and 4 mm in height, dimensions aligned with those of US Food and Drug Administration-approved osmotic controlled-release oral delivery system and smaller than video capsule endoscopy devices, thus minimizing the risk of gastrointestinal retention. We evaluate the sensor in swine models under diverse physiological and pathophysiological conditions. This includes use in ambulatory multi-day monitoring, scenarios with inflammation-induced altered gastrointestinal transit and deployment alongside intravascular devices for vascular navigation and guidance.",nature_html
Efficient organic photovoltaics with thermalization-controlled exciton management,https://www.cell.com/joule/fulltext/S2542-4351(26)00204-7?rss=yes,,Joule,2026-06-15 00:00:00+00:00,10.1016/j.joule.2026.102520,Guodan Wei,,"Thermalization losses limit organic photovoltaic (OPV) performance. We report a UV-absorbing TADF material, BPhA-QAO, that specifically modulates polymer donors. It regulates donor energy levels to prolong singlet exciton lifetime, narrows the singlet-triplet gap for triplet-to-singlet exciton recycling, suppresses thermal losses, and delivers a certified PCE of 20.18%, offering a universal strategy for high-performance OPVs.",rss_cell
2D perovskite as three-in-one interface modifier for efficient Pb-Sn perovskite solar cells and all-perovskite tandems,https://www.cell.com/joule/fulltext/S2542-4351(26)00205-9?rss=yes,,Joule,2026-06-15 00:00:00+00:00,10.1016/j.joule.2026.102521,Wei Huang,,"This work develops 2D perovskite as a three-in-one interface modifier to produce high-quality Pb-Sn perovskite films, and the distinct roles of 2D perovskite in three positions are carefully investigated. As a result, this strategy achieves an efficiency of 24.07% in Pb-Sn perovskite solar cells, with a robust shelf-life and operational stability. Furthermore, the corresponding two-terminal all-perovskite tandem device yields an efficiency of 30.07% (certified 29.22%) with excellent operational stability.",rss_cell
A spectrum-tailored approach integrating photocatalysis and photothermal utilization for efficient solar energy conversion: theoretical analysis and experimental investigation,https://www.sciencedirect.com/science/article/pii/S0306261926008949?dgcid=rss_sd_all,,ScienceDirect Publication: Applied Energy,2026-06-15 00:00:00+00:00,,Yanwei Zhang,,,
"Rethinking the green power grid for stability, not just for climate",https://www.cell.com/joule/fulltext/S2542-4351(26)00206-0?rss=yes,,Joule,2026-06-15 00:00:00+00:00,10.1016/j.joule.2026.102522,Adilson E. Motter,,"The 2025 Iberian blackout has renewed concerns about the resilience of power grids with high shares of renewable generation. This commentary argues that renewable generation can not only advance decarbonization but also strengthen grid stability through synthetic inertia, advanced inverter-based control, and coordinated transmission planning. Rapid advances in energy storage and power electronics make this transition increasingly viable.",rss_cell
Carbon-conformal manufacturing: Conformal prediction-guided carbon emission optimization in paper-mill energy systems,https://www.sciencedirect.com/science/article/pii/S0306261926008524?dgcid=rss_sd_all,,ScienceDirect Publication: Applied Energy,2026-06-15 00:00:00+00:00,,Sangkeum Lee,,,
Biomass-based thermally tunable dual afterglow with room temperature daylight visibility,https://www.nature.com/articles/s41467-026-74145-2,,Physical sciences : Nature Communications subject feeds,2026-06-15 00:00:00+00:00,,Shujun Li,,"Biomass-derived long-persistent afterglow materials that simultaneously deliver thermally activated delayed fluorescence (TADF) and room-temperature phosphorescence (RTP) are highly sought after but remain challenging to achieve, particularly when daylight-visible RTP and high-temperature-tolerant, color-tunable TADF are required. Herein, we develop a thermally tunable RTP-TADF dual-mode afterglow material featuring thermochromic green-to-blue emission by using boric acid (BA) to covalently crosslink natural ellagic acid (EA) and cellulose (Cell) in situ during a facile air-drying process. The resulting EA@Cell, with B-O-C-rigidified structural network, exhibits long-persistent green RTP that remains visible to the naked eye for up to 8 s under daylight conditions upon ultraviolet excitation. Notably, EA@Cell exhibits thermally enhanced TADF emission across 293–413 K, with a 127-fold increase in afterglow lifetime, and maintains its structural integrity and emissive robustness even at temperatures as high as 453 K. As a practical demonstration of EA@Cell, the solution of EA and BA is formulated into daylight-visible RTP inks and thermochromic afterglow inks, enabling low-cost cellulose-based anti-counterfeiting, high-temperature thermal sensing, and dynamic information encryption.",nature_html
Machine-learning-guided inverse design of lead-free relaxors enabled by multimodal literature mining,https://www.nature.com/articles/s41467-026-74376-3,,Physical sciences : Nature Communications subject feeds,2026-06-15 00:00:00+00:00,,Ho Won Jang,,"Lead-free relaxors combining high permittivity with thermal robustness are essential for integrated electronics and power systems operating at elevated temperatures. However, their development remains fundamentally hindered by inherent property trade-offs and the immense chemical search space. Here, we report an inverse-design framework integrating multimodal literature mining with physics-guided descriptor-based deep ensemble learning for systematic relaxor screening. By screening a combinatorial space exceeding 150 million candidates, we identify the (Sr0.48Na0.26Bi0.26)(Ti1−xSnx)O3 (0 ≤ x ≤ 0.02) compositions as a low-complexity composition window that satisfies a sparsely populated tri-target dielectric-property regime. Experimental validation confirms that compositions with x = 0.01 and 0.02 meet the predefined design targets for dielectric stability while maintaining a room temperature permittivity above 3300. This stability is further reflected in the simultaneous satisfaction of the upper-temperature-side X5R/X6R/X7R criteria. Atomic-scale characterization reveals that octahedral framework expansion induces polar heterogeneity, underlying the observed dielectric performance. Our results establish an experimentally validated down-selection framework for navigating complex relaxor design spaces and accelerating the data-driven discovery of temperature-stable lead-free dielectrics.",nature_html
Single Ce atom-assisted oxygen vacancies as active and stable sites for CO2 conversion,https://www.nature.com/articles/s41467-026-74091-z,,Physical sciences : Nature Communications subject feeds,2026-06-15 00:00:00+00:00,,Yuefeng Liu,,"Oxygen vacancies are often considered the active sites for CO2 conversion, but their engineering to enhance activity and stability has been scarcely investigated, especially at high reaction tempeture (≥600 °C) or under severe stressing conditions (i.e., in presence of H2S). We demonstrate that oxygen vacancies in defective MgO nanocrystals (less than 20 nanometres) can be significantly promoted by the addition of atomically dispersed Ce atoms anchored at these defective MgO sites. These catalysts combine high performance in CO2 conversion with exceptional stability even in the presence of 300 ppm H2S. For a loading 2, enhancing the activation of H2 molecules, but do not play a role alone as single-atom catalysts. Extensive mechanistic studies, chemical kinetics and theoretical modelling prove that the single-atom-assisted oxygen vacancies (SA-Ov) enables the high catalytic performance and stability, thereby opening new avenues for catalyst design.",nature_html
Observation of tunable chiral spin textures with nonlinear optics,https://www.nature.com/articles/s41467-026-74328-x,,Physical sciences : Nature Communications subject feeds,2026-06-15 00:00:00+00:00,,Zhipei Sun,,"Chiral spin textures, such as spin spirals and skyrmions, are key to advancing spintronics by enabling ultrathin, energy-efficient memory, and high-density data storage and processing. However, their realization remains hindered by the scarcity of suitable host materials and the formidable experimental challenges associated with the characterization of these intricate chiral magnetic states. Here, we report the observation of tunable chiral magnetic textures in van der Waals magnet CrPS4 with nonlinear optics. These tunable textures exhibit strong chiral third-order nonlinear optical responses, driven by interlayer and intralayer spin couplings under varying magnetic fields and temperatures. These pronounced chiral nonlinear optical responses highlight the potency and high sensitivity of the nonlinear optical readout for probing non-collinear magnetic orders. Moreover, our findings position van der Waals magnets and their heterostructures as an exceptional platform for reconfigurable spin-photonics and spintronics, unifying optical, electrical, and magnetic properties through unique intralayer and interlayer spin coupling properties and effective spin interaction between photons and electrons.",nature_html
Engineering Crystalline Frameworks into Porous Liquids to Fabricate Graphene Oxide/Porous Liquid Membranes for Efficient Li+/Mg2+ Separation,https://www.nature.com/articles/s41467-026-74496-w,,Physical sciences : Nature Communications subject feeds,2026-06-15 00:00:00+00:00,,Tiangang Luan,,"The quest for sustainable energy transition has intensified the demand for lithium extraction from salt-lake brines, necessitating advanced membranes for high-efficiency Li+/Mg2+ separation. Integrating porous frameworks and two-dimensional (2D) scaffolds has shown promise for fabricating ion-permselective membranes, but is hampered by poor processability. Here we transform crystalline frameworks into porous liquids (PLs), and embed them within graphene oxide (GO) laminates to engineer an ultrathin and defect-free GO/PLs membrane. Discrete porous guests are uniformly confined within 2D nanofluidic channels mediated by a sterically hindered solvent. The GO/PLs membrane exhibits ultrahigh Li+ permeance (0.75 mol m−2 h−1) and exceptional Li+/Mg2+ selectivity (154.4) by regulating ion dehydration and ion-to-channel interactions. Efficient lithium extraction from simulated brine is demonstrated, reversing the Mg/Li ratio of 40 to achieve a Li/Mg ratio of 4.6. This work reports the manufacturing strategy of hybrid membranes based on porous frameworks and 2D materials for precise ion separation.",nature_html
Graphdiyne confined-membrane with intrinsic in-plane-pores for angstrom-scale gas sieving,https://www.nature.com/articles/s41467-026-74512-z,,Physical sciences : Nature Communications subject feeds,2026-06-15 00:00:00+00:00,,Gaofeng Zeng,,"Graphdiyne (GDY), an emerging carbon allotrope with inherent and well-defined in-plane nanopores, holds high potential as a molecular sieve membrane. However, experimentally validating its precision separation capability has been hindered by the challenges in fabricating continuous membranes with vertically accessible intraplane pores. Here, we develop a confinement-driven pore-registered synthesis strategy that enables the templated growth of GDY within the aligned meso-channels of covalent organic framework (COF), producing confined GDY nanomembranes. The resulting GDY⊕COF membrane exhibits high selectivity for separating 3-Angstrom gas molecules (H2, He) from larger molecules. Theoretical calculations reveal the selectivity originates from a synergy of strict size exclusion and an amplified electronic polarization effect within the unique GDY framework. As GDY represents an extensive family of graphyne materials with tuneable pore size and functions, this work not only addresses the challenge of small gas separation in graphitic membranes but also establishes a versatile strategy for developing advanced graphyne-family materials separation membranes.",nature_html
Continuous solar-driven recycling of lithium-ion battery cathode materials enabled by a stable benzobisthiazole-linked polymeric photocatalyst,https://www.nature.com/articles/s41467-026-74524-9,,Physical sciences : Nature Communications subject feeds,2026-06-15 00:00:00+00:00,,Yanguang Li,,"Recovering valuable metals from spent lithium-ion batteries (LIBs) is essential but highly limited by high energy consumption and significant waste emissions. Herein, we propose a solar-driven recycling strategy applicable to a wide range of LIB cathode materials. The core of this approach lies in the efficient and stable hydrogen peroxide (H2O2) production, enabled by a rationally engineered benzobisthiazole-linked polymeric photocatalyst. The in-situ photogenerated H2O2 induces the redox reactions of metal species, promoting their dissolution and lithium-ion deintercalation. Under optimal conditions, this approach achieves Li+ leaching rates of up to 14 mmol h−1 g−1 and transition metal extraction efficiencies exceeding 90%. Outdoor trials under natural sunlight demonstrate continuous and stable recycling of LiCoO2 for over a 30-day period, achieving average daily leaching yields of 8.4 mmol Co2+ and 8.7 mmol Li+. A techno-economic analysis further supports the practical feasibility of our photocatalytic recycling strategy, underscoring its potential as a scalable and sustainable solution for recovering critical metals from LIB waste.",nature_html
Breaking continuity to prevent catastrophic building collapse,https://www.nature.com/articles/s41467-026-74393-2,,Physical sciences : Nature Communications subject feeds,2026-06-15 00:00:00+00:00,,Jose M. Adam,,"It is increasingly difficult to predict all the hazards that buildings will face over their lifetime, highlighting the need to design robust structures that can tolerate unforeseen damage. Typically, robustness is pursued by providing continuity within a structural system. While this strategy performs well in expected scenarios, it increases the risk of catastrophic collapse propagation when initial damage is large. Using high-fidelity simulations, we first identified and characterised the key mechanisms responsible for continuity-enabled collapse propagation in highly continuous building structures such as those made of cast-in-place reinforced concrete. Building on this understanding, we developed: 1) a design approach that employs bespoke force-regulating fuses to interrupt continuity when it becomes detrimental, and 2) an experimental setup that allows system-level collapse propagation to be evaluated by testing only a representative part of a building. Overall, our work shows that continuity can be selectively disengaged even in intrinsically continuous structures and provides a cost-effective way of testing the next generation of solutions against unforeseen extreme events.",nature_html
A geometric criterion links HIV-1 capsid topography to its biophysical properties and function,https://www.nature.com/articles/s41467-026-74109-6,,Physical sciences : Nature Communications subject feeds,2026-06-15 00:00:00+00:00,,Reidun Twarock,,"Mathematical models of virus capsid structure are pillars of modern virology, aiding the understanding of viral mechanisms and the design of antiviral interventions. Traditionally, the HIV-1 capsid core geometry is represented as a fullerene lattice, akin to the icosahedral models of spherical viruses in Caspar-Klug theory. However, recent studies revealed that many viral capsids deviate from such idealised lattices, with important functional implication. Here we show that this is the case also for the conical HIV-1 core geometries, in which the hexamer and pentamer boundaries form a pseudo-tiling rather than a perfectly aligned fullerene network. We introduce a triangular geometric criterion that quantifies local deviations of an HIV-1 atomic model from its idealised fullerene backbone. Using this criterion, we present that this difference in geometric organisation between idealised (fullerene) and actual (data-derived) capsid model has implications for the capsid’s biophysical properties. We also discuss the use of the geometric criterion as a predictive tool regarding cofactor binding and implied geometric changes in the capsid surface coupled to the interfacial frustration response. Our results establish a quantitative framework linking capsid geometry, curvature, and biophysical function, offering new perspectives for assembly inhibitor design and lentiviral vector engineering.",nature_html
Leveraging nanoparticle protein corona to advance plasma proteome profiling,https://www.nature.com/articles/s41467-026-74426-w,,Physical sciences : Nature Communications subject feeds,2026-06-15 00:00:00+00:00,,Morteza Mahmoudi,,"The blood plasma proteome is a rich reservoir of potential biomarkers, yet its analysis is hindered by a protein concentration dynamic range exceeding ten orders of magnitude. Traditional fractionation and enrichment methods often present limitations in detecting rare proteins masked by the presence of abundant proteins. A promising frontier technology has emerged to overcome such limitations: leveraging nanoparticle protein coronas to enrich low-abundance plasma proteins and unveil previously inaccessible layers of the proteome. This Perspective highlights the capabilities of the protein corona technology in enhancing proteome coverage, addresses its current limitations and outlines future directions in proteoform analysis and causal inference.",nature_html
Deep learning completes US flood hazard maps revealing millions exposed to previously unrecognized risk,https://www.nature.com/articles/s41467-026-74336-x,,Earth and environmental sciences : Nature Communications subject feeds,2026-06-15 00:00:00+00:00,,Rudi Stouffs,,"Flood maps are essential for disaster preparedness, insurance and climate adaptation, yet US official maps cover only one-third of river channels. Here we present a deep-learning framework that learns from existing records to produce a spatially complete 30-m flood hazard map for the contiguous US, filling unmapped regions and updating legacy extents. We estimate that the 2023 national database omits 11 million people and 4.1 million buildings in flood zones, adding 69% and 81% beyond the official baseline respectively. Crucially, our socioeconomic analysis of 917 cities reveals that entirely unmapped areas disproportionately harbor highly vulnerable demographics, particularly the elderly and children, exposing them to unrecognized risks and compounding existing inequalities. By solving the trilemma between accuracy, scale, and cost in national scale flood mapping, our open-source method broadens public access to risk information, paving the way for targeted and equitable climate adaptation.",nature_html
Buried-interface stabilization for efficient and bright blue perovskite LEDs,https://www.nature.com/articles/s41467-026-74583-y,,Physical sciences : Nature Communications subject feeds,2026-06-15 00:00:00+00:00,,Yan-Qing Li,,"Metal halide perovskites are highly promising luminescent materials; however, the development of high-performance blue perovskite light-emitting diodes (PeLEDs) remains constrained by buried interface degradation. Here, we construct a three-dimensional cross-linked network of pentaerythritol tetraacrylate on the hole transport layer (HTL) to achieve efficient and bright blue PeLEDs. This dense cross-linked network serves as a physical barrier, shielding the HTL from polar solvent erosion and preserving its structural integrity. The abundant carbonyl groups in the network form strong coordination interactions with the perovskite lattice, effectively passivating interfacial defects and enhancing interfacial stability. Furthermore, an interfacial dipole formed at the HTL/network interface modulates the energy level alignment, facilitating efficient hole injection. The resulting PeLEDs across blue spectral regions deliver outstanding external quantum efficiencies of 28.0% at 488 nm, 21.3% at 476 nm, and 15.4% at 466 nm, with maximum luminance values of 26,240, 10,750, and 2444 cd m−2, respectively.",nature_html
Iodine-mediated proton-coupled electron transfer enables selective polymerization of organic pollutants in an oxidant-free electrocatalytic system,https://www.nature.com/articles/s41467-026-74349-6,,Earth and environmental sciences : Nature Communications subject feeds,2026-06-15 00:00:00+00:00,,Irene M. C. Lo,,"Organic polymerization offers a sustainable water treatment approach that enables resource recovery, yet current oxidant-involved practices suffer from poor selectivity. We present an oxidant-free electrocatalytic system for phenolic pollutant polymerization via iodine-mediated proton-coupled electron transfer (PCET) with an iodine-enriched bismuth-oxyiodide-coated carbon cloth (I-BiOI@CC) anode, achieving 97.1% polymerization selectivity by converting pollutants into insoluble polymerized products. Mechanistic investigations demonstrate that I-BiOI@CC provides reversible redox mediation (3I⁻ ⇆ I₃⁻), enhancing pollutant-electrode interaction and accelerating interfacial charge transfer to facilitate PCET-oxidation of phenols to phenolic radicals that undergo polymerization through thermodynamically favored ortho C–O coupling. Polymerization kinetics depend on proton and electron transfer energetics, wherein phenols with stronger electron-donating capacity and weaker O–H bond strength promote the PCET process. The electrocatalytic system exhibits high energy and cost efficiency, demonstrates negligible biotoxicity, and shows excellent practicality. This work offers a promising proof-of-concept for future development of green and selective electrocatalytic processes for water decontamination.",nature_html
Light‐Induced Proton Transfer Tautomeric Frustrated Lewis Pairs on Carbon Nitride,https://advanced.onlinelibrary.wiley.com/doi/10.1002/adma.73733?af=R,,Wiley: Advanced Materials: Table of Contents,2026-06-15 04:56:33+00:00,10.1002/adma.73733,Can Yang,,"ABSTRACT
                  
                    The static nature of active sites in heterogeneous frustrated Lewis pairs (FLPs) often limits their adaptability and efficiency in dynamic catalytic environments. Challenges such as the inevitable quenching of sites at high loadings and vulnerability to poisoning restrict their practical application. Inspired by the inherent dynamicity of soft materials, we report a paradigm shift from static design to light‐regulated dynamic catalysis by constructing Tautomeric Frustrated Lewis Pairs (TFLPs) on carbon nitride frameworks. Through supramolecular self‐assembly, we engineered carbon nitride isomers capable of undergoing photoinduced keto‐enol and phosphinylidene tautomerization. This process in situ generates transient, yet stabilized, electron‐deficient (Lewis acid) and electron‐rich (Lewis base) sites with appropriate spatial frustration. This dynamic system was employed in the photocatalytic oxidation of H
                    2
                    S, where the TFLPs demonstrated superior and stable activity. In situ spectroscopic studies and kinetic analyses corroborate the light‐switched formation of TFLPs and elucidate the dynamic regulatory mechanism. This work establishes tautomerism as a powerful tool for creating adaptive active sites, introducing a new subclass of FLPs and paving the way for intelligent, responsive heterogeneous catalysis.",crossref
Electrochemical Oxidation of Water Through Conducting Polymer for Hydroxyl Radical Generation at Ultra‐Low Voltage,https://advanced.onlinelibrary.wiley.com/doi/10.1002/adma.73666?af=R,,Wiley: Advanced Materials: Table of Contents,2026-06-15 04:58:49+00:00,10.1002/adma.73666,Haotian Bai,,"ABSTRACT
                  
                    Although conducting polymers (CPs) have catalyzed the development of advanced optoelectronic devices, their performance in aqueous environments remains largely underexplored due to the quenching of electron/hole by water molecules. In this study, we present an unconventional electrochemical strategy to achieve unexpected hydroxyl radical (•OH) generation at a remarkably low voltage of 0.4 V (vs. Ag/AgCl). This is realized through an integrated system comprising CPs of poly(fluorene‐alt‐thienopyrazine) (PFTP) adsorbed onto the partially oxidized copper sheet. Microscopy and surface analysis techniques demonstrated that the Cu
                    2
                    O layer on the copper sheet surface could enhance the interaction between PFTP and copper sheet, thereby tuning the oxidation potential of PFTP from 1.27 to 1.70 V (vs. Ag/AgCl). It was the specific shift that makes thermodynamically capable of oxidizing water into •OH upon electrical stimulation. Theoretical calculations and mass spectrometry imaging results indicated that the PFTP/Copper interaction is mainly attributed to the interaction between the S atoms on the PFTP backbone and Cu
                    2
                    O sites, and the weak interfacial interaction effectively tuned the HOMO energy level of PFTP. Finally, the PFTP/Copper system demonstrates a superior sterilization rate of 99% against bacterial biofilms at low operating voltages, offering a sustainable and energy‐efficient solution for anti‐biofouling applications.",crossref
Strengthened Interfacial Coupling Between Self‐Assembled Monolayers and Bulk Heterojunctions Enables Thermally Stable Organic Solar Cells,https://advanced.onlinelibrary.wiley.com/doi/10.1002/adma.73709?af=R,,Wiley: Advanced Materials: Table of Contents,2026-06-15 05:01:49+00:00,10.1002/adma.73709,Hin‐Lap Yip,,"ABSTRACT
                  
                    Self‐assembled monolayers (SAMs) have emerged as an effective interfacial strategy for improving charge extraction and interfacial energetics in organic solar cells (OSCs); however, limited operational stability, particularly under prolonged high‐temperature conditions, remains a critical challenge for practical deployment. Here, we systematically engineer SAM terminal groups to elucidate how interfacial molecular interactions between the SAM and the bulk‐heterojunction active layer govern device efficiency and thermal stability. Expanding the aromatic ring size of the SAM pendant groups enhances
                    π–π
                    and van der Waals interactions, leading to stronger molecular coupling and a more intact and robust interfacial structure at both the electrode/SAM and SAM/active‐layer interfaces. In particular, SAMs incorporating naphthalene pendant groups exhibit significantly strengthened intermolecular interactions, effectively suppressing thermally induced morphological degradation under elevated temperatures. As a result, PM6:BTP‐eC9‐based binary and ternary organic solar cells achieve power conversion efficiencies of 19.73% and 20.15%, respectively. Notably, devices employing this interfacial molecular locking strategy deliver a T
                    90
                    operational lifetime of 150 h under maximum power point tracking at 85°C, representing an order‐of‐magnitude improvement compared to SAMs without pendant groups. These findings establish aromatic terminal group expansion as an effective molecular design strategy for simultaneously enhancing efficiency and thermal stability in organic solar cells.",crossref
Argyrodite Sulfide Electrolytes with Dry Atmospheric Stability for All‐Solid‐State Lithium Batteries,https://advanced.onlinelibrary.wiley.com/doi/10.1002/adma.73671?af=R,,Wiley: Advanced Materials: Table of Contents,2026-06-15 05:04:53+00:00,10.1002/adma.73671,Xiayin Yao,,"ABSTRACT
                  
                    The instability of sulfide electrolytes toward air and their incompatibility with solvents remain a great challenge that hampers their scalable manufacturing for all‐solid‐state lithium batteries. In this work, the effects of major components in air on argyrodite sulfide electrolytes are systematically investigated, including N
                    2
                    , O
                    2
                    , and CO
                    2
                    . Both Li
                    6
                    PS
                    5
                    Cl and Li
                    5.4
                    PS
                    4.4
                    Cl
                    1.6
                    exhibit chemical inertness toward N
                    2
                    , but easily react with O
                    2
                    and CO
                    2
                    . Notably, Li
                    5.4
                    PS
                    4.4
                    Cl
                    1.6
                    shows inferior stability against O
                    2
                    and CO
                    2
                    compared to Li
                    6
                    PS
                    5
                    Cl, attributed to the weakness of P─Cl bond in the PS
                    3
                    Cl motif as confirmed by density functional theory calculations. Nevertheless, oxygen doped Li
                    6.05
                    PS
                    4.9
                    O
                    0.1
                    Cl
                    1.05
                    and Li
                    5.3
                    PS
                    4.2
                    O
                    0.2
                    Cl
                    1.5
                    possess more positive free energy changes towards O
                    2
                    and CO
                    2
                    oxidation, thereby suppressing the decomposition of PS
                    4
                    3−
                    units. In addition, Li
                    5.3
                    PS
                    4.2
                    O
                    0.2
                    Cl
                    1.5
                    also shows excellent tolerance to sec‐butyl acetate, realizing a 12 µm‐thick membrane with high ionic conductivity of 2.34 mS cm
                    −1
                    by wet‐coating process. Moreover, the improved interface compatibility between Li
                    5.3
                    PS
                    4.2
                    O
                    0.2
                    Cl
                    1.5
                    and lithium metal enables stable cycling for 10 000 h at 0.1 mA cm
                    −2
                    . The resultant LiNbO
                    3
                    @LiCoO
                    2
                    |Li
                    5.3
                    PS
                    4.2
                    O
                    0.2
                    Cl
                    1.5
                    |Li battery retains 81.6% of its initial capacity after 1000 cycles at 1 C, and the LiNbO
                    3
                    @LiCoO
                    2
                    ||Li pouch cell with Li
                    5.3
                    PS
                    4.2
                    O
                    0.2
                    Cl
                    1.5
                    membrane delivers 86.6% capacity retention after 250 cycles at 0.1 C.",crossref
Random-with-constraints: Constructing minimal models for high-dimensional biology,https://www.pnas.org/doi/abs/10.1073/pnas.2526777123?mi=eymic2&af=R&access=on&content=articlesChapters&publication=pnas&sortBy=Earliest&target=default,,Proceedings of the National Academy of Sciences: Keyword search for query,2026-06-15 07:00:00+00:00,10.1073/pnas.2526777123,Pankaj Mehta,,"Biologists and physicists have a rich tradition of modeling dynamics of living systems with simple models composed of a few interacting components. Despite the remarkable success of this approach, it remains unclear how to use such finely tuned models to study complex biological systems composed of numerous heterogeneous, interacting components. One possible strategy for taming this biological complexity is to embrace the idea that many biological behaviors we observe are “typical” and can be modeled using random systems that respect biologically motivated constraints. Here, we review recent works showing how this approach can be used to make close connection with experiments in biological systems ranging from neuroscience to ecology and evolution and beyond. Collectively, these works suggest that the “random-with-constraints” paradigm represents a promising new modeling strategy for capturing experimentally observed dynamical and statistical features in high-dimensional biological data and provides a powerful minimal modeling philosophy for biology.",crossref
The diversity of soil parasitic protists shapes ecosystem stability worldwide,https://www.pnas.org/doi/abs/10.1073/pnas.2528901123?mi=eymic2&af=R&access=on&content=articlesChapters&publication=pnas&sortBy=Earliest&target=default,,Proceedings of the National Academy of Sciences: Keyword search for query,2026-06-15 07:00:00+00:00,10.1073/pnas.2528901123,Manuel Delgado-Baquerizo,,"Soil parasitic protists influence the health of plants and soil organisms. Yet, the extent to which these interactions impact the stability of terrestrial ecosystems remains largely unquantified. Here, we utilized two independent global-scale biodiversity surveys available online to investigate the relationship between the taxonomic diversity of parasitic protists and satellite-based time series of ecosystem productivity (i.e., normalized difference vegetation index). We found that soil parasitic protist diversity, particularly the diversity of Apicomplexa (common parasites of soil invertebrates), was consistently and positively correlated with ecosystem temporal stability worldwide. Our analyses suggest that Apicomplexa diversity is positively associated with temporal stability of ecosystem productivity by boosting mean productivity, likely through regulating invertebrate plant herbivory and nutrient cycling. Furthermore, the relationships between Apicomplexa diversity and ecosystem temporal stability were strongly mediated by climate, with a stronger correlation found in less productive colder or drier ecosystems. Our findings provide large-scale empirical evidence for the previously undescribed significant statistical relationship between soil parasitic protist diversity and ecosystem stability, highlighting their potential role in explaining the stability of terrestrial ecosystems globally.",crossref
Lysosomal TMEM165 remodels calcium signaling to drive hypoxia adaptation and tumor progression,https://www.pnas.org/doi/abs/10.1073/pnas.2532309123?mi=eymic2&af=R&access=on&content=articlesChapters&publication=pnas&sortBy=Earliest&target=default,,Proceedings of the National Academy of Sciences: Keyword search for query,2026-06-15 07:00:00+00:00,10.1073/pnas.2532309123,Chunlei Cang,,"Hypoxia is a common stress encountered by animal tissues during development, physiology, and disease. To cope with hypoxic stress, cells remodel metabolic and signaling networks to preserve viability and function. Lysosomes serve as central hubs for metabolic control and intracellular signaling, yet their role in hypoxic adaptation remains unclear. Here, we identify the lysosomal calcium transporter TMEM165 as a hypoxia-responsive regulator of cellular homeostasis. Under hypoxic conditions, TMEM165 expression increases, promoting calcium redistribution from the endoplasmic reticulum to lysosomes and expanding lysosomal calcium storage capacity. TMEM165 activation regulates autophagy and senescence through the AMPK-mTOR and ERK/p21 signaling pathways, respectively. In glioma, high TMEM165 expression correlates with poor prognosis, whereas its depletion suppresses glycolysis, proliferation, and tumor progression. These findings establish TMEM165 as a lysosomal hypoxia-responsive protein that integrates calcium signaling with metabolic and stress-response pathways, revealing a mechanistic link between oxygen availability, lysosomal function, and tumor adaptation.",crossref
Actuation driven pseudocrease mechanics in multistable curved-crease origami shells,https://www.pnas.org/doi/abs/10.1073/pnas.2530458123?mi=eymic2&af=R&access=on&content=articlesChapters&publication=pnas&sortBy=Earliest&target=default,,Proceedings of the National Academy of Sciences: Keyword search for query,2026-06-15 07:00:00+00:00,10.1073/pnas.2530458123,Glaucio H. Paulino,,"Shells are lightweight load-bearing structures found ubiquitously throughout nature and engineering. Reconfigurable structures can change form and function, while multistable ones enable fast, large shape changes and the ability to maintain a deformed shape without the continuous input of work. Here we present a general design method for multistable shells inspired by curved-crease origami and the differential geometry of developable surfaces. Through detailed analysis of a reference multistable shell, we show that the shell naturally concentrates deformation along a band which we term a “pseudocrease.” We analyze the effect geometric parameters have on the mechanical behavior to provide an intuitive understanding of the mechanics underlying the multistability, in which bending and stretching energies within the shell compete. We validate the numerical models and trends through experiments using samples of varying geometries. The validation addresses applications across a variety of length scales and forms, including a magnetically controlled curved-crease robot capable of morphing, rolling, steering, and crawling. Our approach holds potential for designing reconfigurable shells with tailored stiffness, energy barrier, and shape across multiple application areas.",crossref
Triggering three-step relay mechanism over Cu-based electrocatalysts for nitrate reduction,https://www.pnas.org/doi/abs/10.1073/pnas.2531408123?mi=eymic2&af=R&access=on&content=articlesChapters&publication=pnas&sortBy=Earliest&target=default,,Proceedings of the National Academy of Sciences: Keyword search for query,2026-06-15 07:00:00+00:00,10.1073/pnas.2531408123,Yifu Yu,,"Electrocatalytic nitrate reduction reaction (NO
                    3
                    RR) is a promising approach for pollutant appreciation. Cu-based catalysts have attracted extensive attention due to their favorable adsorption with nitrate. At present, the continuous hydrogenation is considered as a single reaction mechanism for NO
                    3
                    RR over Cu, in which the high energy barrier of NO
                    3
                    −
                    -to-NO
                    2
                    −
                    conversion and insufficient active hydrogen (*H) supply lead to high onset potential and low faradaic efficiency. The three-step relay (TSR) mechanism can solve these issues, but it is retarded by the low driving force of spontaneous redox reaction between Cu and NO
                    3
                    −
                    . Herein, we design P-doped Cu cluster catalyst to trigger and enhance TSR. The onset potential and faradaic efficiency of NH
                    3
                    are −0.15 V (vs. reversible hydrogen electrode) and 99.17% over P-doped Cu cluster, outperforming the reported Cu-based catalysts. The electrochemical in situ characterizations, isotope-labeling experiments and theoretical calculations prove that the low-coordinated Cu in cluster promotes the rate of spontaneous redox reaction as well as P doping provides sufficient *H, which can trigger and enhance TSR pathway for NO
                    3
                    RR, achieving excellent NO
                    3
                    RR performance.",crossref
"Correction for De Anda et al., The archaeal roots of eukaryotic life",https://www.pnas.org/doi/abs/10.1073/pnas.2619000123?mi=eymic2&af=R&access=on&content=articlesChapters&publication=pnas&sortBy=Earliest&target=default,,Proceedings of the National Academy of Sciences: Keyword search for query,2026-06-15 07:00:00+00:00,10.1073/pnas.2619000123,,,,
ERK builds a population of short-lived nascent adhesions that produce persistent edge protrusion and cell migration,https://www.pnas.org/doi/abs/10.1073/pnas.2525452123?mi=eymic2&af=R&access=on&content=articlesChapters&publication=pnas&sortBy=Earliest&target=default,,Proceedings of the National Academy of Sciences: Keyword search for query,2026-06-15 07:00:00+00:00,10.1073/pnas.2525452123,Michelle C. Mendoza,,"Cell migration is realized through the fast and persistent protrusion of a leading edge in the direction of movement. The actin and adhesion structures that build edge protrusions are integrated such that pro-migration signaling pathways must control both assemblies to induce protrusion. Understanding the contribution of adhesion regulation has been complicated by the inability to selectively assay the nascent adhesions that promote edge protrusion. Here, we dissect how the core RAS → RAF → MEK → ERK pathway’s control of nascent adhesions contributes to edge protrusion and cell migration by targeting an ERK FRET biosensor to adhesions and quantifying ERK’s spatial and temporal activity. We find that ERK is activated in the assembling, membrane-proximal region of nascent adhesions through adhesion scaffold paxillin, which interacts with the ERK activator MEK. Tracking nascent adhesion dynamics during cell migration showed that ERK promotes both nascent adhesion assembly and disassembly to create a population of nascent adhesions with short lifetimes. MEK inhibition is partially complemented by expression of a talin R8vvv mutant that increases the nascent adhesion population, demonstrating the significance of ERK’s adhesion regulation for edge protrusion and migration persistence. These findings suggest that when new adhesions initiate, the ERK activation level dictates adhesion assembly and disassembly rates to specifically build nascent adhesions that rapidly turn over, an adhesion population that promotes protrusion persistence and migration.",crossref
Structural and cellular insights into DCTPP1 antagonists and their synergistic action with DNMT inhibitors,https://www.pnas.org/doi/abs/10.1073/pnas.2534029123?mi=eymic2&af=R&access=on&content=articlesChapters&publication=pnas&sortBy=Earliest&target=default,,Proceedings of the National Academy of Sciences: Keyword search for query,2026-06-15 07:00:00+00:00,10.1073/pnas.2534029123,James M. Berger,,"DCTPP1 is a nucleotide pyrophosphatase that helps preserve genomic stability and epigenetic programming by hydrolyzing and preventing the misincorporation of methylated base-modified deoxycytosine triphosphates into DNA. Through this role, DCTPP1 can degrade the efficacy of nucleotide analog-based DNA methyltransferase inhibitors and thus represents a compelling therapeutic target in cancer treatment. To identify prospective antagonists of DCTPP1, we conducted a high-throughput chemical screen against the enzyme, identifying both existing and previously unreported inhibitor classes with potent submicromolar activity. Structural characterization using X-ray crystallography revealed that the inhibitors all occupy DCTPP1’s nucleotide-binding pocket, associating primarily with a pair of tryptophans and two critical histidine residues that mimic interactions observed with natural substrates. Biochemical assays using modified chemical scaffolds confirmed the relevancy of the observed DCTPP1–antagonist interactions, while cell-based experiments demonstrated significant synergy between the lead inhibitors and the nucleoside analog decitabine in blocking the growth of prostate cancer cells. The specificity and efficacy of the compounds were further validated through loss- and gain-of-function studies, confirming the dependence of their therapeutic synergy on DCTPP1 activity. These findings advance our understanding of DCTPP1 as a therapeutic target while uncovering chemical scaffolds that can potentiate the action of existing nucleotide-based cancer therapies.",crossref
The global diversity and decline of glacier animals,https://www.pnas.org/doi/abs/10.1073/pnas.2514455123?mi=eymic2&af=R&access=on&content=articlesChapters&publication=pnas&sortBy=Earliest&target=default,,Proceedings of the National Academy of Sciences: Keyword search for query,2026-06-15 07:00:00+00:00,10.1073/pnas.2514455123,Gentile Francesco Ficetola,,"Glacier environments host an unrecognized number of animals that are at high risk of extinction due to global warming. Yet, the absence of comprehensive analyses has hampered the development of a coordinated agenda for research and conservation. By assembling a global dataset of terrestrial and freshwater animals in glacial habitats, we show that glacier environments host at least 152 animal species from 14 classes and 7 phyla. This diversity is underestimated for nearly all the groups and we detected widespread taxonomical, ecological, and geographical biases. Glacier animals exhibited diverse ecological patterns, with 73 species reported exclusively from glacial habitats (glacier specialists). Biogeographical patterns showed clear differences between groups, with some taxa (tardigrades, rotifers) found mostly in polar areas and others (insects, springtails) associated with tropical and temperate mountains. Glacier regions with a lower temperature showed a higher richness of glacier specialists. Glacier animals were widespread across the metazoan tree of life; the ability to disperse passively by wind emerged as the strongest driver of the occurrence of glacier animals. By linking the distribution of glacier specialists to scenarios of glacier retreat, we identified areas and species that are likely to experience abrupt declines in the next few decades, as well as species that could face complete habitat loss. Our results call for urgent actions to secure the future of glacier environments and their singular, understudied fauna.",crossref
Improved latitudinal carbon budgets from global airborne surveys,https://www.pnas.org/doi/abs/10.1073/pnas.2523984123?mi=eymic2&af=R&access=on&content=articlesChapters&publication=pnas&sortBy=Earliest&target=default,,Proceedings of the National Academy of Sciences: Keyword search for query,2026-06-15 07:00:00+00:00,10.1073/pnas.2523984123,Andrew Zammit-Mangion,,"Robust information on the spatial distribution of global carbon fluxes is required to project the future trajectory of carbon-climate feedback effects and atmospheric CO
                    2
                    concentrations. Estimates of the latitudinal partitioning of carbon fluxes from top-down atmospheric CO
                    2
                    inverse models currently diverge widely, because of methodological limitations or systematic biases in models or observations. We use airborne CO
                    2
                    observations from the NASA Atmospheric Tomography Mission to evaluate and refine inverse model estimates from the Orbiting Carbon Observatory version 10 Model Intercomparison Project of total CO
                    2
                    exchange for the two-year period of June 2016–May 2018. Applying emergent concentration-flux relationships as constraints reduces zonal total flux uncertainties by 46 to 56% relative to the full v10 MIP ensemble and by 17 to 28% relative to the subset excluding satellite observations over ocean. Subtracting independent estimates of fossil-fuel emissions and air-sea gas exchange results in residual land fluxes with a large northern extratropical sink, a small southern extratropical sink, and a small tropical source. The airborne-derived tropical land source disagrees with a large tropical land sink from process-based terrestrial models combined with estimates of land use emissions and river fluxes, representing an important challenge for our understanding of the global carbon cycle. The large implied northern extratropical sink can be explained either by underestimated land uptake by process models or a combination of process model bias and overestimated fossil fuel emissions.",crossref
Resveratrol isomers with opposing activities target endonuclease G to modulate neurodegeneration and mitochondrial elimination,https://www.pnas.org/doi/abs/10.1073/pnas.2534340123?mi=eymic2&af=R&access=on&content=articlesChapters&publication=pnas&sortBy=Earliest&target=default,,Proceedings of the National Academy of Sciences: Keyword search for query,2026-06-15 07:00:00+00:00,10.1073/pnas.2534340123,Ding Xue,,"Mitochondrial endonuclease G (EndoG) is involved in several important cellular processes and has been implicated in multiple diseases. Accordingly, molecules modulating EndoG activity may have high therapeutic potentials. Searching for compounds affecting paternal mitochondrial elimination (PME) in
                    
                      Caenorhabditis elegans
                    
                    , we have identified resveratrol (RSV), a well-known natural compound, as a PME inhibitor. Interestingly, RSV exists as a mixture of
                    trans
                    - and
                    cis
                    -isomers, which interconvert upon light exposure and, surprisingly, exhibit opposing effects on PME by targeting nematode EndoG. Biochemically,
                    trans
                    -RSV enhances and
                    cis
                    -RSV inhibits endonuclease activity of EndoG through direct binding to EndoG. In cellular thermal shift assays,
                    trans
                    -RSV stabilizes and
                    cis
                    -RSV destabilizes nematode EndoG in vivo, indicating direct physical interactions between RSV isomers and EndoG. Structurally, two
                    cis
                    -RSVs bind to the His-Me finger DNA-binding motifs of the EndoG dimer, obstructing its access to DNA substrates. In contrast,
                    trans
                    -RSV binds to the EndoG dimeric interface to stabilize the EndoG dimer. Functionally,
                    trans
                    -RSV enhances and
                    cis
                    -RSV inhibits dopaminergic (DA) neuronal loss induced by α-synuclein, consistent with an important role for EndoG in α-synuclein-induced Parkinsonism. In a mouse model of Parkinson’s disease,
                    cis
                    -RSV treatment inhibited DA neurodegeneration in the substantia nigra and improved motor symptoms of animals. Our study demonstrates unexpected, opposing effects of RSV isomers on EndoG in regulating its nuclease activity and associated biological processes, which could complicate RSV applications and cause unanticipated toxicity and side effects. However, when used properly, RSV isomers hold promise as targeted therapies for EndoG-associated human diseases, including PME-related disorders and neurodegeneration.",crossref
A vast temporal continuum for sensory processing arises from a nontopographic cellular multilevel gradient,https://www.pnas.org/doi/abs/10.1073/pnas.2524478123?mi=eymic2&af=R&access=on&content=articlesChapters&publication=pnas&sortBy=Earliest&target=default,,Proceedings of the National Academy of Sciences: Keyword search for query,2026-06-15 07:00:00+00:00,10.1073/pnas.2524478123,Felix Felmy,,"Classification of neurons into discrete populations aids the comprehension of neuronal function. However, such simplifications do not fully reflect the complexity and gradual nature of sensory stimuli and internal representations. Therefore, heterogeneous neuronal populations might be more adequate to process and represent neuronal function compared to discrete populations. Using patch-seq recordings, we identify a heterogeneous cell population in the auditory brainstem that forms an extensive functional continuum through molecular, biophysical, and synaptic gradients. Through the interaction of this multilevel gradient, this population spans nearly the full range of known membrane time constants forming a temporal filter bank. This temporal filter bank matches the range of relevant frequencies of environmental sound transients. This arrangement processes early cross-frequency integration producing a holistic information of environmental sound transients known to be relevant during speech and pitch detection. Thus, the presence of a functionally continuous neuronal population relates to the complexity of stimulus information.",crossref
Drosophila Myc ameliorates defects in mitochondrial homeostasis and muscle maturation caused by Metaxin-2 deficiency,https://www.pnas.org/doi/abs/10.1073/pnas.2532562123?mi=eymic2&af=R&access=on&content=articlesChapters&publication=pnas&sortBy=Earliest&target=default,,Proceedings of the National Academy of Sciences: Keyword search for query,2026-06-15 07:00:00+00:00,10.1073/pnas.2532562123,Xiaojun Xie,,"Mitochondrial protein import machineries are essential for organelle homeostasis. Metaxin-2 (Mtx2) is an evolutionarily conserved component of the mitochondrial sorting and assembly machinery, and its mutations are associated with a progeroid syndrome, named mandibuloacral dysplasia associated to Mtx2 (MADaM). To investigate the pathologic mechanisms of MADaM, we developed
                    Mtx2
                    genetic models in
                    Drosophila
                    .
                    Mtx2
                    null mutants are lethal at a preadult stage, and this phenotype can be rescued by expression of either
                    Drosophila
                    Mtx2 (dMtx2) or its human ortholog, demonstrating functional conservation across species. Tissue-specific conditional knockout and transgene rescue experiments pinpoint muscle as a critical tissue requiring dMtx2 function. Loss of dMtx2 impairs myofibril assembly and induces structural and functional abnormalities in muscle mitochondria. Notably, Mtx2 deficiency significantly reduces the expression of myogenic, mitochondrial, and ribosomal proteins. Overexpression of
                    Drosophila
                    Myc, a master regulator of ribosome biogenesis and cell growth, successfully rescues the preadult lethality caused by
                    dMtx2
                    deficiency, and partially restores sarcomere and mitochondrial defects. Our results reveal an interaction between Mtx2-related mitochondrial and ribosomal homeostasis, and elucidate potential Myc-dependent pharmaceutic mechanisms underlying MADaM pathologies.",crossref
Global decline in pollination limitation of pollinator-dependent crops,https://www.pnas.org/doi/abs/10.1073/pnas.2533418123?mi=eymic2&af=R&access=on&content=articlesChapters&publication=pnas&sortBy=Earliest&target=default,,Proceedings of the National Academy of Sciences: Keyword search for query,2026-06-15 07:00:00+00:00,10.1073/pnas.2533418123,Agustín Sáez,,"Biotic pollination benefits 75% of crops, representing about 35% of global food production. Given widespread reports of pollinator decline over the last decades, crop yield losses might be expected. However, global assessments of their impact on crop yield are still missing. We analyzed temporal trends in pollination limitation (PL) and evaluated whether the use of managed pollinators and autogamy capacity reduced yield losses. We used a global dataset on the effects of pollen supplementation in pollinator-dependent crops to assess changes in PL from 1950 to present and performed a meta-analysis using 790 effect sizes across 86 crops. Our findings reveal that PL is widespread across pollinator-dependent crops, averaging 36%. However, PL has declined by 50% between 1950 and the 2010s. Crops with managed pollinators were associated with lower PL than crops without them. Importantly, fields supplemented with managed pollinators showed a steady decline in PL over time, whereas unmanaged fields showed no evidence of decline. Autogamy capacity was associated with lower PL levels. Our study highlights the importance of managed pollinators for crop production and reinforces the potential role of breeding traits aimed at increasing autogamy to reduce PL. The results suggest that current pollination management practices have become increasingly efficient in crop production systems, possibly helping to mitigate the negative impacts of wild pollinator declines. However, continued efforts to diversify pollination strategies, including the conservation of wild pollinators and the management of alternative pollinator species, can have a relevant role in ensuring long-term resilience and sustainability of global agriculture.",crossref
Scalable networks of multimodal haptic arrays for plantar sensory substitution,https://www.pnas.org/doi/abs/10.1073/pnas.2536577123?mi=eymic2&af=R&access=on&content=articlesChapters&publication=pnas&sortBy=Earliest&target=default,,Proceedings of the National Academy of Sciences: Keyword search for query,2026-06-15 07:00:00+00:00,10.1073/pnas.2536577123,John A. Rogers,,"Feet provide essential sensory input, supporting body awareness for safe movement. The impairment of plantar sensation, arising in conditions such as stroke and spinal cord injury, has a major impact on mobility, balance, and quality of life. Substituting the sensation of plantar pressure to another area on the body with intact somatosensory abilities requires capabilities for fast, programmable delivery of haptic feedback. Here, we introduce a wireless network of skin-conformable, multimodal haptic arrays that deliver high-density thermal and vibrotactile patterns anywhere on the body. Central to this approach is a hybrid motor unit that independently controls thermal and mechanical stimulation, enabling 128 degrees of freedom across 64 addressable nodes. Electromechanical characterization establishes precise, simultaneous, and safe modulation of both modalities. Psychophysical experiments demonstrate reliable spatial discrimination of colocated heat and vibration. These haptic arrays form the receivers in a sensory substitution system that delivers patterns of vibrotactile stimulation to mirror the distribution of pressure recorded from an insole-based array of pressure sensors. Exploratory case studies in individuals with spinal cord injury and stroke demonstrate feasibility and suggest improved performance during standing balance and walking tests. Altogether, this work highlights the potential of information-rich cutaneous interfaces to substitute plantar sensation, expanding the scope of somatosensory engagement for rehabilitation, entertainment, and education.",crossref
A cannabidiol-sensitive region involved in the allosteric modulation of the α7 nicotinic receptor,https://www.pnas.org/doi/abs/10.1073/pnas.2535398123?mi=eymic2&af=R&access=on&content=articlesChapters&publication=pnas&sortBy=Earliest&target=default,,Proceedings of the National Academy of Sciences: Keyword search for query,2026-06-15 07:00:00+00:00,10.1073/pnas.2535398123,Cecilia Bouzat,,"Cannabidiol (CBD), a nonpsychoactive phytocannabinoid from
                    Cannabis sativa
                    , modulates the α7 nicotinic acetylcholine receptor (α7 nAChR), a key target in neurological, neurodegenerative, and inflammatory disorders. However, the molecular basis of this modulation remains unresolved. By combining single-channel recordings, molecular dynamics (MD) simulations, and targeted mutagenesis, we identify an allosteric region governing CBD action. CBD produces a marked inhibition of α7 channel activity, followed by a recovery phase characterized by infrequent prolonged openings. MD simulations in closed and desensitized conformations reveal partially overlapping putative CBD-binding sites at the extracellular end of the transmembrane domain. Mutations in M1 and M4 residues within these sites differentially reshape CBD modulation: Some attenuate its inhibitory action, whereas others potentiate the increase in open-channel duration. Strikingly, the M4-L487A mutation converts CBD into a strong positive allosteric modulator, demonstrating that subtle perturbations of this region can invert the direction of modulation. Functional outcomes do not map to discrete sites, indicating that CBD engages an extended allosteric network involved in CBD dual modulation. These findings identify a CBD-sensitive regulatory region, define molecular basis of α7 modulation by CBD, and provide a framework for designing next-generation modulators of pentameric ligand-gated ion channels.",crossref
Oxytocin modulates the neurocomputational mechanisms engaged in learning rank relationships in social networks,https://www.pnas.org/doi/abs/10.1073/pnas.2606871123?mi=eymic2&af=R&access=on&content=articlesChapters&publication=pnas&sortBy=Earliest&target=default,,Proceedings of the National Academy of Sciences: Keyword search for query,2026-06-15 07:00:00+00:00,10.1073/pnas.2606871123,Jean-Claude Dreher,,"Indirect evidence from preclinical and neuropharmacological studies suggests that oxytocin may attenuate social dominance relationships and modulate social memory. In humans, oxytocin may also modulate self-
                    versus
                    other-oriented reward learning and in-group/out-group decisions differently. Although the neural bases of learning social hierarchy by observation have been identified for linear hierarchies (a
                    1
                    &lt; a
                    2
                    &lt; a
                    n
                    ), the brain mechanisms engaged in learning more complex rank relationships (i.e. &lt;, =, &gt;) in social networks remain unknown. Here, we investigated the modulatory role of oxytocin on the neurocomputational mechanisms engaged when learning ranks in social networks and when making transitive inferences based on social memory retrieval. Participants learned rank relationships between members of two social networks, one in which they were embedded and the other not. During a subsequent test phase, they inferred rank relationships between pairs of members not encountered before. During training, oxytocin (vs. placebo) improved choice accuracy regarding rank relationship between pairs of members for other-oriented network and increased activity of the ventromedial prefrontal cortex. During the test phase, oxytocin modulated the balance between self/other social memory, boosting performance and amygdala responses for memory retrieval concerning social networks in which participants were not embedded. These findings demonstrate that oxytocin modulates the brain computations needed to learn and retrieve rank relationships in social networks in a manner that depends upon reference-frame.",crossref
Revisiting dopamine function in cognition through abstract decision-making,https://www.pnas.org/doi/abs/10.1073/pnas.2611090123?mi=eymic2&af=R&access=on&content=articlesChapters&publication=pnas&sortBy=Earliest&target=default,,Proceedings of the National Academy of Sciences: Keyword search for query,2026-06-15 07:00:00+00:00,10.1073/pnas.2611090123,M. Victoria Puig,,,
Multidecadal preindustrial methane variability can be explained by noise in the source–sink imbalance,https://www.pnas.org/doi/abs/10.1073/pnas.2601235123?mi=eymic2&af=R&access=on&content=articlesChapters&publication=pnas&sortBy=Earliest&target=default,,Proceedings of the National Academy of Sciences: Keyword search for query,2026-06-15 07:00:00+00:00,10.1073/pnas.2601235123,Alexander J. Turner,,"Ice core records of preindustrial methane indicate variability of
                    
                      
                        ±
                      
                    
                    30 ppb (
                    
                      
                        ±
                      
                    
                    5%) on multidecadal-to-centennial timescales. Previous work has attributed these excursions to low-frequency or episodic changes in methane sources due to large-scale climate variability (e.g., the Little Ice Age) or human activity. Here, we explore what source and sink dynamics are consistent with ice core variability and show that the preserved variability can arise solely from white noise fluctuations in the source–sink imbalance. A simple model driven by unforced random perturbations, when integrated by the methane lifetime and firn processes, produces synthetic ice core records that match the spectral features of observations. Thus, fast-varying sources or sinks previously assumed too transient to affect ice core variability, such as weather-driven fluctuations in methane oxidants and emissions (e.g., interannual wetland variability), can produce the observed variability. Given large structural uncertainty in methane budget dynamics, we expand our model to quantify how variability in atmospheric methane and its drivers changes with the assumed dominant timescale of source–sink imbalance variability. Our results show that any source–sink imbalance timescale shorter than a century is consistent with the ice core record. Shorter timescales imply greater atmospheric variability but require larger-amplitude source–sink imbalance fluctuations. A key consequence is that rapid preindustrial source–sink variability (timescales
                    
                      
                        ≲
                      
                    
                    1 y) could explain modern methane growth rate variability. Constraining methane source and sink dynamics with preindustrial ice core records could therefore provide more robust priors for evaluating modern methane trends.",crossref
Endothelial c-IAP2 loss amplifies P2X7 receptor-driven inflammation and worsens schistosomiasis-associated pulmonary hypertension,https://www.pnas.org/doi/abs/10.1073/pnas.2513158123?mi=eymic2&af=R&access=on&content=articlesChapters&publication=pnas&sortBy=Earliest&target=default,,Proceedings of the National Academy of Sciences: Keyword search for query,2026-06-15 07:00:00+00:00,10.1073/pnas.2513158123,Suellen Darc Oliveira,,"Schistosomiasis-associated pulmonary hypertension (Sch-PH) is the most common form of group I PH worldwide. Recently, data revealed that the preclinical Sch-PH animal model exhibited gut and lung microbiome dysbiosis, associated with significant lung endothelial cell (EC) dysfunction and microvascular apoptosis. However, the role of pro-/antiapoptosis sensors, such as the inhibitor of apoptosis protein 2 (c-IAP2) and the purinergic receptor P2X7 (P2X7R), remained unclear. Using Cdh5cre-ER
                    T2
                    ;cIAP1
                    −/−
                    ;cIAP2
                    fl/fl
                    animal model, this study investigated the contribution of endothelial c-IAP2 in this process, revealing pulmonary P2X7R overexpression as a putative target in the onset of Sch-PH. Pharmacologically, inhibition of P2X7R function confirmed its role in promoting lung EC death and disease progression. Moreover, data suggest that microbiome-associated metabolic alterations in Sch-PH seem linked to microvascular EC apoptosis driven by ATP/P2X7R overactivation and suppressed c-IAP2 expression. Indeed, genetic ablation of endothelial c-IAP2 expression was sufficient to induce PH-like features in mice, with echocardiography indicating a higher pulmonary acceleration time (PAT), PAT/pulmonary ejection time, and right ventricular free wall thickness (RVFWTH) after IP/IV-Egg challenge compared to controls, an effect linked to the female prevalence of the disease. These findings suggest a significant contribution of lung EC-P2X7R activation and c-IAP2 suppression to sex-linked Sch-PH pathology, highlighting them as promising therapeutic targets for this life-threatening illness.",crossref
Regulatory logic underlying neural crest contributions to the head versus the heart,https://www.pnas.org/doi/abs/10.1073/pnas.2512031123?mi=eymic2&af=R&access=on&content=articlesChapters&publication=pnas&sortBy=Earliest&target=default,,Proceedings of the National Academy of Sciences: Keyword search for query,2026-06-15 07:00:00+00:00,10.1073/pnas.2512031123,Marianne E. Bronner,,"Neural crest cells exhibit axial-level-specific transcriptional programs, yet the regulatory mechanisms underlying their fate decisions remain unclear. Here, we investigate whether differential transcription factor usage governs cardiac neural crest cell identity. Comparing ATAC-seq profiles of cardiac and cranial neural crest revealed open chromatin regions that were both shared and region-specific. Single-cell RNA sequencing further identified putative target genes, including signaling molecules and receptors. We uncovered two adjacent
                    Cxcr4
                    enhancers: one specific to the cardiac crest containing a TGIF binding site, and another active in both cranial and cardiac crest containing a TFAP2B binding site. Mutating the TFAP2B site abolished cranial, but not cardiac, crest expression. Finally, we show that the cardiac crest-specific
                    Cxcr4
                    enhancer also drives expression in zebrafish cardiac crest cells, suggesting evolutionary conservation across vertebrates. These findings suggest that transcription factors enriched in distinct neural crest subpopulations may bias cell fate by modulating enhancer activity, shedding light on the regulatory landscape governing neural crest diversity.",crossref
Genome-wide analysis of mRNA regionalization in a giant single cell,https://www.pnas.org/doi/abs/10.1073/pnas.2537760123?mi=eymic2&af=R&access=on&content=articlesChapters&publication=pnas&sortBy=Earliest&target=default,,Proceedings of the National Academy of Sciences: Keyword search for query,2026-06-15 07:00:00+00:00,10.1073/pnas.2537760123,Wallace F. Marshall,,"The molecular mechanisms that produce cell structure are poorly understood. The giant ciliate
                    Stentor coeruleus
                    is a unicellular model organism whose large size, reproducible structure, and ability to heal wounds and regenerate allow the formation of structure in a single cell to be addressed using methods of experimental embryology. Such studies have shown that specific cellular structures always form in particular regions of the cell, which raises the question: what is the source of positional information within this organism? By analogy with embryonic development, in which regionalized mRNA is often used to mark position, we asked whether specific regionalized mRNAs might mark position along the anterior–posterior axis of
                    Stentor
                    . By physically bisecting cells and conducting bulk RNA sequencing, we were able to identify sets of messages enriched in either the anterior or posterior half and show that RNAi-mediated knockdown of posterior-enriched transcripts corresponding to MYB genes results in a cell’s inability to regenerate the posterior portion of the cell body. We then conducted half-cell RNA-sequencing in paired anteriors and posteriors of cells in which the microtubule cytoskeleton was disrupted by RNAi of β-tubulin or dynein intermediate chains. We found that many messages either lost their regionalized distribution or switched to an opposite distribution, such that anterior-enriched messages in control became posterior-enriched in the RNAi cells, or vice versa. This study indicates that mRNA can be regionalized within a single giant cell and that microtubules may play a role, possibly by serving as tracks for the movement of the messages.",crossref
Accounting for uncertainty and bias in archaeological and historical evidence on wealth inequality,https://www.pnas.org/doi/abs/10.1073/pnas.2514309123?mi=eymic2&af=R&access=on&content=articlesChapters&publication=pnas&sortBy=Earliest&target=default,,Proceedings of the National Academy of Sciences: Keyword search for query,2026-06-15 07:00:00+00:00,10.1073/pnas.2514309123,Samuel Bowles,,"The archaeological and historical record allows us to study the patterns of economic inequalities associated with sharply contrasting institutions such as communal property in societies without states, private property among small holders, and slavery, in economies relying on radically different technologies, based for example on human energy alone, other animal power, and carbon-based power. But the price of using prehistoric and historical data to expand the range of institutions and technologies under study is a substantial and typically unknown level of uncertainty and unrepresentativeness in the resulting estimates. We provide methods and code that quantify the degree of uncertainty, an approach that we term BRIDGE (Bayesian-Resampling and Informed Priors with Data-driven Gini Estimation). We transform raw wealth data from 431 sites and dates into probability distributions representing likely levels of inequality that (insofar as possible) are representative of the underlying population (e.g., rectifying biases arising from small or nonrandom samples and the frequent absence of data on those entirely without wealth) and are comparable across differing asset types (e.g., burial goods, dwelling area, storage area, land cultivated), ownership units (individual or household), and scale (from villages to nations). These distributions are based on the raw data along with independent information that allows us to infer biases and levels of uncertainty. We also account for the propagation of uncertainty through every stage of the data generation and estimation process. We find that widely used methods (e.g., relying solely on conventional bootstrapping) provide misleading and for the most part substantially underestimated measures of uncertainty.",crossref
"Correction for Lollar and Warr, Decadal record of continental H2 reservoirs reveals potential for subsurface microbial life and natural H2 exploration",https://www.pnas.org/doi/abs/10.1073/pnas.2619149123?mi=eymic2&af=R&access=on&content=articlesChapters&publication=pnas&sortBy=Earliest&target=default,,Proceedings of the National Academy of Sciences: Keyword search for query,2026-06-15 07:00:00+00:00,10.1073/pnas.2619149123,,,,
"Correction for Zhang et al., Deep learning framework for quantifying self-organization in Myxococcus xanthus",https://www.pnas.org/doi/abs/10.1073/pnas.2619012123?mi=eymic2&af=R&access=on&content=articlesChapters&publication=pnas&sortBy=Earliest&target=default,,Proceedings of the National Academy of Sciences: Keyword search for query,2026-06-15 07:00:00+00:00,10.1073/pnas.2619012123,,,,
Scent and adhesion drive insect dispersal of environmental yeast,https://www.pnas.org/doi/abs/10.1073/pnas.2536902123?mi=eymic2&af=R&access=on&content=articlesChapters&publication=pnas&sortBy=Earliest&target=default,,Proceedings of the National Academy of Sciences: Keyword search for query,2026-06-15 07:00:00+00:00,10.1073/pnas.2536902123,Conor J. McMeniman,,"Insects and terrestrial fungi have lived on planet earth together for over 400 My. Different insect species are commonly associated with distinct mycobiomes. These insect–fungal associations are thought to provide a major dispersal mechanism for fungi in the environment. The
                    Rhodotorula
                    genus of pigmented basidiomycetous yeasts is commonly found in association with insects. Here, we demonstrate that yeasts of
                    Rhodotorula
                    spp. are highly attractive to the vinegar fly
                    Drosophila melanogaster
                    and the African malaria mosquito
                    Anopheles gambiae
                    . We characterized strains of the environmental yeast
                    Rhodotorula taiwanensis
                    that emit simple scent signatures predominated by the common microbial volatile 3-methyl-1-butanol (isoamyl alcohol) alongside other characteristic volatiles including acetone and acetaldehyde. Insect odorant receptors are required for attraction to
                    R. taiwanensis
                    and promote yeast dispersal to new growth niches. In addition to scent, dispersal is also likely mediated by the adhesive qualities of these yeasts to insect cuticles via hydrophobic interactions, as well as consumption. Strikingly,
                    Rhodotorula
                    dispersal was also facilitated by
                    An. gambiae
                    , although mosquitoes often died after becoming stuck to slimy lawns of these yeasts. Our work reveals that scent and adhesion drive insect dispersal of these environmental yeasts.",crossref
Forests shaped by historical human tragedies: Insights from Europe’s oldest angiosperms,https://www.pnas.org/doi/abs/10.1073/pnas.2616705123?mi=eymic2&af=R&access=on&content=articlesChapters&publication=pnas&sortBy=Earliest&target=default,,Proceedings of the National Academy of Sciences: Keyword search for query,2026-06-15 07:00:00+00:00,10.1073/pnas.2616705123,Sergi Munné-Bosch,,,
ModBinddG: A simulation-based absolute predictor of free energy of binding based on population reweighting,https://www.pnas.org/doi/abs/10.1073/pnas.2513285123?mi=eymic2&af=R&access=on&content=articlesChapters&publication=pnas&sortBy=Earliest&target=default,,Proceedings of the National Academy of Sciences: Keyword search for query,2026-06-15 07:00:00+00:00,10.1073/pnas.2513285123,S. Roy Kimura,,"Recently, we described ModBind, a powerful simulation-based predictor of ligand off-rates and binding free energy. Here, we describe an update to the method—ModBind
                    dG
                    —that allows for the prediction of absolute free energies of binding. ModBind
                    dG
                    is a two-state model for predicting free energy of binding through population-based reweighting of accelerated sampling. We demonstrate theoretically and in practice that ModBind
                    dG
                    can accurately predict the absolute binding free energies of small molecules binding to relevant protein targets. Additionally, we show performance enhancements to the method where ModBind
                    dG
                    can predict up to 2,000× more compounds per day compared to state-of-the-art free energy methods. We show that the method can make accurate predictions on validation datasets as well as active drug discovery programs in our own pipeline. Furthermore, we describe the utility of ModBind
                    dG
                    in a prospective virtual screen that enabled the discovery of multiple chemotypes for a previously “undruggable” protein target. ModBind
                    dG
                    represents an opportunity to significantly impact computational drug discovery, making rigorous physics-based screening of hundreds of thousands to millions of compounds accessible to the entire pharmaceutical community.",crossref
"Catch, dock, unravel, and lock",https://www.pnas.org/doi/abs/10.1073/pnas.2611975123?mi=eymic2&af=R&access=on&content=articlesChapters&publication=pnas&sortBy=Earliest&target=default,,Proceedings of the National Academy of Sciences: Keyword search for query,2026-06-15 07:00:00+00:00,10.1073/pnas.2611975123,Jan Bieschke,,,
Human enterotoxigenic Escherichia coli (ETEC) infections elicit antibodies that broadly neutralize mucinases of pathogenic Escherichia coli and Shigella,https://www.pnas.org/doi/abs/10.1073/pnas.2614012123?mi=eymic2&af=R&access=on&content=articlesChapters&publication=pnas&sortBy=Earliest&target=default,,Proceedings of the National Academy of Sciences: Keyword search for query,2026-06-15 07:00:00+00:00,10.1073/pnas.2614012123,James M. Fleckenstein,,"Enterotoxigenic
                    Escherichia coli
                    (ETEC) and
                    Shigella
                    are the most common bacterial diarrheal pathogens among young children of low-middle income regions. Enteric pathogens must overcome formidable host defenses, including the protective barrier formed by intestinal mucus. ETEC produce a virulence protein called EatA, a member of the Serine Protease Autotransporter of the
                    Enterobacteriae
                    (SPATE) family, where the secreted passenger domain (EatA
                    p
                    ) specifically degrades MUC2, the major mucus secreted by goblet cells of the human intestine. Notably, some
                    Shigella
                    spp., as well as other diarrheagenic
                    E. coli
                    pathovars, secrete homologues of EatA known as SepA, and Pic. Here, we demonstrate that EatA, SepA, and Pic are functionally redundant MUC2 mucinases and that recombinant monoclonal antibodies (mAbs) derived from plasmablasts of ETEC-infected humans can inhibit MUC2 degradation by all three proteases. We present cryo-EM structures of EatA and the related SPATE proteins, SepA, and Pic, complexed to fragment antigen-binding portions of these mAbs to demonstrate that those targeting a core β-helix epitope shared by all three SPATE molecules broadly neutralize the capacity to degrade MUC2. These mAbs effectively prevent MUC2 degradation by each SPATE as well as mucus penetration by ETEC,
                    Shigella flexneri
                    , and Pic-producing enteroaggregative
                    E. coli
                    (EAEC). We anticipate that these studies could facilitate rational design of vaccines that broadly protect against major enteric pathogens by targeting a shared virulence feature.",crossref
The EMB/ATG7-mediated autophagic process regulates neurite outgrowth and promotes enteric neuronal development,https://www.pnas.org/doi/abs/10.1073/pnas.2601752123?mi=eymic2&af=R&access=on&content=articlesChapters&publication=pnas&sortBy=Earliest&target=default,,Proceedings of the National Academy of Sciences: Keyword search for query,2026-06-15 07:00:00+00:00,10.1073/pnas.2601752123,Jiexiong Feng,,"The formation of the enteric nervous system (ENS) primarily involves the migration of enteric neural crest-derived cells (ENCCs) and the subsequent maturation of enteric neurons. The developmental dysfunction of ENCCs and enteric neurons can result in ENS disorders, such as hypoganglionosis (HG). Although neurite outgrowth is fundamental to neuronal maturation, the mechanisms by which neurite outgrowth influences neuronal maturation remain poorly defined. Here, we identified EMB as a critical regulator of enteric neuronal maturation. In
                    EMB
                    mutant patients, the expression of EMB is reduced in the enteric neurons of the HG-affected colon. In mice, knockdown of
                    Emb
                    exhibited HG-like features and defects. In vitro experiments, along with analyses using Smart-seq2 and immunoprecipitation-mass spectrometry, demonstrated that EMB is essential for autophagic flux and physically interacts with ATG7, recruiting it to the autophagosomal membrane to facilitate autophagosome formation, and then EMB/ATG7-mediated autophagy promotes neurite outgrowth. Our findings elucidate EMB-mediated autophagy as a pivotal pathway in regulating neurite outgrowth and promoting the maturation of enteric neurons, which provides a mechanistic basis for understanding ENS disorders.",crossref
Fractional charge density functional theory elucidates electro-inductive and electric field effects at electrochemical interfaces,https://www.pnas.org/doi/abs/10.1073/pnas.2602964123?mi=eymic2&af=R&access=on&content=articlesChapters&publication=pnas&sortBy=Earliest&target=default,,Proceedings of the National Academy of Sciences: Keyword search for query,2026-06-15 07:00:00+00:00,10.1073/pnas.2602964123,Weitao Yang,,"The application of external voltages to self-assembled monolayers formed on electrodes allows for dynamic tuning of the properties of the constituent molecules. The electrode and the applied voltage give rise to two main effects on the molecules, the electro-inductive and electric field effects, both of which significantly alter their chemical properties and reactivity. We present fractional charge density functional theory coupled with a model electrode and a continuum model solvent (FC-DFT+) to offer quantitative insights into these effects. FC-DFT+ accurately predicts the slope of C
                    
                      
                        ≡
                      
                    
                    N frequency vs. voltage curve, its frequency-flattening behavior, and ionic strength dependence of the slope. We show that the frequency flattening arises from electro-inductive effects, particularly when the electron count encounters the HOMO–LUMO gap. Further analysis reveals that electro-inductive effects dominate in the nitrile frequency shift, while electric field effects play a smaller but opposing role. FC-DFT+ also confirms that electro-inductive effects being responsible for the flattening behavior of NO
                    2
                    stretching frequency by 4-nitrobenzenethiol. In contrast, we show that electric field effects govern the Lewis adduct formation by 4-mercaptopyridine. Our study demonstrates the versatility of FC-DFT+ in predicting both electro-inductive and electric field effects, which should guide a broad spectrum of chemical applications at electrochemical interfaces.",crossref
AI agents are sensitive to nudges,https://www.pnas.org/doi/abs/10.1073/pnas.2537030123?mi=eymic2&af=R&access=on&content=articlesChapters&publication=pnas&sortBy=Earliest&target=default,,Proceedings of the National Academy of Sciences: Keyword search for query,2026-06-15 07:00:00+00:00,10.1073/pnas.2537030123,Nikhil Singh,,"Large language models (LLMs) are increasingly deployed as autonomous agents that make choices and use tools on behalf of users. Yet, we have limited evidence about how their decisions are shaped by their environment. We adapt a human decision-making task to test leading LLMs under four forms of choice architecture: defaults, suggestions, information highlighting, and “optimal” nudges derived from a resource-rational model of human choice. We treat human behavior as a baseline for predictable sensitivity to such interventions. Across models and prompting strategies, LLMs often depart substantially from this baseline. They sometimes pay excessive costs to acquire information, sometimes ignore available information, and, most crucially, are far more responsive to nudges than humans, such that weak cues that slightly shift human behavior have larger effects on model choices, toward both better and worse payoff outcomes. Chain-of-thought prompting and in-context human data do not reliably stabilize behavior. Recent reasoning-optimized LLMs can, in some configurations, restore more human-level sensitivity to nudges, but do so inconsistently and at substantial computational cost. These results point to an important and largely neglected safety concern: LLM agents can be behaviorally brittle under subtle changes in choice architecture, even in the absence of adversarial settings.",crossref
Tuning reductase activity in monoterpene indole alkaloid biosynthesis,https://www.pnas.org/doi/abs/10.1073/pnas.2605425123?mi=eymic2&af=R&access=on&content=articlesChapters&publication=pnas&sortBy=Earliest&target=default,,Proceedings of the National Academy of Sciences: Keyword search for query,2026-06-15 07:00:00+00:00,10.1073/pnas.2605425123,Sarah E. O’Connor,,"Monoterpene indole alkaloids encompass a diverse class of plant natural products. Many of these valuable compounds, including the anticancer medicines vinblastine and vincristine (
                    Catharanthus roseus
                    ) and the antiaddiction treatment ibogaine (
                    Tabernanthe iboga
                    ) utilize a common biosynthetic intermediate, 19
                    E
                    -geissoschizine, which is produced by the medium-chain dehydrogenase/reductase geissoschizine synthase (GS). Herein, we report facilitator of geissoschizine synthase (FoGS), a protein that improves formation of 19
                    E
                    -geissoschizine by acting in combination with GS. The identification of a FoGS ortholog that works with GS to produce 19
                    Z
                    -geissoschizine shows how this protein also enables control over product stereochemistry. We demonstrate that FoGS and GS interact to form a stable heterodimer and through mutagenesis identify FoGS residues that contribute to the combined activity of FoGS and GS. This work highlights the involvement of proteins in metabolic pathways that, when assayed alone, appear nonessential, but nevertheless increase the efficiency or specificity of a given metabolic step.",crossref
Polycatechol-based iron predators disrupt fungal iron homeostasis to drive selective antifungal action,https://www.pnas.org/doi/abs/10.1073/pnas.2537796123?mi=eymic2&af=R&access=on&content=articlesChapters&publication=pnas&sortBy=Earliest&target=default,,Proceedings of the National Academy of Sciences: Keyword search for query,2026-06-15 07:00:00+00:00,10.1073/pnas.2537796123,Yiyun Cheng,,"Fungal infections pose a growing global health challenge, exacerbated by a scarcity of effective treatments and rising drug resistance. Although cationic polymers emerge as promising antifungal candidates owing to structural tunability, design flexibility, and resistance to proteolytic degradation, their clinical utility has been hampered by nonselective membrane-disruption mechanisms. Herein, we develop a class of polycatechols- termed fungal iron predators (FIPs), exhibit exceptional fungicidal activity and markedly low cytotoxicity. These FIPs can efficiently infiltrate fungal cells, selectively sequester labile iron, and disrupt iron homeostasis and metabolism. The ensuing iron starvation provokes severe mitochondrial dysfunction and energy collapse, culminating in fungal cell death. Through systemic optimization of cationic density and catechol stoichiometry, we obtained an FIP variant demonstrating potent antifungal activity with high selectivity toward fungi over mammalian cells, minimal propensity to induce resistance, and supplementary antioxidant properties. Remarkably, this FIP candidate shows robust therapeutic performance across multiple in vivo models of fungal infection. Critically, this work established a groundbreaking paradigm in polymer design: shifting the antifungal mechanism from traditional nonspecific membrane disruption to targeted intracellular metabolic interference. The general applicability of this strategy across diverse cationic polymer backbones opens avenues for developing next generation of precision antifungal agents.",crossref
Sweet and fatty symbionts: Photosynthetic productivity and carbon storage boosted in microalgae within a host,https://www.pnas.org/doi/abs/10.1073/pnas.2513679123?mi=eymic2&af=R&access=on&content=articlesChapters&publication=pnas&sortBy=Earliest&target=default,,Proceedings of the National Academy of Sciences: Keyword search for query,2026-06-15 07:00:00+00:00,10.1073/pnas.2513679123,Johan Decelle,,"Symbiosis between a host and intracellular eukaryotic microalgae is a widespread life strategy in aquatic ecosystems. This partnership is considered to be mainly energized by the supply of photosynthetically derived carbon energy from microalgal symbionts. A major question is whether microalgae increase their photosynthetic production and decrease carbon storage in order to maximize carbon translocation to their host. By combining three-dimensional subcellular imaging and physiological analyses, we show that the chloroplast and CO
                    2
                    -fixing pyrenoid of the microalga
                    Micractinium conductrix
                    significantly expands during symbiosis within their host (the ciliate
                    Paramecium bursaria
                    ) compared to the free-living stage. This is accompanied by a threefold higher quantity of Rubisco enzymes, 16-fold higher carbon fixation rate per algal cell and upregulation of several Carbon Concentrating Mechanism-related genes. Time-resolved subcellular quantitative imaging revealed that photosynthetically fixed carbon is first allocated to starch during the day, with five times higher production in symbiosis. Nearly half of the carbon stored in starch is consumed overnight while some is converted into lipid droplets, which are 20-fold more voluminous in symbiotic microalgae. We also show that carbon is transferred to the host and potentially respired by the high density of surrounding host mitochondria. Yet, high starch and lipid content in symbiotic microalgae suggest a moderate carbon export to the host relative to the high primary productivity. Overall, this study provides an original view of the subcellular remodeling and dynamics of carbon metabolism of microalgae inside a host, and opens new questions on the mechanisms of the source–sink relationship in aquatic photosymbiosis.",crossref
A pico-calorimeter for cellular metabolism and antimicrobial susceptibility testing,https://www.pnas.org/doi/abs/10.1073/pnas.2603171123?mi=eymic2&af=R&access=on&content=articlesChapters&publication=pnas&sortBy=Earliest&target=default,,Proceedings of the National Academy of Sciences: Keyword search for query,2026-06-15 07:00:00+00:00,10.1073/pnas.2603171123,Joost J. Vlassak,,"While methods exist to indirectly quantify the metabolism of biological systems, directly measuring metabolic rates in living samples remains challenging. Here, we describe a calorimetric sensor with a sensitivity of ~100 pW at 23.1 mHz, suitable for measurements on living organisms, surpassing previously reported sensitivities. The sensor measures minute temperature differences between a capillary that contains the sample and two reference capillaries, directly relating this temperature difference to the heat produced by the sample. The sensor provides high responsivity (23 to 100 nV/nW), a fast thermal response time (~7.9 s), and supports real-time, long-term monitoring of biological processes, such as the proliferation and growth of small numbers of bacteria. These capabilities offer opportunities to advance our understanding of complex biological phenomena. We demonstrate the utility of the sensor by measuring the growth rate of
                    
                      Escherichia coli
                    
                    . The technique enables estimation of the oxygen consumption rate per cell, the heat production per cell, and the associated contributions from respiration and fermentation. We further show how the growth rate changes in response to different concentrations of chloramphenicol, rifampicin, and ampicillin, three antibiotics with distinct mechanisms of action. The sensor shows significant potential for determining the minimum inhibitory concentrations of antibiotics, performing antibiotic susceptibility testing of pathogens, and enabling fundamental studies of microorganism metabolism.",crossref
Closed‐Loop Chemically Recyclable Separation Membranes With Superior Pervaporation Performance,https://advanced.onlinelibrary.wiley.com/doi/10.1002/adma.73725?af=R,,Wiley: Advanced Materials: Table of Contents,2026-06-15 07:32:23+00:00,10.1002/adma.73725,Peiyong Qin,,"ABSTRACT
                  With low carbon footprint and reduced secondary pollution, membrane technique offers an energy‐saving separation process while end‐of‐life disposal practices of polymer membranes remain an issue. Herein, a light‐triggered dynamic polydimethylsiloxane (PDMS) network design, that enabled a closed‐loop recyclable separation membrane with superior pervaporation performance, is proposed. Such a dynamic network is constructed through [4 + 4] photodimerization of anthracene grafted PDMS under 365‐nm UV light, while 254‐nm UV light transforms the crosslinked membranes into linear polymers. The facile deconstruction process is completed within 35 min at ambient temperature, and recycling test demonstrates efficient reconstruction of PDMS networks with 92.6% conversion of anthracene groups within 10 min. The membrane exhibits a superior ethanol recovery performance with a pervaporation separation index of 13,285, surpassing the reported state‐of‐the‐art PDMS‐based membranes. The recycled membrane retains efficient ethanol recovery even after five solid‐liquid conversion cycles with minor deviations in flux and separation factor compared to the original membrane. Such a dynamic network also demonstrates an efficient self‐healing capability with retained pervaporation performance toward minor defects. The design principle of closed‐loop chemically recyclable separation membranes with retained and superior functionality provides a scalable membrane technique adaptable to diverse separation applications.",crossref
Entanglement Transition in Unitary System-Bath Dynamics,http://link.aps.org/doi/10.1103/7g5s-hsd6,,Recent Articles in Phys. Rev. Lett.,2026-06-15 10:00:00+00:00,10.1103/7g5s-hsd6,Dario Poletti,,"Author(s): Bo Xing, Giuliano Chiriacò, Paola Cappellaro, Rosario Fazio, and Dario PolettiThe evolution of a system coupled to baths is commonly described by a master equation that, in the long-time limit, yields a steady-state density matrix. However, when the same evolution is unraveled into quantum trajectories, it is possible to observe a transition in the scaling of entanglement wit…[Phys. Rev. Lett. 136, 240401] Published Mon Jun 15, 2026",rss_description
Liquid-gas phase transition in heavy-ion collisions via fluctuations of nucleons and intermediate-mass fragments,http://link.aps.org/doi/10.1103/375b-8dw5,,Recent Articles in Phys. Rev. C,2026-06-15 10:00:00+00:00,10.1103/375b-8dw5,Y. G. Ma (马余刚),,"Author(s): X. G. Deng (邓先概), Jin-Mei Wang (汪金梅), and Y. G. Ma (马余刚)The liquid-gas phase transition (LGPT) in heavy-ion collisions is explored using fluctuation observables within the isospin quantum molecular dynamics framework. Scaled variance $(ω)$, skewness $(Sσ)$, and kurtosis $(κ{σ}^{2})$ of emitted protons and neutrons are analyzed over a range of beam energi…[Phys. Rev. C 113, 064610] Published Mon Jun 15, 2026",rss_description
Nonlinear Hall Quantum Oscillations to Probe Topological Brown-Zak Fermions in Graphene Moiré Systems,http://link.aps.org/doi/10.1103/ydym-5t5p,,Recent Articles in Phys. Rev. Lett.,2026-06-15 10:00:00+00:00,10.1103/ydym-5t5p,Yugui Yao,,"Author(s): Jinrui Zhong, Huimin Peng, Yuqing Hu, Qi Feng, Qiuli Li, Shihao Zhang, Qinsheng Wang, Jinhai Mao, Junxi Duan, and Yugui YaoA new experiment probes the quantum geometry of electronic wave functions involved in a nonlinear Hall response.[Phys. Rev. Lett. 136, 246301] Published Mon Jun 15, 2026",rss_description
Momentum-Resolved Direct Observation of Chiral Phonons in Elemental Tellurium,http://link.aps.org/doi/10.1103/5cks-j4ht,,Recent Articles in Phys. Rev. Lett.,2026-06-15 10:00:00+00:00,10.1103/5cks-j4ht,Chen Li,,"Author(s): Qiyang Sun, Songrui Hou, Ayman H. Said, Yanzhong Pei, Jie Ma, Wei Tian, and Chen LiChiral phonons carry finite phonon angular momentum, yet their momentum-resolved behavior in acoustic branches remains largely unexplored. Here, we report the direct detection of chiral acoustic phonons in elemental Te. Through a combination of high-energy-resolution inelastic x-ray scattering exper…[Phys. Rev. Lett. 136, 246101] Published Mon Jun 15, 2026",rss_description
Trace Anomaly of Cold Dense Matter Constrained by Collective Flow,http://link.aps.org/doi/10.1103/b2t4-km2r,,Recent Articles in Phys. Rev. Lett.,2026-06-15 10:00:00+00:00,10.1103/b2t4-km2r,Bao-An Li,,"Author(s): Bao-An LiThe trace anomaly of dense matter, $\mathrm{Δ}≡1/3−P/ϵ$, defined through the ratio $w≡P/ϵ$ of pressure $P$ to energy density $ϵ$, quantifies deviations from conformal symmetry and provides a dimensionless measure of the stiffness of the equation of state (EOS) relevant for both neutron stars and hea…[Phys. Rev. Lett. 136, 242301] Published Mon Jun 15, 2026",rss_description
Geometric Bookkeeping Guide to Feynman Integral Reduction and $ϵ$-Factorized Differential Equations,http://link.aps.org/doi/10.1103/pyt8-d7rt,,Recent Articles in Phys. Rev. Lett.,2026-06-15 10:00:00+00:00,10.1103/pyt8-d7rt,Xiaofeng Xu (ϵ Collaboration),,"Author(s): Iris Bree, Federico Gasparotto, Antonela Matijašić, Pouria Mazloumi, Dmytro Melnichenko, Sebastian Pögel, Toni Teschke, Xing Wang, Stefan Weinzierl, Konglong Wu, and Xiaofeng Xu (ϵ Collaboration)We report on three improvements in the context of Feynman integral reduction and $ϵ$-factorized differential equations. First, we show that with a specific choice of prefactors, we trivialize the $ϵ$ dependence of the integration-by-parts identities. Second, we observe that with a specific choice of…[Phys. Rev. Lett. 136, 241602] Published Mon Jun 15, 2026",rss_description
Duality between Correlation Functions and Wilson Loops in Gauge Theory from Effective Field Theory,http://link.aps.org/doi/10.1103/y5rf-ssw3,,Recent Articles in Phys. Rev. Lett.,2026-06-15 10:00:00+00:00,10.1103/y5rf-ssw3,Hua Xing Zhu,,"Author(s): Hao Chen, Pier Francesco Monni, Zhaoyan Pang, Gherardo Vita, and Hua Xing ZhuIn this Letter, we initiate a systematic study of the $n$-point correlation functions (CFs) in gauge theories in the sequential light-cone (SLC) limit. Focusing on QCD, we formulate a factorization theorem for the CF of four vector currents in this limit using tools from soft-collinear effective fie…[Phys. Rev. Lett. 136, 241601] Published Mon Jun 15, 2026",rss_description
Parent Hamiltonians for Stabilizer Quantum Many-Body Scars,http://link.aps.org/doi/10.1103/3vk5-483c,,Recent Articles in Phys. Rev. Lett.,2026-06-15 10:00:00+00:00,10.1103/3vk5-483c,Shane Dooley,,"Author(s): Shane DooleyQuantum many-body scars (QMBS) have attracted considerable interest due to their role in weak ergodicity breaking in many-body systems. We present a general construction that embeds stabilizer states as QMBS of local Hamiltonians. The method relies on a notion of factorizability of Pauli strings on …[Phys. Rev. Lett. 136, 240402] Published Mon Jun 15, 2026",rss_description
Cumulative proton production in $pd$ collisions,http://link.aps.org/doi/10.1103/6r9h-jgwy,,Recent Articles in Phys. Rev. C,2026-06-15 10:00:00+00:00,10.1103/6r9h-jgwy,A. B. Larionov,,"Author(s): A. B. LarionovThe model of backward proton production in the exclusive reaction $pd→ppn$ at proton beam momenta up to several GeV/$c$ is constructed on the basis of Feynman diagrams for one- and two-step amplitudes. The latter include nucleon and $\mathrm{Δ}(1232)$ resonance intermediate scattering states with pr…[Phys. Rev. C 113, 064611] Published Mon Jun 15, 2026",rss_description
Surface structure and sensitivity hierarchy in $α$-decay tunneling: A study of even-even heavy and superheavy nuclei,http://link.aps.org/doi/10.1103/nty7-gh72,,Recent Articles in Phys. Rev. C,2026-06-15 10:00:00+00:00,10.1103/nty7-gh72,C. N. Phuoc Tai,,"Author(s): N. Nhu Le, N. Ngoc Duy, and C. N. Phuoc TaiBackground: Alpha decay is a key decay mode for determining the stability and experimental identification of heavy and superheavy nuclei. Within the Wentzel–Kramers–Brillouin tunneling framework $({P}_{\mathrm{WKB}})$, the half-life depends exponentially on the effective barrier and is therefore hig…[Phys. Rev. C 113, 064612] Published Mon Jun 15, 2026",rss_description
"Benchmark study of the relativistic plane wave impulse approximation for polarized ($\stackrel{⃗}{p},2\stackrel{⃗}{p}$) reactions on the $3{s}_{1/2}$ state in $^{208}\mathrm{Pb}$ at $392\phantom{\rule{0.16em}{0ex}}\mathrm{MeV}$",http://link.aps.org/doi/10.1103/cmyg-pfsw,,Recent Articles in Phys. Rev. C,2026-06-15 10:00:00+00:00,10.1103/cmyg-pfsw,J. P. W. Diener,,"Author(s): T. Mello, G. C. Hillhouse, and J. P. W. DienerThe relativistic plane wave impulse approximation (RPWIA) is benchmarked against the established relativistic distorted wave impulse approximation (RDWIA) for exclusive proton-induced proton knockout reactions ($\stackrel{⃗}{p},2\stackrel{⃗}{p}\phantom{\rule{0.16em}{0ex}}$) from the $3{\mathrm{s}}_{…[Phys. Rev. C 113, 064609] Published Mon Jun 15, 2026",rss_description
A Novel Approach for the Fabrication of Polarization‐Selectivity UV Photosynapse Devices With PdSe2/ a‐plane GaN Heterostructures,https://advanced.onlinelibrary.wiley.com/doi/10.1002/adma.73664?af=R,,Wiley: Advanced Materials: Table of Contents,2026-06-15 10:20:21+00:00,10.1002/adma.73664,Wenliang Wang,,"ABSTRACT
                  
                    High polarization‐selectivity UV photodetectors with multifunctional integration play a crucial role in the next‐generation optoelectronic devices. However, weak and unruly dichroism radio (DR) of naturally anisotropic materials seriously restricts the detection accuracy and practical application, especially for wide‐bandgap materials with rough surfaces and inherent weak anisotropy. In this work, a novel approach for the polarization‐selectivity UV photosynapse devices with PdSe
                    2
                    /
                    a
                    ‐plane GaN heterostructures has been proposed. A simple pre‐selenization treatment is employed to enhance the anisotropy (DR = 16) and crystallinity of PdSe
                    2
                    , addressing the current limitation of insufficient anisotropy (DR&lt;5) that hinders the practical application. The devices take advantage of inherent anisotropic materials and synergistic effect from the in situ growth of PdSe
                    2
                    on
                    a
                    ‐plane GaN, resulting in an enhancement of anisotropic photocurrent ratio from 1. 6 to 10.7. Thanks to the synergistic effect of the whole device architecture, the devices reveal an ultra‐long relaxation time of up to 282s and effectively improve the details of image recognition, speed up calculations, and accurate detection capabilities. The combination of high polarization‐selectivity, accurate detection, ultra‐long memory, and outstanding data processing capabilities establishes the photodetector as a promising candidate for the on‐chip integration of multi‐information carrying, processing, and neuromorphic computing.",crossref
Coordination‐Driven Direct C─H Metalation of N‐Heterocycles With a Superbasic Co(II) Amide Co(TMP)2,https://onlinelibrary.wiley.com/doi/10.1002/anie.7728005?af=R,,Wiley: Angewandte Chemie International Edition: Table of Contents,2026-06-15 11:06:51+00:00,10.1002/anie.7728005,Eva Hevia,,"ABSTRACT
                  
                    Metalation of
                    N
                    ‐heterocycles such as pyridines or diazines with conventional alkali metal bases is particularly challenging due to the limited activation of their C─H bonds coupled with the thermal fragility of the resulting organometallic intermediates. Building upon previous work in this area, we demonstrate that the superbasic cobalt(II) amide Co(TMP)
                    2
                    (TMP = 2,2,6,6‐tetramethylpiperidide) enables high‐yielding and highly regioselective C─H metalation of a broad range of
                    N
                    ‐heterocycles via direct, redox‐neutral Co(II)–H exchange. This reactivity extends beyond single‐site activation, with controlled di‐cobaltation of non‐activated substrates such as pyrimidine and pyrazine. Via a combination of NMR reaction monitoring, isolation and characterisation of key organometallic intermediates, and density functional theory calculations, we establish that regioselectivity is dictated by coordination effects at positions
                    α
                    to nitrogen, overriding conventional trends based solely on C─H acidity. Exploiting cobalt's redox flexibility, oxidative treatment of the metalated intermediates with iodine enables selective C─N bond formation, giving sterically demanding TMP‐substituted heterocycles. Collectively, these findings establish Co(TMP)
                    2
                    as a mechanistically distinct and versatile reagent for the selective functionalisation of
                    N
                    ‐heterocycles.",crossref
Phosphoryl‐Engineered MOFs Promote Interfacial Reconstruction for Efficient Seawater Ethanol Electrooxidation,https://onlinelibrary.wiley.com/doi/10.1002/anie.8462106?af=R,,Wiley: Angewandte Chemie International Edition: Table of Contents,2026-06-15 11:07:02+00:00,10.1002/anie.8462106,Yong Peng,,"ABSTRACT
                  
                    The hydrogen production efficiency of hybrid seawater electrolysis devices hinges on high‐performance catalytic materials with superior activity and chlorine corrosion resistance under the alkaline seawater conditions. However, the controllable modulation of catalyst structures to construct an effective anti‐chlorine protective layer, one that simultaneously enhances both Cl corrosion resistance and anodic oxidation reaction activity, remains a formidable challenge. Herein, we report a phosphonyl‐ligand engineering strategy that promotes the transformation of metal–organic frameworks (MOFs) into metal oxyhydroxides containing oxygen‐anions during alkaline seawater ethanol oxidation reaction (EOR) with enhanced activity and Cl
                    –
                    corrosion resistance. Leveraging the tunable nature of organic ligands in MOFs provides a versatile platform for the in situ formation of oxygen anion layers with robust chlorine corrosion resistance. A phosphorus‐containing MOF (P
                    a
                    ‐Ni‐TPA) was synthesized by partially substituting terephthalic acid (TPA) with 4‐phosphonobenzoic acid (P
                    a
                    ). In contrast to the conventional MOF (Ni‐TPA), the in situ generated metal oxyhydroxide from P
                    a
                    ‐Ni‐TPA incorporates PO
                    4
                    3–
                    . PO
                    4
                    3–
                    promotes the adsorption of ethanol and its intermediates onto nickel centers while inhibiting Cl adsorption, thereby significantly boosting both EOR activity and Cl corrosion resistance. These findings establish a detailed structure‐performance correlation between MOF structural evolution and both catalytic activity toward alkaline seawater EOR and resistance to chlorine corrosion.",crossref
Diastereodivergent Hydroamidation of Methylenecyclohexanes With Differentiated Active Catalytic Species,https://onlinelibrary.wiley.com/doi/10.1002/anie.9587119?af=R,,Wiley: Angewandte Chemie International Edition: Table of Contents,2026-06-15 11:11:21+00:00,10.1002/anie.9587119,Yao Fu,,"ABSTRACT
                  
                    The construction of three‐dimensional (3D) organic molecular structures is pivotal in modern organic chemistry. For three dimensionally structured disubstituted cyclohexanes, which exist as two possible configurations (
                    cis
                    ‐ and
                    trans
                    ‐), substituent orientation dictates thermodynamic stability, physicochemical properties, and biological activities, but precise stereocontrol of cycloalkane substituents is challenging. Herein, we report the diastereodivergent hydroamidation of methylenecyclohexanes: a nickel catalytic system efficiently synthesizes 1,4‐
                    cis
                    /
                    trans
                    and 1,3‐
                    cis
                    /
                    trans
                    isomers, while a cobalt system realizes 1,2‐
                    cis
                    /
                    trans
                    stereodivergence. The core achievement lies in a strategy utilizing differentiated active catalytic species, which enables the precise regulation of the spatial structure and electronic properties of metal‐hydride or metal‐functional group intermediates. This work broadens the chemical space for multi‐substituted cyclohexane synthesis, provides a powerful tool for the preparation of cycloalkyl‐containing drug molecules, and offers an important case for research on substituted cyclohexane stereochemistry.",crossref
Electron‐Induced C─F Bond Activation in Sn6‐oxo Cluster Resist for Enhanced Sensitivity and Sub‐10‐nm Patterning,https://onlinelibrary.wiley.com/doi/10.1002/anie.7887240?af=R,,Wiley: Angewandte Chemie International Edition: Table of Contents,2026-06-15 11:16:59+00:00,10.1002/anie.7887240,Xiaojun Peng,,"ABSTRACT
                  Metal‐oxo cluster (MOC) resists are promising candidates for extreme ultraviolet lithography (EUVL), but optimizing the resolution, line‐edge roughness (LER), and sensitivity (RLS) trade‐off remains challenging. Leveraging dissociative electron attachment (DEA) to activate C─F bonds provides a controllable handle to improve this RLS trade‐off, yet remains underexplored. Here, we report a room‐temperature, scalable synthesis of a tunable series of Sn‐oxo clusters and demonstrate hundred‐gram‐scale, single‐batch production. The fluorinated FPAA demonstrates enhanced sensitivity without compromising resolution or LER. Under electron beam lithography (EBL), FPAA achieves a critical dimension (CD) of 9.1 nm and an LER of 2.2 nm, and enables high‐fidelity complex patterning. Additionally, FPAA exhibits robust performance under deep ultraviolet (DUV) lithography and EUVL, achieving a CD of 20.9 nm under EUVL. FPAA also shows exceptional plasma resistance, achieving a high estimated Si:resist etch selectivity of &gt;50:1. Mechanistic analyses indicate that irradiation‐generated low‐energy secondary electrons (LESEs) promote electron‐induced C─F activation, consistent with a DEA‐mediated pathway. Concurrently, organic ligand bridging and Sn─O─Sn network densification occur, forming a crosslinked network that drives the solubility switch. This work elucidates the lithographic mechanisms of Sn‐oxo clusters and provides design principles for MOC resists, supporting progress toward sub‐10‐nm lithographic resolution.",crossref
Functional group translocation: moving functionalities without changing molecular scaffolds,http://pubs.rsc.org/en/Content/ArticleLanding/2026/CS/D6CS00145A,,RSC - Chem. Soc. Rev. latest articles,2026-06-15 23:00:00+00:00,,Junichiro Yamaguchi,,"Functional group position plays a decisive role in molecular properties and function, with even subtle positional changes leading to pronounced differences in biological activity, material performance, and reactivity. Access to positional isomers is therefore central to drug discovery and materials chemistry, yet their synthesis has traditionally required independent and often inefficient synthetic routes. Recent advances have given rise to functional group translocation reactions, which enable the direct relocation of functional groups within a molecular framework without altering the underlying scaffold. In this review, we use the term functional group translocation in a narrow sense to describe transformations in which only the bonding position of a functional group changes while the molecular framework and functional group identity remain intact. Such processes offer a concise molecular editing strategy that enables direct access to positional isomers from a common precursor. Enabled by developments in transition metal catalysis and photoredox chemistry, functional group translocation has rapidly progressed beyond classical stoichiometric and substrate-specific processes. This review defines functional group translocation, distinguishes it from traditional rearrangement reactions and broader isomerization processes, and summarizes recent advances across aromatic and aliphatic systems. By organizing the field according to molecular scaffold, functional group identity, and migration distance, this review highlights current capabilities, remaining challenges, and future opportunities in synthesis, drug discovery, and materials chemistry.",rsc_html
Impact of divertor closure on power exhaust in negative triangularity in TCV,https://iopscience.iop.org/article/10.1088/1741-4326/ae7584,,Nuclear Fusion - latest papers,2026-06-15 23:00:00+00:00,10.1088/1741-4326/ae7584,the TCV Team,,"Negative triangularity (NT) is a promising edge-localized mode-free candidate for future fusion reactors. In this paper, the impact of increased divertor closure on density-ramp induced detachment in NT is assessed in the Tokamak á configuration variable (TCV). Previous experiments in TCV have shown that at similar line-averaged density and divertor shape, NT shaping makes detachment access in L-mode more difficult than in positive triangularity (PT) and results in a lower divertor neutral pressure. In this paper we show that increasing the divertor neutral pressure in NT with the help of TCV’s divertor gas baffles cools the outer target and the outer leg compared to unbaffled discharges. However, baffled NT discharges, at a divertor neutral pressure comparable to unbaffled PT, at similar separatrix density and similar divertor geometry, still show higher target electron temperature and no ion flux rollover, suggesting lower level of divertor detachment. Langmuir probe measurements within the divertor volume, using a reciprocating divertor probe array, show that the scrape-off layer broadening along the outer leg, typical in PT configurations, is not observed in NT, indicating a lower level of divertor cross-field transport. For the divertor geometry used in this study, it is further found that having the ion -drift oriented from the core towards the -point is beneficial for outer target cooling and detachment onset, contrary to the general picture of particle redistribution via divertor drifts. However, even in this case, in NT, no ion flux rollover at the target and only partial cooling of the divertor volume are obtained. When core density is further increased, a collapse in separatrix density is observed.",rss_description
Strain-enhanced helium bubble nucleation and growth in tungsten: atomic-level insights and long-term dynamics,https://iopscience.iop.org/article/10.1088/1741-4326/ae72a1,,Nuclear Fusion - latest papers,2026-06-15 23:00:00+00:00,10.1088/1741-4326/ae72a1,Guang-Hong Lu,,"Helium (He) irradiation-induced degradation, particularly through the formation and growth of bubbles, poses a critical challenge for tungsten plasma-facing materials (W-PFMs). In service, these materials often experience tensile strain fields due to thermal cycling and bubble accumulation, yet the underlying physical mechanisms of external strain on the fundamental processes of He bubbles, from self-trapping, nucleation, growth, to long-term evolution, remain unclear. In this work, we systematically investigate these processes under isotropic tensile/compressive strain using multiscale simulations. We reveal that tensile strain induces a counterintuitive behavior: although the He solution energy is lowered under tensile strain, the He–He binding energy is significantly enhanced, a trend opposite to the positive correlation observed across different metals. This originates from the synergistic effect of strain and He, causing the variation in the electronic structure. Furthermore, tensile strain promotes bubble nucleation and growth by facilitating Frenkel pair nucleation and trap mutation. Extending these atomic insights to long-term evolution, we demonstrate how tensile strain accelerates bubble coalescence, rupture, and the early-stage formation of fuzz, consistent with experimental observations of strain-dependent bubble evolution. Crucially, a positive feedback mechanism integrating these findings is suggested: dense bubbles induce a subsurface tensile strain field in PFMs, which in turn further promotes bubble nucleation and growth. The proposed strain-enhanced mechanism informs the development of predictive models for He-induced damage in PFMs under fusion-relevant conditions.",rss_description
MCINO: a multi-physics coupling and intelligent neutronic optimization code for tritium breeding blanket of fusion reactors,https://iopscience.iop.org/article/10.1088/1741-4326/ae70a1,,Nuclear Fusion - latest papers,2026-06-15 23:00:00+00:00,10.1088/1741-4326/ae70a1,Xiaoyu Wang,,"Tritium self-sufficiency is a critical prerequisite for future fusion reactors. The tritium breeding blanket, as the component responsible for in-vessel tritium generation, requires coordinated neutronic and engineering optimization in order to maximize its achievable tritium breeding ratio (TBR). In this work, a high-fidelity 22.5° toroidal sector neutronics model of the China Fusion Engineering Test Reactor (CFETR) equipped with a Helium-Cooled Ceramic Breeder (HCCB) blanket was established. On this basis, we developed a Multi-physics Coupling Intelligent Neutronic Optimization code (MCINO), a two-stage neutronics optimization framework that combines global exploration by simulated annealing with subsequent local refinement. The objective was to maximize the global TBR by optimizing the radial distribution of breeder (Li4SiO4) and neutron multiplier (Be) zones. The optimized design increased the global TBR to approximately 1.193, corresponding to an 8.36% improvement over the initial configuration. The improvement is associated with a more effective radial allocation of breeding and multiplying materials, which enhances neutron moderation, multiplication, and use for tritium production. The optimization workflow was designed to reduce the number of expensive high-fidelity transport recalculations, thereby improving computational efficiency relative to direct brute-force search. Finally, the engineering feasibility of the optimized design was checked through three-dimensional thermal–hydraulic verification, which confirmed that the representative modules remained within their prescribed operating limits. The present work provides an efficient and physically transparent framework for integrated blanket neutronics design and optimization.",rss_description
Radical-promoted “unstrained” C–C and C–N bond cleavage: a blueprint for deconstructive skeletal editing,http://pubs.rsc.org/en/Content/ArticleLanding/2026/CS/D5CS01539A,,RSC - Chem. Soc. Rev. latest articles,2026-06-15 23:00:00+00:00,,Sara P. Morcillo,,"Unstrained cyclic scaffolds are commonly regarded as inert backbones; however, recent radical and radical-ion strategies show that their connectivity can be deliberately reprogrammed when appropriate functional gateways are embedded in the ring. This Tutorial Review treats radical-promoted C–C and C–N bond cleavage as a design problem defined by three interdependent elements: the gateway that enables bond scission (alcohols, ketones, and amines), the activation mode that generates oxygen- or nitrogen-centred intermediates (single-electron transfer (SET), proton-coupled electron transfer (PCET), ligand-to-metal charge transfer (LMCT), and electron donor–acceptor (EDA) activation), and the downstream interception that determines whether deconstruction evolves into productive skeletal editing. Rather than compiling reactions, we distil practical rules for aligning activation with radical polarity and lifetime, and show how closely related intermediates can be steered toward ring opening and functionalisation or, under tighter kinetic constraints, toward ring contraction and expansion. Particular emphasis is placed on ketone-derived gateways that channel C–C scission through iminyl radicals or pre-aromatic intermediates, and on the direct use of cyclic alcohols via alkoxy radicals, organised through a two-step framework that separates radical generation from the divergent reactivity of the β-scission-derived carbon-centred radical.",rsc_html
Performance evaluation of the CFETR central solenoid model coil under operating conditions,https://iopscience.iop.org/article/10.1088/1741-4326/ae738c,,Nuclear Fusion - latest papers,2026-06-15 23:00:00+00:00,10.1088/1741-4326/ae738c,Jinggang Qin,,"The central solenoid model coil (CSMC), developed by the Institute of Plasma Physics, Chinese Academy of Sciences, is designed to meet the engineering requirements of Chinese Fusion Engineering Testing Reactor (CFETR). The testing facility for the CSMC was established in 2023. Assembly of the coil was successfully completed in 2024, and the first round of testing was carried out on 29 December 2024. The second round of testing was successfully completed on 10 September 2025. To date, tests have been performed on hydraulic characteristics, insulation performance, including high-voltage and Paschen tests, joint resistance, operating current, fast discharge, AC loss, and current sharing temperature. These tests were conducted to verify whether the CSMC meets the design and engineering requirements for the CFETR project. During the testing, the model coil reached a steady-state operating current of 48 kA, exceeding the design value of 47.65 kA, and met the required magnetic-field ramp rate of 1.5 T s−1, further demonstrating the coil’s stability and reliability under high current loads. This paper provides a detailed description of the testing facility, testing plan and execution process for the CSMC coil, and presents an analysis of the results of tests, including their implications for the future engineering design and application of CFETR. The test data and results offer valuable experimental support for the subsequent development and optimization of the engineering project.",rss_description
Conducting-Polymer-Coated Nanocellulose Enabling Dual-Gradient Thick Electrodes for Redox-Homogeneous Ultrahigh-Areal-Capacity Li-Ion Batteries,http://pubs.rsc.org/en/Content/ArticleLanding/2026/EE/D6EE01622G,,RSC - Energy Environ. Sci. latest articles,2026-06-15 23:00:00+00:00,,Zhaohui Wang,,"High-areal-capacity thick electrodes are essential for enhancing the energy density of lithium-ion batteries, yet their deployment is limited by redox heterogeneity caused by sedimentation-induced material segregation during electrode thickening. Here, we overcome this challenge by constructing a sedimentation-guided, redox-homogeneous thick electrode enabled by conducting polymer-coated nanocellulose. Unlike intrinsically insulating nanocellulose, this modified nanocellulose combines high electronic conductivity with enhanced ion transport, thereby unifying the roles of binder, conductive additive, and mechanical scaffold into a single-phase network. This eliminates binder/carbon domain inhomogeneity characteristic of conventional nanocellulose-based systems and transforms sedimentation from a fabrication challenge into a structural design advantage. The resulting thick paper electrodes exhibit an active material-porosity dual-gradient structure, in which active materials are densely and uniformly embedded within an interconnected conductive nanocellulose matrix, supporting fast, bicontinuous ion/electron transport and spatially uniform Li+ flux and current density. Using LiFePO4 as a model, the electrodes deliver record-high areal and volumetric capacities of 16.7 mAh cm−2 and 431.9 mAh cm−3, respectively, at a loading of 110 mg cm−2 and density of 2.9 g cm−3. This strategy not only redefines sedimentation as a tool for electrode engineering but also expands the functionality of sustainable cellulose materials for next-generation high-energy batteries.",rsc_html
Molecular orchestration enables mutually reinforcing electrolyte chemistry for lithium metal batteries exceeding 500 Wh kg−1,http://pubs.rsc.org/en/Content/ArticleLanding/2026/EE/D6EE02570F,,RSC - Energy Environ. Sci. latest articles,2026-06-15 23:00:00+00:00,,Guangmin Zhou,,"Lithium metal batteries (LMBs) integrating high-voltage nickel-rich cathodes are promising candidates for energy densities exceeding 500 Wh kg−1. However, their practical development is hindered by severe interfacial reactivity at both electrodes, which imposes stringent requirements on electrolyte design. A fundamental challenge lies in the insufficient understanding of interactions among electrolyte components and their potential synergistic effects, which restricts precise regulation of solvation structures and simultaneous stabilization of dual interfaces. Herein, we propose a molecular orchestration strategy based on complementary molecular charge engineering to induce mutual reinforcement among electrolyte constituents. Functional molecular pairs with complementary charge demands are rationally integrated through cooperative intermolecular association, serving as synergistic precursors. The resulting intermolecular charge transfer modulates Li+ coordination affinity and enhances the reductive and oxidative reactivity of each additive, enabling synchronous dual-interface optimization. Consequently, the electrolyte supports ultrahigh voltage operation (4.6 V), fast charging (10C), a wide temperature (−25 to 50 °C) and long-term stability over 3200 h. Notably, a high energy density exceeding 513 Wh kg−1 (based on the total cell weight) is attained in 5.4 Ah Li‖NCM811 pouch cells under harsh practical conditions. Departing from conventional reliance on high-concentration electrolytes or increased additive dosages, this work establishes a practical electrolyte-engineering paradigm centered on the systematic organization and activation of latent functionalities, providing an energetic perspective for high-performance LMBs.",rsc_html
Outstanding Reviewers for Energy & Environmental Science in 2025,http://pubs.rsc.org/en/Content/ArticleLanding/2026/EE/D6EE90045C,,RSC - Energy Environ. Sci. latest articles,2026-06-15 23:00:00+00:00,,,,We would like to take this opportunity to thank all of Energy & Environmental Science's reviewers for helping to preserve quality and integrity in chemical science literature. We would also like to highlight the Outstanding Reviewers for Energy & Environmental Science in 2025.,rsc_html
Tech titans are hacking their bodies for a longer life: is there science behind their methods?,https://www.nature.com/articles/d41586-026-01884-z,,Nature,2026-06-16 00:00:00+00:00,10.1038/d41586-026-01884-z,Chris Stokel-Walker,,Influencers and ultra-rich people looking to extend their lifespan are trading tips and tricks on how to eke out extra years. Influencers and ultra-rich people looking to extend their lifespan are trading tips and tricks on how to eke out extra years.,nature_html
A general data-driven framework for scalable electron tomography,https://academic.oup.com/nsr/advance-article/doi/10.1093/nsr/nwag365/8708937?rss=1,,National Science Review Advance Access,2026-06-16 00:00:00+00:00,10.1093/nsr/nwag365,Lin Gan,,"Electron tomography (ET) is crucial for determining the three-dimensional (3D) structure of materials in real space but challenging due to the inherent missing-wedge, intensive-dose, and limited depth-of-field. Although deep learning can address these challenges in principle, the scarcity of ET data severely limits its application. In this study, we propose a general data-driven ET reconstruction framework that uses extensive and readily available random high-entropy projections to construct large-scale datasets. By integrating both real structural priors and depth-dependent imaging physics, the framework enables high-quality 3D reconstruction independent of specific materials or resolutions. Using this strategy, we successfully determine the 3D atomic structure of a 13-nm Pt nanoparticle containing 52 138 atoms, achieving a root-mean-square displacement of 22.6 pm; and the projection consistency error is significantly reduced, effectively expanding the depth-of-field limit of atomic-scale ET.",rss_oup
Isotropic zero thermal expansion in sodalite crystals from 11 to 893 K,https://www.nature.com/articles/s41557-026-02174-x,,Nature Chemistry,2026-06-16 00:00:00+00:00,10.1038/s41557-026-02174-x,Zheshuai Lin,,"Isotropic zero thermal expansion (ZTE) materials are essential for applications requiring extreme dimensional stability, yet their operation is typically limited to narrow temperature windows below 400 K. Here we report the incorporation of flexible interstitial groups via fractionally occupied atoms into a closed-framework sodalite structure (Cd4Al6O12SO4, CASO). This material exhibits isotropic ZTE, with a thermal expansion coefficient of 0.21(23) × 10−6 K−1 from 11 K to 893 K. The high-temperature ZTE behaviour originates from the preserved transverse vibrations that drive negative thermal expansion—arising from the enhanced vibrations of positionally disordered ligand atoms—which effectively counterbalance the intrinsic positive thermal expansion. Moreover, CASO maintains structural integrity up to 1,100 K, features a solar-blind ultraviolet transparency window down to 275 nm and exhibits thermally induced optical fluctuations at least twice as low as those of conventional optical materials. This work provides both a high-performance crystal for extreme thermal environments and a strategy for designing wide-temperature-range ZTE materials.The alternative text for this image may have been generated using AI.",nature_html
"AI has entered the workforce: tax tech profits, not people",https://www.nature.com/articles/d41586-026-01877-y,,Nature,2026-06-16 00:00:00+00:00,10.1038/d41586-026-01877-y,Ljubica Nedelkoska,,"As machines replace human labour, welfare states built on salary-linked taxation will need fundamental redesign. As machines replace human labour, welfare states built on salary-linked taxation will need fundamental redesign.",nature_html
Potent and biased agonists of class B1 GPCRs from a heterochiral design strategy,https://www.nature.com/articles/s41557-026-02182-x,,Nature Chemistry,2026-06-16 00:00:00+00:00,10.1038/s41557-026-02182-x,Samuel H. Gellman,,"Glucagon is used to treat severe hypoglycaemia in patients with diabetes, and PTH(1–34), an N-terminal fragment of parathyroid hormone, is used to treat osteoporosis. Each peptide activates a cognate G-protein-coupled receptor (GPCR). High-resolution structures of peptide–receptor complexes show that glucagon and PTH(1–34) are fully α-helical in the bound state. Here we describe a design strategy that destabilizes the helical conformation of glucagon or PTH(1–34) but nevertheless delivers potent agonists of each receptor. Replacement of multiple l-α-amino-acid residues with d-α-amino-acid residues, at selected positions, generates heterochiral analogues of both glucagon and PTH(1–34) that approach the all-l peptide in receptor activation potency (cAMP production). The heterochiral agonists are biased away from β-arrestin recruitment relative to the all-l peptide. The glucagon analogues are also biased away from receptor internalization relative to glucagon itself. These unanticipated findings for two dissimilar class B1 GPCRs raise the prospect that heterochiral design will be impactful for other members of this receptor family, which includes multiple therapeutic targets.The alternative text for this image may have been generated using AI.",nature_html
The Portuguese man-of-war genome reveals the genetic basis of medusa loss and sea–air interface adaptation,https://academic.oup.com/nsr/advance-article/doi/10.1093/nsr/nwag374/8708935?rss=1,,National Science Review Advance Access,2026-06-16 00:00:00+00:00,10.1093/nsr/nwag374,Zhijun Dong,,"The most conspicuous Portuguese man-of-war, Physalia sp., is a neustonic hydromedusa that lacks a free-living medusa stage and features a gas-filled float and venomous tentacles. However, the molecular basis of its specialized niche adaptation remains unknown. Herein, we generated chromosome-level genomes of two neustonic hydromedusae, P. utriculus and Porpita porpita (with pelagic medusae). Extensive contractions of neural and muscular gene families were observed for P. utriculus. Loss of Hox1 was correlated with the absence of free-living medusae, and Hox1 knockdown caused abnormal medusa development, suggesting that Hox1 is a key regulator of medusa development in medusazoans. Since it has lost the free-swimming medusa stage, P. utriculus relies on its gas-filled float and toxic tentacles to occupy its ecological niche. Single-cell transcriptomics revealed the mechanism of carbon monoxide production for float inflation. Neurotoxic, cytotoxic, and hemolytic metabolites and toxins were detected in tentacles, and the expanded CtrA gene with toxin domains may enhance its predation and survival. These findings reveal the genetic and cellular adaptations of Physalia to the sea–air interface, elucidating the crucial role that key evolutionary innovations play in shaping unique survival strategies in dynamic marine environments.",rss_oup
Elucidating the origin of decoupling in glass-forming liquids through high-temperature activation free energies,https://academic.oup.com/nsr/advance-article/doi/10.1093/nsr/nwag366/8709281?rss=1,,National Science Review Advance Access,2026-06-16 00:00:00+00:00,10.1093/nsr/nwag366,Wen-Sheng Xu,,"It is well established that many glass-forming liquids exhibit a deviation from the Stokes–Einstein relation that is commonly quantified by a power-law relation (so-called fractional Stokes–Einstein relation) between the mass diffusion coefficient D and the momentum diffusion coefficient, corresponding to the shear viscosity η. This ubiquitous phenomenon is often attributed to dynamic heterogeneity upon cooling, characterized by the progressive growth in the average size and lifetime of dynamic clusters of particles having excessively high or low mobility. However, a predictive theoretical understanding of the non-universal power-law decoupling exponent ζ has been elusive. Here, for a wide variety of simulated glass-forming systems, we determine the power-law relation between the structural relaxation time τα and the peak time t* of the non-Gaussian parameter, i.e., $t^* \sim \tau _{\alpha }^{1 - \zeta }$, analogous to the power-law relation between D and η in the widely studied Kob–Andersen glass-forming liquid. We confirm the prediction from the string model of glass formation that ζ is determined by the ratio of the high-temperature activation free energies for t* and τα in the temperature regime where dynamic heterogeneity is minimal. This finding suggests that dynamic heterogeneity is not the cause of decoupling, but rather a symptom. Our study emphasizes the role of the high-temperature liquid dynamics in understanding the fundamental mechanisms of glass formation. Teaser Text The ‘breakdown’ of the Stokes-Einstein relation is shown to originate from the difference in the activation energies for momentum and mass transport in the high-temperature regime where dynamic heterogeneity is minimal.",rss_oup
How do researchers choose what to work on?,https://www.nature.com/articles/d41586-026-01811-2,,Nature,2026-06-16 00:00:00+00:00,10.1038/d41586-026-01811-2,,,"A scientist’s account of switching focus to tackle pressing problems, and researchers consider the best way to preserve eggs, in our weekly dip into Nature’s archive. Snippets from Nature’s past.",nature_html
Author Correction: Ontogeny and transcriptional regulation of Thetis cells,https://www.nature.com/articles/s41586-026-10770-7,,Nature,2026-06-16 00:00:00+00:00,10.1038/s41586-026-10770-7,Chrysothemis C. Brown,,"Following publication of this article, we were alerted via PubPeer to an inadvertent duplication error of values in Extended Data Fig. 6c. During transcription of the data into GraphPad Prism, the data values for TCP (pLN 11 weeks) were inadvertently duplicated from the LTi cell column of the same block, and for Spleen P12, the first two rows of data values for DC1 and DC2 were inadvertently duplicated from the corresponding rows of the pLN P12 block. In addition, column headings for Spleen P12 were also found to be transposed (TCP, TC I-IV instead of TC I-IV, TCP).",openalex
The Haber–Bosch fertilizer production process should be taught through a social-ecological lens,https://www.nature.com/articles/d41586-026-01914-w,,Nature,2026-06-16 00:00:00+00:00,10.1038/d41586-026-01914-w,Jianjun Wu,,Letter to the Editor,nature_html
Daily briefing: How many elementary particles are there?,https://www.nature.com/articles/d41586-026-01939-1,,Nature,2026-06-16 00:00:00+00:00,10.1038/d41586-026-01939-1,Flora Graham,,"Estimates range from 17 to 995.5. Plus, one man with paralysis is using a brain–computer interface at home and GLP-1 obesity drugs appear to boost testosterone and sperm quality. Estimates range from 17 to 995.5. Plus, one man with paralysis is using a brain–computer interface at home and GLP-1 obesity drugs appear to boost testosterone and sperm quality.",nature_html
Terms of endearment? Bias in first-name eponyms for species named after people,https://www.nature.com/articles/d41586-026-01916-8,,Nature,2026-06-16 00:00:00+00:00,10.1038/d41586-026-01916-8,Samantha E. E. Kreling,,Letter to the Editor,nature_html
El Niño in a thermally saturated world,https://www.nature.com/articles/d41586-026-01915-9,,Nature,2026-06-16 00:00:00+00:00,10.1038/d41586-026-01915-9,Carlos García-Soto,,Letter to the Editor,nature_html
Optical multistability in a compact microcavity enabled by near-exceptional coupling,https://www.nature.com/articles/s41565-026-02197-y,,Nature Nanotechnology,2026-06-16 00:00:00+00:00,10.1038/s41565-026-02197-y,Chao Peng,,"Multistability—the presence of multiple stable states under identical conditions—is a hallmark of nonlinear complexity, and in optics, a key enabler for multilevel optical memory. Yet, realizing optical multistability in a compact footprint useful for on-chip applications remains challenging, because optical nonlinearities are intrinsically weak and large free spectral range increases the multistability threshold. Here we achieve multistability by engineering a pair of spectrally close, ultrahigh-Q resonances in a photonic crystal microcavity. Leveraging structural perturbations that deliberately introduce non-Hermitian coupling through a shared radiation channel, we drive the resonances towards an exceptional point with nearly degenerate wavelengths and almost-equal quality factors approaching 106. This configuration produces a pronounced tristability from thermo-optical nonlinearity within a 20-μm-diameter circular footprint, evidenced by hysteresis loops with 240-μW input power. Using this concept, we then demonstrate a proof-of-concept optical random-access memory that operates via controlled switching among the multistable states.",nature_html
Energy modeling for a low-carbon future and global decarbonization,https://www.sciencedirect.com/science/article/pii/S0306261926008688?dgcid=rss_sd_all,,ScienceDirect Publication: Applied Energy,2026-06-16 00:00:00+00:00,,Muhammad Shahzad Zafar,,,
The PAINT database for operational concentrating solar power plant data following FAIR data principles,https://www.nature.com/articles/s41560-026-02070-1,,Nature Energy,2026-06-16 00:00:00+00:00,10.1038/s41560-026-02070-1,Max Pargmann,,"Integrating renewable energy is critical for maintaining grid stability while striving towards global climate goals. Concentrating solar power tower plants offer a promising solution but their competitiveness is currently hindered by high operational costs, limited data availability and slow adoption of emerging technologies. To address these barriers, here we introduce PAINT, a FAIR (findable, accessible, interoperable and reusable) open-access database for operational solar tower plant data. PAINT provides 849 GB of high-resolution data collected over multiple years from the Jülich solar tower plant, including heliostat properties, calibration and deflectometry measurements and fine-grained weather data. The database is organized using the SpatioTemporal Asset Catalog metadata specification and supports the development of digital twins, artificial intelligence-based calibration methods, predictive maintenance and improved solar flux prediction. We also introduce standardized benchmarks to promote reproducibility and fair comparisons. Providing access to high-quality data, PAINT enables broader participation in solar research, accelerates innovation and facilitates data-driven solutions in solar tower power plant research.",nature_html
Triboelectric Wearable Sensors for Human-Centric Smart Electronics: From Self-Powered Sensing to Artificial Intelligence-Assisted Human–Machine Interface Systems,https://www.nmlett.org/index.php/nml/article/view/2548,,Nano-Micro Letters,2026-06-16 00:00:00+00:00,10.1007/s40820-026-02263-z,Chengkuo Lee,,"As intelligent electronics become increasingly integrated into daily life, health care, virtual interaction, and assistive systems, human–machine interfaces (HMIs) require sensing platforms that are not only wearable and self-powered but also capable of translating human signals into adaptive machine functions. Triboelectric wearable sensors are particularly attractive in this regard because they directly transduce human-generated mechanical stimuli, provide broad material and structural design freedom, and are readily adaptable to body-interfaced formats. In this review, wearability refers to body-mounted, skin-interfaced, textile-integrated, or otherwise human-attached triboelectric sensing platforms, whereas human-centric smart electronics refers to downstream electronic systems that remain functionally anchored to human-originated sensing, interpretation, feedback, or control. From this perspective, we review triboelectric wearable sensors from fundamentals to applications, covering working principles, material selection, device architectures, and fabrication strategies. We further discuss artificial intelligence-assisted signal processing, triboelectric artificial synapses, and neuromorphic computing as key bridges from self-powered sensing to intelligent HMI. Representative application spaces, including health care, gesture recognition, device control, immersive virtual interaction, wearable-to-robotic extensions, and intelligent transportation are discussed only when wearable triboelectric sensing serves as the primary human–input interface. Finally, the remaining challenges and future directions toward next-generation human-centric smart electronics are outlined. Highlights:1 A wearable-centered review framework is presented for triboelectric sensors, covering self-powered sensing principles, material selection, device architectures, and fabrication strategies.2 Artificial intelligence-assisted signal processing, triboelectric artificial synapses, and neuromorphic computing are identified as key bridges from self-powered sensing to adaptive human–machine interfaces.3 Representative applications and future directions are organized toward human-centric smart electronics, including health care, gesture interaction, robotics, intelligent transportation, and next-generation embodied systems.",rss_description
String-sliding vibrational modes govern the boson peak and phonon anomalies in amorphous materials,https://www.nature.com/articles/s41563-026-02592-9,,Nature Materials,2026-06-16 00:00:00+00:00,10.1038/s41563-026-02592-9,Hajime Tanaka,,"The boson peak is a universal vibrational anomaly of amorphous materials, yet its microscopic origin has remained unclear for decades. Using simulations of ordinary, hyperuniform and unstressed glasses in two and three dimensions, we show that the boson peak originates from the strong resonant coupling—arising from frequency matching—between phonons and intrinsic string-sliding vibrational modes. We identify two classes of excitations with distinct roles: quadrupolar quasi-localized modes (which dominate low-frequency non-affine responses) and string-sliding vibrational modes (which resonate with phonons at terahertz frequencies to generate the boson-peak excess). The boson peak persists even in glasses without quasi-localized modes or associated elastic heterogeneity, whereas phonon anomalies follow directly from this resonance mechanism. Together, these findings establish string–phonon resonance—rather than quasi-localized modes or elastic heterogeneity—as the central microscopic mechanism of the boson peak and provide a unified mode-based framework for understanding and tailoring the vibrational and mechanical properties of amorphous solids.",nature_html
Dynamic operation and reaction network coupling in solid oxide electrochemical reactors,https://www.nature.com/articles/s44286-026-00407-x,,Nature Chemical Engineering,2026-06-16 00:00:00+00:00,10.1038/s44286-026-00407-x,Eranda Nikolla,,"Solid oxide cells have traditionally been confined to operation as standalone electrolyzers or fuel cells, with research predominantly focused on materials performance. This Comment highlights opportunities to leverage integrated faradaic and non-faradaic reactions alongside dynamic operation in these electrochemical membrane reactors to maximize energy utilization and expand product scope.",nature_html
Light-induced diluted CO2 capture and photoreduction,https://www.cell.com/chem/fulltext/S2451-9294(26)00139-7?rss=yes,,Chem,2026-06-16 00:00:00+00:00,10.1016/j.chempr.2026.103073,Hai-Long Jiang,,"We synthesized a series of stable metal-organic frameworks (MOFs) composed by [FeIII2MII(μ3-O)] (abbreviated as Fe2MO) clusters, denoted as USTC-12-Fe2M (M = Mn, Co, Ni), for photocatalytic CO2 reduction in a 15% CO2 atmosphere. Remarkably, USTC-12-Fe2Mn exhibits an ultrahigh CO2-to-CO conversion rate, reaching ∼16.1 mmolCO·gcatalyst−1·h−1 with 95% CO selectivity and an apparent quantum efficiency of 2.66% under visible-light irradiation. Experimental results reveal that Fe is the real active site driving photocatalytic CO2 reduction, with the divalent metal in the cluster modulating the Fe electronic state. In situ experiments demonstrate that CO2 molecules can be readily captured by the μ3-O atom and pre-activated on Fe2MO clusters to form ∗c-CO32− intermediates under light irradiation, enabling CO2 photoreduction at low CO2 concentrations.",rss_cell
"Identification of the mode, polarization, wavelength and intensity of light using a one-pixel device on an optical fibre tip",https://www.nature.com/articles/s41928-026-01660-x,,Nature Electronics,2026-06-16 00:00:00+00:00,10.1038/s41928-026-01660-x,Fei Xu,,"The in situ monitoring of different parameters of light is important for the development of high-capacity information technology. However, the number of light states increases exponentially as parameters are added, and conventional detection systems must split light signals into numerous channels and photodetectors using bulky optics. Here we report a one-pixel device that is integrated on an optical fibre tip and can simultaneously resolve the mode, polarization, wavelength and intensity of light. The device, which can generate spatially dependent responses, is based on twisted, dichroic layers of two-dimensional black phosphorus and black arsenic–phosphorus, as well as ring-grating-like electrodes. The device generates six distinct photoresponses and we use it to achieve four-dimensional light detection with one-shot measurements, creating a large recognizable input-state space of around 104. We also show that the approach can be used for multidimensional image encryption communication.",nature_html
"A wirelessly powered, light-controlled, bioresorbable stimulation system with programmable polyphasic waveforms",https://www.nature.com/articles/s41928-026-01655-8,,Nature Electronics,2026-06-16 00:00:00+00:00,10.1038/s41928-026-01655-8,John A. Rogers,,"Wireless bioresorbable systems for electrical stimulation can deliver electrotherapy over clinically relevant timeframes, and then subsequently dissolve away in a harmless fashion. Such systems have previously been used in neuroregeneration and cardiac pacing, delivering monophasic pulses to a targeted site. Here we report a wirelessly powered system with programmable control of the stimulation waveforms using tissue-penetrating near-infrared light. The approach relies on a bioresorbable silicon phototransistor that is designed to optically modulate current flows at critical nodes in electrical circuits. We show that the approach can offer precise control over stimulation pulses—allowing monophasic, biphasic and polyphasic waveforms to be delivered to single or multiple sites—and all with power wirelessly delivered to a single receiver unit. Using small and large animal models, we further show that the technology enables single- and dual-chamber cardiac pacing, as well as phrenic neuromuscular stimulation for inducing and blocking diaphragmatic excursion.",nature_html
Mathematicians are developing rules for AI use — other fields should follow,https://www.nature.com/articles/d41586-026-01881-2,,Nature,2026-06-16 00:00:00+00:00,10.1038/d41586-026-01881-2,,,"The mathematics community is right to call for transparency, integrity and fairness to be protected when AI tools are used. Researchers in other disciplines could learn from this approach. The mathematics community is right to call for transparency, integrity and fairness to be protected when AI tools are used. Researchers in other disciplines could learn from this approach.",nature_html
Ultra-Broadband Microwave Absorption and Programmable Multispectral Camouflage Enabled by Neural-Network-Driven Impedance-Gradient Metadevices,https://www.nmlett.org/index.php/nml/article/view/2549,,Nano-Micro Letters,2026-06-16 00:00:00+00:00,10.1007/s40820-026-02247-z,Guangbin Ji,,"Achieving omnidirectional multispectral compatible camouflage remains a significant challenge due to the pronounced disparities in electromagnetic wavelengths and constraints on the response mechanisms of natural materials. Herein, neural networks are employed to intelligently optimize the design of multiscale impedance-gradient (IG) metadevices tailored for multispectral compatibility. The macro-gradient unit is engineered with precise impedance matching and high rotational symmetry to provide exceptional microwave ultra-broadband absorption (2–18 GHz), with insensitivity angles reaching 60°. By integrating a polyimide foam substrate with an MXene-functionalized nanostructured photochromic top layer, the finalized device exhibits remarkable infrared thermal insulation (ΔT 65 °C) and low emissivity (0.38), alongside rapid visible color change (1 ~ 2 s) enabled by nanoscale photochromic switching. Furthermore, IG metadevices deliver programmability and multimodality, alongside impact resistance (~ 30,000 N) and environmental stability. This work provides novel paradigms for the intelligent design of multispectral compatible camouflage systems adaptable to complex scenarios. Highlights:1 An impedance-gradient metadevice for multispectral compatible camouflage was intelligently designed using the neural network.2 The metadevice demonstrates excellent microwave ultra-broadband absorption (2–18 GHz), infrared thermal insulation (ΔT≈65 °C), low emissivity (0.38), and rapid visible color change (1–2 s).3 The assembled device offers programmability and multimodality while also exhibiting impact resistance (~30,000 N) and environmental stability.",rss_description
Coordinating EV charging among multiple charging service providers under shared transformer constraints: A two-stage framework for capacity allocation and rolling optimization,https://www.sciencedirect.com/science/article/pii/S0306261926008974?dgcid=rss_sd_all,,ScienceDirect Publication: Applied Energy,2026-06-16 00:00:00+00:00,,Xiaodan Yu,,,
Drivers of technology diffusion speed in countries,https://www.nature.com/articles/s41467-026-73563-6,,Earth and environmental sciences : Nature Communications subject feeds,2026-06-16 00:00:00+00:00,,Gregory F. Nemet,,"Reducing greenhouse gas emissions and limiting global temperature increases require rapid, large-scale technological transitions. Historical trends in technology adoption can inform how quickly such transitions may occur. We analyse the effects of technology and country characteristics on diffusion speed using an expanded Historical Adoption of Technologies (HATCH) dataset, comprising 5990 national-level time series across 130 technologies and 228 countries. Compared to previous studies, this dataset enables a broader and more integrated assessment of diffusion drivers. We observe substantial variation in growth rates: newer, simpler, more standardised, smaller, less materially intensive, and shorter-lived technologies diffuse more rapidly. These findings suggest that smaller-scale technologies may be adopted faster than complex, large-scale technologies, which may require greater support and longer timeframes for widespread adoption.",nature_html
Warming transforms the western Arctic Ocean into a hub of drifting matter,https://www.nature.com/articles/s41467-026-74439-5,,Earth and environmental sciences : Nature Communications subject feeds,2026-06-16 00:00:00+00:00,,Qiang Wang,,"The Arctic Ocean is increasingly stressed by anthropogenic pollution and rapid environmental change. River discharge plays a crucial role in this transition by delivering freshwater, nutrients, carbon, and contaminants to the ocean. Yet how river-borne materials will spread through the Arctic under future climate warming remains unclear. Here we show that climate warming accelerates and expands the dispersal of Arctic river waters and drifting materials through multi-scale changes in ocean circulation linked to sea-ice decline and reduced upper-ocean density. Stronger ocean eddy activity and altered wind-driven circulation transform the Beaufort Gyre from a predominantly regional reservoir into a pan-Arctic convergence zone that efficiently accumulates river-derived materials from Siberia. Meanwhile, intensified boundary currents and Transpolar Drift accelerate the export of Siberian discharge toward the North Atlantic. Together, these circulation changes greatly increase cross-basin connectivity, with broad implications for marine ecosystems in the northern high-latitude oceans and for Arctic coastal communities.",nature_html
Catchment lithology controls net carbon balance along the Antarctic Peninsula,https://www.nature.com/articles/s41467-026-74667-9,,Earth and environmental sciences : Nature Communications subject feeds,2026-06-16 00:00:00+00:00,,Xingqian Cui,,"Climate-driven ecosystem change in Antarctica is reshaping carbon dynamics and influencing global climate. Under sustained warming, mobilization and reburial of organic carbon (OC) in coastal Antarctica may represent an important carbon sink, yet regional OC burial and oxidation remain poorly quantified. Here, we apply ramped pyrolysis/oxidation analysis and isotopic end-member mixing models to investigate sedimentary OC along two Western Antarctic Peninsula (WAP) fjords underlain by contrasting bedrock types. We show that the fjord underlain by sedimentary rocks exhibits ten-fold higher burial flux of petrogenic OC (OCpetro) than that dominated by volcanic rocks. We estimate burial fluxes of 6.1–8.8 Gg C yr−1 for biospheric OC (OCbio) and 0.3–3.1 Gg C yr−1 for OCpetro in WAP fjords, respectively, with regional OCbio burial likely exceeding OCpetro oxidation. Model simulations indicate that future ecosystem change may increase regional OC burial flux by 2–4 times, which is critical for predicting the long-term carbon-climate feedback.",nature_html
Rossby wave-modulated orbital precipitation anomalies in the Asia-Pacific region,https://www.nature.com/articles/s41467-026-74368-3,,Earth and environmental sciences : Nature Communications subject feeds,2026-06-16 00:00:00+00:00,,Shiming Wan,,"Orbital-scale dynamics of Indo-Pacific Warm Pool (IPWP), Earth’s dominant heat and moisture source, exert far-reaching yet incompletely understood influences on global hydroclimate. Here, by synthesizing sedimentary proxies with transient simulations, we identify a coherent, banded precipitation anomaly across the Asia-Pacific region that cannot be explained by regional dynamics alone. We show that seasonal deep convection over the IPWP excites planetary Rossby waves. On orbital timescales, their integrated effects are consistent with precessional forcing, while precession simultaneously modulates the large-scale atmospheric background state that influences their spatial organization. Guided by summer circulation, the Rossby-wave-related responses extend poleward and reorganize large-scale moisture transport and precipitation across the mid- and high-latitudes. The cumulative wave response and background-state modulation provide a robust dynamical linkage between tropical convection and extratropical hydroclimate on orbital timescales. This mechanism offers a physically consistent interpretation for how low-latitude orbital forcing imprints hydroclimate variability across Pan-Asia via planetary-wave dynamics.",nature_html
Protracted ocean circulation slowdown drove exceptional ice-sheet melting during ice age termination IV,https://www.nature.com/articles/s41467-026-73733-6,,Earth and environmental sciences : Nature Communications subject feeds,2026-06-16 00:00:00+00:00,,Chuan-Chou Shen,,"Glacial terminations stand out for their high rates of sea-level rise, particularly during meltwater pulses. Termination IV (T-IV; ~340,000 years before present) is a prominent example, with sea level rising at up to ~5 m per century. Due to sparse absolute age constraints on marine records, the causes for the high rates of sea-level rise at T-IV remain elusive. In this work, we provide a speleothem chronology from northern Italy, which we transpose to North Atlantic marine records. We infer that the high T-IV sea-level rise rate likely relates to a feedback whereby protracted meltwater release caused enhanced ocean heat storage, followed by heat release upon circulation recovery, driving additional ice-sheet collapse. This analysis highlights the critical role of oceanic feedbacks in driving exceptional rates of sea-level rise during terminations.",nature_html
Electricity generation from retrofitted abandoned oil and gas wells using a geothermal-driven organic rankine cycle,https://www.sciencedirect.com/science/article/pii/S0306261926008500?dgcid=rss_sd_all,,ScienceDirect Publication: Applied Energy,2026-06-16 00:00:00+00:00,,Agus P. Sasmito,,,
"Structure of Human adenovirus 7 virus-like particles, a platform for developing nanotherapeutics and studying capsid assembly",https://www.pnas.org/doi/abs/10.1073/pnas.2526969123?mi=eymic2&af=R&access=on&content=articlesChapters&publication=pnas&sortBy=Earliest&target=default,,Proceedings of the National Academy of Sciences: Keyword search for query,2026-06-16 07:00:00+00:00,10.1073/pnas.2526969123,Reza Khayat,,"Adenoviridae family members routinely infect humans, exhibit significant genetic diversity, and are associated with a variety of illnesses. Types 4 and 7 frequently circulate in the United States and are major causes of respiratory disease. Infections can result in hospitalization and, in severe cases, death. Although a live wild-type-virus vaccine targeting these two types exists, its use is restricted to military personnel due to concerns about viral-shedding and potential for genetic recombination. To overcome these limitations, we recently developed a virus-like particle (VLP) platform as an alternative vaccination strategy. These VLPs are stable, lack genomic material, and elicit a potent humoral immune response in mice, effectively neutralizing adenoviral infection. Here, we describe the cryo-EM structure of adenovirus 7 (AdV-7) VLPs. Structural insights are essential to ensure that neutralizing antigens displayed on the VLPs accurately mimic those of the virion, guide the design of particles with improved stability and efficacy, and enable engineering of VLPs with antigenic properties targeting multiple adenovirus types. The structure shows that hexon, penton, pIIIa, pVI, pVIII, and IX assemble comparable to AdV-5, hexon and penton neutralizing epitopes are appropriately displayed for antibody recognition, penton insertion into the hexon shell promotes cement protein pIIIa to increase its interaction with the peripentonal hexons, and presence of the core-genome is associated with increased interaction between cement protein pVIII and hexon. Finally, limited proteolysis and mass spectrometry demonstrate that VLP incorporated hexons digest more readily than virion incorporated hexons, indicating the greater dynamic nature of the VLP.",crossref
Bacterial metabolism rather than necromass dominates input to soil organic carbon,https://www.pnas.org/doi/abs/10.1073/pnas.2527157123?mi=eymic2&af=R&access=on&content=articlesChapters&publication=pnas&sortBy=Earliest&target=default,,Proceedings of the National Academy of Sciences: Keyword search for query,2026-06-16 07:00:00+00:00,10.1073/pnas.2527157123,Johannes Lehmann,,"Soil organic carbon (OC) sequestration is presumed to rely to a large extent on microbial transformation of plant residues into microbial necromass. Necromass formation, however, represents only one pathway by which microorganisms contribute to soil organic matter, while OC released through metabolism is often neglected. Using a dynamic modeling approach, we show that exudates and waste products contribute about equally to bacterially derived OC inputs to soil with median contributions of 10% each (95% CI of 0.5 to 73% and 0.6 to 71%, respectively). Exoenzymes contribute an additional 15% (5 to 41%) and necromass contributes 49% (5 to 84%) to bacterial products. Overall, 6% (2 to 27%) of the organic input is released into the soil as bacterial metabolites (exoenzymes, exudates, and waste products), and the same amount as bacterial necromass 6% (8 to 20%). Exudates and waste products are typically composed of small reactive compounds that differ greatly from necromass in their molecular properties and will therefore likely contribute disproportionally to long-term soil OC accrual.",crossref
Spatiotemporal transcriptome atlas reveals the dynamic cellular and molecular characteristics of ovule development in gymnosperms,https://www.pnas.org/doi/abs/10.1073/pnas.2524858123?mi=eymic2&af=R&access=on&content=articlesChapters&publication=pnas&sortBy=Earliest&target=default,,Proceedings of the National Academy of Sciences: Keyword search for query,2026-06-16 07:00:00+00:00,10.1073/pnas.2524858123,Ji Yang,,"Ovule, as the developmental precursor to seed, represents a key evolutionary innovation in seed plants. However, its origin and evolutionary trajectory have been debated for over a century, largely due to the disconnects between morphological information gained from fossils and the regulatory mechanisms of ovule development inferred from extant angiosperms. The core regulatory networks shared by gymnosperms and angiosperms may serve as a bridge in terms of the ovule developmental process. We employed spatial transcriptome sequencing to profile dynamic gene expression during ovule development in four representative gymnosperm species (
                    Ginkgo biloba
                    ,
                    Gnetum montanum
                    ,
                    Pinus tabuliformis,
                    and
                    Cycas panzhihuaensis
                    ). Our analyses reveal distinct trajectories of cell-type differentiation during formation of tissues, uncovering critical genes and pathways involved in ovule primordium initiation, chalaza formation, and subsequently development of integument and nucellus. The spatiotemporal expression patterns of key regulatory genes, particularly those associated with proximal–distal (PD) polarity establishment, strongly support the hypothesis that early formed chalaza regions function as a meristematic zone, giving rise to the formation of integument and nucellus in a manner reminiscent of the shoot apical meristem activity. Moreover, gene expression patterns in the developing integument reveal well-defined PD and adaxial–abaxial polarity highly conserved across gymnosperm lineages. These findings suggest that integument development originated through the recruitment of preexisting regulatory networks into a core developmental module, providing clues for understanding the molecular mechanisms of integument formation underlying the origin of seed plant ovules.",crossref
In This Issue,https://www.pnas.org/doi/abs/10.1073/iti2426123?mi=eymic2&af=R&access=on&content=articlesChapters&publication=pnas&sortBy=Earliest&target=default,,Proceedings of the National Academy of Sciences: Keyword search for query,2026-06-16 07:00:00+00:00,10.1073/iti2426123,,,,
Structural insights into RNA recognition by the Staphylococcus aureus exoribonuclease YhaM,https://www.pnas.org/doi/abs/10.1073/pnas.2600028123?mi=eymic2&af=R&access=on&content=articlesChapters&publication=pnas&sortBy=Earliest&target=default,,Proceedings of the National Academy of Sciences: Keyword search for query,2026-06-16 07:00:00+00:00,10.1073/pnas.2600028123,Christine M. Dunham,,"Bacterial ribonucleases regulate gene expression in response to environmental stress and host interactions. In
                    
                      Staphylococcus aureus
                      ,
                    
                    the hibernation-promoting factor (Hpf) induces the formation of RNase R-resistant 100S ribosomes. We previously showed that the 3’-5’ exoribonuclease YhaM cleaves the
                    hpf
                    transcript, reducing Hpf synthesis and leading to ribosome degradation. No structure of any YhaM homolog bound to RNA is available, and biological investigations of YhaM remain limited. Here, we find that deletion of
                    yhaM
                    attenuates
                    S. aureus
                    virulence in a
                    Galleria mellonella
                    infection model. We further determined electron cryomicroscopy structures of YhaM–RNA complexes. YhaM adopts a hexameric complex arranged in a ring, with its N-terminal oligonucleotide/oligosaccharide-binding (OB) domains positioned on both sides of the ring while the catalytic histidine/aspartate-rich (HD) domain active sites are buried within the interior. The OB-1’’ domains recognize the
                    hpf
                    hairpin by the formation of complementary minor groove interactions. RNA binding by two YhaM OB domains is mediated through engagement of both the backbones and nucleobases of the RNA substrate, where stacking of aromatic residues and nucleobases likely contributes to substrate recognition. Structures of YhaM bound to a single-stranded RNA reveal how the 3’ ends of two RNAs are positioned within the HD domain poised for catalysis. Although six YhaM active sites are present, only two engage in RNA cleavage and further point to the importance of the remaining YhaM monomers as structural scaffolds for guiding RNA to the active site. In summary, these findings provide insights into the unique assembly of an understudied bacterial RNase.",crossref
Correlated gene copy number changes in a seminal fluid protein network in Drosophila,https://www.pnas.org/doi/abs/10.1073/pnas.2529899123?mi=eymic2&af=R&access=on&content=articlesChapters&publication=pnas&sortBy=Earliest&target=default,,Proceedings of the National Academy of Sciences: Keyword search for query,2026-06-16 07:00:00+00:00,10.1073/pnas.2529899123,Andrew G. Clark,,"In
                    Drosophila melanogaster
                    , the male seminal fluid protein Sex Peptide regulates persistent postmating changes in female physiology and behavior. The persistence of long-term postmating responses in females requires Sex Peptide binding to sperm, which is mediated by a network of other seminal fluid proteins. A recent study documented substantial copy number variation of
                    Sex Peptide
                    genes in
                    Drosophila
                    species. We hypothesized that, due to shared selective pressures and compensatory changes to maintain functionality, members of the Sex Peptide network should exhibit correlated patterns of gene duplication or loss. Using a computational pipeline pairing iterative genome searches with phylogenetic clustering to resolve homology relationships, we annotated among-species copy number variation of Sex Peptide network genes. We found that these genes are present in the common ancestor of
                    Drosophila
                    species and in many cases predated the origin of
                    Sex Peptide
                    itself. Furthermore, we observed statistically significant correlations in gene duplication or loss events among network members. Our results suggest that selection acting on copy number variation is an additional source of among-species variation of reproductive genes, and that this selection contributes to the maintenance of reproductive gene interactions. Using patterns of shared gene loss across the genus, we also identified and experimentally validated a network member, suggesting the utility of using correlated loss to identify functionally related genes. In contrast to the Sex Peptide seminal fluid network, female-derived proteins that modulate functions downstream of sperm bound Sex Peptide showed no correlation of gene turnover events with Sex Peptide network members.",crossref
Structural Control of Dual Emission in Coumarin Fluorophores for Visualizing Protein Droplet Maturation,https://onlinelibrary.wiley.com/doi/10.1002/anie.8304737?af=R,,Wiley: Angewandte Chemie International Edition: Table of Contents,2026-06-16 07:00:00+00:00,10.1002/anie.8304737,Kazuya Kikuchi,,"ABSTRACT
                  Proteins droplets formed by liquid–liquid phase separation (LLPS) gradually lose fluidity and mature into aggregated and fibrillar states, initiating fibrillation of amyloidogenic proteins. Despite increasing interest in droplet maturation, high‐throughput methods for visualizing this process remain undeveloped. In this study, we report a fluorescence‐based method for real time visualization of droplet maturation using dual‐emission fluorophores. Coumarin‐based fluorophores conjugated with electron‐withdrawing rings exhibit dual fluorescence originating from multiple ground‐state conformers although predicting this behavior from molecular structure remains challenging. Here, we synthesized coumarin‐based fluorophores bearing directly conjugated electron‐withdrawing five‐membered ring to increase the abundance of twisted conformers through steric hindrance. The dual‐emission properties and fluorescence quantum yield were tuned by varying the heteroatoms within the five‐membered ring. Upon covalent conjugation of the probe to proteins, ratiometric confocal microscopy revealed that the emission ratio faithfully reflected the maturation process of liquid droplets, enabling quantitative evaluation of maturation timescale and heterogeneous internal environments. Furthermore, by combining this probe with the photoactive yellow protein (PYP) tag strategy, we visualized differences in the internal environments of protein droplets in living cells. This strategy allows continuous monitoring of droplet maturation and provides new insight into the mechanism of LLPS, amyloidogenic proteins fibrillations, and inhibitor screening against amyloid formation.",crossref
Restoring the interplay between the endoplasmic reticulum and mitochondria by gene therapy improves Charcot–Marie–Tooth type 2A disease,https://www.pnas.org/doi/abs/10.1073/pnas.2530774123?mi=eymic2&af=R&access=on&content=articlesChapters&publication=pnas&sortBy=Earliest&target=default,,Proceedings of the National Academy of Sciences: Keyword search for query,2026-06-16 07:00:00+00:00,10.1073/pnas.2530774123,Nathalie Bernard-Marissal,,"Charcot–Marie–Tooth disease type 2A (CMT2A) is the most common axonal CMT and is associated with an early onset and severe motor neuropathy. CMT2A is mainly caused by dominant mutations in the
                    MFN2
                    gene, encoding mitofusin-2, a GTPase located in the outer membrane of the mitochondria and endoplasmic reticulum (ER). Mutations in MFN2 affect mitochondrial dynamics. We previously demonstrated that mutated MFN2 further disrupts contacts between the ER and the mitochondria, leading to axonal degeneration. There are no treatments for CMT2A, and those currently under development primarily focus on restoring mitochondrial function. Here, we provide proof of concept that neuronal overexpression of wild-type MFN2 (MFN2
                    WT
                    ) provides therapeutic benefit in transgenic CMT2A mice as well as in CMT2A-motor neurons derived from induced pluripotent stem cells. Intrathecal delivery of an AAV9 vector expressing MFN2
                    WT
                    effectively targets motor and sensory neurons, restoring ER–mitochondria contacts and mitochondrial morphology, thereby preserving both neuromuscular junction integrity and motor function. Strikingly, therapeutic efficacy is also achieved by administering the vector after the onset of symptoms. Importantly, AAV administration was well tolerated, with no evidence of hepatotoxicity or dorsal root ganglion inflammation. We further show that CMT2A pathology can be corrected in vitro and in vivo using an ER-targeting MFN1 isoform that selectively enhances ER–mitochondria contacts. These results establish that restoring contacts between the ER and mitochondria using gene therapy is a promising therapeutic avenue for CMT2A.",crossref
An atlas of microtubule lattice parameters regulated through ligand binding to the microtubule-stabilizing sites,https://www.pnas.org/doi/abs/10.1073/pnas.2532791123?mi=eymic2&af=R&access=on&content=articlesChapters&publication=pnas&sortBy=Earliest&target=default,,Proceedings of the National Academy of Sciences: Keyword search for query,2026-06-16 07:00:00+00:00,10.1073/pnas.2532791123,J. Fernando Díaz,,"Microtubules are dynamic cytoskeletal polymers whose lattice architecture regulates force generation, nucleotide hydrolysis, and recognition by motor proteins and microtubule-associated proteins (MAPs). Microtubule-stabilizing agents (MSAs), including taxanes and laulimalide/peloruside-site ligands, suppress depolymerization by binding to defined lattice sites, yet stabilization is not structurally neutral. How ligand chemistry reshapes lattice organization and function remains unresolved. Here, we address three mechanistic questions. First, do distinct ligand classes induce defined lattice states? Using X-ray fiber diffraction, we show that MSAs selectively stabilize two preferred longitudinal conformations, a compact state (~4.06 nm monomer rise) and an expanded state (~4.17 nm), while modulating lateral organization reflected in shifts in mean MT radius. These axial spacings cluster around discrete values across chemotypes, indicating stabilization of preexisting conformational minima rather than continuous distortion. Second, are these states interconvertible upon changes in ligand occupancy? Time-resolved diffraction reveals that longitudinal transitions occur within seconds of ligand addition even at substoichiometric occupancy, whereas, lateral equilibration proceeds slower, consistent with redistribution within heterogeneous protofilament organizations. Third, do such structural states alter nucleotide hydrolysis and motor/MAP behavior? Expanded lattices are associated with reduced apparent GTP hydrolysis rates under steady-state assembly conditions and altered kinesin motility, whereas compact lattices preferentially promote tau binding and distinct motor interaction profiles. Together, these findings establish longitudinal lattice conformation as a regulatory parameter and position MSAs as chemical tools that bias a dynamic structural landscape with predictable catalytic and transport consequences.",crossref
Estimating the amount of computation done by a brain using population neural activity,https://www.pnas.org/doi/abs/10.1073/pnas.2507932123?mi=eymic2&af=R&access=on&content=articlesChapters&publication=pnas&sortBy=Earliest&target=default,,Proceedings of the National Academy of Sciences: Keyword search for query,2026-06-16 07:00:00+00:00,10.1073/pnas.2507932123,David H. Wolpert,,"Many dynamical systems, ranging from genetic circuits to the human brain to human social systems, are often characterized as computational. Although extensive research has explored their dynamics, the computations underlying often remain elusive. Even the fundamental task of quantifying the amount of computation underlying a dynamical system remains underinvestigated. In this study we introduce a task-independent framework to estimate the amount of computation implemented by an observed system based on empirical time-series of its dynamics. This framework works by forming a statistical reconstruction of that dynamics, and defining the amount of computation in terms of both the complexity and fidelity. We validate our framework by showing it appropriately distinguishes the relative amount of computation across different regimes of Lorenz dynamics and various computation classes of cellular automata. We then apply this framework to whole-brain neural recordings of
                    Caenorhabditis elegans
                    and large scale population recordings of the mouse cortex. We find that high and low amounts of computation underlie the neural dynamics of freely moving and immobile worms. Our analysis further sheds light on the amount of computation
                    C. elegans
                    performs in various locomotion states. When applied to large-scale electrophysiological recordings from the mouse cortex during a visual decision-making task, our framework recovers the ground-truth difficulty of the task, assigning higher amounts of computation to more difficult trials where sensory inputs are ambiguous. In sum, our study explores a powerful framework for quantifying the amount of computation performed by a system based on time-series data of its dynamics, and highlights neural computation in both simple and complex organisms.",crossref
The physiological relevance of downstream effectors of p53 activity,https://www.pnas.org/doi/abs/10.1073/pnas.2536303123?mi=eymic2&af=R&access=on&content=articlesChapters&publication=pnas&sortBy=Earliest&target=default,,Proceedings of the National Academy of Sciences: Keyword search for query,2026-06-16 07:00:00+00:00,10.1073/pnas.2536303123,Guillermina Lozano,,"The
                    TP53
                    tumor suppressor encodes a transcription factor that regulates the expression of hundreds of target genes. Previous mouse studies have identified a conserved p53-dependent transcriptional signature that includes
                    Cdkn1A (p21)
                    ,
                    Gtse1
                    (
                    G2 and S-phase expressed 1
                    ), and
                    Eda2r
                    . In this study, we investigated the physiological roles of these three genes, along with
                    Bbc3
                    (Puma), a p53 target involved in apoptosis, as effectors of p53 activity. We generated alleles of
                    Gtse1
                    and
                    Eda2r
                    . In contrast to previously reported
                    Cdkn1A-null
                    and
                    Bbc3-null
                    mice which do not exhibit any overt phenotypes, mice expressing N-terminal deletions of
                    Gtse1
                    (
                    Gtse1Δ7
                    ) and
                    Eda2r
                    (
                    Eda2rΔ11
                    ) displayed defects in spermatogenesis and liver abnormalities, respectively. We crossed these mice to an
                    Mdm2
                    -deletion model that constitutively activates p53 resulting in multiple phenotypes and lethality. Notably, loss of
                    p21
                    rescued the lethality associated with constitutive p53 activation in vivo, whereas the
                    Gtse1Δ7
                    mutant partially rescued this effect; no rescue was observed with
                    Eda2rΔ11
                    or
                    Bbc3
                    loss. These findings indicate that cell cycle regulators, rather than apoptosis-related genes, are the main drivers of sustained p53-induced gastrointestinal defects and lethality.",crossref
Canonical EDS1/PAD4 small-molecule binding sites are required for LRR-RP-mediated pattern-triggered immunity,https://www.pnas.org/doi/abs/10.1073/pnas.2536973123?mi=eymic2&af=R&access=on&content=articlesChapters&publication=pnas&sortBy=Earliest&target=default,,Proceedings of the National Academy of Sciences: Keyword search for query,2026-06-16 07:00:00+00:00,10.1073/pnas.2536973123,Lisha Zhang,,"Pattern-triggered immunity (PTI) is a key plant defense mechanism initiated by the recognition of pathogen-associated molecular patterns (PAMPs) by cell-surface receptors, including leucine-rich repeat receptor proteins (LRR-RPs). Upon PAMP perception, LRR-RPs associate with SOBIR1 and recruit SERK coreceptors, such as BAK1, into the receptor complex to initiate PTI. The lipase-like protein EDS1 and PAD4 are central components of effector-triggered immunity (ETI). Small molecule (SM) phosphoribosyl-AMP/ADP, generated by TIR-domain NADase activity, promotes the recruitment of helper NLRs of the ADR1 family into the EDS1–PAD4 complex to execute ETI. This ETI signaling branch, known as the EDS1–PAD4–ADR1 node, is associated with SOBIR1 and is essential for LRR-RP-mediated PTI. To elucidate the molecular mechanism by which EDS1–PAD4 contributes to PTI, we show that PTI initiation mediated by BAK1 recruitment to LRR-RP complexes is unaffected in
                    eds1-2
                    or
                    pad4-1
                    mutants but is abolished in the
                    sobir1-12
                    mutant, highlighting the essential role of SOBIR1 in surface immune receptor complex formation. Furthermore, we demonstrate that SM binding to EDS1 and PAD4, in addition to its role in ETI, is also critical for LRR-RP-mediated PTI, as SM-binding-deficient mutants fail to restore PTI responses. Moreover, de novo SM synthesis is required for late PTI responses, including
                    PR1
                    expression and bacterial resistance, but not for early responses such as reactive oxygen species and ethylene production. Finally, the TNL SADR1 functions specifically in late PTI responses. Together, these findings indicate that a preformed EDS1–PAD4–ADR1 complex is essential for PTI and reveal a two-tiered role for TIR-domain proteins in PTI signaling.",crossref
Computational design and cellular synthesis of two protein topological isomers: Solomon link vs. three-twist knot,https://www.pnas.org/doi/abs/10.1073/pnas.2537891123?mi=eymic2&af=R&access=on&content=articlesChapters&publication=pnas&sortBy=Earliest&target=default,,Proceedings of the National Academy of Sciences: Keyword search for query,2026-06-16 07:00:00+00:00,10.1073/pnas.2537891123,Wen-Bin Zhang,,"Chemical topology has emerged as a unique dimension in protein engineering, motivating the pursuit of topologically nontrivial protein architectures for functional advantages, such as enhanced stability and rich dynamics. However, the structural diversity of artificial mechanically interlocked proteins remains limited. Here, we report the computational design and cellular synthesis of a pair of topological isomers via symmetric assembly of orthogonal entangling motifs. By fusing two
                    C
                    2
                    symmetric entangling motifs, i.e., p53dim and HP0242, in specific arrangements, we programmed the formation of multiple crossings, which upon cyclization yielded a protein Solomon link and a protein three-twist knot. The fusion patterns and linker lengths were systematically optimized to direct the formation of the intended topologies. Their successful cellular synthesis was validated through biophysical and structural analyses, including sodium dodecyl sulfate-polyacrylamide gel electrophoresis, size exclusion chromatography, and liquid chromatography-mass spectrometry. Notably, we report the crystal structure of an artificial protein three-twist knot. Both the Solomon link and the three-twist knot displayed increased structural compactness and stability relative to their controls with lower topological complexity (e.g., Hopf link, trefoil knot, and linear forms), as evidenced by their superior thermal stability and resistance to chemical denaturation. This modular design strategy provides a rational and extensible route to diverse mechanically interlocked proteins and could be generalized to access even more complex architectures, such as protein chainmail-like nanocages and woven protein frameworks.",crossref
Wounding-induced redirection of sugar transport fuels tissue repair,https://www.pnas.org/doi/abs/10.1073/pnas.2535587123?mi=eymic2&af=R&access=on&content=articlesChapters&publication=pnas&sortBy=Earliest&target=default,,Proceedings of the National Academy of Sciences: Keyword search for query,2026-06-16 07:00:00+00:00,10.1073/pnas.2535587123,Idan Efroni,,"Wounding triggers growth programs to restore damaged tissues, creating a local surge in metabolic demand. How resource recruitment is modified to meet this demand is unclear. Here, we show that regeneration of dissected root tips is dependent on photosynthetic sucrose in a dose-dependent manner, although sucrose itself is excluded from the injury site. High-resolution tracking of Glifon, a live glucose reporter, reveals that glucose accumulates near the cut. Glucose accumulation required the apoplasmic sugar transport components
                    CELL WALL INVERTASE
                    (
                    CWINV
                    ) and
                    SUGAR TRANSPORTER PROTEINS
                    (
                    STP
                    ), which were rapidly induced by wounding. Loss of CWINV or STP function compromised root repair, particularly under limited sucrose availability, whereas increased
                    STP13
                    gene dosage enhanced repair rates. Similar sugar transport genes were activated in other wounding contexts and promoted wound-induced adventitious root initiation. We propose that injury elicits a proactive local shift in sugar flow to promote resource recruitment and sustain tissue repair.",crossref
Reply to Borst et al.: Acupuncture and the placebo effect,https://www.pnas.org/doi/abs/10.1073/pnas.2618232123?mi=eymic2&af=R&access=on&content=articlesChapters&publication=pnas&sortBy=Earliest&target=default,,Proceedings of the National Academy of Sciences: Keyword search for query,2026-06-16 07:00:00+00:00,10.1073/pnas.2618232123,Gene Russo,,,
The exocyst subunits OsEXO70L2 and OsSEC3A regulate root development through modulating OsPIN1a/b-mediated auxin distribution in rice,https://www.pnas.org/doi/abs/10.1073/pnas.2602053123?mi=eymic2&af=R&access=on&content=articlesChapters&publication=pnas&sortBy=Earliest&target=default,,Proceedings of the National Academy of Sciences: Keyword search for query,2026-06-16 07:00:00+00:00,10.1073/pnas.2602053123,Guanghua He,,"Exocyst complex–mediated vesicle trafficking is essential for plant growth and development, yet its roles in crop root development remain poorly understood. Previously, we showed that mutation of the exocyst subunit encoded gene
                    OsEXO70L2
                    leads to reduced root length in the
                    short-root 1
                    (
                    sr1
                    ) mutant, but the underlying mechanism was unclear. Here, we demonstrate that OsEXO70L2 interacts with another exocyst subunit, OsSEC3A. The
                    OsSEC3A
                    knockout mutant
                    sec3a-1
                    exhibits shortened roots, a reduced root apical meristem, and vesicle trafficking defects, with phenotypes weaker than those of
                    sr1
                    . The
                    sr1 sec3a-1
                    double mutant resembles
                    sr1
                    , indicating that OsEXO70L2 and OsSEC3A act in the same pathway. Both
                    sr1
                    and
                    sec3a-1
                    show reduced sensitivity to exogenous indole-3-acetic acid and the auxin transport inhibitor 1-naphthylphthalamic acid, accompanied by disrupted auxin distribution in the root tips. OsEXO70L2 and OsSEC3A regulate the plasma membrane abundance and localization of the auxin efflux carriers OsPIN1a/b. Consistently, the
                    ospin1a ospin1b
                    double mutant displays more severe short-root phenotypes and auxin distribution defects, confirming OsPIN1a/b as downstream targets. This study elucidates that OsEXO70L2 and OsSEC3A control root length by regulating vesicle trafficking-dependent OsPIN1a/b localization and auxin distribution in the root tips.",crossref
The ERAD pathway mediates cross talk between two control points in cholesterol synthesis: HMG CoA reductase and squalene monooxygenase,https://www.pnas.org/doi/abs/10.1073/pnas.2602559123?mi=eymic2&af=R&access=on&content=articlesChapters&publication=pnas&sortBy=Earliest&target=default,,Proceedings of the National Academy of Sciences: Keyword search for query,2026-06-16 07:00:00+00:00,10.1073/pnas.2602559123,Russell A. DeBose-Boyd,,"Two key enzymes, HMG CoA reductase (HMGCR) and squalene monooxygenase (SM), are subjected to distinct endoplasmic reticulum–associated degradation (ERAD) pathways to maintain cholesterol homeostasis. HMGCR catalyzes conversion of HMG CoA to mevalonate, the first rate-limiting step in cholesterol synthesis. Sterols accelerate ERAD of HMGCR by promoting its binding to Insig proteins, which recruit E3 ubiquitin ligases for ubiquitination and degradation. Downstream, SM catalyzes oxygenation of squalene, committing intermediates to sterol synthesis. Cholesterol stimulates ERAD of SM, but through an Insig-independent mechanism mediated by the E3 ligase MARCH6. Here, we report a mechanism of posttranslational regulation involving a stable complex between HMGCR and SM in sterol-deprived cells. The two enzymes physically interact within ER membranes in an Insig-independent manner, and this interaction protects both proteins from ERAD. Loss of either enzyme destabilizes the other, indicating a costabilization mechanism. These findings uncover a layer of coordination in cholesterol synthesis, suggesting HMGCR and SM function as an integrated complex to ensure synchronization of early and late steps of the pathway.",crossref
Elevated MyoD1 levels expand genome-wide binding and the repertoire of regulated genes,https://www.pnas.org/doi/abs/10.1073/pnas.2605749123?mi=eymic2&af=R&access=on&content=articlesChapters&publication=pnas&sortBy=Earliest&target=default,,Proceedings of the National Academy of Sciences: Keyword search for query,2026-06-16 07:00:00+00:00,10.1073/pnas.2605749123,Robert Tjian,,"Transcription factor (TF) upregulation accompanies many cellular state transitions, yet how increased TF abundance impacts gene regulation remains unclear. Two broad models are often invoked, whereby higher TF levels amplify the expression of preexisting target genes, or, by mass-action binding, expand genome engagement and regulation to lower-affinity sites. We sought to elucidate how these two regulatory modes contribute to cell differentiation in a well-characterized myogenic system by upregulating the expression of the myogenic TF MyoD1 in C2C12 myoblasts. Unexpectedly, elevated MyoD1 levels impaired myoblast fusion (a hallmark of myogenic differentiation), yet enabled robust contraction in myotubes that did form. Live-cell single-molecule imaging and CUT and RUN profiling revealed that elevated MyoD1 dosage increased total genome-wide chromatin binding and broadened genome occupancy by preferentially engaging lower-affinity sites. Integrating CUT and RUN with RNA sequencing (RNA-seq) experiments linked expanded MyoD1 binding to upregulation of cell adhesion genes. Cell mixing and fractionated RNA-seq experiments supported a two-population model in which an adhesion-gene-upregulated, unfused myoblast population supported contraction of myotubes formed by fusion-competent cells. Ectopic expression of several individual MyoD1-upregulated cell adhesion genes was sufficient to recapitulate the “off script” myotube contraction phenotype. Together, these results support a MyoD1 dose-dependent “spillover” model, in which increased TF abundance broadens cis-regulatory engagement and produces distinct cell differentiation outcomes.",crossref
"DMD-Null mice exhibit severe muscle weakness, impaired regeneration, and deficient satellite cell function",https://www.pnas.org/doi/abs/10.1073/pnas.2606703123?mi=eymic2&af=R&access=on&content=articlesChapters&publication=pnas&sortBy=Earliest&target=default,,Proceedings of the National Academy of Sciences: Keyword search for query,2026-06-16 07:00:00+00:00,10.1073/pnas.2606703123,Toshifumi Yokota,,"Duchenne muscular dystrophy (DMD) is a debilitating and fatal X-linked disease affecting 1/5,000 males worldwide that currently has no cure [D. Duan, N. Goemans, S. Takeda, E. Mercuri, A. Aartsma-Rus,
                    Nat. Rev. Dis. Primers
                    7
                    , 1–19 (2021), 10.1038/s41572-021-00248-3]. Vast amounts of research have been conducted on DMD, and one of the most common animal models for DMD studies is the mouse muscular dystrophy (
                    mdx
                    ) model [J. W. McGreevy, C. H. Hakim, M. A. McIntosh, D. Duan,
                    DMM Dis. Model. Mech.
                    8
                    , 195–213 (2015), 10.1242/DMM.018424/-/DC1]. Unfortunately, despite its shared genetic etiology, the
                    mdx
                    mouse shows a relatively mild dystrophic phenotype compared to affected humans, limiting its overall utility as a research model (G. Donen, N. Milad, P. Bernatchez,
                    J. Neuromuscul. Dis.
                    10
                    , 1003 (2023), 10.3233/JND-230126]. Notably,
                    mdx
                    mice have a mutation preventing the production of full-length dystrophin but are still able to produce numerous short isoforms of dystrophin. Here, we provide a comprehensive functional characterization of DMD-Null mice, which lack all dystrophin isoforms. Our studies demonstrate that DMD-Null mice show a more severe skeletal muscle phenotype than
                    mdx
                    mice, characterized by profound weakness, decreased exercise tolerance, and impaired muscle regeneration, while utrophin upregulation was similarly observed in DMD-Null and
                    mdx
                    mice. We identify a marked deficit in satellite cell proliferation and myogenic differentiation, accompanied by downregulation of regenerative gene programs. These findings suggest potential contributions of short dystrophin isoforms to muscle stem cell function, and establish DMD-Null mice as a unique model for investigating the pathogenesis of DMD and testing therapeutic interventions targeting satellite cell health and regeneration.",crossref
A single brief cue leaves a day-long internal state imprint in planarians,https://www.pnas.org/doi/abs/10.1073/pnas.2606749123?mi=eymic2&af=R&access=on&content=articlesChapters&publication=pnas&sortBy=Earliest&target=default,,Proceedings of the National Academy of Sciences: Keyword search for query,2026-06-16 07:00:00+00:00,10.1073/pnas.2606749123,Takeshi Inoue,,"Behavioral decisions are elicited by environmental stimuli, but they are critically modulated by internal states. Persistent state-dependent biases are typically attributed to accumulated sensory history, high-intensity stimulation, or sustained environmental conditions. However, organisms also encounter isolated, innocuous perturbations whose long-term impacts remain poorly understood. Here, we show that a single brief mechanical cue induces changes in spontaneous locomotor activity in the planarian
                    Dugesia japonica
                    that persist over a day-long timescale. This cue specifically shortened rest bouts without altering within-bout movement kinematics, indicating a targeted shift in the transition probability out of rest rather than a general upregulation of motor activity. Furthermore, as this day-scale effect decayed, an underlying ultradian alternation in activity persisted. Our results demonstrate that postcue behavioral organization adopts a two-timescale structure, combining day-scale persistence with multihour patterning. This dual-layer architecture provides an empirical basis for understanding how a single environmental encounter can reprogram long-term behavioral patterns without further sensory input, extending the temporal reach of even compact nervous systems.",crossref
Diminished transcriptional activity and splicing changes drive gene length–biased rewiring in the aging transcriptome,https://www.pnas.org/doi/abs/10.1073/pnas.2607264123?mi=eymic2&af=R&access=on&content=articlesChapters&publication=pnas&sortBy=Earliest&target=default,,Proceedings of the National Academy of Sciences: Keyword search for query,2026-06-16 07:00:00+00:00,10.1073/pnas.2607264123,Ali Shilatifard,,"Transcription by RNA polymerase II (RNAPII), which is essential for protein-coding gene expression and cellular function, is increasingly understood to become dysregulated with aging. Here, we use a multimodal approach to comprehensively characterize age-dependent changes in RNAPII-mediated transcription in both mouse and human tissues. Short-read total RNA sequencing (RNA-seq) to profile nascent transcription reveals a global reduction in overall transcriptional activity/frequency in aged tissues, without apparent change in elongation rates. Transcriptomic analysis reveals a shift toward preferential expression of short genes in aged tissues, with notable upregulation of short stress-response genes and downregulation of long neurodevelopmental genes in the aged mouse brain. These results are recapitulated by analysis of total RNA-seq data from human tissues. Leveraging long-read RNA-seq, we determine that the representation of aberrant mono-exonic and intron-retention splice isoforms is increased in the aged mouse brain. Finally, we characterize the composition of RNAPII transcriptional machinery, finding that interactions between RNAPII and the Mediator complex are decreased in the chromatin of aged mouse liver and brain. Collectively, these analyses provide insight for future aging studies and reveal potential transcriptional control targets for anti-aging drug development.",crossref
Epithelial cells fire voltage spikes,https://www.pnas.org/doi/abs/10.1073/pnas.2601750123?mi=eymic2&af=R&access=on&content=articlesChapters&publication=pnas&sortBy=Earliest&target=default,,Proceedings of the National Academy of Sciences: Keyword search for query,2026-06-16 07:00:00+00:00,10.1073/pnas.2601750123,Steve Granick,,"Bioelectric signaling is well characterized in neurons and cardiomyocytes but remains largely unexplored in epithelia. Using multielectrode arrays, we demonstrate that localized laser injury to epithelial monolayers (primary human keratinocytes and MDCK cells) triggers voltage spikes in the range of 4 to 12 per min for over 60 min postinjury. These spikes exhibit depolarization, repolarization, and hyperpolarization phases lasting 1 to 2 s, a timescale three orders of magnitude slower than neuronal action potentials. Spike amplitudes and frequencies detected at 740 μm from the injury site (the maximum distance measured) are comparable to those at 140 μm and exhibit a nonmonotonic spatial profile, arguing against simple radial propagation from the wound. Calcium chelation with ethylenediaminetetraacetic acid abolishes spiking entirely, and inhibition of myosin II with blebbistatin produces equivalent suppression, indicating that calcium influx and actomyosin contractility are both required. The mechanosensitive channel modifier GsMTx4 partially suppresses spiking, implicating the role of stretch-activated ion channels. Most strikingly, pharmacological activation of the mechanosensitive channel TRPV4 and Piezo1 generates high-amplitude spikes (1 to 10 mV) even in the absence of injury, demonstrating that mechanosensitive channel activation is sufficient to drive epithelial electrical excitability. These findings reveal that epithelia, long thought to lack action-potential-like dynamics, possess intrinsic bioelectric excitability gated by mechanical stress, challenging the classical distinction that electrical signaling is exclusive to specialized tissues like neurons and muscles and suggesting a signaling modality for coordinating collective cellular responses across tissue-scale distances.",crossref
A bacterial symbiont and a plant virus enhance insect fitness by inducing physical defenses against fungal parasites,https://www.pnas.org/doi/abs/10.1073/pnas.2534981123?mi=eymic2&af=R&access=on&content=articlesChapters&publication=pnas&sortBy=Earliest&target=default,,Proceedings of the National Academy of Sciences: Keyword search for query,2026-06-16 07:00:00+00:00,10.1073/pnas.2534981123,Jun-Bo Luan,,"Defensive symbioses in which beneficial microbes protect hosts from natural enemies are ubiquitous across animals and plants, but the underlying mechanisms remain poorly understood. Field surveys and laboratory assays revealed that infection of the invasive whitefly
                    Bemisia tabaci
                    by the bacterial symbiont
                    
                      Rickettsia
                    
                    and plant begomovirus were positively correlated with each other but each negatively correlated with a parasitic fungal infection (
                    Beauveria bassiana
                    ) in the host. We show that begomovirus conferred whitefly’s resistance to the parasitic fungus by triggering the expression of chitin synthesis pathway genes in whiteflies, reinforcing the cuticle by promoting chitin production. The facultative symbiont
                    
                      Rickettsia
                    
                    facilitated cuticle formation and thereby induced physical defense against entomopathogenic fungus via metabolic cooperation with the obligate symbiont
                    Portiera
                    for the synthesis of phenylalanine and tyrosine in whiteflies, which is used to generate cuticular proteins and pigments. Mutation of chitinase and protease genes in
                    B
                    .
                    bassiana
                    impaired fungal infection of whiteflies. Inhibiting whitefly cuticle formation by repressing chitin and phenylalanine synthesis facilitated fungal infection. Thus, begomovirus and
                    
                      Rickettsia
                    
                    have convergent effects on cuticle defense in whiteflies by impacting distinct molecular pathways. Such defensive symbioses apparently contribute to
                    B
                    .
                    tabaci
                    fitness in the field and our findings reveal that interactions among the host, beneficial microbes, and pathogens have important implications for insect ecology and evolution. This study suggests avenues for pest management by leveraging defensive microbes and targeting the host cuticle.",crossref
Direct demonstration of electric chirality control in a helimagnetic YMn6Sn6 by spin-polarized neutron scattering,https://www.pnas.org/doi/abs/10.1073/pnas.2600410123?mi=eymic2&af=R&access=on&content=articlesChapters&publication=pnas&sortBy=Earliest&target=default,,Proceedings of the National Academy of Sciences: Keyword search for query,2026-06-16 07:00:00+00:00,10.1073/pnas.2600410123,Yoshinori Onose,,"The spiral handedness of magnetic moments, referred to as chirality, gives rise to emergent electromagnetic phenomena in helimagnets. In insulating helimagnets, known as multiferroics, the cycloidal spin structure induces electric polarization by utilizing the inverse Dzyaloshinskii–Moriya mechanism. Spin-polarized neutron diffraction experiments, which directly probe circular spin arrangements, clearly demonstrated that an electric field controlled the chirality in multiferroic helimagnets. On the other hand, it was unclear until recently how the chirality could be controlled in metallic helimagnets where a large electric field cannot be applied, while the chirality control technique in metallic helimagnets should enable the exploration of chirality-dependent spintronic functionalities. Recently, Jiang et al. succeeded in controlling the chirality of a spiral structure by the simultaneous application of a magnetic field and electric current in a metallic helimagnet, utilizing the nonreciprocal electronic transport as an indirect probe of chirality, highlighting the need for a neutron diffraction experiment that directly probes the chirality. Here, we directly demonstrate the chirality control in a metallic helimagnet YMn
                    6
                    Sn
                    6
                    by means of spin-polarized neutron diffraction, which should give rise to a firm basis for the development of future helimagnetic spintronics.",crossref
Carbohydrate Physicochemical Properties: The Innate Hydrogen Bond Donating Capacities of α‐Glucoside and α‐Galactoside Alcohol Groups,https://onlinelibrary.wiley.com/doi/10.1002/anie.3574068?af=R,,Wiley: Angewandte Chemie International Edition: Table of Contents,2026-06-16 07:02:59+00:00,10.1002/anie.3574068,Bruno Linclau,,"ABSTRACT
                  
                    Despite the significance of hydrogen bonding in protein‐carbohydrate interactions, carbohydrate conformation, and crystallinity (solubility), relative hydrogen bond donating capacities (HBDC) of individual alcohol groups of a given sugar are poorly characterised. Here the first systematic determination of the HBDC of individual sugar alcohol groups has been achieved, which were ranked in a HB‐scale (p
                    K
                    AHY
                    ‐scale) that is relevant for medicinal chemistry purposes. HB determination was achieved using an IR‐based protocol with methyl α‐glucoside‐ and α‐galactoside‐based model compounds that exclude any contributions from HB cooperativity effects. A wide variation in HBDC was found, especially for galactose, with a strong stereochemical dependence not only of the alcohol group itself, but also at adjacent and even remote positions. The glucose 4‐OH and, notably, the galactose 6‐OH groups were the strongest donors, whereas the glucose 2‐OH and, notably, the galactose 4‐OH groups were the weakest donors. Interestingly, the galactose 6‐OH is the only group with a stronger HBDC than cyclohexanol. These differences could be qualitatively rationalised by a combined IR, NMR, and computational analysis, pointing to counteracting influences from inductive and the often multiple possible intramolecular hydrogen‐bonding effects. The difference between the factors that determine carbohydrate HB donating capacities and Brønsted acidities is discussed.",crossref
A Safe Approach to meta‐Fluorinated Pyridines,https://onlinelibrary.wiley.com/doi/10.1002/anie.7155694?af=R,,Wiley: Angewandte Chemie International Edition: Table of Contents,2026-06-16 07:03:58+00:00,10.1002/anie.7155694,Pavel K. Mykhailiuk,,"ABSTRACT
                  
                    Since 1947, the Balz–Schiemann reaction has remained the most popular method for the synthesis of
                    meta
                    ‐fluoropyridines. The method involves dangerous pyridyl diazonium salts and has led to numerous documented explosions. A safe alternative to
                    meta
                    ‐fluoropyridines has now been developed on the basis of a 1,3‐disconnection strategy.",crossref
Molecular‐Rotor‐Enhanced Pore‐Space Partition in Metal–Organic Frameworks for Boosting One‐Step Ethylene Purification,https://onlinelibrary.wiley.com/doi/10.1002/anie.7624038?af=R,,Wiley: Angewandte Chemie International Edition: Table of Contents,2026-06-16 07:05:56+00:00,10.1002/anie.7624038,Quan‐Guo Zhai,,"ABSTRACT
                  
                    One‐step ethylene purification from the ternary acetylene/ethane/ethylene (C
                    2
                    H
                    2
                    /C
                    2
                    H
                    6
                    /C
                    2
                    H
                    4
                    ) mixture is a pivotal yet unresolved challenge in industrial petrochemical processes. Herein, a molecular‐rotor‐enhanced pore‐space partition (MR‐enhanced PSP) strategy is proposed, which successfully achieves synergistic optimization of pore environments in metal–organic frameworks for boosting one‐step ethylene separation. The insertion of pore partitioners through open metal sites in typical MIL‐88 framework precisely tunes the local pore apertures, while aromatic molecular rotors step‐by‐step regulate the pore windows and progressively enriches the π–π and C–H⋯π interactions with gas molecules. Optimized SNNU‐636 adsorbent achieves a C
                    2
                    H
                    2
                    /C
                    2
                    H
                    4
                    selectivity of 4.17, outperforming its counterparts without molecular rotors (SNNU‐630: 1.78, SNNU‐631: 3.29, SNNU‐632: 1.42) and additionally exhibiting preferential adsorption of C
                    2
                    H
                    6
                    over C
                    2
                    H
                    4
                    . Fixed‐bed breakthrough experiments confirm that SNNU‐636 enables one‐step production of ultrahigh‐purity C
                    2
                    H
                    4
                    (&gt; 99.9999%) from the ternary mixture with a record‐high yield of 7.8 mmol·g
                    −1
                    , surpassing all benchmark adsorbents under similar conditions. Mechanistic studies further validate this MR‐enhanced PSP strategy, revealing that C
                    2
                    H
                    2
                    and C
                    2
                    H
                    6
                    are stabilized via multiple π⋯π and C–H⋯π interactions, underpinning the state‐of‐the‐art one‐step C
                    2
                    H
                    4
                    purification performance.",crossref
X‐Ray and Mechano‐Induced Valence Transition and Luminescence of Ln3+/Ln2+ in CsCaCl3,https://onlinelibrary.wiley.com/doi/10.1002/anie.1852444?af=R,,Wiley: Angewandte Chemie International Edition: Table of Contents,2026-06-16 07:07:31+00:00,10.1002/anie.1852444,Yanli Mao,,"ABSTRACT
                  
                    Lanthanide (Ln)‐doped perovskites show immense potential in luminescence. Although Ln
                    2+
                    ions offer superior luminescence efficiency and spectral tunability over Ln
                    3+
                    , realizing Ln
                    2+
                    luminescence remains a formidable challenge. Here, a novel strategy based on reduction potentials of 12 Ln
                    3+
                    ions is developed to achieve selective reduction of Ln
                    3+
                    to Ln
                    2+
                    in CsCaCl
                    3
                    using x‐rays and mechanical force. Specifically, ions with lower reduction potentials (Eu
                    3+
                    , Yb
                    3+
                    , Sm
                    3+
                    ) are reduced to the divalent state, whereas those with higher reduction potentials remain trivalent. Notably, the photoluminescence of Eu
                    2+
                    increases by two orders of magnitude after x‐ray irradiation. Meanwhile, non‐reducible Ln
                    3+
                    ions exhibit ultra‐long persistent luminescence from the ultraviolet to near‐infrared region, with Tb
                    3+
                    showing a persistence time of 98 s (decay to 1/10 of its initial intensity) outperforming most commercial materials. Moreover, both Ln
                    2+
                    and Ln
                    3+
                    in CsCaCl
                    3
                    exhibit bright mechanoluminescence. Mechanistic investigations identify Cs vacancies as hole traps and Cl vacancies as electron traps, governing carrier storage and release. Leveraging these properties, proof‐of‐concept applications are presented in radiation warning, collision detection, and x‐ray imaging. This work establishes a multi‐stimuli‐responsive platform for valence‐selective luminescence, opening new avenues for smart optoelectronic devices.",crossref
Ultrahigh Density Ir Single‐Atom Catalysts With Synergistic Ir‐Ir Pairs for Efficient Acidic Oxygen Evolution,https://onlinelibrary.wiley.com/doi/10.1002/anie.4980930?af=R,,Wiley: Angewandte Chemie International Edition: Table of Contents,2026-06-16 07:09:18+00:00,10.1002/anie.4980930,Jie Zeng,,"ABSTRACT
                  
                    Constructing neighboring active sites in single‐atom catalysts (SACs) provides a new strategy for enhancing acidic oxygen evolution reaction (OER) performance. However, the OER activity of such systems is highly sensitive to their structural configuration. Due to the typically low density of single atoms, most synergistic effects originate from interactions between single atoms and the supports, while extensive synergy between neighboring single atoms remains scarce. In this work, we introduced ultrahigh density Ir single atoms onto Co
                    3
                    O
                    4
                    support to construct numerous Ir‐Ir pairs for enhanced acidic OER performance. Electrochemical measurements revealed that the SACs achieved an overpotential of only 250 mV at a current density of 10 mA cm
                    −2
                    , 90 mV lower than that of the lower density SACs, and maintained stability over 3000 h at a current density of 50 mA cm
                    −2
                    . In a proton exchange membrane water electrolyzer, this catalyst required only 1.69 V to achieve a current densit of 1.0 A cm
                    −2
                    and operated stably for 700 h. In situ spectroscopic characterization and density functional theory calculations confirmed Ir‐Co pairs in low‐density SACs exhibited excessively strong intermediate adsorption, whereas the Ir‐Ir pairs formed in ultrahigh density SACs optimized the adsorption strength, thus enhancing the synergistic efficiency of neighboring sites.",crossref
Micro‐Stepwise (100) Crystal Face Coupling Molecular‐Layer Engineering Promises High‐Performance Zn‐Iodine Batteries in Wide pH and Seawater Electrolytes,https://onlinelibrary.wiley.com/doi/10.1002/anie.6355664?af=R,,Wiley: Angewandte Chemie International Edition: Table of Contents,2026-06-16 07:10:14+00:00,10.1002/anie.6355664,Lingxing Zeng,,"ABSTRACT
                  
                    Aqueous zinc–iodine batteries (ZIBs) are promising for large‐scale energy storage but suffer from interfacial challenges in wide pH and seawater electrolytes, such as polyiodide shuttling, chloride‐induced pitting, and dendrite growth. This study proposes the engineering of micro‐stepwise structures with exposed (100) facets via molecular modulation, which guides uniform distribution of zinc species preventing the formation of passivation layers in wide pH electrolytes. Additionally, the molecular layer reduces interfacial H
                    2
                    O activity via hydrogen bonds and physically blocks the migration of Cl
                    −
                    and polyiodides towards the anode, alleviating corrosion and pitting within seawater electrolytes. Benefiting from the coupling effect of micro‐stepwise and molecular layers, the Ah‐level Zn||I
                    2
                    pouch cells deliver high capacities of 1.13 (2 mA cm
                    −2
                    ) and 0.61 (4 mA cm
                    −2
                    ) Ah after 110 and 1000 cycles in acidic electrolytes. The full cells also operate stably in acidic and alkaline electrolytes. It's worth noting that the Zn||I
                    2
                    full cell delivers a high capacity of 180 mAh g
                    −1
                    at 20 A g
                    −1
                    after 20 000 cycles in seawater electrolyte. This study presents an effective interface engineering strategy for balancing long‐term stability with rapid electrochemical reaction kinetics of ZIBs under diverse electrolyte scenarios.",crossref
Segregation‐Engineered Polarization Synchronizes CO2 and Nitrate Reduction for Bias‐Free Urea Synthesis,https://advanced.onlinelibrary.wiley.com/doi/10.1002/adma.73759?af=R,,Wiley: Advanced Materials: Table of Contents,2026-06-16 07:10:54+00:00,10.1002/adma.73759,Jinlong Zhang,,"ABSTRACT
                  
                    Overcoming the kinetic mismatch between CO
                    2
                    and NO
                    3
                    −
                    reduction presents a central challenge for urea photoelectrochemical synthesis. Here, we develop segregation‐engineered Si/Pd–Cu photocathodes where nanoscale phase segregations induce dual‐level interfacial polarization. Cu‐rich segregations favor Schottky‐type band modulation, facilitating photogenerated electron extraction. Simultaneously, Pd‐rich domains expose Pd
                    δ+
                    –Cu
                    δ−
                    ‐like polarized sites that co‐stabilize CO
                    2
                    /NO
                    3
                    −
                    ‐derived intermediates, synchronizing their reduction kinetics for efficient C–N coupling. Under AM 1.5 G illumination, the optimized Si/1Pd–3Cu photocathode delivers urea with a remarkable faradaic efficiency up to ≈100% at 0 V vs. RHE, achieving an initial urea partial current density of 1.06 mA·cm
                    −2
                    . Operando spectroscopies combined with theoretical calculations identify a Pd‐rich governed, low‐barrier C–N coupling pathway operating near the thermodynamic potential. Further integration into photovoltaic photoelectrochemical devices enables light‐driven spontaneous urea synthesis without external bias. This work establishes segregation‐programmed polarization in semiconductor/metal junctions as a powerful, general materials‐design principle for mild and selective multielectron synthesis.",crossref
Crystal Field Engineering of Bioinspired Dual‐Metal Single‐Atom Catalysts Via Spin‐State Modulation for Efficient Oxygen Electroreduction,https://advanced.onlinelibrary.wiley.com/doi/10.1002/adma.73739?af=R,,Wiley: Advanced Materials: Table of Contents,2026-06-16 07:15:10+00:00,10.1002/adma.73739,Yiwang Chen,,"ABSTRACT
                  
                    The oxygen reduction reaction (ORR) is central to next‐generation energy technologies, but its practical implementation is constrained by inherently sluggish kinetics. Herein, we propose a bioinspired strategy that synergistically integrate atomic‐scale crystal field engineering and hierarchical porosity design, effectively tackling the intrinsic activity and mass transport limitations of ORR. This strategy is realized in a Fe/Co dual‐metallic single‐atom sites anchored on hierarchical meso/microporous N‐doped carbon matrices (MPNC‐FeCo‐x). The optimized MPNC‐FeCo‐4 exhibits remarkable ORR performance with a half‐wave potential of 0.923 V and a turnover frequency of 2.01 e
                    –
                    site
                    −1
                    s
                    −1
                    in alkaline media. When deployed in zinc‐air batteries, it delivers an ultrahigh peak power density of 232.81 mW cm
                    −2
                    and unprecedented cycling stability over 800 h. Mechanistic studies reveal that Co atoms modulate the crystal field to induce the spin transition of Fe species to medium spin (
                    t
                    2g
                    4
                    e
                    g
                    1
                    configuration), while the hierarchical pore architecture enhancing charge and mass transfer. Advanced stepwise interfacial kinetic analysis quantifies how the enhanced intrinsic activity and the optimized mass transport cooperate to enhance ORR performance. This work establishes a paradigm for manipulating spin states via rational crystal field design in multi‐metallic single‐atom systems, providing fundamental insights into structure‐activity relationships for energy conversion technologies.",crossref
Optically Programmable GST Metasurface for Coded Terahertz Wavefront Control,https://advanced.onlinelibrary.wiley.com/doi/10.1002/adma.73683?af=R,,Wiley: Advanced Materials: Table of Contents,2026-06-16 07:15:12+00:00,10.1002/adma.73683,Jiaguang Han,,"ABSTRACT
                  
                    Compact and programmable wavefront control is a central task for advancing terahertz (THz) wave spectroscopy, imaging, and wireless communications. Although electrically programmable metasurfaces have exhibited remarkable versatility and significantly promoted THz dynamic device development, realizing two‐dimensional (2D), nonvolatile, broadband, and high‐resolution wavefront control remains a critical objective. Here, we present an optically programmable metasurface method that potentially overcomes these difficulties by leveraging the reversible phase change of the chalcogenide material Ge
                    2
                    Sb
                    2
                    Te
                    5
                    (GST). The core innovation lies in the use of selective optical excitation to locally address and induce phase changes in constituent GST patches, enabling reconfigurable and nonvolatile reversal of the meta‐atom symmetry. This unique mechanism yields a robust and broadband 0/π phase‐switching capability at the meta‐atom level, operating with subwavelength resolution and without the need for complex integrated electrodes. By employing spatially patterned optical pumping with predesigned masks as examples, we experimentally demonstrate two distinct 2D coded functionalities: controllable beam steering and tunable beam focusing. Our method establishes a new paradigm for programmable THz metasurfaces, offering a promising pathway for active and flexible THz wavefront engineering critical for systems requiring long‐term, stable functionalities.",crossref
Quadruple Hydrogen‐Bonds Engineering for Intrinsically Stretchable and Healable Semiconducting Polymers,https://onlinelibrary.wiley.com/doi/10.1002/anie.9060680?af=R,,Wiley: Angewandte Chemie International Edition: Table of Contents,2026-06-16 07:15:37+00:00,10.1002/anie.9060680,Yan Zhao,,"ABSTRACT
                  Developing intrinsically stretchable and healable semiconducting polymers with high charge‐carrier mobility is critical for next‐generation flexible electronics; however, integrating these conflicting functionalities remains a formidable challenge. Here, we report a “quadruple‐hydrogen‐bonds end‐capping” strategy to realize high‐performance stretchable and healable semiconducting polymers. By incorporating quadruple hydrogen‐bonds between end‐capping units linked with alkyl spacers into polymer backbone, we engineer a supramolecular architecture that achieves enhanced crystallinity and improved ordered packing with reduced π‐π stacking distance, and also superior stretchabillity with molecular‐ordering retention during stretching. Moreover, enhanced chain mobility together with dynamic and reversible and hydrogen‐bonding sites in the architecture contribute to efficient healing. Consequently, our designed semiconducting polymer exhibits a more than 2‐fold increase in mobility, while demonstrating stable mobility retention under strain, high mobility recovery after healing, and scalability in fully stretchable transistor arrays. This work provides an effective molecular design strategy for achieving simultaneous improvements in electrical performance, mechanical stretchability, and healing ability in organic electronics.",crossref
Harnessing N─H···O═V Bonding Toward Stable Vanadium Cathodes in Ah‐Level Zn‐Ion Batteries,https://advanced.onlinelibrary.wiley.com/doi/10.1002/adma.73731?af=R,,Wiley: Advanced Materials: Table of Contents,2026-06-16 07:16:17+00:00,10.1002/adma.73731,Peiyi Wu,,"ABSTRACT
                  
                    The vanadium‐based batteries deliver great potential in Ah‐level energy storage systems, ascribing to their high specific capacity. Nevertheless, the metal‐oxygen bonds are unstable in aqueous electrolytes, resulting in structural degradation and capacity attenuation. Here, inspired by the robust N─H···O═C bonding that stabilizes protein structures, we propose a bioinspired polymer‐integrated electrolyte based on poly(N‐acryloyl glycinamide) (PNAGA). The amide‐rich N‐H groups in PNAGA can anchor onto vanadium oxide units (O═V) via strong protein‐like intermolecular N─H···O═V interactions, which effectively stabilize the cathode framework by suppressing vanadium dissolution and preserving structural integrity during Zn
                    2+
                    intercalation and deintercalation. In addition, the PNAGA can establish an electron‐enriched environment on the vanadium cathode surface via N─H···O═V hydrogen bonding to accelerate redox kinetics for high rate capability and cycling stability. Consequently, the Zn/Zn
                    0.25
                    V
                    2
                    O
                    5
                    full battery delivers a high specific capacity of 286.2 mA h g
                    −1
                    with 97% capacity retention over 1000 cycles at 2 A g
                    −1
                    . Meanwhile, the PNAGA‐enabled pouch cell can achieve 1.35 Ah at 0.15 A g
                    −1
                    , demonstrating a universal molecular design strategy for high‐performance aqueous vanadium‐based batteries.",crossref
Defining Rational Photoelectron Routing for Targeted Intracellular Energy Transfer,https://onlinelibrary.wiley.com/doi/10.1002/anie.2408585?af=R,,Wiley: Angewandte Chemie International Edition: Table of Contents,2026-06-16 07:18:26+00:00,10.1002/anie.2408585,Bo Wang,,"ABSTRACT
                  
                    Microbial artificial photosynthesis offers a promising strategy for light‐driven biomanufacturing, yet its efficiency remains limited by the non‐selective conversion of photogenerated electrons into metabolically usable reducing power, causing energy dissipation and weak coupling between light capture and metabolic reactions. Here, we report a rational strategy using riboflavin (RF), a membrane‐permeable and biocompatible flavin photosensitizer, to selectively channel photonic energy into intracellular NADPH regeneration. Quantum chemical calculations and spectroscopic analyses reveal that light‐excited RF exhibits a specific binding affinity and favorable electron transfer trend toward NADP
                    +
                    . In vivo, RF activation markedly elevated intracellular NADPH levels and enhanced the synthesis of NADPH‐dependent metabolites through NADPH reductase‐associated pathways. Transcriptomic and inhibition analyses linked RF‐mediated NADPH regeneration to NADP
                    +
                    /NADPH redox enzymes rather than glucose‐6‐phosphate dehydrogenase‐mediated flux, while NADH‐related redox genes remained largely unaffected, demonstrating the selectivity of this reductive route. Cross‐species and multi‐product validations consistently reproduced these results, underscoring the generality of this mechanism across distinct NADPH‐dependent microbial chassis. This work establishes a mechanistically defined and broadly applicable framework for directing photogenerated electrons into specific cellular reducing equivalents, paving the way for efficient artificial photosynthetic and bioelectrochemical platforms.",crossref
Rolling Up Transition Metal Chalcogenides/Oxide Heterostructures Enables Polarity‐Tunable and High‐Switchable Memristors,https://advanced.onlinelibrary.wiley.com/doi/10.1002/adma.202522853?af=R,,Wiley: Advanced Materials: Table of Contents,2026-06-16 07:18:27+00:00,10.1002/adma.202522853,Wanlin Guo,,"ABSTRACT
                  
                    Harnessing transition metal dichalcogenides (TMDCs) for memristors provides a promising pathway toward high‐density data storage and neuromorphic functionalities. Yet the single operation mode and insufficient on/off ratio extremely restrict the ultimate device performance. Here, we design and construct a high‐order superlattice‐based memristor by rolling up oxide/TMDCs heterostructures, which exhibits tunable resistive switching polarity and a high on/off ratio. Four types of heterostructures are created via fine‐controlled oxygen plasma to in situ oxidize the top few layers into uniform transition metal oxide. Capillary forces in organic reagents are utilized to drive these heterostructures to spontaneously roll up. The as‐formed high‐order oxide/TMDCs superlattices with alternately stacked TMDCs and oxides are clearly resolved by the cross‐section scanning transmission electron microscope and corresponding elemental mappings. With pre‐set oxide layers supplying mobile oxygen atoms, bipolar resistive switching of the high‐order superlattice‐based memristors is realized in vertical tunneling current measurements. In contrast, when the top and bottom electrodes are arranged in an interleaved configuration, the spatial confinement of conductive filaments converts the switching behavior into a unipolar mode. Furthermore, this polarity‐tunable memristor exhibits an outstanding on/off ratio of approximately 10
                    7
                    and a robust multilevel resistance performance. Our work opens a new avenue for the fundamental design of high‐performance and multimodal memristors.",crossref
Spin–Boson Mapping of the Quantum Approximate Optimization Algorithm,http://link.aps.org/doi/10.1103/2w94-rymn,,Recent Articles in Phys. Rev. Lett.,2026-06-16 10:00:00+00:00,10.1103/2w94-rymn,Marco Pistoia,,"Author(s): Sami Boulebnane, Abid Khan, Minzhao Liu, Jeffrey Larson, Dylan Herman, Ruslan Shaydulin, and Marco PistoiaThe quantum approximate optimization algorithm (QAOA) achieves monotonically improving performance with circuit depth $p$, yet the study of the high-depth regime has been obstructed by the exponential in $p$ cost of existing exact evaluation techniques. In this Letter, we prove that, in the infinite…[Phys. Rev. Lett. 136, 240601] Published Tue Jun 16, 2026",rss_description
First Experimental Limit on the Permanent Electric Dipole Moment of the Deuteron,http://link.aps.org/doi/10.1103/ns3s-ld4k,,Recent Articles in Phys. Rev. Lett.,2026-06-16 10:00:00+00:00,10.1103/ns3s-ld4k,A. Andres (JEDI Collaboration),,"Author(s): A. Andres et al. (JEDI Collaboration)Permanent electric dipole moments (EDMs) provide a sensitive probe of physics beyond the standard model and are directly linked to additional sources of $CP$ violation that could explain the matter-antimatter asymmetry of the Universe. EDM measurements of charged particles in storage rings rely on d…[Phys. Rev. Lett. 136, 241801] Published Tue Jun 16, 2026",rss_description
Observation of the Radiative Decay ${D}_{s0}^{*}(2317{)}^{+}→{D}_{s}^{*+}γ$,http://link.aps.org/doi/10.1103/vcld-225s,,Recent Articles in Phys. Rev. Lett.,2026-06-16 10:00:00+00:00,10.1103/vcld-225s,Belle II Collaboration),,"Author(s): M. Abumusabh et al. (Belle and Belle II Collaboration)An exotic meson’s photon-emitting decay opens a window into the particle’s long-debated structure.[Phys. Rev. Lett. 136, 241901] Published Tue Jun 16, 2026",rss_description
Probing Bardeen-Cooper-Schrieffer Pairing and Quasiparticle Formation in Ultracold Gases by Rydberg Atom Spectroscopy,http://link.aps.org/doi/10.1103/3js1-2zc1,,Recent Articles in Phys. Rev. Lett.,2026-06-16 10:00:00+00:00,10.1103/3js1-2zc1,Richard Schmidt,,"Author(s): Emilio Ramos Rodríguez, Marcel Gievers, and Richard SchmidtLocally probing pairing in fermionic superfluids, ranging from micro- to macroscopic scales, has been a long-standing challenge. Here, we investigate a new approach that uses Rydberg impurities as a spectroscopic sensor of the surrounding strongly correlated state of ultracold paired fermions. The e…[Phys. Rev. Lett. 136, 243401] Published Tue Jun 16, 2026",rss_description
Determination of the muon lifetime in $^{76}\mathrm{Se}$ with the MONUMENT experiment,http://link.aps.org/doi/10.1103/ky7q-nbr7,,Recent Articles in Phys. Rev. C,2026-06-16 10:00:00+00:00,10.1103/ky7q-nbr7,G. R. Araujo (MONUMENT Collaboration),,"Author(s): G. R. Araujo et al. (MONUMENT Collaboration)Ordinary muon capture provides a benchmark for the nuclear physics models of neutrinoless 39 double beta decay under comparable momentum transfer conditions. The total capture strength defines the lifetime of the muonic atom. The muon lifetime in $^{76}\mathrm{Se}$, the daughter nucleus of $^{76}\ma…[Phys. Rev. C 113, 064613] Published Tue Jun 16, 2026",rss_description
Local quantum cooling for large Fermi systems with pairing,http://link.aps.org/doi/10.1103/723d-pspf,,Recent Articles in Phys. Rev. C,2026-06-16 10:00:00+00:00,10.1103/723d-pspf,Gabriel Wlazłowski,,"Author(s): J. E. Alba-Arroyo, Daniel Pęcak, Michael McNeil Forbes, and Gabriel WlazłowskiWe present a framework for local quantum cooling that can be efficiently applied to large-scale Fermi systems. The method introduces local Hermitian operators as a cooling potential while strictly preserving the unitarity of time evolution. Our formulation scales favorably with system size and can b…[Phys. Rev. C 113, 065805] Published Tue Jun 16, 2026",rss_description
Continuous Family of Conformal Field Theories and Exactly Marginal Operators,http://link.aps.org/doi/10.1103/4759-7qj2,,Recent Articles in Phys. Rev. Lett.,2026-06-16 10:00:00+00:00,10.1103/4759-7qj2,Hirosi Ooguri,,"Author(s): Shota Komatsu, Yuya Kusuki, Marco Meineri, and Hirosi OoguriDoes a conformal manifold imply the existence of exactly marginal operators? We answer this question affirmatively under the assumption that there exists a conformal interface with certain properties connecting nearby conformal field theories. We show that the exactly marginal operator that connects…[Phys. Rev. Lett. 136, 241603] Published Tue Jun 16, 2026",rss_description
Repulsive-Interaction-Driven Topological Superconductivity in a Landau Level Coupled to an $s$-Wave Superconductor,http://link.aps.org/doi/10.1103/gpyx-z281,,Recent Articles in Phys. Rev. Lett.,2026-06-16 10:00:00+00:00,10.1103/gpyx-z281,Kentaro Nomura,,"Author(s): Koji Kudo, Ryota Nakai, Hiroki Isobe, J. K. Jain, and Kentaro NomuraA two-dimensional topologically nontrivial state of noninteracting electrons, such as the surface state of a three-dimensional topological insulator, is predicted to realize a topological superconductor when proximity-coupled to an ordinary $s$-wave superconductor. In contrast, noninteracting electr…[Phys. Rev. Lett. 136, 246601] Published Tue Jun 16, 2026",rss_description
Binarization-Loophole-Free Observation of High-Dimensional Quantum Nonlocality,http://link.aps.org/doi/10.1103/ydch-vgmy,,Recent Articles in Phys. Rev. Lett.,2026-06-16 10:00:00+00:00,10.1103/ydch-vgmy,Bi-Heng Liu,,"Author(s): Jia-le Miao, Elna Svegborn, Zhuo Chen, Yu Guo, Xiao-Min Hu, Yun-Feng Huang, Chuan-Feng Li, Guang-Can Guo, Armin Tavakoli, and Bi-Heng LiuBell inequality tests based on high-dimensional entanglement usually require measurements that can resolve multiple possible outcomes. However, the implementation of high-dimensional multioutcome measurements is often only emulated via a collection of “click or no-click” measurements. This reduction…[Phys. Rev. Lett. 136, 240201] Published Tue Jun 16, 2026",rss_description
Universal Phonon-Mediated Superconductivity in Compressed Metal Monochalcogenides beyond Anderson Localization,http://link.aps.org/doi/10.1103/rbzb-km7n,,Recent Articles in Phys. Rev. Lett.,2026-06-16 10:00:00+00:00,10.1103/rbzb-km7n,Daniel Errandonea,,"Author(s): Ertuğrul Karaca, Fang Hong, and Daniel ErrandoneaHigh-pressure superconductivity in metal monochalcogenides has been ascribed to disorder-driven Anderson localization [Phys. Rev. Lett. 134, 196001 (2025)]. Using density-functional perturbation theory and Migdal-Eliashberg calculations, we show that superconductivity in BiSe, PbSe, PbS, and HgS is …[Phys. Rev. Lett. 136, 246001] Published Tue Jun 16, 2026",rss_description
Compensating Random Transition-Detection Blackouts in Markov Networks,http://link.aps.org/doi/10.1103/p8yf-12yz,,Recent Articles in Phys. Rev. Lett.,2026-06-16 10:00:00+00:00,10.1103/p8yf-12yz,Udo Seifert,,"Author(s): Alexander M. Maier, Benjamin Häsler, and Udo SeifertIn Markov networks, measurement blackouts with unknown frequency compromise observations such that thermodynamic quantities can no longer be inferred reliably. In particular, the observed currents neither discern equilibrium from nonequilibrium nor can they be used in extant estimators of entropy pr…[Phys. Rev. Lett. 136, 247101] Published Tue Jun 16, 2026",rss_description
Topological Friction: Insight from Dynamics of a Test Chain in a Fixed-Topology Polymer Network,http://link.aps.org/doi/10.1103/cpp1-j6lc,,Recent Articles in Phys. Rev. Lett.,2026-06-16 10:00:00+00:00,10.1103/cpp1-j6lc,Zhen-Gang Wang,,"Author(s): Zhenhua Wang, Yuyuan Lu, Lijia An, and Zhen-Gang WangThe tube model has long served as a cornerstone of entangled polymer dynamics and rheology. We test some of the key concepts of the tube model by investigating the equilibrium dynamics of a free chain in a fixed-topology polymer network using molecular dynamics simulation. Our results reveal signifi…[Phys. Rev. Lett. 136, 248101] Published Tue Jun 16, 2026",rss_description
Quantum Non-Gaussianity Criterion Based on Photon Correlations ${g}^{(2)}$ and ${g}^{(3)}$,http://link.aps.org/doi/10.1103/1t2q-qm97,,Recent Articles in Phys. Rev. Lett.,2026-06-16 10:00:00+00:00,10.1103/1t2q-qm97,Anders Søndberg Sørensen,,"Author(s): Christoph Hotter, Clara Henke, Cornelis Jacobus van Diepen, Peter Lodahl, and Anders Søndberg SørensenQuantum non-Gaussian states, which cannot be written as mixtures of Gaussian states, are necessary to achieve a quantum advantage in continuous variable systems. They represent an important benchmark for the realization of an advanced quantum light source, as they cannot be made by simple means such…[Phys. Rev. Lett. 136, 243601] Published Tue Jun 16, 2026",rss_description
Leading Effective Field Theory Corrections to the Kerr Metric at All Spins,http://link.aps.org/doi/10.1103/5rk7-zljb,,Recent Articles in Phys. Rev. Lett.,2026-06-16 10:00:00+00:00,10.1103/5rk7-zljb,Pedro G. S. Fernandes,,"Author(s): Pedro G. S. FernandesThe leading corrections to general relativity can be parametrized by higher-derivative interactions in a low-energy effective field theory, in a way that is general and agnostic to the precise UV completion of gravity. Using numerical methods, we compute the leading-order corrections to the Kerr met…[Phys. Rev. Lett. 136, 241401] Published Tue Jun 16, 2026",rss_description
Tangential Forces Govern the Viscous-Inertial Transition in Dense Frictional Suspensions,http://link.aps.org/doi/10.1103/66pp-4rdj,,Recent Articles in Phys. Rev. Lett.,2026-06-16 10:00:00+00:00,10.1103/66pp-4rdj,Bernhard Vowinckel,,"Author(s): Sudarshan Konidena, Franco Tapia, Alireza Khodabakhshi, Élisabeth Guazzelli, Pascale Aussillous, and Bernhard VowinckelWe present particle-resolved simulations of dense frictional suspensions undergoing the viscous-inertial transition using pressure-imposed rheology. By varying the fluid viscosity, shear rate, and granular pressure, we demonstrate that the transition occurs at a Stokes number of $≈8$ (close to the v…[Phys. Rev. Lett. 136, 248201] Published Tue Jun 16, 2026",rss_description
Ablating Pellets for Areal Density Symmetry Control in Indirectly Driven Inertial Confinement Fusion Target Designs,http://link.aps.org/doi/10.1103/pvf9-6nrt,,Recent Articles in Phys. Rev. Lett.,2026-06-16 10:00:00+00:00,10.1103/pvf9-6nrt,C. Weber,,"Author(s): O. A. Hurricane, D. J. Strozzi, S. A. Maclaren, and C. WeberAsymmetry of the compressed fusion fuel configuration, as characterized by a variation in areal density, in inertial confinement fusion (ICF) implosions is a known performance limitation. While ignition has been achieved on the National Ignition Facility (NIF), implosion symmetry was not perfect, an…[Phys. Rev. Lett. 136, 245101] Published Tue Jun 16, 2026",rss_description
Laser-Plasma Based Seeded Free Electron Laser in the High-Gain Regime,http://link.aps.org/doi/10.1103/ndsf-kyr4,,Recent Articles in Phys. Rev. Lett.,2026-06-16 10:00:00+00:00,10.1103/ndsf-kyr4,Arie Irman,,"Author(s): Marie Labat, Susanne Schöbel, Amin Ghaith, Franziska Marie Herrmann, Maxwell LaBerge, Eléonore Roussel, Ulrich Schramm, Patrick Ufer, Marie-Emmanuelle Couprie, and Arie IrmanThe realization of compact laser-plasma accelerator (LPA) driven free electron lasers (FELs) has been attempted for nearly two decades, yet, difficult to overcome electron beam quality and stability issues prevented FEL lasing until recently. LPA based FEL is now demonstrated in both the self-amplif…[Phys. Rev. Lett. 136, 245001] Published Tue Jun 16, 2026",rss_description
Theory of Quantum Comb Enhanced Interferometry,http://link.aps.org/doi/10.1103/5qrd-28df,,Recent Articles in Phys. Rev. Lett.,2026-06-16 10:00:00+00:00,10.1103/5qrd-28df,Quntao Zhuang,,"Author(s): Haowei Shi and Quntao ZhuangOptical frequency combs, named for their comblike peaks in the spectrum, are essential for various sensing applications. As the technology develops, its performance has reached the standard quantum limit dictated by the quantum fluctuations of coherent light field. Quantum combs, with their quantum …[Phys. Rev. Lett. 136, 243602] Published Tue Jun 16, 2026",rss_description
Sb‐Enabled Dimensional Reprogramming of Palladium Nanoclusters for Enhanced Catalysis,https://advanced.onlinelibrary.wiley.com/doi/10.1002/adma.73523?af=R,,Wiley: Advanced Materials: Table of Contents,2026-06-16 10:24:26+00:00,10.1002/adma.73523,Zhikun Wu,,"ABSTRACT
                  
                    Strong and repetitive Pd–S interactions stabilize planar PdS
                    4
                    motifs, confining atomic growth and suppressing the formation of three‐dimensional (3D) Pd frameworks. Here, we show that anti‐galvanic incorporation of antimony (Sb), a p‐block congener of phosphorus, selectively perturbs planar Pd─S coordination while preserving Pd─Pd connectivity. Sb acts as a dimensional regulator that enables the formation of stable, 3D Pd─Sb nanoclusters with atomic precision, as exemplified by the successful synthesis of the [Pd
                    13
                    Sb
                    2
                    (PPh
                    3
                    )
                    2
                    (S‐Adm)
                    10
                    ] (denoted as Pd
                    13
                    Sb
                    2
                    ) nanocluster. Single‐crystal X‐ray diffraction (SCXRD) analysis unveiled a unique 3D metal kernel, a structural feature not previously reported in thiolated Pd nanoclusters. When applied to the semihydrogenation of phenylacetylene, the Pd
                    13
                    Sb
                    2
                    catalyst exhibited excellent catalytic performance. Density functional theory calculations indicate that the synergistic Pd─Sb dual‐site architecture not only facilitates H
                    2
                    activation but also optimizes the binding energy of intermediates, ensuring preferential styrene desorption and thus suppressing over‐hydrogenation. These results establish Sb‐enabled dimensional control to overcome intrinsic structural limitations in palladium nanoclusters and to unlock their catalytic potentials.",crossref
Balanced Molecular Interactions with Mild Dipole Moment for Intermediate Suppressing in High Performance Antisolvent‐Free Regular α‐FAPbI3 Solar Cells,https://advanced.onlinelibrary.wiley.com/doi/10.1002/adma.73696?af=R,,Wiley: Advanced Materials: Table of Contents,2026-06-16 10:25:31+00:00,10.1002/adma.73696,Jie Zhong,,"ABSTRACT
                  
                    It is promising to fabricate perovskite solar cells (PSCs) without antisolvent, but its intrinsic slow nucleation and unhomogenized growth are often accompanied by enormous solvated intermediates, which divert the
                    α
                    ‐FAPbI
                    3
                    crystallization and potentially restrict the acquisition of high‐performance PSCs. Herein, we present a balanced molecular interaction strategy using additives with mild dipole moments of around 1.9 Debye to suppress solvated intermediates. By systematically scrutinizing symmetric dimethyl isophthalate (DMIP) derivatives with varied groups (5‐H, ─F, ─Cl, ─Br, ─NH
                    2
                    , ─OCH
                    3
                    , and ─OH), the optimum phase‐evolution process is obtained with fluorine substituents. The balanced molecular interactions with Pb
                    2+
                    coordination, FA
                    +
                    hydrogen bonding, and I
                    −
                    between solvents and additives, significantly shorten
                    
                      
                        t
                        d‐α
                      
                    
                    (the time for
                    α
                    ‐phase start to dominate) from &gt; 150 to 23 s, enabling the faster and complete phase transformation to high‐quality
                    α
                    ‐FAPbI
                    3
                    . Consequently, we obtained a high‐power conversion efficiency up to 26.28%, representing the highest reported efficiency for antisolvent‐free regular PSCs based on pure FAPbI
                    3
                    absorbers. Moreover, the device maintains 93.7% of its initial efficiency after 1500 h aging at 85°C and retains 90% after 1000 h maximum power point tracking, demonstrating proper stability through this strategy.",crossref
Dynamic Organic–Inorganic Interpenetrating Nanonetwork for Stiff and Durable Flexible Material,https://advanced.onlinelibrary.wiley.com/doi/10.1002/adma.73753?af=R,,Wiley: Advanced Materials: Table of Contents,2026-06-16 10:30:11+00:00,10.1002/adma.73753,Zhaoming Liu,,"ABSTRACT
                  The longstanding trade‐off between stiffness and durable flexibility has limited the performance envelope of structural materials, constraining their application in demanding engineering fields. Here, we reveal an alternative organic–inorganic hybrid architecture to integrate these contradictory properties. Inspired by interpenetrating polymer networks, we interpenetrate an inorganic nanonetwork into the organic network via polymerization of inorganic ionic oligomers. In this way, an organic–inorganic (bacterial cellulose‐calcium phosphate) interpenetrating nanonetwork was constructed, and notably, a dynamically reversible inter‐network bonding was discovered under external force. This dynamic organic–inorganic interpenetrating nanonetwork (DIN) leads to a composite material with both high stiffness and high energy dissipation ability during deformation, exhibiting metal‐like bending rigidity while sustaining 20 000 bending cycles without fatigue fracture. This demonstrates a resolution to stiffness and durable flexibility integration in structural materials. Moreover, the DIN structure exhibits resistance to harsh environments, including extreme temperatures (−196°C to 200°C) and high humidity (90% RH). Combined with its lightweight, electromagnetic transparency, and naturally derived components, DIN‐based composites represent promising candidates for next‐generation stiff yet durable flexible protective structural materials. This work extends the polymer‐inspired approach to synthesize non‐classical inorganic structures, while broadening the understanding of organic–inorganic composite architectures in integrating distinct material properties.",crossref
Heat Transfer Fluids as Co‐Diluents in Localized High‐Concentration Electrolytes for High‐Rate Lithium Metal Batteries With Enhanced Safety,https://onlinelibrary.wiley.com/doi/10.1002/anie.3797296?af=R,,Wiley: Angewandte Chemie International Edition: Table of Contents,2026-06-16 17:54:50+00:00,10.1002/anie.3797296,Isidora Cekic‐Laskovic,,"ABSTRACT
                  
                    Localized high‐concentration electrolytes (LHCEs) have been identified as promising electrolyte formulations for lithium metal batteries, due to their effective interphase formation and promotion of compact Li deposition, yet their practical implementation is often limited by reduced ion transport kinetics. In this study, two industrially established fluorinated ethers are identified for the first time in battery research as effective co‐diluents as they combine a broad electrochemical stability window with a low viscosity and intrinsic non‐flammability. Incorporating these components, commonly used as heat transfer fluids, yields safer, less flammable electrolyte formulations with enhanced ion mobilities. In particular, the ternary co‐diluent formulation shows improved ion mobility by reducing the electrolyte's viscosity while limiting excessive ion clustering. Based on the improved electrolyte transport kinetics, lower overvoltages and higher Coulombic efficiencies at current densities ≥ 1 mA cm
                    −2
                    are achieved with the ternary co‐diluent blend, resulting in markedly extended cycle life in an application‐oriented zero‐excess pouch cell compared with the baseline system. Complementary electrochemical and ex situ analysis of harvested electrodes at moderate current densities reveals no discernible differences in interphase morphology and composition, suggesting enhanced ion mobility as the primary cause of the improved high‐rate performance.",crossref
Building Crosslinking Network via Catalytic Furan‐to‐Pyrrole Conversion,https://onlinelibrary.wiley.com/doi/10.1002/anie.1252628?af=R,,Wiley: Angewandte Chemie International Edition: Table of Contents,2026-06-16 17:58:31+00:00,10.1002/anie.1252628,Taohong Li,,"ABSTRACT
                  
                    To address the limitations of conventional furan resins, which rely on furfural derivatives for synthesis and exhibit constrained performance, this work presents a catalytic polycondensation strategy that synthesizes high‐performance resins directly from furfural and amines. Catalyzed by NH
                    4
                    Cl, the process transforms furan rings into pyrrole rings via a Schiff base intermediate, proceeding through aromaticity disruption, nitrogen‐atom incorporation, and aromaticity reconstruction. This unreported mechanism constructs a multi‐substituted pyrrole cross‐linked network, which demonstrates exceptional thermal stability (450°C decomposition), flame retardancy (limiting oxygen index of 31.7%), superior mechanical strength (tensile strength of 70 MPa, flexural strength of 131 MPa), excellent fatigue resistance (a resin spring surviving 10 000 compression cycles at 95% strain), and robust adhesion to diverse substrates, particularly on stainless steel across an extremely broad temperature range (−196°C–200°C). The solvent‐free, atom‐economical method, coupled with dynamic covalent bonds enabling reprocessing, offers a sustainable pathway for biomass‐based furfural utilization and establishes a general strategy for furan‐to‐pyrrole conversion with potential in engineering plastics, structural adhesives, and coatings.",crossref
Dual Regulation of Molecular Orbital and Interfacial Water on Nickel Phthalocyanine for Highly Selective H2O2 Synthesis,https://onlinelibrary.wiley.com/doi/10.1002/anie.1594313?af=R,,Wiley: Angewandte Chemie International Edition: Table of Contents,2026-06-16 17:59:42+00:00,10.1002/anie.1594313,Xin Wang,,"ABSTRACT
                  
                    Hydrogen peroxide (H
                    2
                    O
                    2
                    ) electrosynthesis via the two‐electron oxygen reduction reaction (2e
                    −
                    ORR) is fundamentally challenged by both spin‐forbidden O
                    2
                    activation and sluggish proton‐coupled electron transfer. Herein, we move beyond conventional metal‐centered design and propose a dual‐regulation strategy that integrates molecular orbital engineering with control of the interfacial water network. Using nickel phthalocyanines as a platform, extended
                    π
                    ‐conjugation combined with polar methoxy (‐OCH
                    3
                    ) groups was introduced. It narrows the HOMO–LUMO gap and facilitates potential‐driven formation of a paramagnetic superoxide intermediate, while the methoxy groups further reorganize the interfacial water layer with moderate hydrogen‐bonding strength that enables efficient proton delivery for subsequent hydrogenation steps. This led to high H
                    2
                    O
                    2
                    selectivity (up to 96.49%) over a wide potential range, with stable performance in both flow cell and porous state electrolyte reactors for over 50 h. In situ spectroscopy and simulations reveal how molecular orbital regulation contributes to the catalytic process, and how the interfacial water layer facilitates hydrogenation. Our work provides a molecular orbital perspective on the cooperative roles of metal and ligand, establishing a design strategy that co‐regulates electronic and interfacial determinants for selective multi‐electron electrocatalysis.",crossref
Aethrene: A Stable Polycyclic Aromatic Hydrocarbon With a Triplet Ground State,https://onlinelibrary.wiley.com/doi/10.1002/anie.6666833?af=R,,Wiley: Angewandte Chemie International Edition: Table of Contents,2026-06-16 18:01:09+00:00,10.1002/anie.6666833,Guangwu Li,,"ABSTRACT
                  
                    Owing to their unique electronic structures and magnetic properties, high‐spin radicals have garnered significant interest in the fields of organic electronics and spintronics. Nevertheless, the high reactivity of high‐spin radicals renders efficient synthesis and selective isolation of the species a formidable challenge. An aethrene derivative
                    2
                    with an A‐shaped geometric skeleton was designed with a Clar structure of allylic radicals embedded with aromatic benzenoid rings, and two bulky steric substituents were introduced at the zigzag edges to endow the compound with excellent stability.
                    2
                    exhibits a 15.5‐day half‐life under ambient and light conditions. The structure of
                    2
                    was unequivocally confirmed through x‐ray crystallographic analysis. Aethrene
                    2
                    was demonstrated to possess a triplet ground state through DFT calculations and experimental methods, including continuous wave and pulsed electron paramagnetic resonance and superconducting quantum interference device measurements. Notably, its dication was successfully obtained by in‐situ oxidation with NO·SbF
                    6
                    and exhibited a closed‐shell ground state. This work shed new light on the design and synthesis of novel stable PAHs with high‐spin multiplicity.",crossref
Synthesis of Uniform 6‐Armchair Graphene Nanoribbons and Their Isotope and Nitrogen‐Doped Derivatives,https://onlinelibrary.wiley.com/doi/10.1002/anie.2889387?af=R,,Wiley: Angewandte Chemie International Edition: Table of Contents,2026-06-16 18:01:46+00:00,10.1002/anie.2889387,Guowei Yang,,"ABSTRACT
                  
                    On‐surface synthesis enables precision synthesis of graphene nanoribbons (GNRs), allowing for tailored edge structures and widths through engineered polymerization and dehydrocyclization of designed precursor molecules. Here, we report the successful transformation of various precursor molecules into uniform 0.6 nm‐wide armchair GNRs encapsulated within carbon nanotubes or boron nitride nanotubes, facilitating large‐scale production. Remarkably, our results show that not only aromatic hydrocarbon molecules with hexagonal structures, but also those containing pentagonal, heptagonal, or octagonal motifs yield uniform GNRs composed exclusively of hexagons. This impressive tolerance for diverse encapsulated molecules and host materials underscores the universality of our method. Additionally, we successfully synthesized 0.6 nm‐wide deuterated,
                    13
                    C isotopic, and nitrogen‐doped GNRs from their respective isotopic or nitrogen‐containing precursor molecules. Our approach not only paves the way for universal synthesis of uniform GNRs but also holds promise for creating versatile nanoribbons with tailored properties derived from their parent two‐dimensional materials.",crossref
Dual‐Affinity Interphase Engineering Enables Stable Aqueous Zn–S Batteries,https://onlinelibrary.wiley.com/doi/10.1002/anie.6558145?af=R,,Wiley: Angewandte Chemie International Edition: Table of Contents,2026-06-16 18:01:49+00:00,10.1002/anie.6558145,Dongliang Chao,,"ABSTRACT
                  
                    Aqueous Zn–S batteries have garnered significant attention for grid‐scale storage but suffer from rapid capacity fade and sluggish reaction kinetics. Although existing strategies can improve redox reversibility, they fail to fundamentally address capacity attenuation arising from oxidation‐driven ZnS decomposition loss. In this study, a nano‐copper‐based cathode/electrolyte interphase (Cu CEI) featuring a unique sulfur/ZnS dual‐affinity is rationally designed to accelerate both S─S and Zn─S bond dynamics, effectively preventing ZnS accumulation and suppressing its decomposition via preferential Cu‐ZnS binding. Specifically, the strong binding affinity of the Cu CEI stabilizes ZnS by reducing its direct contact with interfacial water. Meanwhile, the strong interaction between Cu nanoparticles and S
                    8
                    activates ring‐opening and facilitates S─S bond cleavage, elevating the discharge voltage to 0.75 V. Cu‐mediated weakening of Zn─S bonds in ZnS synergistically lowers the apparent activation energy from 69.4 to 29.5 kJ mol
                    −1
                    , establishing a robust interfacial redox pathway with a low voltage hysteresis of 0.23 V. Consequently, the Cu CEI enables Zn–S system with excellent cycling stability over 1000 cycles at 5 A g
                    −1
                    and a high areal capacity of ∼6.5 mAh cm
                    −2
                    over 200 h in a pouch cell, underscoring the practical feasibility of this dual‐affinity interphase design for high‐performance Zn–S batteries.",crossref
Electron-Withdrawing Chemistry Drives Ultrafast-Charging Interphases for Sodium-ion Batteries,http://pubs.rsc.org/en/Content/ArticleLanding/2026/EE/D6EE01449F,,RSC - Energy Environ. Sci. latest articles,2026-06-16 23:00:00+00:00,,Yanfeng Gao,,"Fast charging and long-term cyclability in sodium-ion batteries are fundamentally limited by unstable, ion-transport-limited solid electrolyte interphases (SEI) arising from solvent-dominated Na⁺ solvation structures in conventional carbonate electrolytes. These intrinsic limitations have long confined practical fast-charging sodium-ion batteries (SIBs) to a ceiling of ~3C. Herein, we break through this bottleneck by designing a molecular strategy based on solvent electron-withdrawing chemistry: through stepwise fluorination of carbonate solvents, enabling ampere-hour-level full sodium-ion batteries based on hard carbon anodes to achieve ultrafast charging within 7 minutes with 1,800-cycle stability. This approach promotes preferential reduction of FSI⁻ anions and low desolvation energy, which is correlated with the formation of a thin, dense, and highly conductive NaF-rich inorganic SEI on hard carbon anodes. The resulting electrolyte delivers exceptional interfacial kinetics and stability, breaks the long-standing incompatibility between high ionic conductivity and low solvation energy in sodium-ion electrolytes. Notably, this performance is demonstrated for the first time in a 52 Ah prismatic full cell under industrially relevant conditions. This work provides a generalizable chemical framework for designing robust, fast-charging batteries, bridging molecular-level innovation with practical energy storage applications.",rsc_html
Rational design of high-loading electrocatalytic electrodes: from static multiscale integration to dynamic intelligent systems,http://pubs.rsc.org/en/Content/ArticleLanding/2026/CS/D5CS01399B,,RSC - Chem. Soc. Rev. latest articles,2026-06-16 23:00:00+00:00,,Lei Wang,,"In the field of electrocatalysis, the industrial application of high-loading electrodes faces a fundamental contradiction: traditional designs based on static structures struggle to match the dynamically changing reactive microenvironment and continuously evolving electrode interfaces under real operating conditions, leading to severe performance degradation at high current densities. To address this, this review proposes a paradigm shift from “static multiscale design” to “dynamic intelligent system integration”. This new paradigm integrates dynamically reconstructable materials, bioinspired adaptive architectures, and smart interfaces to construct intelligent electrode systems capable of sensing, adapting, and self-optimizing, thereby synergistically enhancing catalytic activity, stability, and mass transfer under high-loading conditions. The review first analyzes the dynamic failure mechanisms of high-loading electrodes across multiple scales, then follows the thread of “dynamic and intelligent regulation” to summarize key advances at the atomic scale (self-healing and dynamic reconstruction), structural scale (bioinspired and digital twin networks), interface scale (electrolyte and smart interfaces), and manufacturing scale (dry processing and machine learning closed-loop). Throughout this framework, digital twin and machine learning serve as enabling platforms that bridge the entire chain, achieving a closed loop from design and diagnosis to optimization. Finally, future directions such as dynamic evaluation systems, adaptive electrode systems, and green intelligent manufacturing are outlined. This review aims to move beyond traditional static design frameworks and provide systematic design principles and theoretical foundations for developing next-generation electrochemical energy devices with self-sensing, self-optimizing, and long-lasting capabilities.",rsc_html
10-Hz laser multi-beam steering and illumination for free-falling targets,https://iopscience.iop.org/article/10.1088/1741-4326/ae7583,,Nuclear Fusion - latest papers,2026-06-16 23:00:00+00:00,10.1088/1741-4326/ae7583,Kazuki Matsuo,,"High-repetition-rate target injection and precise steering of multiple laser beams are essential for realizing laser-driven inertial fusion energy (IFE) reactors. EX-Fusion Inc. has established a facility to demonstrate these capabilities for the Fast Ignition scheme named the EX-Fusion Continuous Operation Laser Reactor (XF-COLR). Laser beam tracking and illumination of a free-falling stainless steel ball with a diameter of 1 mm were carried out at 10 Hz using multiple nanosecond and femtosecond lasers. The system with real-time correction of beam positions continuously operated for up to 12 h under ambient conditions and for 2.5–3 min under vacuum. Tracking performance, evaluated as standard deviations for 1500 shots under vacuum conditions, reached 121–139 m in the horizontal direction and 63–121 m in the vertical direction. The expected uncertainty at the engagement point propagated from the sensors was approximately 157 m. To the best of our knowledge, this is the first demonstration of dynamic tracking of an injected target using multiple laser beams steered by mirrors at 10 Hz, providing a reference for the development of future IFE reactors.",rss_description
Hybrid simulation of Alfvén eigenmodes driven by multiple fast-ion species and fast-ion transport in the Large Helical Device,https://iopscience.iop.org/article/10.1088/1741-4326/ae7736,,Nuclear Fusion - latest papers,2026-06-16 23:00:00+00:00,10.1088/1741-4326/ae7736,M. Osakabe,,"In the Large Helical Device (LHD) experiments using fast protons and fast deuterons, hybrid simulations were performed with the MEGA code to investigate the synergistic effects of multiple fast-ion species on instabilities and fast-ion transport, where multiple fast ions interact with the magnetohydrodynamic fluid. In the MEGA simulations, the burst amplitude of Alfvén eigenmodes (AEs) after the fast-ion stored energy reaches a steady state is larger than that before the steady state, leading to a significant increase in the fast-ion loss rate. The dominant AE frequencies obtained in the simulations are in good agreement with those observed in the experiments. In the case of multiple fast-ion species, additional AEs appear that are absent when only a single fast-ion species drives the AEs, and these modes are caused by the redistribution of multiple fast ions. Consequently, these additional AEs lead to increased loss rates of both fast protons and fast deuterons. The synergistic effect of multiple fast-ion species is thus shown to enhance fast-ion transport and losses in the LHD.",rss_description
TGLF-WINN: data-efficient deep learning surrogate for turbulent transport modeling in fusion,https://iopscience.iop.org/article/10.1088/1741-4326/ae72a6,,Nuclear Fusion - latest papers,2026-06-16 23:00:00+00:00,10.1088/1741-4326/ae72a6,Rose Yu,,"The trapped Gyro-Landau Fluid (TGLF) model provides fast, accurate predictions of turbulent transport in tokamaks, but whole device simulations requiring thousands of evaluations remain computationally expensive. Neural network (NN) surrogates offer accelerated inference with fully differentiable approximations that enable gradient-based coupling but typically require large training datasets to capture transport flux variations across plasma conditions, creating significant training burden and limiting applicability to expensive gyrokinetic simulations. We propose TGLF-WINN (Wavenumber-Informed NN) with three key innovations: (1) principled feature engineering that reduces target prediction range, simplifying the learning task; (2) physics-guided wavenumber-resolved regularization to improve generalization under sparse data; and (3) Bayesian active learning (BAL) to strategically select training samples based on model uncertainty, reducing data requirements while maintaining accuracy. TGLF-WINN is engineered for data-efficient and robust surrogate training. Feature tuning and wavenumber regularization together deliver a 12.5% relative RMSLE reduction over TGLF-NN when trained on the complete dataset; more importantly, under sparse, unfiltered training conditions (approximately the full dataset size) these two ingredients yield an order-of-magnitude smaller RMSLE degradation than TGLF-NN, a robustness attributable to the wavenumber-informed regularization imposing a physics-guided constraint on per-mode flux contributions. Adding BAL on top, TGLF-WINN matches TGLF-NN’s full-data offline accuracy using only 25% of the training data, reaching RMSLE within 2.8% of TGLF-NN’s full-data baseline and within 4.3% of our own full-data result. We further demonstrate practicality in a downstream flux-matching workflow: the NN surrogate provides a 45 speedup over TGLF while maintaining comparable reconstruction accuracy.",rss_description
Inline quality grading of commercial lithium-ion battery manufacturing via da-ta-efficient learning and transferable assessment,http://pubs.rsc.org/en/Content/ArticleLanding/2026/EE/D6EE02209J,,RSC - Energy Environ. Sci. latest articles,2026-06-16 23:00:00+00:00,,Huadong MO,,"Lithium-ion battery manufacturing involves a complex sequence of tightly coupled processes, making reliable quality grading essential for ensuring cell consistency, production efficiency, and product reliability. However, existing grading paradigms rely heavily on long-cycle testing and dense labeling, resulting in energy consumption, time cost, and limited scalability. Here, we propose the Data-Efficient Learning and Transferable Assessment (DELTA) framework, which combines feature extraction and semi-supervised consistency classification for early quality grading in manufacturing, using cycle-life at end of life (EOL) as the quality evaluation metric. The framework evaluates data from 6 publicly available datasets, encompassing 421 cells with 3 battery chemistries, 6 charging rates, 6 temperatures, and 8 rated capacities. A Linear Mixed-Effects model extracts static features to quantify material effects, while dynamic features from pre-cycling tests characterize performance stability. A semi-supervised classifier based on Gaussian Mixture Models with an entropy-driven mechanism simulates the absence of true manufacturing labels. Experimental results show that DELTA achieves over 83% classification accuracy of cycle-life at EOL with only 30% labeled data, outperforming state-of-the-art methods such as FixMatch and UDA, while reducing training time by 50%. It maintains more than 95% accuracy on unseen datasets, enabling fast, low-cost, and scalable battery screening in manufacturing, establishing missingness-aware learning as a practical solution for data-limited manufacturing environments. A preliminary scenario analysis suggests that reducing reliance on long-cycle screening could potentially lower testing-related costs and energy consumption in large-scale battery production.",rsc_html
Entropy-Regulated Dielectric Friction in Eutectic Electrolyte Unlocks 150°C High-Performance Li Metal Batteries,http://pubs.rsc.org/en/Content/ArticleLanding/2026/EE/D6EE02417C,,RSC - Energy Environ. Sci. latest articles,2026-06-16 23:00:00+00:00,,Yuliang Gao,,"The poor high-temperature performance of conventional electrolytes limits the application of Li metal batteries under extreme scenarios. Here, we propose a novel insight into dielectric friction-regulated electrolytes and, based on the designed high-entropy eutectic electrolyte (HEEE), successfully achieve long-term operation of Li metal batteries at 150°C. The structurally diverse anions within the HEEE create a disordered dielectric environment, disrupting the long-range cooperativity of dielectric polarization relaxation, reducing the hindrance of dielectric friction to Li+ transport, and thereby suppressing dendrite growth. Also, the disordered dielectric environment promotes an inorganic-rich solid electrolyte interphase on the Li metal anode, endowing HEEE with excellent electrode compatibility. Consequently, Li||Li cells operate for over 6000 h at 25°C, 8820 h at 80°C, and 1000 h at 150°C. V2O5||Li cells maintain a capacity of 68.5 mAh g−1 even after 200 cycles at 150°C. Importantly, 1.07 Ah LiFePO4||Li pouch cells operate for over 200 h at 80°C, successfully pass the nail penetration test, and power a micro-truck. This work provides a fundamental insight of Li+ solvation chemistry and expands the design principles for electrolytes under extreme temperatures.",rsc_html
Flux pumping and bifurcated relaxations of helical core in 3D magnetohydrodynamic modelling of ASDEX Upgrade plasmas,https://iopscience.iop.org/article/10.1088/1741-4326/ae7613,,Nuclear Fusion - latest papers,2026-06-16 23:00:00+00:00,10.1088/1741-4326/ae7613,the ASDEX Upgrade Team,,"Flux pumping was achieved in recent hybrid scenario experiments in the ASDEX Upgrade (AUG) tokamak, which is characterized by a sawtooth-free helical quiescent state and the anomalous radial redistribution of toroidal current density and poloidal magnetic flux. In this article, the self-regulation mechanism of the AUG core plasma during flux pumping is investigated at realistic parameters using the JOREK code based on the two-temperature, nonlinear, full magnetohydrodynamic (MHD) model. A key milestone in AUG flux pumping modelling is achieved by quantitatively reproducing the clamped current density and safety factor profiles in the plasma core, demonstrating the effectiveness of the dynamo effect in sustaining the flux pumping state. The dynamo term, which is of particular interest, is primarily generated by the pressure-gradient-driven = 1/1 quasi-interchange-like MHD instability. The work systematically extrapolates the parameter regimes of flux pumping from the above AUG base case by scanning dissipation coefficients and plasma beta. The simulation results reveal bifurcated plasma behaviours at different Hartmann numbers, including distinct states such as flux pumping (helical core with a flat current density), sawteeth (periodic kink-cycling), single crash (without subsequent cycle), and quasi-stationary magnetic island (peaked current density). Transitions from marginal flux-pumping state to sawteeth in long-term simulations are observed and analysed. The relationships between system dissipation, plasma beta, and different plasma states are carefully analysed. For practical purposes, the potential operational window for flux pumping, as determined by plasma density and temperature, is estimated. The modelling efforts advance the understanding of flux pumping and facilitate the development of a fast surrogate model for efficient evaluation of flux pumping.",rss_description
Outstanding Reviewers for Chemical Society Reviews in 2025,http://pubs.rsc.org/en/Content/ArticleLanding/2026/CS/D6CS90053D,,RSC - Chem. Soc. Rev. latest articles,2026-06-16 23:00:00+00:00,,,,We would like to take this opportunity to thank all of Chemical Society Reviews’ reviewers for helping to preserve quality and integrity in chemical science literature. We would also like to highlight the Outstanding Reviewers for Chemical Society Reviews in 2025.,rsc_html
Self-organized formation of a field-reversed high-β plasmoid in a mirror field orthogonal to the axis of counter-injected plasmoids,https://iopscience.iop.org/article/10.1088/1741-4326/ae7614,,Nuclear Fusion - latest papers,2026-06-16 23:00:00+00:00,10.1088/1741-4326/ae7614,T. Seki,,"We report experimental evidence for the self‐organized formation of a field-reversed configuration (FRC)-like high‐β plasmoid inside a magnetic mirror field. The plasmoid forms when two plasmoids counter‐injected along an axis perpendicular to the mirror field axis collide at high speed and then merge. This ‘orthogonal merging’ geometry, which differs from conventional axisymmetric FRC merging along the device axis, can (in principle) preserve both axial ends of the mirror for reactor-relevant components such as divertors and direct energy-conversion stages. In the FRC Amplification via Translation–Collisional Merging device, two deuterium plasmoids with a line-integrated density of (1–1.5) × 1020 m−2 were accelerated to ∼150 km s−1 and merged at a relative speed of ∼300 km s−1, producing a localized high-density region within the mirror. Excluded-flux probes, internal magnetic probes, interferometry, and ion Doppler spectroscopy revealed (i) direct reversed-field signatures during the early post-collision and reformation phases, (ii) a transition from paramagnetic to diamagnetic rotation, and (iii) subsequent spin-up. Representative mid-plane interferometry measurements show that the bulk plasma density persists on a timescale comparable to the decay of the excluded-flux signal, while the longest-lived non-invasive excluded-flux traces indicate a persistence time of approximately 130 μs, substantially longer than the estimated classical diffusion time in a simple mirror (<70 μs with a mirror ratio of R ∼ 2.9). Although the full magnetic topology was not reconstructed non-invasively, the combined observations are consistent with the formation of an FRC-like high-β state containing a closed-field component that reduces parallel losses relative to a simple mirror. These results indicate a feasible pathway toward mirror–FRC hybrid operation. They also broaden the options of FRC formation and high-speed fueling in linear systems while maintaining the availability of the axial ends for reactor-relevant hardware.",rss_description
Tremelimumab with or without durvalumab in combination with paclitaxel in metastatic urothelial cancer: phase I/II ICRA trial,https://www.nature.com/articles/s41467-026-74570-3,,Biological sciences : Nature Communications subject feeds,2026-06-17 00:00:00+00:00,,Michiel S. van der Heijden,,"New therapeutic strategies for patients with therapy-refractory metastatic urothelial carcinoma (mUC) are still needed. In the phase I-II ICRA trial, a multicenter, open-label, phase Ib-II clinical trial (NCT03871036), we evaluated whether paclitaxel plus tremelimumab, with or without durvalumab, could induce a tumor response in mUC following platinum chemotherapy and immune checkpoint inhibition (ICI). Patients were randomized between three arms: A (n = 20) paclitaxel plus T750mg; B (n = 12) paclitaxel plus T300mg plus D1500mg; C (n = 12) T750mg. The primary outcome, objective response rate, was met with 26% in arm A (88% CI = [14,36%]) versus 17% (88% CI = [3,42%]) in arm B and 8% (88% CI = [0.3,33%]) in arm C. Secondary outcomes included safety, duration of response and survival. Grade 3-4 treatment-related adverse events occurred in (A) 45%, (B) 75%, and (C) 25% of patients. Murine experiments showed attenuated tumor outgrowth for paclitaxel plus anti-CTLA-4 compared to monotherapy with either agent. Transcriptomic analyses showed upregulation of inflammation signatures in on-treatment tumor tissue biopsies. This study demonstrated encouraging antitumor activity in therapy-refractory mUC treated with paclitaxel plus high-dose anti-CTLA-4 and suggests immune induction may still be possible after failure to anti-PD-(L)1 therapy.",nature_html
Probing picometre-scale interlayer deformations via hyperbolic polaritons,https://www.nature.com/articles/s41586-026-10638-w,,Nature,2026-06-17 00:00:00+00:00,10.1038/s41586-026-10638-w,Qing Dai,,"The resilience of van der Waals (vdW) materials to large strain fields makes them an ideal platform for tuning electronic, optical and magnetic properties1,2,3,4. Although in-plane strain is readily mapped, non-invasive and quantitative characterization of out-of-plane strain remains a formidable challenge, particularly for picometre-scale deformations buried at interfaces. Here we demonstrate a polaritonic optical method that uses the mid-infrared out-of-plane hyperbolic polaritons (oHPs) mode to detect interlayer deformations in prototypical vdW polar insulator–hexagonal boron nitride (hBN). This method uses the softening mechanism of out-of-plane transverse optical (oTO) phonons induced by interlayer strain, enabling highly sensitive detection of picometre-scale deformations. Although these oTO phonon modes are typically spectroscopically ‘dark’, their strain response is activated through the oHPs, achieving an atomic displacement sensitivity of about 10 pm (about 8 × 10−7 times the probing wavelength), enabling ultradeep-subwavelength mechanical interlayer deformation detection. This is experimentally validated in both planar hBN and at the buried interface of quantum dot–hBN nanotube heterostructures. This polariton-based picometrology bridges nanomechanics and photonics, providing a non-destructive lens to visualize hidden stress landscapes with atomic precision.",nature_html
Cortical development dynamics across autism spectrum disorder mouse models,https://www.nature.com/articles/s41586-026-10679-1,,Nature,2026-06-17 00:00:00+00:00,10.1038/s41586-026-10679-1,Gaia Novarino,,"Despite the functional diversity of over 100 causal genes1,2,3, phenotypic convergence across models may reveal common neurobiological processes in autism spectrum disorder (ASD). Here we profiled 251 samples from 11 monogenic mouse models of ASD using single-nucleus multi-omic sequencing across three developmental stages, both sexes and two brain regions. Despite genetic heterogeneity, ASD-linked mutations converged on perturbations of the radial glial cell lineage. These alterations reflect a transient developmental delay rather than lasting lineage misspecification and resolve by postnatal stages. Molecularly, the largest transcriptional differences emerged in neurons at early postnatal stages. These changes included downregulation of synaptic and ion channel-related genes, consistent with homeostatic adaptation or delayed maturation. Network analysis showed molecular convergence across models within each developmental stage, suggesting that diverse mutations linked to ASD impinge on common, stage-specific processes. Convergence becomes less pronounced by postnatal day 14, highlighting the dynamic nature of ASD-associated changes. Cross-genotype heterogeneity is superimposed on stage-specific effects. Electrophysiology corroborated this pattern: mutants generally showed altered neuronal excitability and synaptic properties with model-specific nuances. Our study also highlighted sex-specific gene expression alterations, with female mice often displaying larger effect sizes than male mice. Together, our findings provide a comprehensive view of developmental cellular and molecular dynamics across models of ASD.",nature_html
Rock weathering can counteract river CO2 emissions induced by permafrost thaw,https://www.nature.com/articles/s41586-026-10664-8,,Nature,2026-06-17 00:00:00+00:00,10.1038/s41586-026-10664-8,Tom J. Battin,,"Climate-induced permafrost thaw unlocks large stores of organic carbon that are mineralized and emitted as carbon dioxide (CO2) from rivers to the atmosphere1. Concurrently, warming and permafrost thaw can increase mineral weathering rates, thus affecting the release and sequestration of inorganic carbon2,3,4. Yet how these biological and geological carbon cycles interact and jointly affect CO2 dynamics (emission compared with drawdown) in permafrost rivers remains unknown5. Here we combine CO2 emissions, organic and inorganic solute concentrations, dual carbon isotopes (δ13C–Δ14C) and geochemical modelling to infer how permafrost thaw may affect river biogeochemistry over decades to centuries across the Qinghai–Tibet Plateau. Leveraging a gradient of thermal permafrost degradation, we find that river CO2 emissions decline, whereas solute fluxes from rock weathering increase with decreasing permafrost cover. Across this region, net CO2 drawdown fluxes from rock weathering are about 35% of river CO2 emissions, varying from around 15% in catchments with continuous permafrost to more than 100% in catchments with discontinuous or isolated permafrost. Thus, carbon fluxes from chemical weathering may become increasingly important with ongoing permafrost thaw, potentially even outpacing river CO2 emissions. Our findings disentangle the interplay between biological and geological carbon fluxes that are important for the cryosphere and the global carbon cycle.",nature_html
Molecular basis of polyadenylated RNA fate determination in the nucleus,https://www.nature.com/articles/s41586-026-10650-0,,Nature,2026-06-17 00:00:00+00:00,10.1038/s41586-026-10650-0,Torben Heick Jensen,,"Eukaryotic genomes generate a plethora of polyadenylated (pA+) RNAs1,2, which are packaged into ribonucleoprotein particles (RNPs). To ensure faithful gene expression, functional pA+ RNPs, including protein-coding RNPs, are exported to the cytoplasm, whereas transcripts within non-functional pA+ RNPs are degraded in the nucleus1,2,3,4. How cells distinguish these opposing fates remains unknown. The DExD-box ATPase UAP56 (also known as DDX39B) is a central component of functional pA+ RNPs, and promotes their docking to the nuclear pore complex-anchored TREX-25,6, which triggers transcript release from UAP56 to facilitate export7. Here we reveal that the poly(A) tail exosome targeting (PAXT) connection8 binds a TREX-2-like module, which releases pA+ RNAs from UAP56 for decay by the nuclear exosome. The core of this module consists of a LENG8–PCID2–SEM1 trimer, which we show is structurally and biochemically equivalent to the central GANP–PCID2–SEM1 trimer of TREX-2. Mutagenesis and transcriptomic data demonstrate that the nuclear fate of pA+ RNPs is governed by the contending actions of nucleoplasmic PAXT and nuclear pore complex-associated TREX-2, which interpret RNA-bound UAP56 as a signal for RNA decay or export, respectively. As RNA targets of PAXT are generally short and intron-poor, we propose an overall model for pA+ RNP fate determination whereby the distinct sub-nuclear localizations of PAXT and TREX-2 govern the degradation of short non-functional pA+ RNAs while allowing export of their longer and functional counterparts.",nature_html
Revealing competitive interfacial reactions in high-energy Li–S batteries,https://www.nature.com/articles/s41586-025-09473-2,,Nature,2026-06-17 00:00:00+00:00,10.1038/s41586-025-09473-2,Hong-Gang Liao,,"Charge transfer at solid–liquid interfaces plays a critical role in various energy-storage systems1, particularly under dynamically varying reactant concentrations. Deciphering these intricate reaction pathways remains a substantial challenge, notably in lithium–sulfur (Li–S) batteries, in which achieving high energy density requires efficient conversion of highly concentrated lithium polysulfides (LiPSs)2,3. However, the mechanisms governing lithium sulfide (Li2S) deposition and dissolution under lean electrolyte conditions remain poorly understood. Here, using in situ liquid-cell electron microscopy, we directly visualize concentration-driven phase segregation at the electrode–electrolyte interface. Within these high-concentration interfacial layers (HCILs), competitive surface and solution dictate the charge-transfer dynamics and ultimately govern Li2S deposition at different phase boundaries. Density functional theory (DFT) calculations reveal that the aggregation of LiPSs alters molecular geometry, electronic properties and orbital hybridization, collectively facilitating charge transfer through highly concentrated LiPSs clusters. Guided by these insights, we design optimized electrodes that balance interfacial reaction pathways, enabling fast charging (4 C, 26.8 mA cm−2) and achieving high energy densities exceeding 400 Wh kg−1. These findings provide mechanistic understanding of interfacial reactions under practical working conditions and offer a design strategy to advance Li–S batteries.",nature_html
Fast formation to reinforce lithium-rich cathodes,https://www.nature.com/articles/s41586-025-09553-3,,Nature,2026-06-17 00:00:00+00:00,10.1038/s41586-025-09553-3,Qingshui Xie,,"Formation in lithium-ion battery manufacturing typically involves low-rate charge–discharge cycles to establish stable electrode–electrolyte interfaces—a time-consuming process1,2,3,4. Here, our findings on lithium-rich layered oxide cathodes challenge the necessity of conventional formation, which can even shorten battery lifespan. Fast formation, on the other hand, reduces production cost and enhances capacity and stability. Multiscale synchrotron-based techniques show that residual lithium ions after the initial charge are critical for subsequent structural evolution and cycling performance. Deep lithium de-intercalation causes severe structural degradation and capacity loss due to the inherently fragile lithium-deficient matrix. By contrast, the residual lithium ions from fast formation enhance reversibility through a self-pinning effect, preventing pernicious lattice deformation and reinforcing the ion-storage framework. Adjusting the initial charge current density from 0.2 C to 2 C improves reversible capacity by 20% and extends cycle life by more than 36%. This approach can also be extended to other electrode systems, providing insights for more-efficient battery production.",nature_html
A 98-qubit trapped-ion quantum computer with all-to-all connectivity,https://www.nature.com/articles/s41586-026-10676-4,,Nature,2026-06-17 00:00:00+00:00,10.1038/s41586-026-10676-4,Justin G. Bohnet,,"Quantum computers require both high-fidelity operations and large qubit numbers to surpass classical capabilities1. Trapped-ion platforms have demonstrated the highest gate fidelities of any modality2,3,4,99.99% fidelity without ground-state cooling. Preprint at https://arxiv.org/abs/2510.17286 (2025)."" href=""#ref-CR5"" id=""ref-link-section-d3380737e2448_3"">5,6 but scaling to larger qubit numbers while preserving performance has remained a central challenge. We report on Quantinuum Helios, a 98-qubit trapped-ion quantum processor based on the quantum charge-coupled device (QCCD) architecture7. Helios features 137Ba+ hyperfine qubits8, \frac{1}{2}$$ I > 1 2 . Phys. Rev. Lett. 129, 130501 (2022)."" href=""/articles/s41586-026-10676-4#ref-CR9"" id=""ref-link-section-d3380737e2467"">9, all-to-all connectivity enabled by a rotatable ion storage ring connecting two quantum operation regions by a junction10,11, speed improvements from parallelized operations12 and a new software stack with real-time compilation of dynamic programs13. Averaged over all operational zones in the system, we achieve average infidelities of 2.5(1) × 10−5 for single-qubit (1Q) gates, 7.9(2) × 10−4 for two-qubit (2Q) gates and 3.3(5) × 10−4 for state preparation and measurement (SPAM), none of which are fundamentally limited and probably able to be improved. These component infidelities are predictive of system-level performance in both random Clifford circuits and random circuit sampling (RCS), the latter demonstrating that Helios operates well beyond the reach of classical simulation and establishes a new frontier of fidelity and complexity for quantum computers14.",nature_html
Structure of the pre-initiation complex explains CMGE biogenesis,https://www.nature.com/articles/s41586-026-10657-7,,Nature,2026-06-17 00:00:00+00:00,10.1038/s41586-026-10657-7,Alessandro Costa,,"When cells enter S phase, bidirectional DNA replication is initiated through the kinase-regulated recruitment of three activators (Cdc45, GINS and Pol ε) to a duplex-DNA-loaded double hexamer of minichromosome maintenance (MCM) ATPases. Together, these proteins form two CMGE helicases that establish divergent replication forks as they become separated1. Here, to gain an understanding of CMGE biogenesis, we reconstituted the pre-initiation complex with purified yeast proteins. The cryo-electron-microscopy structure shows a set of firing factors caught in the act of assembling two symmetrical CMGEs. We show how stepwise complex formation reshapes MCM in preparation for DNA opening, and we explain how ATP promotes firing-factor ejection and CMGE maturation. We find that although Sld2 facilitates the recruitment of GINS to MCM, as expected, it also aids the efficient separation of the CMGE dimer, and is essential for the ejection of the lagging strand from MCM. These findings have direct implications for our understanding of the metazoan Sld2 orthologue, RECQL4, and point to a replication-fork establishment mechanism that is conserved across eukaryotes.",nature_html
A distant brown dwarf coplanar to a warm Jupiter and a hot super-Earth,https://www.nature.com/articles/s41586-026-10586-5,,Nature,2026-06-17 00:00:00+00:00,10.1038/s41586-026-10586-5,Petr Kabath,,"In transiting planetary systems, in which planetary sizes are accurately determined from transit observations, the presence of transit-timing variations1 (TTVs), especially when combined with radial velocity (RV) data, provides powerful constraints on masses and orbital eccentricities. Together, these measurements offer crucial insights into system architecture, formation mechanisms and dynamical evolution. We present long-term RV and transit/TTV monitoring of the relatively young star (age approximately 1 Gyr) TOI-201, revealing an exceptional multi-planet system composed of a hot super-Earth (SE) size planet transiting every 5.8 days, a warm Jupiter (WJ) on a 53-day orbit and an eccentric (e = 0.62) low-mass brown dwarf (BD) on an approximately 8-year orbit, with an estimated mass MBD of about 16 Jupiter masses. The BD is the longest-period transiting substellar object ever characterized by means of RVs and the only one known to be coplanar with inner planets. The architecture of this system suggests that the SE was formed isolated and in the innermost region of the gaseous disk. On the other hand, the orbital configuration of the outer companions suggests a nearly in situ formation of both objects, with the WJ forming in a dense inner disk. Alternatively, the BD might have formed farther out and migrated inward, while increasing its eccentricity owing to interactions with the disk.",nature_html
Optical fibre gripper for high-performance 3D micromanipulation,https://www.nature.com/articles/s41586-026-10673-7,,Nature,2026-06-17 00:00:00+00:00,10.1038/s41586-026-10673-7,Dong Wu,,"Optical tweezers offer precise, non-contact control, but operate in a limited force regime and impose strict requirements on the characteristics of the targets as well as the environmental conditions1,2,3,4. Millimetre-scale mechanical tweezers can offer higher gripping force but are not suitable for precise manipulations5,6,7,8,9,10,11. Integrating microgrippers directly at the optical fibres provides a new approach for precise micromanipulation. However, existing fibre-integrated tweezers still face challenges in achieving high-performance manipulation of micro-objects (for example, single cells) within narrow spaces, mainly due to simplified architectures, constrained designs and millimetre-scale footprints12,13,14. Here we report a three-dimensional (3D) optical fibre gripper (OFG), which is fabricated by two-step, two-photon polymerization. The OFG consists of rigid photoresist microclaws and soft thermoresponsive hydrogel muscle doped with silver nanoparticles, and its size is only 38 × 38 × 61 μm3. The OFG exhibits a force-to-mass ratio of about 340 μN mg−1, outperforming previously reported fibre-integrated tweezers by one to two orders of magnitude. The OFG can manipulate opaque particles, irregular micromechanical components and diverse single-cell types. We further demonstrated its potential in 3D microassembly of complex microdevices (bearings, shafts and gearboxes) and biomimetic sampling in the narrow environment (",nature_html
Confined migration induces non-lethal DNA damage in developing neurons,https://www.nature.com/articles/s41586-026-10648-8,,Nature,2026-06-17 00:00:00+00:00,10.1038/s41586-026-10648-8,Mineko Kengaku,,"Migratory cells tend to have soft nuclei that deform and penetrate narrow spaces1,2. Extensive nuclear deformation during migration can cause nuclear-envelope rupture and DNA damage in cancer cells, which may contribute to malignant transformation during tumour progression3,4,5,6. However, the importance of DNA damage in physiological migration is less well understood. Here we demonstrate that the migration of neurons in developing cerebral and cerebellar cortices is accompanied by massive DNA double-stranded breaks (DSBs) due to mechanostress during passage through narrow interstitial spaces. In contrast to many other migratory cells, these DSBs occur without detectable nuclear envelope rupture. Confined migration increases topoisomerase-IIβ covalently bound DSBs, and these lesions are repaired through non-homologous end-joining during brain development without causing cell death. Genome sequencing revealed that DSBs tend to occur at transcriptionally inactive regions. The deletion of ligase IV at the onset of neuronal migration leads to persistent DSB accumulation in cerebellar neurons with moderate transcriptional changes in genes related to synaptic function, neuronal development and stress and immune responses. The mutant mouse develops mild motor deficits in later life, suggesting that the DNA damage generated during normal brain development poses a potential disease risk if left unrepaired.",nature_html
Emergent decadal predictability in Antarctic contribution to sea-level rise,https://www.nature.com/articles/s41586-026-10614-4,,Nature,2026-06-17 00:00:00+00:00,10.1038/s41586-026-10614-4,Hélène Seroussi,,"Despite large uncertainties associated with future mass loss from the Antarctic Ice Sheet, ice-sheet models show that the rate of sea-level rise from Antarctic ice loss in 2025 is strongly predictive of the rate for the next several decades, regardless of emission pathway or model complexity. This finding is robust across all models that were considered in the Intergovernmental Panel on Climate Change Sixth Assessment Report global mean sea-level projections, including the low-likelihood, high-impact scenarios of sea-level rise. Given this strong near-term decadal predictability, ice-sheet models that can accurately reproduce present-day ice-mass loss provide a reliable basis for near-term sea-level planning and adaptation through to mid-century. The predictability breaks down by the end of the twenty-first century as feedbacks, such as those related to marine ice-sheet retreat, begin to emerge, leading to accelerating ice loss. Drawing on these results, we identify key feedback mechanisms that can account for the transition between near-term decadal predictability and the longer-term, feedback-driven evolution, and suggest priorities for ice-sheet model development aimed at resolving long-term sea-level rise uncertainty.",nature_html
DNA from hunter-gatherer teeth reveals secrets of ancient plague,https://www.nature.com/articles/d41586-026-01941-7,,Nature,2026-06-17 00:00:00+00:00,10.1038/d41586-026-01941-7,Nick Petrić Howe,,"Analysis shows evidence of deadly outbreaks 5,500 years ago — plus, a prototype dark-matter detector. Hear the biggest stories from the world of science | 17 June 2026",nature_html
The brain region that could provide a cognitive ‘reservoir’ in old age,https://www.nature.com/articles/d41586-026-01870-5,,Nature,2026-06-17 00:00:00+00:00,10.1038/d41586-026-01870-5,,,Having a greater tissue volume in some parts of the cerebellum is linked to higher scores on cognitive tests. Having a greater tissue volume in some parts of the cerebellum is linked to higher scores on cognitive tests.,nature_html
Fiery data hint that controlled forest fires benefit human health,https://www.nature.com/articles/d41586-026-01868-z,,Nature,2026-06-17 00:00:00+00:00,10.1038/d41586-026-01868-z,,,Analysis of wildfire in California suggests a net reduction in exposure to blaze-related air pollution. Analysis of wildfire in California suggests a net reduction in exposure to blaze-related air pollution.,nature_html
Towards Conversational AI for Disease Management,https://www.nature.com/articles/s41586-026-10764-5,,Nature,2026-06-17 00:00:00+00:00,10.1038/s41586-026-10764-5,Mike Schaekermann,,"While large language models (LLMs) have shown promise in diagnostic dialogue1, their capabilities for effective management reasoning—including disease progression, therapeutic response, and safe medication prescription—remain under-explored. We advance the previously demonstrated diagnostic capabilities of the Articulate Medical Intelligence Explorer (AMIE)1−3 through a new LLM-based agentic system optimized for multi-visit clinical management and dialogue. To ground its reasoning in authoritative clinical knowledge, AMIE leverages Gemini’s long-context capabilities4, combining in-context retrieval with structured reasoning to align its output with up-to-date clinical practice guidelines and drug formularies. In a randomized, blinded virtual Objective Structured Clinical Examination (OSCE) study, AMIE was compared to 21 primary care physicians (PCPs) across 100 multi-visit case scenarios designed to reflect UK NICE Guidance and BMJ Best Practice guidelines. AMIE was non-inferior to PCPs in management reasoning as assessed by specialists and scored better in both preciseness of treatments and investigations, and in its alignment with and grounding in clinical guidelines. To benchmark medication reasoning, we developed RxQA, a multiple-choice question benchmark derived from two national drug formularies (US, UK) and validated by board-certified pharmacists. Though AMIE and PCPs both benefited from the ability to access external drug information, AMIE outperformed PCPs on higher difficulty questions. While further research would be needed before real-world translation, AMIE’s strong performance across evaluations marks a significant step towards conversational AI as a tool in disease management.",nature_html
iSCORE-PD: an isogenic stem cell collection to research Parkinson’s disease,https://www.nature.com/articles/s41467-026-74355-8,,Biological sciences : Nature Communications subject feeds,2026-06-17 00:00:00+00:00,,Frank Soldner,,"Genome-edited human pluripotent stem cells (hPSCs) provide a powerful platform to study complex diseases such as Parkinson’s disease (PD). Here, we describe iSCORE-PD, an isogenic collection of 65 genome-edited hPSC lines carrying disease-causing or high-risk variants in 11 PD-linked genes (SNCA, PRKN, PINK1, DJ1/PARK7, LRRK2, ATP13A2, FBXO7, DNAJC6, SYNJ1, VPS13C, and GBA1). All lines are derived from a well-characterized female hESC line and subjected to extensive quality control. Whole-genome sequencing reveals that genetic variation between lines, largely confined to non-coding regions, is minimal relative to inter-individual differences in patient-derived hiPSCs, with most variation arising from random mutations acquired during cell culture rather than genome-editing-induced off-target effects. Including multiple independently derived clones per mutation can control for this random genetic drift. Our systematic approach ensures high quality of this publicly available iSCORE-PD resource, highlights the advantages of prime editing over conventional CRISPR/Cas9 methods, and establishes best practices for generating disease-modeling hPSC collections.",nature_html
A prototype differential atom interferometer for fundamental physics,https://www.nature.com/articles/s41586-026-10617-1,,Nature,2026-06-17 00:00:00+00:00,10.1038/s41586-026-10617-1,M. G. D. van der Grinten,,"Gravitational waves and ultralight dark matter are among the most compelling frontiers in fundamental physics, motivating proposals for very-long-baseline atom interferometerssuch as AION1, MAGIS2, AICE3 and AEDGE4 that aim to detect at frequencies at which ground-based5 and space-borne6 laser interferometers lose sensitivity. Very-long-baseline atom interferometers look for signals by comparing the quantum phase evolution of widely separated atomic ensembles interrogated by a common laser. However, their performance depends critically on suppressing noise sources, particularly laser phase noise. The experimental validation of such noise rejection remains an important challenge. Here we demonstrate a prototype differential atom interferometer based on the single-photon clock transition of fermionic 87Sr. Thus, we obtain a gradiometer configuration with a species intrinsically suited to kilometre-scale and space-baseline operation. The instrument operates at the standard quantum limit7 with no excess noise beyond atom shot noise. The differential configuration maintains quantum-limited sensitivity in the presence of several radians of artificially injected laser phase noise per shot, which emulates the conditions expected in a very-long-baseline atom interferometer. We also demonstrate the recovery of coherent oscillatory signals across a broad frequency range under fully phase-randomized conditions, a capability that is inaccessible to a single interferometer operating in the same regime. These results provide an experimental validation of the noise-immune measurement principle underlying very-long-baseline atom interferometers and mark an important step towards next-generation quantum sensors for gravitational-wave detection and searches for ultralight dark matter8,9.",nature_html
Daily briefing: The proteins that protect us from deadly mutations,https://www.nature.com/articles/d41586-026-01960-4,,Nature,2026-06-17 00:00:00+00:00,10.1038/d41586-026-01960-4,Flora Graham,,"Proteins that ‘buffer’ the effects of mutations could help to treat diseases such as cancers. Plus, goats can follow human voices and the battle over a key ocean observatory project in the United States. Proteins that ‘buffer’ the effects of mutations could help to treat diseases such as cancers. Plus, goats can follow human voices and the battle over a key ocean observatory project in the United States.",nature_html
Operando microscopy for neuromorphic hardware,https://www.nature.com/articles/s41563-026-02629-z,,Nature Materials,2026-06-17 00:00:00+00:00,10.1038/s41563-026-02629-z,Shriram Ramanathan,,"Microscopy techniques can uncover the physical properties and dynamic behaviours of materials, driving the discovery of emergent phenomena and guiding the design of next-generation computing hardware. As artificial intelligence becomes pervasive, the demand for high-performance materials to support sustainable information technologies is growing. This Review highlights state-of-the-art imaging from electron and X-ray to optical techniques to probe the dynamics of neuromorphic materials, including operando characterization of devices. We examine design principles for neuromorphic materials, along with obstacles that hinder their development. Emphasis is placed on spatially and temporally resolved approaches that capture state changes including phase transitions, ferroic switching and spin-wave propagation that emulate biological components such as neurons, synapses and their connectivity. We discuss challenges in operando characterization and the integration of artificial intelligence-driven analysis for feedback-guided material discovery. Finally, we outline opportunities for real-time imaging of neuromorphic systems, paving the way towards adaptive, brain-inspired hardware.",nature_html
Probing non-ergodicity and symmetry via direct measurement of coherent scattering in a shaken rotor,https://www.nature.com/articles/s41467-026-74302-7,,Physical sciences : Nature Communications subject feeds,2026-06-17 00:00:00+00:00,,D. Guéry-Odelin,,"The Coherent Backscattering (CBS) peak is a well-known interferential signature of weak localization in disordered or chaotic systems. More recently, a second interference feature—the Coherent Forward Scattering (CFS) peak—was predicted to emerge in the regime of strong localization. However, it has never been directly observed. Here we report the direct observation of the CFS peak and demonstrate its dual role as a signature of non-ergodicity and as a probe of symmetries in quantum chaotic systems. Using a shaken rotor model realized with a Bose-Einstein condensate (BEC) of ultracold atoms in a modulated optical lattice, we investigate dynamical localization in momentum space. The CFS peak emerges in the position distribution as a consequence of non-ergodic dynamics, while its growth timescale and width reveal the underlying localization length. By finely tuning the modulation, we control time-reversal and parity symmetries and measure their distinct effects on both CBS and CFS peaks in position space. Our results highlight the strong link of both temporal growth and contrast of the coherent scattering peaks with symmetry and localization. This work opens several perspectives for investigating coherent scattering signatures in a many-body context.",nature_html
Mitochondrial protein OPA3 sustains cardiac function by regulating calcium handling in male mice,https://www.nature.com/articles/s41467-026-73991-4,,Biological sciences : Nature Communications subject feeds,2026-06-17 00:00:00+00:00,,Xiyuan Lu,,"Heart failure (HF) is a growing global health burden characterized by impaired cardiac contractility and progressive remodeling, driven in part by disrupted Ca2+ handling and mitochondrial dysfunction. However, the molecular mechanisms coordinating these processes remain incompletely understood. Here we showed that OPA3 was decreased in both human and murine HF. Cardiomyocyte-specific deletion of Opa3 in male mice led to the progressive dilated cardiomyopathy (DCM), accompanied by impaired myocardial function, calcium cycling and mitochondria function. Mechanistically, OPA3 forms multimers that are required for its interaction with phospholamban (PLN), thereby maintaining sarcoplasmic reticulum (SR) Ca2+-ATPase (SERCA2a) activity and Ca2+ handling. OPA3 is localized to the mitochondrial outer membrane, and its absence impaired mitochondrial function. Cardiomyocyte-specific overexpression of Opa3 improved cardiac dysfunction in both pressure overload- and doxorubicin-induced HF models. Our data define a critical role of OPA3-PLN-SERCA2a axis that regulates both mitochondria and SR function, representing a potential therapeutic target for HF.",nature_html
Molecular diffusion enhanced performance evaluation of metal-organic frameworks for CO2 capture,https://www.nature.com/articles/s41467-026-73904-5,,Physical sciences : Nature Communications subject feeds,2026-06-17 00:00:00+00:00,,Mathias B. Steiner,,"Molecular diffusion is a fundamental property that limits the performance of solid sorbents in carbon dioxide capture and separation applications. Unique to each sorbent, gas diffusion is determined by the physical and chemical interactions that occur between the gas molecules and a sorbent’s surface atoms. At the process level where carbon dioxide capture performance is validated, however, simulations are typically carried out using generalized parameters that omit the structure-specific, molecular kinetics occurring in each sorbent. Here, we report process-scale simulations of carbon dioxide capture performance in metal-organic frameworks (MOF) informed by molecular adsorption predictions that represent the unique structural properties of each MOF. By evaluating a total of 10,143 MOFs for post-combustion carbon dioxide capture, we demonstrate how the inclusion of the material-specific, molecular diffusion dynamics alters their simulated, process-level performance. The method could be applied to evaluate a broader class of solid sorbents, including covalent organic frameworks and zeolites.",nature_html
IDH1-R132H enhances oncolytic HSV-1 therapy by facilitating viral entry and immune activation in glioma,https://www.nature.com/articles/s41467-026-73974-5,,Biological sciences : Nature Communications subject feeds,2026-06-17 00:00:00+00:00,,Charles H. Cook,,"Oncolytic virotherapy represents a promising yet under-explored approach for precision cancer treatment, particularly when tailored to tumor-specific molecular profiles. Patients with high-grade isocitrate dehydrogenase (IDH) mutant astrocytomas have limited treatment options and poor prognoses. Here, we investigate the therapeutic efficacy of rQNestin34.5 v.2 (CAN-3110), an engineered oncolytic herpes simplex virus 1 (oHSV-1), in IDH1-R132H-mutant diffuse gliomas. We demonstrate that the IDH1-R132H mutation enhances glioma susceptibility to viral infection through upregulation of Nectin-1, the main HSV-1 entry receptor. Concurrently, IDH1-R132H-driven DNA hypermethylation suppresses interferon (IFN) signaling, creating a permissive microenvironment that facilitates viral replication and tumor cell apoptosis. In immunocompetent murine glioma models, intratumoral administration of rQNestin34.5 v.2 induces robust antitumor immune activation, including increased immune infiltration and systemic IFN-γ release. However, elevated expression of poliovirus receptor (PVR) and the immune checkpoint T-cell immunoreceptor with immunoglobulin and ITIM domain (TIGIT) on tumor-infiltrating leukocytes suggests a potential resistance mechanism to virotherapy. Combining rQNestin34.5 v.2 with TIGIT blockade enhances therapeutic efficacy compared to monotherapy, identifying IDH1-R132H as a potential predictive biomarker for oncolytic virotherapy response.",nature_html
Guide RNA reprogramming facilitates minimized tracrRNA-dependent off-target and versatile CRISPR/Cas9 engineering,https://www.nature.com/articles/s41467-026-74520-z,,Biological sciences : Nature Communications subject feeds,2026-06-17 00:00:00+00:00,,Yunbo Qiao,,"While innovative, current CRISPR-Cas9 systems face safety concerns and practical hurdles, notably sequence-independent, noncanonical off-targeting. We demonstrate that the crRNA:tracrRNA duplex in guide RNAs (gRNA) is both splittable and reprogrammable. This property, however, enables endogenous RNAs with crRNA-like sequences to hijack any gRNAs, causing low-frequency yet pervasive tracrRNA-dependent off-target (TDO) effects. Using machine learning trained on high-throughput gRNA variant screens, we derive optimal gRNA-designing rules and engineer crRNA variants mismatched to the human/mouse transcriptomes, thereby minimizing TDO. By leveraging splittability and reprogrammability, we develop reprogrammable tracrRNAs for CRISPRa-based mRNA detection and redesign scaffolds to curb PAM-less Cas9-mediated “self-editing”. We further create a separately expressed gRNA (segRNA) platform featuring split tracrRNAs and non-repetitive tandem crRNAs, enabling multiplexed editing of up to six genes and functional enhancer annotation in stem cells. Our findings uncover a previously overlooked off-target mechanism and offer versatile strategies to enhance the safety and utility of CRISPR systems.",nature_html
Intermediate accumulated upon interruption of fatty acid oxidation flux promotes tumoral ferroptosis and improves immunotherapy,https://www.nature.com/articles/s41467-026-74430-0,,Biological sciences : Nature Communications subject feeds,2026-06-17 00:00:00+00:00,,Weimin Wang,,"Therapeutic strategies targeting cancer metabolism are advancing rapidly. However, perturbing distinct nodes within the same metabolic pathway often yields divergent outcomes. Ferroptosis, a metabolic cell death driven by lipid peroxidation, has garnered attention for potentiating antitumor immunity. Here, we demonstrate that interruption of fatty acid oxidation (FAO) at hydroxyacyl-CoA dehydrogenase (HADHA) node promotes tumoral ferroptosis, whereas targeting upstream enzymes does not. HADHA inhibition causes accumulation of hydroxylated C18 (C18-OH) acylcarnitine to exacerbate mitochondrial lipid peroxidation. In vivo, HADHA ablation or acylcarnitine C18-OH supplementation suppresses tumor growth, enhances antitumor T-cell immunity, and potentiates PD-1 blockade therapy. Clinically, elevated plasma acylcarnitine C18-OH correlates with improved prognosis and immunotherapy response in lung cancer patients. Trimetazidine, an approved anti-ischemic drug and HADHA inhibitor, similarly delays tumor progression and augments immunotherapy. Together, our findings identify HADHA as a ferroptosis regulator and offer a clinically actionable strategy to enhance ferroptosis and immunotherapy through metabolic intervention.",nature_html
Phospholipid-independent biogenesis and function of the RP4 conjugation pilus,https://www.nature.com/articles/s41467-026-74409-x,,Biological sciences : Nature Communications subject feeds,2026-06-17 00:00:00+00:00,,Konstantinos Beis,,"Bacterial conjugation, the process of horizontal gene transfer between bacteria, is initiated by mating pair formation (MPF) via a conjugative pilus. Conjugation of the IncP RP4 plasmid is mediated by short mating pili. Here, we report the cryo-EM structure of the RP4 pilus at 2.74 Å resolution. Uniquely, both the structural and quantitative mass spectral analyses revealed that the cyclic TrbC pilin subunit is not lipidated. Consistently, an E. coli pgsA mutant lacking phosphatidylglycerol (PG) can serve as a donor of RP4 but not of F- (pKpQIL), H- (R27) or W- (R388) pili, whose biogenesis and DNA transfer is PG-dependent. RP4 is the first example of a lipid-independent functional mating pilus. This discovery suggests that an amphipathic lipid moiety is not universally essential for the biogenesis of conjugative pili and MPF, providing an alternative model for their assembly and function. These data expand our understanding of the diverse bacterial mechanisms employ to transfer genetic material.",nature_html
Epithelial cell extrusion underlies starvation-induced cell loss in a sea anemone,https://www.nature.com/articles/s41467-026-74437-7,,Biological sciences : Nature Communications subject feeds,2026-06-17 00:00:00+00:00,,Patrick R. H. Steinmetz,,"Epithelia likely predate the last common animal ancestor, yet the evolutionary origin and nutritional regulation of epithelial remodelling remain poorly understood. Here, we show that extensive, starvation-induced cell loss in the sea anemone Nematostella vectensis is associated with epidermal cell extrusion. This process involves formation of a rosette-like arrangement in which an apoptotic, extruding cell is surrounded by a phospho-ERK1/2-positive ring of cells, accompanied by basal translocation of adherens junction components. Combining chemical perturbations with computational quantification of extrusion and cell density, we show that apoptosis is necessary but not sufficient for rosette formation, and that ERK1/2 signalling limits epidermal extrusion density. Furthermore, we find increased extrusion activity during starvation, and potential nutrient recycling via phagocytosis of extruded cells. Together, our findings indicate that epithelial cell extrusion has physiological roles in sea anemones and that its key hallmarks are likely evolutionarily ancient, predating the last common cnidarian-bilaterian ancestor.",nature_html
Structure of core assembly of the Clostridioides difficile germinosome,https://www.nature.com/articles/s41467-026-74264-w,,Biological sciences : Nature Communications subject feeds,2026-06-17 00:00:00+00:00,,Shahriar Mobashery,,"The germinosome is the machinery of Clostridioides difficile that sets in motion the process of spore germination to vegetative bacteria. Three highly-regulated proteins—CspA, CspB and CspC—serve as key instigators of germination. We report that CspA and CspB exist independently as homodimers in solution. In the presence of CspC, a picomolar complex of CspA:CspC forms. Furthermore, we document that CspA binds to the germinant, taurocholate, and that the complex CspA:CspC:taurocholate serves as the receptor for glycine, the co-germinant. We report high-resolution X-ray and cryo-EM structures for the three proteins, and for the CspA:CspC:taurocholate complex. These structures show how the CspA:CspC heterodimer recognizes taurocholate and reveal that specific structural features in the three Csp proteins avoid the recognition of the germinant by homodimers. Remarkably, the homodimer of CspB organizes itself in a supramolecular fibril assembly comprised of a three-stranded right-handed superhelix. These proteins are targets for interference with the transition from spore to the vegetative form of C. difficile.",nature_html
Sequence redesign of glycosyltransferases for enhanced heterologous expression and glycosylation efficiency in Escherichia coli,https://www.nature.com/articles/s41467-026-74506-x,,Biological sciences : Nature Communications subject feeds,2026-06-17 00:00:00+00:00,,Yifei Zhang,,"Heterologous expression of enzymes from higher organisms limits the construction of microbial cell factories for natural product biosynthesis. Here we develop a ProteinMPNN-based sequence redesign strategy, guided by essential structural features and evolutionary conservation, to improve the bacterial expression of heterologous enzymes. Applied to two plant glycosyltransferases, TOGT and UGT84A56, for esculetin glycosylation, this strategy generates extensively redesigned variants with markedly enhanced soluble expression and catalytic activity in Escherichia coli. In vitro enzyme assays and in vivo whole-cell conversions show consistent improvements, outperforming conventional solubility-enhancing strategies. Molecular simulations suggest that the improved performance arises from global optimization of hydrophobic and hydrophilic residue exposure while preserving productive substrate-binding interactions. Fed-batch fermentation achieved titers of 2.11 g/L cichoriin and 4.05 g/L aesculin. This work establishes a generalizable route for converting difficult-to-express eukaryotic enzymes into efficiently expressible and functional variants, thereby expanding the enzymatic toolbox for microbial cell factory construction.",nature_html
Engineering a robust and autonomous biological funneling for efficient valorization of lignin-related aromatics,https://www.nature.com/articles/s41467-026-74424-y,,Biological sciences : Nature Communications subject feeds,2026-06-17 00:00:00+00:00,,Qian Wang,,"Lignin-related aromatics are promising renewable feedstocks, but their microbial conversion into useful compounds is fundamentally constrained by substrate toxicity and metabolic flux imbalance. Here, we report an autonomous microbial system in Corynebacterium glutamicum, which integrates evolutionary engineering with multiplexed dynamic control to overcome these constraints. This system features a robust, evolved chassis with reinforced cellular defenses and upgraded aromatic efflux machinery. We engineer a layered, multi-input regulatory network that enables real-time, substrate-responsive and precise control of metabolic pathways. This system achieves 99.89% conversion of diverse lignin-related aromatics to protocatechuic acid and subsequently achieves a titer of 53.40 g L⁻¹. This further supports high-titer production of value-added downstream chemicals, including cis,cis-muconic acid and β-ketoadipic acid with titers of 51.90 g L⁻¹ and 38.33 g L⁻¹, respectively. This work establishes a versatile and scalable paradigm for the autonomous bioprocessing of lignin feedstocks into sustainable value-added products.",nature_html
Efficient preservation of old methane-derived organic carbon in deep-sea surface sediments,https://www.nature.com/articles/s41467-026-74250-2,,Earth and environmental sciences : Nature Communications subject feeds,2026-06-17 00:00:00+00:00,,David J. Burdige,,"Methane released from the subseafloor is significantly attenuated during upward migration, yet the preservation of methane-derived organic carbon (OC) in global deep-sea sediments remains poorly understood. Here, we measured carbon isotopes coupled with temperature-ramped analyses on various methane seepage sediments. Our results reveal a correlation between the radiocarbon (14C) content in deep-sea surface sediments and sulfate-methane transition depth. Notably, our findings suggest that a substantial amount of 14C-depleted OC may originate from deep-seated methane and is efficiently preserved in surface seepage sediments. We propose that the efficient OC preservation is related to microbial-mediated aggregate formation at the seawater-sediment interface, where physical occlusion within coarse-grained matrices reduces oxygen availability and enhances OC stability. We estimate that at least 6 Tg C of methane-derived OC are preserved annually in surface sediments of the global continental slopes. This process may play a non-negligible role in OC preservation in sediments, reducing methane emission into the atmosphere.",nature_html
Pulsed-electron illumination does not reduce beam damage for imaging biological macromolecules,https://www.nature.com/articles/s41467-026-74316-1,,Physical sciences : Nature Communications subject feeds,2026-06-17 00:00:00+00:00,,Henning Stahlberg,,"Radiation damage remains a fundamental limitation in cryo-electron microscopy (cryo-EM), constraining the total electron dose that can be used and thus limiting high-resolution imaging of biological specimens. Recent studies have proposed that temporally structured or pulsed electron beams could reduce radiation damage by allowing time for energy dissipation between individual electron interactions. To evaluate this hypothesis, we present a systematic investigation using a radiofrequency (RF) driven 300 kV Titan Krios microscope equipped with a cold field emission gun (c-FEG) to generate pulsed electron beams for specimens under cryogenic conditions. We compare radiation damage in three representative samples: paraffin 2D crystals, bacteriorhodopsin (purple membrane) 2D crystals, and plunge-frozen tobacco mosaic virus (TMV) in vitreous ice, under both pulsed and conventional ( = random) illumination, while keeping all other imaging conditions constant. Radiation damage is quantified by tracking the decay of computed diffraction intensities to determine the critical dose (Ne). We observe no statistically significant difference in critical dose between pulsed and random illumination across all 3 samples. Our findings provide a critical reference point for future development and evaluation of temporally modulated electron sources in cryo-EM instrumentation.",nature_html
Resolving intrinsic dislocation structure in perovskite crystals using pulsed electron beam with atomic resolution,https://www.nature.com/articles/s41467-026-74440-y,,Physical sciences : Nature Communications subject feeds,2026-06-17 00:00:00+00:00,,Fu-Rong Chen,,"Plasticity is critical for processing semiconductors and ceramics and advancing flexible, deformable electronics. Perovskites like CsPbX3 (X = Cl, Br, I) and SrTiO3 exhibit remarkable room-temperature plasticity through {110} 1&#x00AF;"" role=""presentation"">1¯\bar{{{\boldsymbol{1}}}}0> dislocations, yet their atomic structures remain unresolved. While theoretical models predict mobile, glide-dissociated dislocations, scanning transmission electron microscopy (STEM) observations often reveal sessile, climb-dissociated structures, inconsistent with their plasticity and high-temperature climb requirements. Here, employing electrostatic dose modulator (EDM)-based pulsed electron beams that maintain the original sub-angstrom resolution, we successfully resolved intrinsic, glide-dissociated dislocations in perovskites at atomic level. The beam-off intervals allow beam-induced point defects to recombine, thereby truncating the sustained period of peak defect concentrations. Switching to continuous beams instead triggers glide-to-climb transitions, where the climbed structures depend on core chemistry: anion-terminated dislocations form compact structures, while cation-terminated ones are extended. These findings elucidate the intrinsic dislocation structures and deformation mechanisms in perovskites, offering insights to other semiconductors/ceramics show similar climb-dissociation, like Al2O3. The EDM-based pulsed beam technique enables non-destructive, atomic-scale observation of beam-sensitive materials, also establishes a versatile platform for active nanostructure modulation, holding great potential for semiconductor defect engineering.",nature_html
Room-temperature ferroelectricity in NaNbO3 membrane,https://www.nature.com/articles/s41467-026-74642-4,,Physical sciences : Nature Communications subject feeds,2026-06-17 00:00:00+00:00,,Bao-Wen Li,,"Sodium niobate (NaNbO3), traditionally recognized as an antiferroelectric material, has garnered significant attention for its potential in energy storage, electromechanical devices, and electrocaloric applications. Central to unlocking its full potential is precise control over its ferroic orders, particularly the transition between antiferroelectric and ferroelectric phases. In this study, we propose a topochemical conversion strategy for fabricating pure ferroelectric NaNbO3 membranes with a P21ma orthorhombic phase regardless of membrane thickness. Using Scanning transmission electron microscopy, we identify two distinct regions with large ( > 10°) or small ( 3 membranes. Polarization analyses in these regions reveal that the ferroelectricity originates from the out-of-plane displacement of Nb5+ cations. Additionally, the pure ferroelectric NaNbO3 membranes demonstrate thickness-dependent piezoelectric enhancement, achieving a d33 value of 93.7 pm/V at 30 nm thickness, as well as pronounced resistance switching behaviors. This study introduces an innovative molten salt environment-controlled synthesis strategy, enabling efficient production of high-quality pure ferroelectric NaNbO3 membranes, and advancing their integration into next-generation functional devices.",nature_html
The confounding effects of skin colour in photoacoustic imaging,https://www.nature.com/articles/s41467-026-74380-7,,Physical sciences : Nature Communications subject feeds,2026-06-17 00:00:00+00:00,,Amit Roshan,,"Skin colour is known to confound optical devices, adversely impacting care for patients with darker skin. Photoacoustic imaging (PAI) combines optics and ultrasound for deep tissue imaging, creating a complex relationship between PAI-derived biomarkers and skin melanin concentration, yet no generalisable bias correction has been demonstrated. Drawing on a healthy volunteer cohort of 42 participants spanning Fitzpatrick types I–VI and vitiligo – the most diverse ever assembled in PAI – we characterise optical and acoustic mechanisms driving skin colour-dependent degradation in image quality and biomarker quantification. Wavelength-dependent melanin absorption causes spectral colouring, dominating at low melanin levels, while epidermal ultrasound backscattering dominates at high melanin levels, producing a non-linear relationship between unmixed sO₂ and skin tone. Leveraging this understanding, we propose a practical spectral colouring correction and adapt a plane-wave reconstruction algorithm to resolve backscattered ultrasound artefacts. Our findings underscore the need for advanced reconstruction methods to enable equitable clinical PAI.",nature_html
Linear complexions enable unprecedented ductility retention in neutron irradiated ferritic steel,https://www.nature.com/articles/s41467-026-74449-3,,Physical sciences : Nature Communications subject feeds,2026-06-17 00:00:00+00:00,,Janelle P. Wharry,,"Herein, the operando formation of Si-enriched linear complexions during neutron irradiation enables Grade 91 ferritic steel to overcome the strength–ductility tradeoff, one of the most critical life-limiting challenges facing nuclear structural alloys. Linear complexions are a distinct yet confined chemical and structural state at a dislocation, which are rarely reported in engineering alloys. Ferritic steels are amongst the most ubiquitous engineering alloys for current and future nuclear components, but they are susceptible to irradiation hardening and embrittlement. Here, exceptional ductility retention exceeding 90% of pre-irradiation levels is obtained in Grade 91 synthesized using powder metallurgy with hot isostatic pressing (PM-HIP). Powder processing artifacts promote a high density of screw dislocation arrays, on which β-FeSi2 linear complexions form due to Si segregation during irradiation. Screw dislocation dipoles undergo pinning and unpinning on linear complexions, resulting in extended yielding and significant ductility retention post-irradiation. These findings represent a significant advancement toward design of alloys and manufacturing processes that can autonomously self-regulate their microstructural resilience in-operando during irradiation, enabling exceptional ductility rather than embrittlement.",nature_html
Dynamic hydroxyl mediated charge buffering stabilizes high valence ruthenium edge sites for acidic water oxidation,https://www.nature.com/articles/s41467-026-74540-9,,Physical sciences : Nature Communications subject feeds,2026-06-17 00:00:00+00:00,,Ji-Jun Zou,,"High valence metal species are essential for driving electrocatalytic acidic water oxidation, but suffer from intrinsic thermodynamic instability. This activity-stability paradox is particularly severe for ruthenium-based catalysts, where highly active Ru(>IV) species are also precursors for rapid dissolution. Here we show that a cooperative host-guest architecture circumvents this trade-off through dynamic, hydroxyl-mediated charge buffering. By anchoring isolated ruthenium atoms at β-MnO2 edge sites, we demonstrate that host-derived surface hydroxyls govern both kinetics and robustness. These hydroxyls optimize intermediate binding to facilitate ideal O-O coupling, accelerating the reaction. Concurrently, the specific coordination environment allows the manganese host to reversibly accommodate excess oxidative charge, preventing irreversible structural degradation and ruthenium dissolution. The resulting Ru0.03Mn0.97O2 catalyst achieves a mass activity 223-fold higher than RuO2 and increases the stability number by three orders of magnitude. As an anode in a proton exchange membrane electrolyzer, it sustains an industrial-level current density of 1 A cm−2 for over 1000 h, comparing favorably to IrO2 while reducing precious metal usage by 80%.",nature_html
Transfer-printed yellow and red InGaN micro-LEDs on diamond for ultra-low-power high-speed optical interconnects,https://www.nature.com/articles/s41467-026-74151-4,,Physical sciences : Nature Communications subject feeds,2026-06-17 00:00:00+00:00,,Pengfei Tian,,"The rapid growth of computing demand requires high-speed transmission with low power consumption. Micro-light-emitting diodes (micro-LEDs), offering high modulation bandwidth, low-power operation, and array integration, are promising transmitters for next-generation interconnects. Here, we show yellow and red InGaN micro-LEDs, optimized through superlattice strain engineering and a three-period quantum well design, which were transfer-printed onto diamond, with microlenses fabricated by two-photon lithography for coupling optimization. The 20 µm yellow micro-LED achieved an electrical-to-optical bandwidth of 2850.4 MHz at 6.25 A/cm², while the 20 µm red device reached 2593.4 MHz at 50 A/cm². With on–off keying (OOK) modulation through a 1 m fiber link, 20 µm and 40 µm yellow devices achieved 1.5 Gbps at 25 µA (6.25 A/cm²) and 50 µA (3.125 A/cm²), with energy efficiencies of 0.056 pJ/bit and 0.110 pJ/bit, respectively. This study demonstrates the potential of InGaN yellow and red micro-LEDs for energy-efficient high-speed optical interconnects.",nature_html
Inequality in human development amplifies climate-related disaster risk,https://www.nature.com/articles/s41467-026-73873-9,,Scientific community and society : Nature Communications subject feeds,2026-06-17 00:00:00+00:00,,Miguel D. Mahecha,,"The impacts of climate-related disasters are shaped by the interaction between hazard intensity, exposure, and vulnerability. However, the influence of hazard intensity and within-country inequality on impact magnitudes remains poorly quantified. Here, we present a global multi-hazard study of over 7000 climate-related disasters reported by the Emergency Events Database from 1990 to 2020. Using subnational indicators, we show that human development drives major shifts in global exposure and impact patterns, with societal vulnerability outweighing hazard intensity in shaping impacts. Despite a declining share of global exposure over the past three decades, regions with low subnational Human Development Index scores experience disproportionately higher human losses across most disaster types. For instance, individuals in these regions face an 8.2-fold higher risk of fatality associated with storms (95% confidence interval: 2.16-23.06) compared to those in very high human development regions. Our findings also indicate that within-country inequality in human development exacerbates disaster risk in regions with low and medium levels of human development. These results underscore the critical role of human development in managing disaster risks and highlight the link between socioeconomic conditions and vulnerability to climate-related hazards.",nature_html
Memristive devices for memory and computing,https://www.nature.com/articles/s41563-026-02635-1,,Nature Materials,2026-06-17 00:00:00+00:00,10.1038/s41563-026-02635-1,Wei Fan,,"Abu Sebastian, a distinguished research scientist at IBM Research in Zurich, talks to Nature Materials about the opportunities and challenges of memristive devices for in-memory computing and their potential to commercialization.",nature_html
"Analysis on multi-well effects with the wellbore-aquifer coupled model on compressed air energy storage in aquifers with daily cycles in Dezhou, Shandong of China",https://www.sciencedirect.com/science/article/pii/S0306261926009050?dgcid=rss_sd_all,,ScienceDirect Publication: Applied Energy,2026-06-17 00:00:00+00:00,,Ruihui Chen,,,
Limited reach of zero-deforestation commitments to Indonesian oil palm smallholders,https://www.nature.com/articles/s41893-026-01861-4,,Nature Sustainability,2026-06-17 00:00:00+00:00,10.1038/s41893-026-01861-4,Rachael D. Garrett,,"Many companies have adopted zero-deforestation commitments (ZDCs) to remove products linked to forest loss from their supply chains. A common concern is that such policies may lead to the supply chain exclusion of smallholder farmers. Here, in this study of the Indonesian palm oil sector, we draw on surveys with 1,541 farm households and 53 interviews with supply chain actors to assess whether and how ZDCs reach non-industrial producers, including effects on market access, prices, training and village-level deforestation. We find that access to ZDC markets depends largely on location within company sourcing areas, while active exclusion appears to be limited. Certification-based engagement reaches some tied smallholders, but ZDC awareness remains low, with weak policy dissemination, limited bottom-up traceability and almost no ZDC-focused capacity building or price differentiation for producers, especially independent smallholders. Deforestation levels in villages within the sourcing areas of ZDC firms are low but similar to patterns elsewhere. These findings highlight effectiveness and equity gaps in current ZDC approaches.",nature_html
From linear to circular: review and future agenda of waste battery recycling network optimization,https://www.sciencedirect.com/science/article/pii/S030626192600886X?dgcid=rss_sd_all,,ScienceDirect Publication: Applied Energy,2026-06-17 00:00:00+00:00,,Su Xiu Xu,,,
Review of pressure compensated immersion battery systems for deep-sea power applications,https://www.sciencedirect.com/science/article/pii/S0306261926009037?dgcid=rss_sd_all,,ScienceDirect Publication: Applied Energy,2026-06-17 00:00:00+00:00,,Zhonghao Rao,,,
Unlocking giant electrobending deformation via field-aligned oxygen vacancy anchoring in textured piezoceramics,https://www.cell.com/matter/fulltext/S2590-2385(26)00238-9?rss=yes,,Matter,2026-06-17 00:00:00+00:00,10.1016/j.matt.2026.102875,Jiwei Zhai,,"The disordered defect distribution significantly limits the performance and reliability of piezoceramics. Here, a field-aligned oxygen vacancy anchoring strategy is proposed by constructing texture channels and strain mismatch, which jointly regulate the local responses and surface stress to achieve giant electrobending.",rss_cell
Land–energy nexus to assess the contribution of carbon dioxide removal in net-zero emission pathways,https://www.sciencedirect.com/science/article/pii/S030626192600869X?dgcid=rss_sd_all,,ScienceDirect Publication: Applied Energy,2026-06-17 00:00:00+00:00,,Sandrine Selosse,,,
Single-shot in situ readout of a spin qubit unit cell,https://www.nature.com/articles/s41928-026-01654-9,,Nature Electronics,2026-06-17 00:00:00+00:00,10.1038/s41928-026-01654-9,Matias Urdampilleta,,"Spin qubits based on semiconductor quantum dots can offer high coherence times and gate fidelities, and are a potential platform for quantum computation. However, scaling up the number of qubits to the level required for fault-tolerant quantum computing is challenging and will require single-shot, low-footprint qubit readout. Here we report single-shot readout of a spin qubit unit cell using in situ dispersive readout. Our compact, foundry-fabricated unit cell is composed of two electron spins with a controllable exchange interaction, and with it we demonstrate initialization, single-shot readout and a two-electron entangling gate. From exchange oscillations, we extract a spin visibility of 80.7(8)% in the coherent control of a qubit, despite a relatively small lever arm to the resonator gate (less than 0.15(5) eV V−1). We show that the unit cell can be operated at up to 1 K with low charge noise levels, extracted using free induction decay.",nature_html
Parallel enzymatic DNA synthesis using a semiconductor chip,https://www.nature.com/articles/s41928-026-01662-9,,Nature Electronics,2026-06-17 00:00:00+00:00,10.1038/s41928-026-01662-9,Donhee Ham,,"Parallelized DNA synthesis across a dense array of sites is crucial to high-throughput synthetic biology and diagnostics and could potentially be used for DNA-based data storage. Phosphoramidite synthesis can achieve substantial parallelism but relies on harmful solvents and centralized facilities. Enzymatic DNA synthesis in mild aqueous solution is safer and could be more accessible, but parallel demonstrations remain modest at an early stage. Here we show that a complementary metal–oxide–semiconductor chip can be used to perform parallel enzymatic DNA synthesis of up to 64 distinct 38–39-nucleotide sequences (10–11-nucleotide feature sequences). The chip controls an array of 256 ring-electrode pairs (each one a programmable synthesis site) that can create an arbitrary pattern of localized acidity to enable DNA deprotection and subsequent enzymatic nucleotide incorporation. We also illustrate the potential of this parallel synthesis for data storage by encoding a 169-byte text. Our mechanistic analysis shows that shifting from an indirect to a direct local-acid chemistry route could lead to higher-throughput enzymatic synthesis that can scale with the complementary metal–oxide–semiconductor chip.",nature_html
Engineering strategies toward scalable CO2-to-liquid-fuel photoelectrolysis,https://www.cell.com/joule/fulltext/S2542-4351(26)00213-8?rss=yes,,Joule,2026-06-17 00:00:00+00:00,10.1016/j.joule.2026.102529,Jr-Hau He,,"This review analyzes the engineering barriers that limit the scale-up of CO2-to-liquid-fuel photoelectrolysis. It outlines how advances in reactor architecture, illumination control, and product management could enable practical solar-to-fuel conversion systems that achieve concentrated liquid products.",rss_cell
A multimodal fusion framework for prediction of hotspot-induced photovoltaic performance loss,https://www.sciencedirect.com/science/article/pii/S0306261926008676?dgcid=rss_sd_all,,ScienceDirect Publication: Applied Energy,2026-06-17 00:00:00+00:00,,Dian-ce Gao,,,
Sorption-evaporation-based sweating passive cooling of solar PV panels: A critical review,https://www.sciencedirect.com/science/article/pii/S0306261926008664?dgcid=rss_sd_all,,ScienceDirect Publication: Applied Energy,2026-06-17 00:00:00+00:00,,Xian Li,,,
Neighbourhood design and the environmental and social costs of suburbanization,https://www.nature.com/articles/s41893-026-01842-7,,Nature Sustainability,2026-06-17 00:00:00+00:00,10.1038/s41893-026-01842-7,Arianna Salazar-Miranda,,"Are the social and environmental costs of suburbanization a consequence of where suburbs are located or of how they are designed? This paper disentangles the two by examining the role of garden city design (GCD), the dominant suburban planning paradigm for US suburbs in the twentieth century, characterized by winding streets, cul-de-sacs and hierarchical road networks. I construct a composite measure of GCD from street layouts and block configurations for over 60,000 neighbourhoods. I then estimate its effects on greenhouse gas emissions, social isolation and sedentary behaviour using ordinary least squares, propensity score matching and an instrumental-variable strategy that exploits historical waves in GCD adoption. GCD substantially worsens all three outcomes. Neighbourhood design accounts for 25–41% of the sustainability costs typically attributed to suburbanization, indicating that how suburbs are designed matters independently of where they are located.",nature_html
Hard-constraint physics-residual networks for hydrogen crossover prediction and high-pressure extrapolation in PEM water electrolysis,https://www.sciencedirect.com/science/article/pii/S0306261926008743?dgcid=rss_sd_all,,ScienceDirect Publication: Applied Energy,2026-06-17 00:00:00+00:00,,Yung-Cheol Byun,,,
Surrogate-model-based real-time dispatch optimization of SOFCs in microgrids considering degradation,https://www.sciencedirect.com/science/article/pii/S0306261926008925?dgcid=rss_sd_all,,ScienceDirect Publication: Applied Energy,2026-06-17 00:00:00+00:00,,Xi Li,,,
Artificial intelligence agents automate life-cycle assessment,https://www.nature.com/articles/s41928-026-01652-x,,Nature Electronics,2026-06-17 00:00:00+00:00,10.1038/s41928-026-01652-x,,,"Assessing the carbon emissions of an electronic device from raw material extraction to disposal requires time-intensive data collection for each component. Now, artificial intelligence agents autonomously generate life-cycle inventories for electronic devices in under a minute and estimate carbon emissions with less than 19% deviation from expert assessments.",nature_html
Precision-engineered STING agonist nanoparticles enable coordinated mucosal-systemic immunity for durable pan-β-coronavirus protection,https://www.nature.com/articles/s41565-026-02188-z,,Nature Nanotechnology,2026-06-17 00:00:00+00:00,10.1038/s41565-026-02188-z,Lu Lu,,"A major barrier in mucosal vaccine development is achieving localized immunity without systemic toxicity. Here we engineered NanoCF501, a nanoparticulate STING agonist formulated with a 2-ethyl-2-oxazoline polymer. As an adjuvant, NanoCF501 facilitates efficient mucus penetration and localized respiratory retention, minimizing systemic exposure as confirmed by pharmacokinetics in rats. In mice, intranasal co-administration of NanoCF501 (1/20th the systemic dose) with an antigen comprising multivalent fragments derived from different coronaviruses induced robust mucosal and systemic immunity, conferring protection against homologous/heterologous pan-β-coronaviruses. Single-cell transcriptomics reveals STING-dependent reprogramming of lung antigen-presenting cells, enhancing adaptive responses. Our results were further validated in non-human primates and were extended to licensed influenza vaccines, showing that NanoCF501 can be used to repurpose intramuscular antigens for mucosal delivery. By integrating nanoscale rational design with innate targeting, NanoCF501 establishes a universal adjuvant for next-generation vaccines, advancing nanomedicine for pandemic preparedness.",nature_html
Mapping the neuronal building blocks of human language with language models,https://www.nature.com/articles/s41586-026-10691-5,,Nature,2026-06-17 00:00:00+00:00,10.1038/s41586-026-10691-5,Ziv M. Williams,,"Humans can convey new and highly diverse information through language. This ability to form and combine words into elaborate phrases and sentences enables us to express inexhaustible meanings and is fundamental to human cognition1,2,3,4,5. However, understanding the microscopic cellular building blocks and cortical landscape that precisely underlie human language has remained a challenge. Here we used wide-scale single-neuronal recordings combined with natural language processing models to identify fine-grained linguistic representations across the human frontotemporal cortex during language production. We find that, whereas certain neurons represented the detailed grammatical relationships between words or their parts of speech, others tracked the sentences’ higher-order syntactic structure, their phrase transitions and sequence. Collectively, these neurons reliably captured the words’ syntactic and semantic properties but also dynamically incorporated their specific sentence contexts, therefore enabling them to encode information combinatorially and at highly granular levels of detail. We show how these cell populations were locally organized and how their microscale representations differed from that of their wider field potential patterns. We also show how these neurons were distributed broadly across the frontotemporal cortex, but how their ability to encode linguistic information was left-lateralized and varied between cortical regions. Together, these findings identify some of the most basic cellular building blocks by which linguistic information is encoded in humans and begin to define the cortical landscape of language at a combined micro (cellular), meso (local population) and macro (regional) scale.",nature_html
"Lethal plague outbreaks in Lake Baikal hunter-gatherers 5,500 years ago",https://www.nature.com/articles/s41586-026-10540-5,,Nature,2026-06-17 00:00:00+00:00,10.1038/s41586-026-10540-5,Eske Willerslev,,"Plague is among the most devastating diseases in human history1. However, early strains of the plague-causing bacterium Yersinia pestis lacked virulence factors that are required for the bubonic form until around 3,800 years ago2,3. Consequently, the morbidity and mortality of early plague strains remain unclear. Here we describe early plague strains that are associated with two phases of outbreaks among mid-Holocene hunter-gatherers near Lake Baikal in southeast Siberia, beginning from about 5,500 years ago. These outbreaks occur across four hunter-gatherer cemeteries, with a 39% detection rate for plague infection. By reconstructing kinship pedigrees, we show that small familial groups were affected, consistent with human-to-human spread of disease, and that the first outbreak occurred within a single generation. The infections appear to have resulted in acute mortality, especially among children (aged 8 to 11 years). We further note functional differences, including in the ypm superantigen locus, which is also present in present day Yersinia pseudotuberculosis. The new strains diverge ancestrally to known Y. pestis and constrain the timing of its emergence, indicating that this happened before approximately 5,700 years ago. These findings show that plague outbreaks happened earlier than previously thought and were indeed lethal. We contend that the occurrence of outbreaks among mid-Holocene hunter-gatherer communities well outside the sphere of Late Neolithic Europe challenges the notion that higher population densities and lifestyle changes during the Neolithic agricultural transition were prerequisites for plague epidemics.",nature_html
Towards autonomous medical artificial intelligence agents,https://www.nature.com/articles/s41586-026-10675-5,,Nature,2026-06-17 00:00:00+00:00,10.1038/s41586-026-10675-5,Jakob Nikolas Kather,,"Large language models (LLMs) show great potential for clinical decision-making, yet most applications remain narrow, task-specific chat tools rather than systems integrated into clinical workflows1,2. However, building physician copilots will require models that operate within the electronic health record (EHR), with governed access to patient data and the ability to initiate permitted EHR actions within defined safety constraints. Yet it remains unproven whether such a system can manage patient cases with physician-level performance. Here we show that MIRA (Medical Intelligence for Reasoning and Action), an autonomous artificial intelligence agent operating in a sandboxed EHR environment, can navigate a large clinical action space to obtain patient histories; order and interpret laboratory, imaging and microbiology tests; generate differential diagnoses; and formulate treatment plans such as prescribing medications, scheduling surgical procedures and planning admissions. In simulations on real patient cases spanning multiple diagnoses, MIRA outperformed physicians in diagnostic accuracy and made guideline-concordant, medication-safe and appropriate admission decisions. Compared with previous LLM applications that addressed isolated subtasks or provided free-text advice, these results suggest that an EHR-integrated artificial intelligence agent can turn clinical intent into structured, actionable EHR operations, possibly making it a more effective decision-support partner for physicians. Further work is needed to establish generalization, safety and governance through prospective, real-world studies.",nature_html
Optical metasurfaces for general vision processing on the edge,https://www.nature.com/articles/s41586-026-10635-z,,Nature,2026-06-17 00:00:00+00:00,10.1038/s41586-026-10635-z,Chaoran Huang,,"Large-scale artificial intelligence (AI) models achieve notable performance in computer vision but require substantial computational resources, limiting their deployment on edge devices1,2. Optical neural networks (ONNs) promise reduced latency and energy consumption by making use of the inherent parallelism of light3. However, present ONNs struggle to scale and are confined to simple tasks, owing to the challenges of replicating exact algebraic operations of digital models using physical (analogue) systems. This work introduces a new paradigm that directly embeds core computer vision principles, including similarity-based recognition, attention-guided perception and detail–context fusion, into a large-scale optical metasurface. By unifying optical physics with these computer vision fundamentals, we develop a photonic–electronic engine that overcomes scalability and generality barriers, enabling high-accuracy, general-purpose computer vision at the edge. The resulting system combines a 41-million-parameter optical metasurface front end with a co-designed, ultraefficient 87,000-parameter digital back end, outperforming many digital models with tens of millions of parameters across object detection, segmentation, 3D reconstruction and video understanding. We build a deployable prototype and demonstrate real-time edge visual processing in natural scenes. This work represents a path towards practical optical computing for general vision tasks in complex natural environments, enabling a new paradigm for low-energy, low-latency, real-time on-device vision intelligence.",nature_html
Visualizing the impact of quenched disorder on 2D electron Wigner solids,https://www.nature.com/articles/s41586-026-10654-w,,Nature,2026-06-17 00:00:00+00:00,10.1038/s41586-026-10654-w,Michael F. Crommie,,"Electron Wigner solids (WSs)1,2,3,4,5,6,7,8,9,10,11,12 provide an ideal system for understanding the competing effects of electron–electron and electron–disorder interactions, a central unsolved problem in condensed matter physics. Progress in this topic has been limited by a lack of single-defect-resolved experimental measurements as well as accurate theoretical tools to enable realistic experiment/theory comparison. Here we overcome these limitations by combining atomically resolved scanning tunnelling microscopy (STM) with neural-quantum-state quantum Monte Carlo (NQS-QMC) simulation of disordered 2D electron WSs to discover new disorder-induced physical regimes of correlated electron behaviour. STM was used to image the electron density (ne)-dependent evolution of electron WSs in gate-tunable bilayer MoSe2 (BL-MoSe2) devices with varying long-range (nLR) and short-range (nSR) disorder densities. These images were compared with NQS-QMC simulations using realistic disorder maps extracted from experiment, thus allowing the roles of different disorder types to be disentangled. We identify two distinct physical regimes for disordered electron WSs that depend on nSR. For nSR ≲ ne, the WS behaviour is dominated by long-range disorder and features extensive mixed solid–liquid phases, a new type of local re-entrant melting/crystallization and prominent Friedel oscillations. By contrast, when nSR ≫ ne, these features are suppressed and a more robust amorphous WS phase emerges that persists to higher ne, highlighting the importance of short-range disorder in this regime. Our work establishes a powerful framework for studying disordered quantum solids through a combined experimental–theoretical approach.",nature_html
Cucurbituril-based anion-conducting membranes with supramolecular nanopores,https://www.nature.com/articles/s41586-026-10666-6,,Nature,2026-06-17 00:00:00+00:00,10.1038/s41586-026-10666-6,Kai Liu,,"Nanoporous anion-conducting membranes have gained considerable interest for their potential to reduce resistance in electrochemical devices1,2,3,4. Current pore-forming methods, such as backbone engineering through polymers of intrinsic microporosity5,6 or covalent organic and metal–organic frameworks7,8, however, suffer from limited structural control, mechanical fragility or demanding synthesis. Here we establish a supramolecular strategy that overcomes these limitations by constructing uniform, dynamic nanopores. Co-assembly of the rigid macrocyclic host cucurbit[7]uril with the cationic polymer guest quaternized poly(piperidinium-terphenyl) yields a robust network of nanometre-scale channels while simultaneously enhancing mechanical and chemical stability. The dynamic host–guest interactions allow the pore structure to fluctuate on picosecond and angstrom scales. This transient environment supports low-friction hydroxide migration through a Grotthuss mechanism, producing a marked enhancement in ionic conductivity. This bottom-up design principle provides a versatile new tool for molecularly engineering transport pathways and promises to advance electrochemical reactors with respect to energy efficiency, operational stability and the production of high-purity products.",nature_html
Optimal direct interconnected expansion planning for networked-microgrids considering endogenous uncertainties,https://www.sciencedirect.com/science/article/pii/S0306261926009025?dgcid=rss_sd_all,,ScienceDirect Publication: Applied Energy,2026-06-17 00:00:00+00:00,,Hongbin Sun,,,
How the zebrafish brain weaves recent experiences into future decisions,https://www.nature.com/articles/d41586-026-01756-6,,Nature,2026-06-17 00:00:00+00:00,10.1038/d41586-026-01756-6,,,"Animals often use recent experience to guide future choices. Whole-brain imaging in larval zebrafish (Danio rerio) reveals a dedicated neural circuit that governs history-biased decisions: the thalamus maintains the most recent event as a stable pattern of neuronal activity, and the brainstem integrates recent experiences into a continuous signal that biases future action. Whole-brain calcium imaging in the zebrafish reveals how information about events in the recent past drives future behaviour.",nature_html
Freezing brain damage in its tracks: cooling drugs limit stroke injury in mice,https://www.nature.com/articles/d41586-026-01923-9,,Nature,2026-06-17 00:00:00+00:00,10.1038/d41586-026-01923-9,Edward Chen,,A two-drug combination induces hypothermia in mice by lowering metabolism and dilating blood vessels. A two-drug combination induces hypothermia in mice by lowering metabolism and dilating blood vessels.,nature_html
Oceans in Asia smash heat records — what it means for extreme weather,https://www.nature.com/articles/d41586-026-01938-2,,Nature,2026-06-17 00:00:00+00:00,10.1038/d41586-026-01938-2,Mohana Basu,,Report shows region is particularly vulnerable to the effects of climate change. Report shows region is particularly vulnerable to the effects of climate change.,nature_html
Wah-ult in the vault,https://www.nature.com/articles/d41586-026-01719-x,,Nature,2026-06-17 00:00:00+00:00,10.1038/d41586-026-01719-x,Mark Arnold,,Relics of wonder. Relics of wonder.,nature_html
Spatial distribution of the proteome in the human body and in cancers,https://www.nature.com/articles/s41586-026-10660-y,,Nature,2026-06-17 00:00:00+00:00,10.1038/s41586-026-10660-y,Tiannan Guo,,"A detailed, spatially resolved quantitative map of the human proteome is essential for a deeper understanding of human biology and disease1,2,3,4. Here we present a comprehensive human proteomic landscape, generated by profiling more than 13,000 proteins across 2,856 samples using data-independent acquisition mass spectrometry. The dataset spans 58 major tissue types, 251 specific tissue subtypes and 25 distinct carcinomas. This resource enables the depiction of spatially resolved proteome trajectories across tissue types and physiological states, including fetal, tumour, adjacent non-tumour and healthy adult tissue, thereby providing insight into both developmental processes and oncogenic progression. Furthermore, quantitative proteomics comparisons across diverse tissue types and states facilitate the indication of organ-specific toxicity, the identification of repurposable anticancer drug candidates and the prioritization of therapeutic targets for cancers. This study establishes a quantitative resource for navigating the proteome in the human body and in common cancers.",nature_html
Reconfigurable quantum computer juggles 98 qubits,https://www.nature.com/articles/d41586-026-01702-6,,Nature,2026-06-17 00:00:00+00:00,10.1038/d41586-026-01702-6,Crystal Noel,,"A quantum computer based on trapped ions can connect any two quantum bits, reaching performance levels that conventional computers cannot match. A quantum computer based on trapped ions can connect any two quantum bits, reaching performance levels that conventional computers cannot match.",nature_html
Navigating a crowded developing brain leaves neurons with broken DNA,https://www.nature.com/articles/d41586-026-01705-3,,Nature,2026-06-17 00:00:00+00:00,10.1038/d41586-026-01705-3,Christopher A. Walsh,,"As neurons migrate to their final destinations in the forming brain, their DNA gets damaged. The brain has evolved a fix, but there can be lasting consequences if repair fails. As neurons migrate to their final destinations in the forming brain, their DNA gets damaged. The brain has evolved a fix, but there can be lasting consequences if repair fails.",nature_html
The EU needs to back its ambition to end animal testing with cash,https://www.nature.com/articles/d41586-026-01882-1,,Nature,2026-06-17 00:00:00+00:00,10.1038/d41586-026-01882-1,,,The European Union has declared that it wants to stop using animals in chemical safety testing. Its goal will need a timeline and a serious funding commitment. The European Union has declared that it wants to stop using animals in chemical safety testing. Its goal will need a timeline and a serious funding commitment.,nature_html
"How the brain builds sentences, neuron by neuron",https://www.nature.com/articles/d41586-026-01922-w,,Nature,2026-06-17 00:00:00+00:00,10.1038/d41586-026-01922-w,Max Kozlov,,Neural maps reveal the specialized cells that produce speech. Neural maps reveal the specialized cells that produce speech.,nature_html
Light-controlled microgripper punches above its weight,https://www.nature.com/articles/d41586-026-01703-5,,Nature,2026-06-17 00:00:00+00:00,10.1038/d41586-026-01703-5,Harald Giessen,,A microscale gripper that can be opened and closed using light can fit into tight spaces and perform tasks linked to clinical applications. A microscale gripper that can be opened and closed using light can fit into tight spaces and perform tasks linked to clinical applications.,nature_html
The ancestors of eukaryotic cells contained a mix of genes from various microbes,https://www.nature.com/articles/d41586-026-01739-7,,Nature,2026-06-17 00:00:00+00:00,10.1038/d41586-026-01739-7,,,"Reconstruction of the ancestral gene repertoire of eukaryotic cells reveals traces of a series of close, long-term interactions with diverse microorganisms, and a role of viruses in gene exchange. The findings challenge the view that eukaryotic cells evolved from a simple merger of just two organisms. A series of gene-transfer events might have taken place in complex microbial communities.",nature_html
Should nicotine be regulated like a narcotic? A Pacific nation makes the case,https://www.nature.com/articles/d41586-026-01903-z,,Nature,2026-06-17 00:00:00+00:00,10.1038/d41586-026-01903-z,Rachel Fieldhouse,,"Existing global efforts to reduce harms caused by smoking have targeted tobacco smoking, but vapes containing nicotine are also harmful. Existing global efforts to reduce harms caused by smoking have targeted tobacco smoking, but vapes containing nicotine are also harmful.",nature_html
Synergistic Zundel–Eigen mechanism for proton transport in protic ionic liquids unraveled by machine learning force fields and NMR spectra,https://academic.oup.com/nsr/advance-article/doi/10.1093/nsr/nwag375/8709799?rss=1,,National Science Review Advance Access,2026-06-17 00:00:00+00:00,10.1093/nsr/nwag375,Hongyan He,,"Elucidating proton transfer in nonaqueous media is essential for the rational design of advanced chemical processes and energy materials, yet its molecular mechanism remains poorly understood. Here, we combine machine-learning potentials (MLPs) molecular dynamics, path-integral simulations, metadynamics, and ¹H NMR spectroscopy to investigate proton-transfer dynamics in choline-amino acid protic ionic liquids. We show that proton migration occurs across a continuum of transient solvation motifs, including Eigen-like, Zundel-like, and intermediate configurations, with intermediate states being predominant. In contrast to aqueous systems, where Eigen and Zundel motifs are often comparably populated, these ionic liquids exhibit a markedly higher population of Zundel-like proton-sharing dimers than Eigen-like monomers, revealing a unique excess-proton solvation landscape in nonaqueous ionic environments. Free-energy analyses establish that molecular flexibility and steric hindrance cooperatively govern proton-transfer barriers, thereby explaining the pronounced structure-property relationships across different amino acid anions. Elevated temperature promotes proton exchange by accelerating hydrogen-bond-network reorganization, whereas nuclear quantum effects reduce the effective free-energy barrier through proton delocalization and zero-point motion, facilitating room-temperature proton transfer. 1H NMR measurements provide qualitative experimental evidence for rapid exchangeable-proton dynamics, consistent with the simulated local proton-exchange trends. Together, these results establish a molecular framework linking local proton solvation, ionic-liquid architecture, and proton-exchange dynamics, extending the concept of Grotthuss-like proton relay beyond water and offering design principles for high-performance proton-conducting ionic liquids.",rss_oup
Predicting the Evolutionary and Functional Landscapes of Viruses with a Unified Nucleotide-Protein Language Model: LucaVirus,https://academic.oup.com/nsr/advance-article/doi/10.1093/nsr/nwag376/8709798?rss=1,,National Science Review Advance Access,2026-06-17 00:00:00+00:00,10.1093/nsr/nwag376,Mang Shi,,"Predicting viral evolution and function remains a central challenge in biology, hindered by high sequence divergence and limited knowledge compared to cellular organisms. Here, we introduce LucaVirus, a multi-modal foundation model for viruses, trained on 25.4 billion nucleotide and amino acid tokens covering a vast majority of catalogued viral diversity. LucaVirus learns biologically meaningful representations that reflect relationships between sequences, protein/gene homology, and evolutionary divergence. Using these embeddings, we developed downstream models that address key virology tasks: identifying hidden viruses in genomic ‘dark matter’, annotating enzymatic activities of uncharacterized proteins, predicting viral evolvability, and identifying antibody candidates for emerging viruses. LucaVirus demonstrates competitive performance in three tasks and matches leading models in the fourth with one-third the parameters. Together, these findings demonstrate the utility of a unified foundation model in analyzing viral sequence data and establish LucaVirus as an efficient and versatile platform for AI-driven virology, from virus discovery to functional and therapeutic predictions.",rss_oup
Reimagining machine vision with optical computing,https://www.nature.com/articles/d41586-026-01891-0,,Nature,2026-06-17 00:00:00+00:00,10.1038/d41586-026-01891-0,,,"A general-purpose artificial-intelligence vision system for use in image-sensing devices has been developed by embedding fundamentals of core computer-vision operations into a light-manipulating planar material called an optical metasurface. A prototype enables accurate, real-time perception and processing across diverse tasks, suggesting that this could be a solution for rapid, low-energy, on-device vision intelligence. A specialized ‘metasurface’ can preprocess incoming scene information on image-generating devices.",nature_html
"Analysis of 173,303 exomes and genomes in the Pakistan Genome Resource",https://www.nature.com/articles/s41586-026-10667-5,,Nature,2026-06-17 00:00:00+00:00,10.1038/s41586-026-10667-5,Danish Saleheen,,"Naturally occurring loss-of-function variants in human genes enable drug target discovery because they mimic pharmacological inhibition of proteins. However, the study of these genetic variants is constrained by their rarity. Sequencing of diverse populations, particularly those enriched in familial relatedness, has been postulated to promote discovery of rare genetic variants1,2,3. Here we present the Pakistan Genome Resource, a South Asian biobank with high familial relatedness comprising 173,303 participants, who collectively carry naturally occurring homozygous loss-of-function variants in 6,476 genes. We describe the genetic architecture of this population, associations between genes and biomarkers, the distribution of loss-of-function variants across molecular pathways, and recall-by-genotype studies of therapeutically relevant genes. The Pakistan Genome Resource expands the catalogue of human genetic variants, provides a comprehensive genetic reference resource for the Pakistani population, and demonstrates the value of studying diverse cohorts to advance human health.",nature_html
A mosaic of whole-body representations on the human precentral gyrus,https://www.nature.com/articles/s41586-026-10653-x,,Nature,2026-06-17 00:00:00+00:00,10.1038/s41586-026-10653-x,Francis R. Willett,,"Understanding how the body is represented in the motor cortex is key to understanding how the brain controls movement. Although the motor cortex has been mapped in animal models at a fine scale1,2,3,4,5,6,7,8,9,10, characterization in humans remains primarily limited to low-resolution recording11,12,13,14,15,16 and stimulation techniques17,18,19,20. Here we created a comprehensive map of the human motor cortex at single-neuron resolution, spanning microelectrode array recordings from 20 arrays across 8 individuals with paralysis from spinal cord injury, amyotrophic lateral sclerosis or brainstem stroke, all enrolled in brain–computer interface clinical trials. These arrays broadly sample the crown of the precentral gyrus (PCG; thought to be composed largely of the premotor cortex (Brodmann area 6)). We found that body parts were highly intermixed, such that the entire body was represented in all sampled locations of the PCG, although the relative strength of body parts was roughly consistent with the motor homunculus17,18. We also found two speech-preferential areas with a broadly tuned, orofacial-dominant area in between them. Throughout the PCG, movement representations of the four limbs were interlinked, with homologous movements of different limbs (for example, toe curl and hand close) having correlated representations. These data provide evidence consistent with an intermixed, interrelated and behaviour-centred organization of the motor cortex3,21. The resulting map also provides important targeting information for brain–computer interfaces that seek to restore motor function.",nature_html
A blastoporal organizer in a ctenophore,https://www.nature.com/articles/s41586-026-10643-z,,Nature,2026-06-17 00:00:00+00:00,10.1038/s41586-026-10643-z,Andreas Hejnol,,"In an iconic experiment in 1924, Hilde Mangold and Hans Spemann established that the dorsal blastopore lip of amphibian embryos functions as an organizer and induces a secondary body axis when transplanted into a host embryo1. This discovery demonstrated that specific embryonic regions can regulate embryonic patterning and lead to the establishment of an entire body axis. Subsequent studies have revealed that cnidarians, the sister group to Bilateria, also possess a blastoporal embryonic organizer2,3. However, the evolutionary origin of the organizer remains unclear. Here we report that the blastopore lip of the ctenophore Mnemiopsis leidyi, a member of the evolutionary sister group to all other metazoans4,5, exhibits organizer activity. We show that transplanted fragments of blastopore lip tissue from M. leidyi gastrula induce secondary pharynx and mouth formation. Moreover, transphyletic transplantation experiments show that the blastopore lip of M. leidyi leads to the generation of a secondary body axis in embryos of the cnidarian Nematostella vectensis. Organizer function in M. leidyi requires both β-catenin and TGFβ signalling, and the TGFβ-family ligands probably provide this inductive capacity. These findings reveal the deep homology of the blastoporal organizer in ctenophores, cnidarians and vertebrates, implying the ancestral organizer role of the blastopore lip. We propose that the emergence of the organizer was an essential innovation that facilitated the change from the temporal cell differentiation of unicellular relatives to the spatial cell differentiation of the first multicellular embryo.",nature_html
Author Correction: Effects of forestry decentralization on rural inequality in Nepal,https://www.nature.com/articles/s41893-026-01893-w,,Nature Sustainability,2026-06-17 00:00:00+00:00,10.1038/s41893-026-01893-w,Dilli P. Poudel,,"In the version of the article initially published, ref. 34 was incorrect, and has been changed to ‘Bennett, L., Tamang, S., Onta, P. & Thapa, M. Unequal Citizens: Gender, Caste and Ethnic Exclusion in Nepal (The World Bank, 2006),’ which was ref. 31 in the initial article. Some references have been renumbered due to this correction.",openalex
These ‘master’ proteins protect us from deadly mutations — and could inspire new drugs,https://www.nature.com/articles/d41586-026-01883-0,,Nature,2026-06-17 00:00:00+00:00,10.1038/d41586-026-01883-0,Philip Ball,,Biology has clever ways to mask the effects of potentially harmful gene mutations. Scientists are investigating how this ‘buffering’ works — and how to exploit it. Biology has clever ways to mask the effects of potentially harmful gene mutations. Scientists are investigating how this ‘buffering’ works — and how to exploit it.,nature_html
Dual-chirality flexagon linkages with infinite eversion and surface reconfigurability,https://www.pnas.org/doi/abs/10.1073/pnas.2603729123?mi=eymic2&af=R&access=on&content=articlesChapters&publication=pnas&sortBy=Earliest&target=default,,Proceedings of the National Academy of Sciences: Keyword search for query,2026-06-17 07:00:00+00:00,10.1073/pnas.2603729123,Jian S. Dai,,"The flexagon, a classical kirigami structure capable of revealing hidden faces through eversion, has long captivated researchers. However, its potential for robust engineering applications has been limited by inherent structural discontinuities and unclear kinematic mechanisms. Here, we introduce a cyclic graph model and an idealized dual-chirality flexagon linkage with infinite eversion to explain the underlying mechanics of this eversion. We demonstrate that the eversion exhibits topological periodicity and multiple symmetries, while its kinematics correspond to a cyclic permutation of congruent axis sets induced by bifurcated motion. By tuning topological parameters, we construct a comprehensive atlas of the flexagon family. To address challenges in physical implementation, we propose a linkage convertibility strategy that eliminates mechanical interference and enables the design of reconfigurable, deployable networked structures. Furthermore, we develop an interchangeable-chirality flexagon that achieves an exponential expansion in accessible surface states, where the incremental states added in each expansion follow a geometric progression,
                    
                      
                        
                          p
                          
                            
                              (
                              p
                              −
                              1
                              )
                            
                            g
                          
                        
                      
                    
                    (where
                    p
                    denotes the eversion period and
                    g
                    represents the recursive generation index). This work bridges the gap between abstract topological concepts and physical realizations, offering a pathway to transform classical kirigami into advanced engineering linkages. It also provides foundational insights for related eversion systems, including Möbius strips, kaleidocycles, and other cyclic topological structures.",crossref
Haplotype-resolved methylomes reveal parent-of-origin DNA methylation imbalance in autism spectrum disorder,https://www.science.org/doi/abs/10.1126/sciadv.aee4069?af=R,,AAAS: Science Advances: Table of Contents,2026-06-17 07:00:00+00:00,10.1126/sciadv.aee4069,Kun Xia,,"Epigenetic dysregulation plays an essential role in autism spectrum disorder (ASD), but the parent-of-origin effects (POEs) of DNA methylation remain unknown. Here, we applied PacBio HiFi sequencing with haplotype-phased methylation profiling in 124 individuals (31 ASD quartets) to systematically dissect POE-dependent methylation. Comparative analysis of phased methylomes between probands and unaffected siblings identified 114 paternal- and 106 maternal-specific differential methylated cytosines (DMCs), 45 and 46 differential methylated regions (DMRs), and 2425 and 2693 methylation outliers (MOs), respectively. These POE methylation alterations were enriched in ASD-relevant gene categories but exhibited distinct genomic distributions and functional pathways between parental haplotypes. Furthermore, genome-wide parent-of-origin DMR analysis identified 443 allele-specific methylation (ASM) regions, from which we detected 34 differential expression ASMs and 62 ASM outliers, showing pronounced enrichment within PWS/AS locus and ASD-associated genes. Collectively, this study provides a comprehensive evidence of pervasive POE-dependent methylation imbalance and aberrant ASM at imprinting regions underlying ASD pathogenesis, offering insights into epigenetic mechanisms of complex neurodevelopmental disorders.",crossref
A ∼0.5 Myr perturbation of carbon and mercury cycles during the Middle Triassic biotic radiation,https://www.science.org/doi/abs/10.1126/sciadv.aee2291?af=R,,AAAS: Science Advances: Table of Contents,2026-06-17 07:00:00+00:00,10.1126/sciadv.aee2291,Jinnan Tong,,"The Anisian Stage (Middle Triassic) marks a pivotal interval for biotic recovery following the Permian-Triassic mass extinction, yet its environmental drivers remain poorly understood. This study presents carbon isotopes, mercury (Hg) concentrations, and Hg isotope data from Anisian (mainly Pelsonian substage) marine and terrestrial sections across the Tethys. Our results reveal a widespread Hg enrichment event that is synchronous with the Pelsonian negative carbon isotope excursion (PENCIE). Hg isotopic compositions support an origin from enhanced regional volcanism, coupled with contemporaneous terrestrial input. New high-precision zircon U-Pb ages (244.200 ± 0.037 Ma and 243.451 ± 0.049 Ma), integrated with chemostratigraphic and biostratigraphic data, constrain the duration of the PENCIE to ∼0.5 Myr. This interval coincided with major biodiversification, revealing that recovery occurred alongside environmental perturbations rather than in stable conditions as traditionally thought. These global disturbances in carbon and mercury cycles, linked to volcanism and terrestrial input, likely accelerated Middle Triassic biotic recovery.",crossref
Defiance of stable lysogeny reveals hidden infection dynamics of phage Lambda,https://www.pnas.org/doi/abs/10.1073/pnas.2600726123?mi=eymic2&af=R&access=on&content=articlesChapters&publication=pnas&sortBy=Earliest&target=default,,Proceedings of the National Academy of Sciences: Keyword search for query,2026-06-17 07:00:00+00:00,10.1073/pnas.2600726123,Abram Aertsen,,"Stable prophage establishment is considered a quintessential response of temperate phages when faced with host cell depletion. Scrutinizing this behavior in model phage λ, however, revealed that many λ-chromosomes avoid stable integration in the host chromosome, and rather assume a nonintegrated prophage-like (or pλ) state inside the cell that keeps expressing CI-based immunity and becomes asymmetrically segregated. This creates a heterogeneous population of host cells that are either i) immune by stably carrying an integrated λ prophage, ii) immune by carrying a pλ-episome, or iii) λ-free and transiently immune by segregating from a pλ-carrier. Superinfection of these immune cells drains the number of λ-virions and creates more pλ-episomes that prolong the immunity and expansion of the λ-free subpopulation. The subsequent decline in λ-virions causes cytoplasmically inherited CI-levels in λ-free siblings to dilute out, poising them for renewed lytic consumption by λ. These overlooked pλ-dynamics attenuate the importance of prophage establishment and permit a more productive phage–host coexistence.",crossref
Live imaging and multimodal profiling reveal transdifferentiation of a cochlear supporting cell subpopulation upon Notch inhibition,https://www.science.org/doi/abs/10.1126/sciadv.aed3887?af=R,,AAAS: Science Advances: Table of Contents,2026-06-17 07:00:00+00:00,10.1126/sciadv.aed3887,Karen B. Avraham,,"Regeneration enables organisms to repair damaged tissues, yet this capacity is notably limited in the cochlear sensory epithelium, essential for sound detection. A major cause of hearing loss arises from the irreversible loss of sensory hair cells (HCs) in the cochlea. While supporting cells (SCs) have a latent ability to transdifferentiate into HCs, this regenerative potential is rapidly lost after development. Using live imaging and single-cell multiomics of cochlear explants, we uncovered the cellular and molecular heterogeneity underlying the limited regenerative capacity of the neonatal mouse cochlea. Notch repression broadly silenced key SC genes, yet only a rare subpopulation of Deiters’ cells (DC), termed transdifferentiating DCs (tDCs), initiated the transdifferentiation into HC fate. These cells underwent coordinated transcriptional and enhancer remodeling, linking epigenetic priming with morphological plasticity, while other SCs remained refractory despite robust Notch targets down-regulation. Our study provides a molecular definition of an early induced transitional DC to HC state, revealing Notch inhibition as a selective trigger that unmasks rare regenerative competence.",crossref
Dynamic monitoring of antibody drug conjugates targeting TROP2 or HER2 in breast cancer using circulating tumor cells,https://www.pnas.org/doi/abs/10.1073/pnas.2601563123?mi=eymic2&af=R&access=on&content=articlesChapters&publication=pnas&sortBy=Earliest&target=default,,Proceedings of the National Academy of Sciences: Keyword search for query,2026-06-17 07:00:00+00:00,10.1073/pnas.2601563123,Shyamala Maheswaran,,"Antibody–drug conjugates (ADCs) target surface proteins on cancer cells, leading to internalization and delivery of a drug payload, thereby enhancing selectivity and minimizing toxicity. ADCs against TROP2 (Sacituzumab govitecan) or HER2 (T-DXd) have demonstrated efficacy in metastatic breast cancer, yet paradoxically, outside of
                    HER2
                    -amplified breast cancers, expression levels of these breast cancer-enriched epitopes in tumor biopsies have not been strongly correlated with clinical response. We undertook serial quantitative imaging of circulating tumor cells (CTCs) in a prospective cohort of 35 patients treated with either of these ADCs. At the single-cell level, expression of TROP2 and HER2 within individual patients is highly heterogeneous in both CTCs and paired tumor biopsies. Measurement of these epitopes on CTCs immediately prior to ADC therapy does not predict depth of clinical response. However, absence of CTCs or &gt;80% reduction in CTC numbers after three weeks of treatment (CTC
                    Low
                    ) predicts durable response, compared with CTC
                    High
                    cases (TROP2: HR 5.15,
                    P
                    = 0.012; HER2: HR 6.01,
                    P
                    &lt; 0.001). Targeted epitopes are not commonly downregulated on CTCs at the time of acquired clinical resistance, and switching between TROP2- and HER2-targeting ADCs sharing similar payloads infrequently leads to second-line response. Thus, while CTC burden is correlated with response to these ADCs, the level of TROP2 or HER2 expression is poorly predictive. These findings point to sensitivity to the drug payload as a potential driver of clinical response to currently approved ADCs in breast cancer.",crossref
Mathematical modeling of JAK2V617F clonal expansion in a general population cohort,https://www.pnas.org/doi/abs/10.1073/pnas.2507773123?mi=eymic2&af=R&access=on&content=articlesChapters&publication=pnas&sortBy=Earliest&target=default,,Proceedings of the National Academy of Sciences: Keyword search for query,2026-06-17 07:00:00+00:00,10.1073/pnas.2507773123,Thomas Stiehl,,"The Philadelphia chromosome-negative myeloproliferative neoplasms (MPNs) are a group of blood cancers characterized by overproduction of one or more types of blood cells, which can lead to thrombosis and other complications. MPNs develop slowly and are driven by a relatively small set of mutations in the hematopoietic stem cells (HSCs). Their slow development (over the course of decades) affords a unique opportunity to study their onset, but until recently few data have been available from individuals not yet showing overt disease. Thanks to the ambitious Danish General Suburban Population Study conducted in suburban Zealand, Denmark, we have identified a (
                    
                      
                        
                          n
                          =
                          67
                        
                      
                    
                    ) cohort of individuals harboring the most common driver mutation in MPN (namely
                    JAK2V617F
                    ) and have obtained follow-up measurements of their variant allele fraction (VAF) spanning over 10 y. We show that these data are consistent with a Moran model governing the competition between healthy and mutated HSCs, and estimate the selective advantage of the mutant clone for each individual. Notably, we find that for many individuals, the change in VAF over many years is statistically consistent with zero, or even negative, selective advantage. This is in contrast to prior studies that have focused on patients diagnosed with overt MPN disease, in whom the mutant cells are almost always found to outcompete the healthy cells. Our results have implications for our understanding of the very early phases of MPN disease, and may contribute to early detection and personalized prediction of disease progression.",crossref
Opposing range-dependent interactions create complex spatial patterns of antibiotic tolerance in multispecies biofilms,https://www.pnas.org/doi/abs/10.1073/pnas.2604163123?mi=eymic2&af=R&access=on&content=articlesChapters&publication=pnas&sortBy=Earliest&target=default,,Proceedings of the National Academy of Sciences: Keyword search for query,2026-06-17 07:00:00+00:00,10.1073/pnas.2604163123,Simon van Vliet,,"Many microbial communities form multispecies biofilms where cells interact through diffusible molecules. In these biofilms, multiple interactions, often with opposing effects, occur simultaneously, yet we lack quantitative frameworks to predict how they combine to shape community functions. Here, we hypothesized that complex spatial patterns can emerge when opposing interactions have distinct spatial ranges. To test this, we studied how two
                    
                      Pseudomonas aeruginosa
                    
                    exoproducts, HQNO and rhamnolipids, jointly modulate
                    
                      Staphylococcus aureus
                    
                    antibiotic tolerance by respectively increasing and decreasing it. Using microfluidics-based imaging, we quantified spatial-tolerance patterns at single-cell resolution and found that tolerance indeed shows a complex spatial pattern:
                    
                      S. aureus
                    
                    cells survived treatment only at intermediate distances from
                    
                      P. aeruginosa
                    
                    , while cells closer or farther away did not. Combining experiments and modeling, we showed that this remarkable pattern emerges because rhamnolipids have a stronger but short-ranged effect, while HQNO has a weaker but longer-ranged effect. We found that spatial arrangement affects overall tolerance by shifting the balance between the two opposing interactions. Finally, using bioprinting, we confirmed that HQNO and rhamnolipids modulate tolerance in highly mixed biofilms. In more segregated biofilms, spatial arrangement still strongly modulated tolerance, but independently of these compounds, suggesting additional interactions. Together, our results show that spatial-tolerance patterns emerge from the combined effect of opposing range-dependent interactions and cannot be predicted from either alone. By predicting how opposing interactions jointly determine community properties, our framework provides a foundation for understanding and ultimately engineering microbiome functions.",crossref
Probing and controlling coherent and incoherent dynamics of phase transitions via multipulse excitation,https://www.science.org/doi/abs/10.1126/sciadv.aef8585?af=R,,AAAS: Science Advances: Table of Contents,2026-06-17 07:00:00+00:00,10.1126/sciadv.aef8585,Jun-Wei Luo,,"Ultrafast laser pulses can selectively induce either wide-sized coherent or localized incoherent dynamics in solids, yet harnessing these complex dynamics to achieve controlled phase transitions remains challenging. Here, we use real-time time-dependent density functional theory (rt-TDDFT) to investigate a double-pulse laser scheme in VO
                    2
                    , elucidating the roles of these two distinct types of dynamics and proposing two more energy-efficient phase transition routes. In the first scenario, a weak initial pulse induces coherent oscillations of V-V dimers. When the second pulse is applied at the dimer stretching time, transient bandgap narrowing enhances carrier excitation, thereby reducing the total laser fluence required for the phase transition. In the second scenario, a stronger but subthreshold first pulse activates localized structural distortions resembling photoinduced polarons. A subsequent long-wavelength pulse promotes accumulation and spatial propagation of the polarons, ultimately triggering a global phase transition. Our findings establish multipulse excitation as an energy-efficient and general approach for controlling structural phase transitions and disentangling distinct ultrafast dynamics in solids.",crossref
The dynamic mesoscale sink and source niches for eukaryotic phytoplankton in a subtropical gyre,https://www.pnas.org/doi/abs/10.1073/pnas.2608700123?mi=eymic2&af=R&access=on&content=articlesChapters&publication=pnas&sortBy=Earliest&target=default,,Proceedings of the National Academy of Sciences: Keyword search for query,2026-06-17 07:00:00+00:00,10.1073/pnas.2608700123,Michael J. Follows,,"By tracking the water mass histories of genetic samples, we investigated the biophysical dynamics shaping eukaryotic phytoplankton populations in a nutrient-deplete subtropical gyre, where cyanobacteria have a competitive advantage. Triplicate seawater samples were filtered every
                    
                      
                        ∼
                      
                    
                    46 km along a 2,382 km North Pacific transect, spiked with genomic internal standards, and amplified with a three-domain primer set to obtain absolute 16S and 18S rRNA volumetric gene abundances. The transport histories of each sample were simulated by advecting mesoscale Lagrangian particle clouds in satellite remote sensing velocity fields. Consistent with previous field studies, eukaryotic phytoplankton were anomalously abundant within eddies and along eddy-edges, where vertical circulations redistribute nutrients. Outside of eddies, we found a statistically significant decline in eukaryotes as a function of lateral coherence: Waters that recently mixed from multiple origins supported eukaryote anomalies resembling those of eddies, whereas eukaryotic populations were depressed from isolation in waters that were coherent for three or more months. In these coherent outside-eddy water masses, we estimate taxon-dependent eukaryote population half-lives range from 8 to 17 mo. Such physical conditions are relatively rare, given that
                    
                      
                        &gt;
                      
                    
                    90% of the entire gyre during the sampling campaign was composed of eddies and recently mixed waters. These results derived from empirical observations substantiate the theory that eukaryotic phytoplankton would face exclusion in the subtropics on timescales of
                    
                      
                        ∼
                      
                    
                    years due to competitive pressure from cyanobacteria, yet are sustained in small numbers by regular disturbances promoting opportunistic growth and dispersal.",crossref
"Conversion of all polyester units to amines: Ruthenium-catalyzed, acid-assisted hydrogenative amination",https://www.science.org/doi/abs/10.1126/sciadv.aed9124?af=R,,AAAS: Science Advances: Table of Contents,2026-06-17 07:00:00+00:00,10.1126/sciadv.aed9124,Yinjun Xie,,"Herein, we report an efficient strategy for upcycling waste polyesters into a range of primary, secondary, and tertiary diamines and amines via ruthenium-catalyzed, acid-assisted hydrogenative amination. To our knowledge, this previously unknown methodology can convert all structural units of end-of-life polyesters into corresponding (di)amines. The protocol demonstrates excellent applicability by successfully transforming even the most challenging real-world polyester wastes containing diverse impurities, achieving high yields of up to 98%. Mechanistic investigations elucidate two distinct reaction pathways: The acyl moiety undergoes transformation via a hydrogenation-condensation-hydrogenation sequence, while an acid-assisted hydrogen-borrowing pathway converts the alcohol moiety. This study provides fundamental insights into concurrent hydrogenation and dehydrogenation processes within a unified catalytic system.",crossref
Linear-time prediction of proteome-scale microbial protein interactions,https://www.pnas.org/doi/abs/10.1073/pnas.2610619123?mi=eymic2&af=R&access=on&content=articlesChapters&publication=pnas&sortBy=Earliest&target=default,,Proceedings of the National Academy of Sciences: Keyword search for query,2026-06-17 07:00:00+00:00,10.1073/pnas.2610619123,Yunha Hwang,,"Protein–protein interactions (PPIs) underpin biological function, yet proteome-scale interaction prediction remains bottlenecked by the quadratic computational complexity of all-vs.-all pairwise comparisons. Here, we present FlashPPI, a contrastive learning framework, grounded in residue-level interactions, that enables linear-time prediction of physical protein interfaces across a microbial proteome. By leveraging a genomic language model that captures cross-protein coevolutionary signals from metagenomic sequences, FlashPPI aligns interacting partners in a shared latent space. We demonstrate a four-fold performance increase over existing sequence-based methods, while reducing proteome-wide screening time from days to minutes. Crucially, FlashPPI achieves comparable screening performance to state-of-the-art structure-folding models at a fraction of the computational cost. Finally, we integrate FlashPPI into an interactive web platform that combines predicted networks with functional annotations and genomic context, making proteome-wide network analysis rapid and accessible for microbial discovery.",crossref
Selectively targeting inosine monophosphate dehydrogenase-2 impairs brain metastatic potential while preserving immune cell function,https://www.pnas.org/doi/abs/10.1073/pnas.2603440123?mi=eymic2&af=R&access=on&content=articlesChapters&publication=pnas&sortBy=Earliest&target=default,,Proceedings of the National Academy of Sciences: Keyword search for query,2026-06-17 07:00:00+00:00,10.1073/pnas.2603440123,Sheila K. Singh,,"Brain metastases (BM) occur in 26% of cancer patients and have a 90% mortality rate within 1 y of diagnosis, yet the current standard of care remains palliative. We have previously shown that de novo GTP synthesis is a druggable metabolic vulnerability in BM cells, through its rate-limiting enzyme, inosine monophosphate dehydrogenase (IMPDH). IMPDH inhibitors have progressed to phase-II oncology trials in the past, failing largely due to dose-limiting toxicities associated with off-target inhibition of IMPDH1, the constitutively expressed isoenzyme in normal human lymphocytes. Here, we determined that a single subtype (isoenzyme) of IMPDH, IMPDH2, is specifically upregulated in brain metastasis-initiating cells (BMICs), absent in normal brain tissue, and is sufficient to drive the formation of BM. Moreover, we show that genetic knockout of IMPDH2 stops the proliferation of BM cells in vitro and the onset of BM in vivo. We synthesized IMPDH2-selective compounds and showed that they maintain a potent antiproliferation effect on BMICs, but spare immune cell function compared to previously developed pan-IMPDH inhibitors. Furthermore, we introduce a positive correlation between compound selectivity for IMPDH2 and the ability to synergize with Osimertinib: the standard of care for EGFR-mutant non–small cell lung cancer. Overall, our results suggest that specifically blocking IMPDH2 is an effective therapeutic strategy for BM by overcoming the immune suppressive effects that have hindered the clinical development of pan-IMPDH inhibitors in the past. An IMPDH2 specific therapy could be coadministered with primary tumor standard of care treatments to provide a safe and interceptional approach for BM.",crossref
Spatial transcriptomics identifies distinct domains regulating yield-component traits of the wheat ear,https://www.science.org/doi/abs/10.1126/sciadv.aed1407?af=R,,AAAS: Science Advances: Table of Contents,2026-06-17 07:00:00+00:00,10.1126/sciadv.aed1407,Scott A. Boden,,"Cereals form complex, highly ordered inflorescences composed of grain-producing florets that form within spikelets. Wheat spikelets are arranged in alternating rows along a central rachis, in a pattern determined during early development. While several genes controlling spikelet formation have been identified, it is still unclear how they interact to regulate inflorescence morphology and the development of supporting structures, including meristems and the rachis. Here, we used spatial transcriptomics to investigate the transcriptional landscape of a developing wheat inflorescence. We identified two spatially distinct regions that regulate spikelet architecture, including a primordium region characterized by
                    RAMOSA2
                    and a boundary region that expresses
                    ALOG1
                    and bract suppressors. Developmental assays indicate that spikelets differentiate from meristems and are accompanied by formation of the central vasculature that expresses spikelet number and fertility genes. The combined spatial transcriptome and genetic data reveal key regulators of spikelet development, including target genes for improving spikelet number and yield.",crossref
Structural evolution of the MTCH family of mitochondrial insertases,https://www.science.org/doi/abs/10.1126/sciadv.aeh2957?af=R,,AAAS: Science Advances: Table of Contents,2026-06-17 07:00:00+00:00,10.1126/sciadv.aeh2957,Rebecca M. Voorhees,,"We demonstrate that MTCH2 is the defining member of a large family of mitochondrial outer membrane (OM) insertases. MTCH insertases are conserved across holozoa and have diverged from the solute carrier 25 transporters. The cryoelectron microscopy structure of the 33-kilodalton human MTCH2 revealed that evolution of its insertase activity required loss of a transmembrane helix, which created a lipid-accessible hydrophilic groove stabilized by its unique, structured C terminus. Mutational analyses showed that MTCH insertase activity is attenuated, while experimental structures and reconstitution of hyperactive mutants demonstrated that the hydrophobicity, charge, and size of the residues that line its groove regulated MTCH function. Leveraging the MTCH2 structure, we identified the plant OM insertase and proposed a universal mechanism for OM insertion across all kingdoms of life.",crossref
Non-Hermitian dynamics in quantum anomalous Hall insulators,https://www.science.org/doi/abs/10.1126/sciadv.aec7638?af=R,,AAAS: Science Advances: Table of Contents,2026-06-17 07:00:00+00:00,10.1126/sciadv.aec7638,Morteza Kayyalha,,"Magnetically doped topological insulators (TIs) exhibit two distinct phases: the quantum anomalous Hall (QAH) phase when the Fermi level resides within the surface gap and a metallic phase outside the gap. The QAH phase hosts unidirectional transport channels known as chiral edge states, while the metallic phase exhibits nonreciprocal transport due to unbalanced bidirectional edge states. Using the chiral edge states in Cr-doped (Bi,Sb)
                    2
                    Te
                    3
                    sandwich structures, we realize non-Hermitian conductance matrices in a one-dimensional Corbino chain with well-defined chirality. By tuning the boundary conditions from periodic to open, we reveal the non-Hermitian skin effect, where eigenstates localize exponentially at one end of the chain. In the metallic phase, we further observe asymmetric, bidirectional coupling between the neighboring sites in the conductance matrix, a direct consequence of the system’s intrinsic nonreciprocity. These results establish magnetic TIs as a powerful platform for investigating emergent non-Hermitian phenomena in topological systems.",crossref
Noninvasive whole-brain imaging of glymphatic dynamics,https://www.science.org/doi/abs/10.1126/sciadv.aee4926?af=R,,AAAS: Science Advances: Table of Contents,2026-06-17 07:00:00+00:00,10.1126/sciadv.aee4926,Junjie Yao,,"Cerebrospinal fluid circulation through the glymphatic system plays a crucial role in removing metabolic waste from the central nervous system. However, the mechanism underlying the brain-wide glymphatic dynamics is not yet fully understood, in part due to the lack of glymphatic imaging technologies on deep brains. Here, we report a hybrid imaging technology that integrates three-dimensional photoacoustic tomography and ultrasound localization microscopy (3D-PAULM), enhanced by a photoacoustic dye with strong optical absorption in the second near-infrared window (NIR-II). 3D-PAULM allows for continuous, noninvasive, whole-brain imaging in mice through intact skull, providing superresolution mapping of the brain vasculature and highly sensitive tracing of the NIR-II dye in the glymphatic system. Using 3D-PAULM, we investigated the glymphatic function impaired by ischemic stroke, aging, and anesthesia. Our results provide insights into glymphatic transport under various physiological as well as pathological conditions and establish 3D-PAULM as a valuable tool for preclinical glymphatic research.",crossref
Reclassification and weighting of multiple causes of death: US death certificates 2003–2023,https://www.pnas.org/doi/abs/10.1073/pnas.2604493123?mi=eymic2&af=R&access=on&content=articlesChapters&publication=pnas&sortBy=Earliest&target=default,,Proceedings of the National Academy of Sciences: Keyword search for query,2026-06-17 07:00:00+00:00,10.1073/pnas.2604493123,John P. A. Ioannidis,,"Death certificates record causes of death as reported by certifiers (Entity Axis) and as standardized by mortality coding rules (Record Axis). Conventional statistics reduce these to a single underlying cause, ignoring other contributing conditions; weighting schemes can instead distribute the burden across all listed causes. We evaluated reclassification from Entity to Record axis and weighting across all 56,986,831 US death certificates from 2003 to 2023, mapping International Classification of Diseases (ICD)-10 codes to 14 broad disease categories and testing three weighting schemes: W1 (50% to the underlying cause, 50% shared equally among contributing causes), W2 (equal weighting across all causes), and W2A (equal weighting at the ICD-10 code level). Entity and Record Axes agreed on underlying cause in 48,313,403 deaths (84.8%) by broad category and 39,260,709 deaths (68.9%) by ICD-10 code (
                    
                      SI Appendix
                      , Table S5
                      A
                      and
                      B
                    
                    ); concordance reached 70.4% using 3-character. Reclassification markedly increased COVID-19 (+92%) and Transport deaths (+43%) while decreasing Other External Causes (−54%). Weighting substantially altered burden attribution: COVID-19 (−44 to –63%) and Falls (−46 to –66%) decreased, Other External causes more than tripled (+204 to 254%), and deviations from unweighted counts were more pronounced with W2 and W2A than W1. Weighting also brought disease-category counts closer to Entity Axis values and restored Respiratory seasonality suppressed during the pandemic. Systematic differences between reported and reclassified causes of death, and the choice of weighting scheme, profoundly alter disease burden estimates for several causes, with major implications for resource allocation and public health priorities.",crossref
In search of exotic pairing in the Hubbard model: Many-body computation and quantum gas microscopy,https://www.pnas.org/doi/abs/10.1073/pnas.2600303123?mi=eymic2&af=R&access=on&content=articlesChapters&publication=pnas&sortBy=Earliest&target=default,,Proceedings of the National Academy of Sciences: Keyword search for query,2026-06-17 07:00:00+00:00,10.1073/pnas.2600303123,Shiwei Zhang,,"Finite-momentum pairing, exemplified by Fulde–Ferrell–Larkin–Ovchinnikov (FFLO) states, represents a paradigmatic form of unconventional superfluidity driven by Fermi-surface mismatch, but its detection in two-dimensional systems has remained elusive. Here we study a doped, spin-imbalanced attractive Hubbard model using a combined experimental and computational approach, based on quantum gas microscopy and constrained-path auxiliary-field quantum Monte Carlo, with direct comparisons showing quantitative agreement for short-range correlations at experimentally accessible temperatures. We identify broad regimes in density and magnetization where FFLO correlations emerge, and establish their finite-temperature evolution, with clear signatures of finite-momentum pairing already appearing at experimentally accessible temperatures. Spin–XY correlations are identified as a robust, directly measurable proxy for FFLO physics. Quantitative characterizations are obtained on the temperature dependence of a variety of observables and correlations, which elucidate the interplay of pairing with competing orders.",crossref
Determination of stable carbon isotope ratios for molecules in natural organic matter using ESI FT-ICR MS,https://www.science.org/doi/abs/10.1126/sciadv.aee5238?af=R,,AAAS: Science Advances: Table of Contents,2026-06-17 07:00:00+00:00,10.1126/sciadv.aee5238,Oliver J. Lechtenfeld,,"Fourier transform ion cyclotron resonance mass spectrometry (FT-ICR MS) enables nontargeted identification of molecular formulas in natural organic matter (NOM), yet molecular-level isotope analysis at natural abundance remains limited. Here, we present a comprehensive workflow for molecular formula–specific isotope analysis (MSIA) in NOM using FT-ICR MS, including calibration against universal reference materials (RMs). The central step of MSIA is an intensity-tuning strategy that, with sufficient spectral averaging, achieves sub–per mil (‰) precision and accuracy and enables robust isotopic comparison (Δδ
                    13
                    C) across samples. Between terrestrial and marine NOM, we observed Δδ
                    13
                    C values of 17.3, 8.8, and 10.1‰ for marine-enriched formulas C
                    19
                    H
                    22
                    O
                    10
                    , C
                    20
                    H
                    26
                    O
                    9
                    , and C
                    20
                    H
                    24
                    O
                    9
                    , respectively, whereas an invariant formula, C
                    18
                    H
                    22
                    O
                    6
                    , showed a nonsignificant difference (Δδ
                    13
                    C = 2.7‰,
                    P
                     = 0.296). Matrix effects for RMs spiked into NOM were within the method uncertainty, rendering existing RMs suitable for MSIA when matched in carbon number, peak intensity, and mass (&lt;50 daltons). Under these conditions, molecular formula–level δ
                    13
                    C values were obtained, e.g., −46.8‰ for C
                    18
                    H
                    22
                    O
                    6
                    in terrestrial NOM.",crossref
Global impacts of drifting fish aggregating devices on marine protected areas,https://www.science.org/doi/abs/10.1126/sciadv.aee6998?af=R,,AAAS: Science Advances: Table of Contents,2026-06-17 07:00:00+00:00,10.1126/sciadv.aee6998,Boris Worm,,"Protected areas are a critical component of efforts to reverse biodiversity loss by 2050. In the ocean, free-drifting fish aggregating devices (dFADs) are released in large numbers by industrial purse seine fishing companies to help catch tuna. These devices can enter marine protected areas (MPAs) undetected, potentially leading to wildlife entanglement, plastic pollution, and habitat degradation. Here we investigate processes by which dFADs may compromise MPA objectives and assess the burden they put on existing MPAs. By analyzing drift, strandings, and expert interview data, we show that dFADs have likely interacted with 53% of the global MPA network by area and stranded in 174 protected areas, which are home to at least 490 at-risk species. While recent improvements to dFAD design should reduce harm to wildlife, our findings suggest that improved regulation, transparency, and industry accountability are required to mitigate additional effects on MPAs, especially around documented hotspots in the central Pacific, western Indian Ocean, and Caribbean.",crossref
Plasticity in brittle intermetallics enabled by framework of amorphous interfaces and preexisting dislocations,https://www.science.org/doi/abs/10.1126/sciadv.aeb0766?af=R,,AAAS: Science Advances: Table of Contents,2026-06-17 07:00:00+00:00,10.1126/sciadv.aeb0766,Xinghang Zhang,,"Intermetallics are highly attractive for their exceptional strength and high melting points, offering significant potential as advanced structural materials. However, their inherent brittleness at room temperature severely limits practical applications. In this work, we introduce a structure of framework of amorphous interfaces (FAIs) and preexisting dislocations into nanocrystalline (NC) CoAl intermetallics to synergistically enhance both strength and plasticity. Micropillar compression tests reveal a high yield strength exceeding 6 gigapascals, a sustained work hardening to approximately 8.5 gigapascals, and a compressive plastic strain exceeding 15%. The FAIs accommodate the plastic deformation of NC CoAl grains, preventing intergranular fracture while promoting dislocation emission and propagation into CoAl through deformation-induced crystallization. Molecular dynamics (MD) simulations confirm that dislocations are emitted from crystalized regions (BCC-like local motifs) and reveal that preexisting dislocations impede dislocation motion via interactions and multiplication, promoting dislocation storage. Together, these mechanisms enable enhanced work hardening and large plasticity. This strategy offers an approach to achieving room temperature plasticity in brittle materials, which often show limited dislocation activity.",crossref
Aptamer-functionalized apoptotic vesicles ameliorate osteoarthritis via resuming mitochondria OXPHOS of chondrocytes,https://www.science.org/doi/abs/10.1126/sciadv.aec1031?af=R,,AAAS: Science Advances: Table of Contents,2026-06-17 07:00:00+00:00,10.1126/sciadv.aec1031,Yongsheng Zhou,,"Emerging evidence suggests that osteoarthritis (OA) progression is critically associated with disruptions of cartilage matrix homeostasis caused by mitochondrial impairment in chondrocytes. Apoptotic vesicles (apoVs) derived from mesenchymal stem cells (MSCs) have exhibited great therapeutic promising for tissue regeneration and osteoarticular diseases. However, their poor ability targeting chondrocytes and short-time retention in joint cavity hinder further clinical translation. As a chemically synthesized nucleic acid, aptamer tgg2 demonstrated a robust specificity binding with chondrocytes. In this study, our team successfully functionalized apoVs with tgg2 (tgg2@apoVs) via Schiff base reaction with high conjugation efficiency and fabricated an injectable sustained-release system based on hyaluronic acid methacryloyl (HAMA) hydrogels. tgg2@apoVs significantly promoted chondrocyte extracellular matrix synthesis and improved mitochondrial oxidative phosphorylation (OXPHOS) in vitro. The HAMA injectable hydrogels compounded with tgg2@apoVs remarkedly alleviated OA symptoms in vivo. The potential molecular mechanism of apoVs’ improvement in mitochondrial energy metabolism of chondrocytes is preliminarily investigated. Specifically, apoVs activate transcriptional factor Yin Yang 1 (YY1) to up-regulate the expression of Cox7c, a key subunit of complex IV in electron transport chain, thereby augmenting mitochondrial OXPHOS. In conclusion, the tgg2@apoVs’ sustained-release system provides a cost-effective solution for OA treatment, and the elucidation of the molecular mechanism underlying apoVs’ enhancement of chondrocyte OXPHOS offers insights for broader applications in energy metabolism–related diseases.",crossref
Electric field–induced ferromagnetic domain change by ferroelectric topological domain switching in Co-substituted BiFeO3 nanodots,https://www.science.org/doi/abs/10.1126/sciadv.aec2861?af=R,,AAAS: Science Advances: Table of Contents,2026-06-17 07:00:00+00:00,10.1126/sciadv.aec2861,Masaki Azuma,,"Electric field–induced magnetization reversal accompanying polarization switching is promising for low–power consumption, nonvolatile, voltage-write, magnetic-read memory applications. Perovskite BiFe
                    0.9
                    Co
                    0.1
                    O
                    3
                    is a room-temperature multiferroic material in which both ferroelectric and weakly ferromagnetic orders coexist, with spontaneous magnetization coupled to the ferroelectric polarization. Here, we report electric field–induced ferroelectric and ferromagnetic domain changes in BiFe
                    0.9
                    Co
                    0.1
                    O
                    3
                    nanodots using a combination of piezoresponse microscopy and scanning nitrogen-vacancy center magnetometry assisted by image analysis techniques to directly observe both ferroic orders on the nanometer scale. The complex ferroelectric domains present in a 190-nanometer structure which can be switched from a net-down to a net-up polarization by scanning with a biased cantilever, accompanied by reversal of both in-plane and out-of-plane components of the magnetization. This directly demonstrates electric field–induced magnetization reversal accompanying 180° polarization switching in a complex structure of a scale relevant to the semiconductor industry, creating a potential path for next generation memory devices.",crossref
NEDDylation maintains oocyte quality by stabilizing mitochondrial transcription,https://www.science.org/doi/abs/10.1126/sciadv.aec3505?af=R,,AAAS: Science Advances: Table of Contents,2026-06-17 07:00:00+00:00,10.1126/sciadv.aec3505,Stephanie A. Pangas,,"Age-related decline in oocyte quality increases the risk of infertility, miscarriage, and birth defects. Mitochondrial dysfunction is a key contributor to this decline. Here, we report that oocyte-specific deletion of
                    Uba3
                    , which encodes the catalytic subunit of the E1 NEDDylation-activating complex, causes sterility in mice. Fully grown, germinal vesicle–stage
                    Uba3
                    conditional knockout oocytes exhibit mitochondrial dysfunction, including elevated reactive oxygen species, impaired oxidative phosphorylation, and depletion of mitochondrially encoded RNA transcripts. Proteomic analysis identified alterations in mitochondrial-associated proteins, including enrichment of mitochondrial matrix and respiratory chain components and reduced abundance of electron transport chain complexes. These defects were associated with reduced levels of the mitochondrial RNA polymerase, POLRMT [polymerase (RNA) mitochondrial DNA directed]. We further show that POLRMT is directly modified by NEDDylation, which alters its stability by antagonizing ubiquitylation and degradation. Notably, NEDD8 levels decline with age in both mouse and human oocytes. Together, these findings identify NEDDylation as a regulator of oocyte quality and connect this pathway to mitochondrial transcription in oocytes.",crossref
Characterization of the biosynthetic enzymes of the Morus alba benzofuran natural products,https://www.science.org/doi/abs/10.1126/sciadv.aec4824?af=R,,AAAS: Science Advances: Table of Contents,2026-06-17 07:00:00+00:00,10.1126/sciadv.aec4824,Xiaoguang Lei,,"Moracins are a distinct class of benzofuran natural products, primarily found in Moraceae plants. Despite their varying biological activities and interesting chemical structures, little is known about their biosynthesis. Here, we elucidate the biosynthetic pathway of moracin M, a common intermediate in moracin biosynthesis. Using thermal proteome profiling, we identified a noncanonical laccase from
                    Morus alba
                    (MaLAC) that catalyzes an unprecedented oxidative cyclization of oxyresveratrol to moracin M. Distinct from other plant laccases, MaLAC is the first plant laccase shown to catalyze an intramolecular oxidative cyclization reaction in natural product biosynthesis. Mechanistic studies revealed a copper-mediated radical cyclization, providing guidance for engineering laccases to catalyze synthetically valuable intramolecular oxidative cyclization. The biosynthetic pathway for moracin M was heterologously constructed in
                    Nicotiana benthamiana
                    . This work not only provides important insights into moracin biosynthesis, laying the foundation for manufacturing bioactive moracins via metabolic engineering strategies, but also demonstrates the power of label-free chemoproteomics in elucidating unknown biosynthetic pathways of plant secondary metabolites.",crossref
Scalable multiplexed machine learning gas sensor chips for food classification,https://www.science.org/doi/abs/10.1126/sciadv.aec7965?af=R,,AAAS: Science Advances: Table of Contents,2026-06-17 07:00:00+00:00,10.1126/sciadv.aec7965,Ali Javey,,"Multiplexed gas sensor arrays combined with machine learning have unlocked previously inaccessible applications for scent-based sensing. Current platforms are limited by overlapping sensing materials with similar compositions, leading to highly correlated responses, or multistep deposition processes that hinder scalability. In this work, we developed a 16-element monolithic chip with fully distinct sensing layers, enabling a truly heterogeneous array. The system consists of highly sensitive carbon nanotube field effect transistors that are functionalized through a single-step microdispensing method compatible with automated pipetting systems. The resulting chip produces characteristic signal patterns in response to object-specific scent profiles and, when combined with machine learning algorithms, can perform automated object identification. We demonstrate the classification of 16 different objects, including food spoilage and nut allergens, with a 92.6% overall prediction accuracy.",crossref
Spatial transcriptome mapping identifies Ppara-Anxa2 cross-talk in microplastic-induced hepatotoxicity,https://www.science.org/doi/abs/10.1126/sciadv.aec8681?af=R,,AAAS: Science Advances: Table of Contents,2026-06-17 07:00:00+00:00,10.1126/sciadv.aec8681,Tae Gyu Oh,,"Microplastics (MPs) are increasingly recognized as an urgent global health concern, with mounting evidence linking their bioaccumulation to chronic disease risks. The liver, as a central organ for metabolic homeostasis and detoxification, is particularly sensitive to sustained MP exposure. However, the mechanisms underlying hepatic responses to polyethylene (PE), the most prevalent yet relatively understudied plastic type, remain poorly defined. By performing combined bulk and spatial transcriptomic analyses, we observed that PE resulted in hepatic dysfunction in mice fed on standard or metabolic dysfunction-associated steatohepatitis (MASH)–inducing diets, driving both globally and spatially distinct transcriptional alterations, including a nuclear receptor (NR),
                    Ppara
                    . Spatial transcriptomics uncovered the cell type heterogeneity and gene expression patterns masked in bulk analyses. Spatial clustering uncovered inflammatory hotspots characterized by reduced cellular diversity and distinct PE-responsive gene signatures. Among these, NR signaling emerged as a key regulatory axis, with Ppara identified as a modulator. We further demonstrated that Ppara regulates
                    Anxa2
                    , a gene involved in damage response and tissue recovery, through enhancer and promoter binding. These findings offer insights into how PE disrupts hepatic homeostasis and underscores the value of spatial transcriptomics in elucidating environmental impacts on tissue organization and gene expression regulation. This study provides a molecular framework for understanding MP-associated disruption of liver pathophysiology and highlights potential targets for therapeutic intervention.",crossref
State-switching navigation strategies in Caenorhabditis elegans are beneficial for chemotaxis,https://www.pnas.org/doi/abs/10.1073/pnas.2519999123?mi=eymic2&af=R&access=on&content=articlesChapters&publication=pnas&sortBy=Earliest&target=default,,Proceedings of the National Academy of Sciences: Keyword search for query,2026-06-17 07:00:00+00:00,10.1073/pnas.2519999123,Andrew M. Leifer,,"Animals employ different strategies for relating sensory input and behavioral output to navigate sensory environments, but what strategy to use, when to switch and why remain unclear.
                    Caenorhabditis elegans
                    navigate by combining “steering” (small heading changes) with “turn” (large reorientations). It is unknown whether transitions between these elements are driven solely by sensory input or also by persistent internal states. It is also unclear how worms sometimes appear to exit turns such that they are already oriented toward a goal, despite their presumed lack of spatial awareness during turns. We address these questions with measurements of sensory-guided navigation and a statistical model of state-dependent control. Worm navigation is well described by a sensory-driven, two-state-switching model whose states persist for seconds and produce distinct sensorimotor mixtures: one state is steer-enriched, the other turn-enriched. This hierarchical temporal organization challenges the view that gradient-climbing strategies are static and purely stimulus-locked. Instead, sensory input causally modulates transitions between persistent states, creating the appearance of “directed turns” when exiting the turn-enriched state. Measurements using genetically perturbed animals and modeling with data-constrained reinforcement-learning both show that state switching enhances gradient-climbing performance. Together, measurement, perturbation, and modeling reveal that state switching is functionally beneficial, organizing behavior across time—a principle that may generalize across species and contexts.",crossref
Metaceramic enables ultrahigh-temperature record rectification and programmable 3D thermal control,https://www.science.org/doi/abs/10.1126/sciadv.aef4765?af=R,,AAAS: Science Advances: Table of Contents,2026-06-17 07:00:00+00:00,10.1126/sciadv.aef4765,Jian Xiong,,"Thermal rectification enables asymmetric heat flow and offers transformative potential for thermal management under extreme environments, yet its practical development has been constrained by a fundamental trade-off between high-temperature stability and nonlinear thermal response. Conventional rectifiers face intrinsic limitations, with operating temperatures below 900 kelvin and rectification ratios under 3.5. Here, we present a metaceramic, a monolithic metamaterial ceramic, architected with multiscale graded porosity that synergistically integrates four nonlinear heat transfer mechanisms: ion-tailored conduction, cavity-modulated radiation, chaotic advection–enhanced convection, and spontaneous convective dissipation. This metaceramic achieves a record thermal rectification ratio of 8.5 at 2473 kelvin, surpassing previous benchmarks by over 140%. In addition, the design’s continuum-like, functionally partitionable nature enables its extension into a triaxial ultrahigh-temperature rectifier, which provides programmable, volumetric thermal flow control along three independent axes, effectively elevating rectification from a scalar to a tensor-like property. By decoupling and recombining multimodal nonlinearities within a single material, we overcome the classical stability-nonlinearity conflict. Our work establishes a metamaterials platform for breaking thermal reciprocity under extreme conditions, with implications for heat management in hypersonic systems, spacecraft, and energy technologies.",crossref
SLC25A3 exports mitochondrial copper to metalate cytochrome c oxidase and prevent cuproptosis,https://www.pnas.org/doi/abs/10.1073/pnas.2612098123?mi=eymic2&af=R&access=on&content=articlesChapters&publication=pnas&sortBy=Earliest&target=default,,Proceedings of the National Academy of Sciences: Keyword search for query,2026-06-17 07:00:00+00:00,10.1073/pnas.2612098123,Vishal M. Gohil,,"Copper (Cu) is an essential cofactor for cytochrome
                    c
                    oxidase (CcO), a mitochondrial respiratory chain enzyme that is metalated in the intermembrane space (IMS) primarily using Cu derived from the mitochondrial matrix pool. While Cu import into the matrix depends on the inner membrane carrier SLC25A3, the route by which matrix Cu is exported to the IMS for insertion into CcO has remained a major, unresolved step in intramitochondrial Cu trafficking. Here, we leveraged our recent discovery that the Cu ionophore elesclomol (ES) releases Cu directly into the mitochondrial matrix to show that SLC25A3 is required for exporting Cu to the IMS for CcO metalation. Loss of SLC25A3 decreases mitochondrial Cu content and CcO activity as expected. Strikingly, bypassing the loss of SLC25A3 with ES-mediated Cu delivery to the matrix fails to restore CcO function; rather, it drives toxic Cu retention and triggers cuproptosis, revealing that SLC25A3-facilitated Cu export is the limiting determinant of CcO metalation. Heterologous expression in
                    Lactococcus lactis
                    confirms that SLC25A3 can mediate Cu export. These results suggest that SLC25A3 is the long-sought mitochondrial Cu exporter with a dual role in enabling CcO metalation and gating susceptibility to cuproptosis.",crossref
Life-span–dependent transcriptional dynamics of the human heart,https://www.science.org/doi/abs/10.1126/sciadv.aeg2614?af=R,,AAAS: Science Advances: Table of Contents,2026-06-17 07:00:00+00:00,10.1126/sciadv.aeg2614,Jiangping Song,,"The human heart undergoes continuous transcriptional remodeling from development through aging, yet the cellular and regulatory features governing this process remain incompletely defined. Here, we generated a single-nucleus RNA sequencing atlas of 442,239 nuclei from 54 nonfailing myocardial tissues of 29 individuals spanning development, adulthood, and aging, covering left and right ventricles. Across all major cell types, we uncovered coordinated yet cell type–specific transcriptional trajectories that converge on progressive loss of gene expression homeostasis, stress responses, and inflammatory signaling over the life span. Cardiomyocytes displayed distinct age-associated transcriptional states enriched for senescence- and disease-related signatures. Regulatory network analysis identified
                    PRDM16
                    as a transcriptional regulator whose activity declined with age in cardiomyocytes. Functional perturbation of
                    PRDM16
                    in human cardiomyocyte models induced senescence, metabolic dysfunction, and stress responses, whereas its rebalancing in aged mouse hearts improved cardiac function and partially reversed aging-associated transcriptional programs. Last, leveraging life-span–resolved single-nucleus data, we constructed cardiac transcriptomic age prediction models that closely tracked chronological age in nonfailing hearts and revealed deviations consistent with accelerated aging in cardiomyopathies. Together, this study provides a comprehensive single-nucleus resource of the human heart across the life span and delineates cellular and regulatory features associated with cardiac aging.",crossref
An F-box protein OsFKF1 interacts with either OsGI or Hd1 and mediates the degradation of OsGI to control flowering time in rice,https://www.science.org/doi/abs/10.1126/sciadv.adz5090?af=R,,AAAS: Science Advances: Table of Contents,2026-06-17 07:00:00+00:00,10.1126/sciadv.adz5090,Xiaoxue Wang,,"Flowering time of rice (
                    Oryza sativa
                    ) plays important roles in regulating grain yield, quality, and adaptability.
                    O. sativa
                    GIGANTEAN (OsGI), heading date 1 (Hd1), and
                    O. sativa
                    flavin-binding, Kelch repeat, and F-box 1 (OsFKF1) are key factors controlling flowering time in rice. However, their relationships are not quite clear. In this study, we found that OsFKF1, an F-box domain–containing protein, physically interacts with OsGI and Hd1. OsFKF1 targets OsGI for degradation through ubiquitination-mediated 26
                    S
                    proteasome. OsFKF1 is functionally conserved with FKF1 in
                    Arabidopsis
                    . Mutations of
                    OsFKF1
                    ,
                    OsGI
                    , and
                    Hd1
                    generated through CRISPR-Cas9 in the same genetic background confer late flowering phenotypes. The
                    osfkf1
                    mutations suppress the expression of
                    Ehd1
                    ,
                    Hd1
                    , and
                    Ehd2
                    , while activating
                    Ghd7
                    and
                    Ehd3
                    , which further reduces the expression of florigen genes
                    Hd3a
                    and
                    RFT1
                    , leading to delayed flowering time. Mutations of
                    OsFKF1
                    also affect the agronomic traits and enhance grain yield. These findings reveal the molecular mechanisms of OsFKF1 on regulating flowering time and provide valuable germplasm resources for rice breeding to improve growth period.",crossref
Control of naive T cell reactivity and peripheral tolerance by ascorbate and TET activity,https://www.science.org/doi/abs/10.1126/sciadv.aeh1439?af=R,,AAAS: Science Advances: Table of Contents,2026-06-17 07:00:00+00:00,10.1126/sciadv.aeh1439,Yongqiang Feng,,"Peripheral tolerance depends on limiting conventional T cell responses to self-antigens. To define the contribution of nutritional factors and related epigenetic regulation, we perform in vivo CRISPR screening and identify the ascorbate transporter Slc23a2 as a key regulator of naive T cell (Tn) reactivity. T cell–specific loss of
                    Slc23a2
                    reduces intracellular ascorbate, induces regional DNA hypermethylation, enhances differentiation of Tn cells into effector and memory populations, and promotes low-grade autoimmune inflammation. These phenotypes mirror those caused by ascorbate deprivation,
                    TET
                    dioxygenase deficiency, and aging. Mechanistically, Slc23a2 maintains TET enzymatic activity through ascorbate, dampens proximal TCR signaling, represses helper T cell lineage programs, and sustains Tcf1 expression and chromatin binding in Tn cells. Deletion of
                    Tcf7
                    partially phenocopies
                    Slc23a2
                    deficiency, whereas Tcf1 overexpression mitigates the effects. Together, these findings identify ascorbate and TET-dependent DNA demethylation as a checkpoint that restrains Tn cell reactivity to self-antigens, thereby maintaining peripheral tolerance, a process compromised with aging.",crossref
Pyrodictium abyssi AbpX reveals a calcium-responsive family of microbial biomatrix proteins that form thermostable hydrogels,https://www.pnas.org/doi/abs/10.1073/pnas.2600204123?mi=eymic2&af=R&access=on&content=articlesChapters&publication=pnas&sortBy=Earliest&target=default,,Proceedings of the National Academy of Sciences: Keyword search for query,2026-06-17 07:00:00+00:00,10.1073/pnas.2600204123,Vincent P. Conticello,,"Evolutionary pressure on microbial communities propagating under extreme environmental conditions often results in unique structural adaptations to promote cell survival. Here, we report an investigation of AbpX, a biomatrix protein identified in cultures of the hyperthermophilic archaeon
                    Pyrodictium abyssi
                    . Under ex vivo and in vitro conditions, AbpX assembles into a paracrystalline lattice composed of semiflexible fibrils. CryoEM analysis of recombinant AbpX fibrils reveals that the precursor protein polymerizes through donor strand complementation (DSC), a process previously reported for chaperone-usher fimbriae in Gram-negative bacteria. Unlike the latter DSC protein polymers, AbpX undergoes chaperone-free polymerization in the presence of calcium ions, which are sequestered at the donor strand-acceptor groove interface between protomers in the fibril. Using a combination of cryoEM and crystallographic information, a structural model is proposed for the AbpX lattice that provides insight into its potential role in biofilm formation. These findings suggest that calcium ion coordination may contribute to fibril assembly and preorganize fibrils for incorporation into the protein lattice. Bioinformatic analysis indicates that AbpX exemplifies a distinct and broadly distributed clade of calcium ion responsive biomatrix proteins within the TasA superfamily that can be fabricated into hydrogel biomaterials in vitro under environmentally benign conditions.",crossref
Rule-breaking in chemical synthesis,https://www.science.org/doi/abs/10.1126/sciadv.aeg7124?af=R,,AAAS: Science Advances: Table of Contents,2026-06-17 07:00:00+00:00,10.1126/sciadv.aeg7124,Neil K. Garg,,"Challenging century-old rules of structure, bonding, and reactivity enables the discovery of new synthetic chemistry involving amides and anti-Bredt olefins.",crossref
Piezobiomimetic delivery nanosystem converts cold tumors to hot by parallel PANoptosis/STING activation in hepatocellular carcinoma,https://www.science.org/doi/abs/10.1126/sciadv.aea6844?af=R,,AAAS: Science Advances: Table of Contents,2026-06-17 07:00:00+00:00,10.1126/sciadv.aea6844,Rui Xie,,"Hepatocellular carcinoma (HCC) remains a challenge for therapeutic efficacy in converting cold tumors into hot ones. Herein, doping defect–engineered manganese perovskite piezoelectric nanocubes (Mn-BaZrO
                    3
                    , MBZO) integrated miltirone biomimetic delivery within tumor-derived nanovesicles are proposed for the parallel pyroptosis-apoptosis-necroptosis (PANoptosis) and the stimulator of interferon genes (STING) pathway activation to reshape the immune microenvironment, leading to tumor regression in HCC. Homologously targeting HCC cells, MBZO nanocubes accumulated and produced exogenous reactive oxygen species through the piezocatalytic effect. Specifically, miltirone accelerated oxidative stress amplification, potentially serving as an inducer of programmed cell death in HCC. Then, PANoptosis was activated to disrupt the cell barrier and release damage-associated molecular patterns, promoting immunogenicity. Concurrently, MBZO synergistically stimulated the STING pathway to evoke pro-inflammatory responses and elicit immunogenic cell death, triggering effector immune cell deployment (EICD). The piezobiomimetic delivery nanosystem bridged innate immunity activation and EICD to convert cold tumors into hot tumors and suppress tumor growth, thereby enhancing the efficacy of piezoimmunotherapy in HCC.",crossref
A conserved in-frame stop codon acts as a multipotent defense mechanism in alphaviruses,https://www.science.org/doi/abs/10.1126/sciadv.aee6015?af=R,,AAAS: Science Advances: Table of Contents,2026-06-17 07:00:00+00:00,10.1126/sciadv.aee6015,Harmit S. Malik,,"Most alphaviruses maintain an in-frame opal stop codon that interrupts their nonstructural polyprotein (nsP) ORF between nsP3 and nsP4 in both vertebrate and insect hosts. We show that the nsP3 opal stop codon confers a replicative advantage to Sindbis virus (SINV) in RNAi-competent
                    Aedes
                    cells and mosquitoes but not in RNAi-deficient cells or mosquitoes. Mutation of the opal stop codon delays processing of the viral nsP polyprotein, disrupts viral replication spherule integrity, and renders viral RNA susceptible to Dicer 2 cleavage, resulting in higher antiviral siRNA responses against SINV. Similarly, these defects caused by opal codon mutations lead to increased viral RNA detection and enhanced immune signaling in vertebrate cells. Thus, a single stop codon in alphaviruses mediates a multipotent viral strategy to evade innate immune defenses across diverse hosts.",crossref
Heatwaves enable wildfire activity in the western United States,https://www.science.org/doi/abs/10.1126/sciadv.aea1277?af=R,,AAAS: Science Advances: Table of Contents,2026-06-17 07:00:00+00:00,10.1126/sciadv.aea1277,Precious E. Ebiendele,,"While overall impacts of heatwaves have been extensively studied, the connection between heatwaves and wildfire activity remains relatively underexplored. We analyze links between heatwaves and both wildfire occurrence and growth across the western United States (WUS) and find that 42% of burned area during 2001–2024 occurred during and immediately following heatwaves. Heatwaves facilitate significant increases in daily burned area through meteorological and fuel flammability conditions that promote new ignitions and exacerbate ongoing fire activity, with effects persisting post-heatwave in most regions. In addition, heatwaves co-occur with increased cloud-to-ground lightning that can potentially increase ignitions. Last, we observe a 2.5-fold increase in burned area in WUS forests since 2001, with ~64% of this increase coinciding with heatwaves, but without corresponding increases in nonforests. The growing influence of heatwaves in shaping burned area in WUS forests has important implications for fire management and public health and can improve predictions of wildfire risk.",crossref
Broadening participation: 20-year outcomes from undergraduate science training programs,https://www.science.org/doi/abs/10.1126/sciadv.aeh0739?af=R,,AAAS: Science Advances: Table of Contents,2026-06-17 07:00:00+00:00,10.1126/sciadv.aeh0739,P. Wesley Schultz,,"Science thrives on diverse perspectives, yet women and scientists from underrepresented racial and ethnic groups remain underrepresented in doctoral-level biomedical research careers. Despite decades of investment in training initiatives, rigorous long-term evidence of their effectiveness is limited. We conducted a 20-year prospective, matched-control longitudinal study to test whether participation in two National Institutes of Health undergraduate programs, the Research Initiative for Scientific Enhancement (RISE) and Minority Access to Research Careers (MARC), increases doctoral (Ph.D.) completion. Using propensity score matching on 11 baseline characteristics, we followed 743 students from 2005 to 2025. Participants were more than twice as likely as matched peers to earn a Ph.D., with effects remaining robust after adjusting for prior academic achievement and career intentions. These findings demonstrate that sustained undergraduate training programs can durably expand participation in the biomedical research workforce.",crossref
A programmable bifunctional flavoenzyme for direct amine-to-ester conversion,https://www.science.org/doi/abs/10.1126/sciadv.aef2491?af=R,,AAAS: Science Advances: Table of Contents,2026-06-17 07:00:00+00:00,10.1126/sciadv.aef2491,Jing Wu,,"The unification of mechanistically distinct oxidative transformations within a single enzyme active site represents a long-standing challenge in biocatalysis. In particular, flavin-dependent oxidative deamination and Baeyer-Villiger oxidation have remained evolutionarily and mechanistically segregated, raising fundamental questions as to whether their catalytic cycles can be coherently integrated without mutual interference. Here, we report a bifunctional ancestral flavoenzyme, AncFO-221, reconstructed using a function-oriented ancestral sequence reconstruction strategy, which enables direct amine-to-ester conversion within a single active site. Combined experimental and computational analyses reveal a unified catalytic framework in which histidine-assisted proton and hydride transfer during amine oxidation is intrinsically coupled to C
                    4a
                    -peroxyflavin–mediated oxygen insertion, establishing a continuous amine oxidation-Baeyer–Villiger oxidation (AO-BVO) reaction cycle rather than a fortuitous cascade. Guided by this mechanistic unity, modular protein engineering produced an optimized variant, M15, exhibiting an ~18-fold enhancement in catalytic efficiency, near-complete suppression of reductive side reactions, and lactone yields up to 93%. Notably, the engineered enzyme displays programmable and unconventional regioselectivity, preferentially migrating weakly migratory groups across structurally diverse amines, thereby overriding the classical Baeyer-Villiger migratory rule. This study demonstrates that ancestral reconstruction combined with mechanism-guided evolution can merge evolutionarily segregated chemistries into a single, tunable catalytic platform, providing a generalizable blueprint for the design of multistep oxidative biocatalysts.",crossref
Transforming global water cycle observations via synergistic AI and remote sensing,https://www.science.org/doi/abs/10.1126/sciadv.aef3610?af=R,,AAAS: Science Advances: Table of Contents,2026-06-17 07:00:00+00:00,10.1126/sciadv.aef3610,Wenjie Fan,,"Rapid shifts in terrestrial water cycle and water-related disasters due to climate change challenge the capability of remote sensing observation. Current models that rely on region-specific empirical parameters and multistage workflows fail to robustly handle complex and accelerated water cycle with high spatiotemporal resolutions. Increasing parameter complexity for fine-scale representation under various terrestrial conditions becomes prohibitive. To address these limitations, we present bidirectional encoder representations from transformers for hydrology (BERTH), an end-to-end artificial intelligence (AI) framework for global water cycle monitoring at 30-meter and daily scale, directly transforming remote sensing radiance to evapotranspiration, precipitation, soil moisture, and runoff. As a transformative paradigm for quantitative Earth science, BERTH trained on global datasets precisely captures spatiotemporal dynamics across diverse conditions, surpassing existing geophysical models in accuracy. Embodying the synergistic integration of AI and remote sensing, BERTH offers a transformative platform that supports next-generation investigations into global water resources and Earth system dynamics.",crossref
A stage-based framework for closed-loop recycling of polymeric composite membranes,https://www.science.org/doi/abs/10.1126/sciadv.aed5675?af=R,,AAAS: Science Advances: Table of Contents,2026-06-17 07:00:00+00:00,10.1126/sciadv.aed5675,Xinglin Lu,,"Polymeric composite membranes are essential in modern separation technologies but pose critical challenges for sustainable end-of-life (EOL) management due to their chemically heterogeneous, multilayer structures. Existing approaches, such as mechanical processing or catalytic depolymerization, exhibit limited efficiency in separating and recovering multiple components. Here, we present a stage-based physical-chemical recycling strategy enabling multicomponent recovery and closed-loop regeneration of composite membranes through sequential solvent extraction, catalytic depolymerization, and membrane recasting. Using real EOL membranes as feedstock, the process yields regenerated membranes with mechanical robustness and separation performance comparable to commercial counterparts. Life-cycle assessment and technoeconomic analysis reveal substantial reductions in environmental impacts and material costs relative to conventional membrane manufacturing. By engineering a scalable process system for the circular recovery of complex membrane components, this work bridges materials science and process engineering, offering a viable route for sustainable management of polymeric composite waste streams.",pubmed
Untethered thin-film neurostimulator wrapped around tiny nerve trunks for wireless neuromodulation,https://www.science.org/doi/abs/10.1126/sciadv.aec9247?af=R,,AAAS: Science Advances: Table of Contents,2026-06-17 07:00:00+00:00,10.1126/sciadv.aec9247,Zhiqiang Luo,,"Electrical stimulation of tiny peripheral nerve trunks for near-organ neuromodulation enables precise electroceutical therapy for refractory diseases, but long-term stable neuromodulation of these delicate, fragile nerve trunks remains an engineering challenge. Here, we report the development of NeuroWrap Ultrasonic Stimulator (NWUS), an untethered, self-adhesive thin-film neurostimulator capable of conformally wrapping around tiny nerve trunks. The untethered architecture can help avoid the damage or rupture of tiny nerves due to uncontrollable micromotion of lead wires during bodily movements. The NWUS is an ultrasound-responsive acoustoelectric converter with optimized impedance matching, which enables highly effective wireless electrical stimulation. The electroceutical application of NWUS was further illustrated in chronic vagus nerve stimulation for immunomodulation therapy in a rat model. The wireless neuromodulation therapy of rat experimental autoimmune myocarditis was proven to restore left ventricular function, suppress proinflammatory cytokine expression as well as macrophage infiltration within cardiac tissue, and promote regulatory T cell recruitment along with increased anti-inflammatory cytokine levels.",crossref
Superefficient optical frequency division referenced to μHz Schawlow-Townes-linewidth quantum noise–limited lasers,https://www.science.org/doi/abs/10.1126/sciadv.aed1856?af=R,,AAAS: Science Advances: Table of Contents,2026-06-17 07:00:00+00:00,10.1126/sciadv.aed1856,Heng Zhou,,"Optical frequency division (OFD) converts ultrastable optical frequencies to microwaves via an optical frequency comb, generating microwave oscillators with record-low phase noise and time jitter. However, conventional OFD systems face a notable trade-off between division complexity and noise suppression because of severe thermal and technical noise in optical references. Here, we address this challenge by using common-cavity bicolor Brillouin lasers as references, operating at the fundamental quantum noise limit with a 10-microhertz Schawlow-Townes linewidth. Enabled by these ultracoherent lasers, our OFD system uses a markedly simplified comb divider with an unprecedented division factor of 10, producing a 10-gigahertz microwave signal with exceptional phase noise of −65 decibels relative to the carrier per hertz at 1-hertz offset, −155 decibels relative to the carrier per hertz at 10-kilohertz offset, and −172 decibels relative to the carrier per hertz at 10-megahertz offset. Leveraging this purity, we implement broadband synthesis from 5 to 20 gigahertz with millisecond tuning. This work redefines the trade-off between noise suppression and division complexity in OFD, paving the way for compact, high-performance microwave synthesis for next-generation atomic clocks, quantum sensors, and low-noise radar systems.",crossref
Direct all-electrical decoding of vector vortex beams on chip,https://www.science.org/doi/abs/10.1126/sciadv.aed0418?af=R,,AAAS: Science Advances: Table of Contents,2026-06-17 07:00:00+00:00,10.1126/sciadv.aed0418,Qi Jie Wang,,"Vector vortex beams, structured light fields characterized by polarization and phase singularities, offer substantial promise for next-generation photonic technologies. While the detection of scalar vortex beams has been investigated, the direct, all-electrical, and filter-free detection of vector vortex beams has remained a challenge. Here, we demonstrate an on-chip, all-electrical detection platform capable of simultaneously resolving the orbital angular momentum (OAM) order and polarization state of incident vector vortex beams. This functionality is achieved by coupling van der Waals layered thermoelectric materials with a phase-gradient metagrating, which spatially maps OAM and polarization information onto surface plasmon polariton intensity distributions, thereby inducing directionally modulated photothermoelectric responses. Leveraging these distinctive photoresponses, we demonstrate a proof-of-concept two-dimensional encrypted optical communication protocol. Our platform establishes a scalable approach for high-dimensional light field detection and lays the groundwork for advanced optoelectronic systems spanning secure communications, quantum information, optical manipulation, and high-resolution imaging.",crossref
A teleost-specific oxygen–immunity axis where FIH activates NF-κB via competitive IκBα binding,https://www.pnas.org/doi/abs/10.1073/pnas.2529211123?mi=eymic2&af=R&access=on&content=articlesChapters&publication=pnas&sortBy=Earliest&target=default,,Proceedings of the National Academy of Sciences: Keyword search for query,2026-06-17 07:00:00+00:00,10.1073/pnas.2529211123,Changjun Guo,,"Global warming–induced aquatic deoxygenation poses a severe physiological challenge to teleosts, often influencing their immune defense mechanisms. While aquatic organisms are under evolutionary pressure to balance metabolic adaptation with pathogen resistance, the molecular strategies they employ to overcome high pathogen loads under hypoxic stress remain poorly understood. Here, an oxygen–immunity regulatory axis was identified in teleosts, in which the oxygen sensor FIH (factor inhibiting HIF) activated the NF-κB pathway by competitively displacing p65 from IκBα. Experiments with FIH mutants showed that NF-κB activation did not require FIH hydroxylase activity. In vitro, FIH bound IκBα, promoted p65 nuclear translocation, and increased inflammatory gene expression. FIH knockdown blunted these responses. In vivo, CRISPR/Cas9-generated
                    drfih
                    –/–
                    zebrafish showed reduced NF-κB-driven inflammation, altered responses to LPS challenge, and a dose-dependent trade-off in
                    
                      Vibrio
                      anguillarum
                    
                    infection, with reduced resistance at a low dose but mitigated immunopathology at a high dose. AlphaFold3 modeling and mutational analyses pinpointed a competitive interface. In human cells, FIH–IκBα binding occurred without NF-κB activation. Notably, replacing a C-terminal segment of human IκBα with the teleost counterpart restored FIH-dependent competition and NF-κB activation, indicating lineage-specific structural divergence. Extensive cross-species predictions revealed that several aquatic vertebrates, an amphibian, and a shrimp species possessed a competitive interface, whereas the terrestrial species examined did not. These findings revealed a hydroxylase-independent mechanism, likely associated with aquatic lineages, that linked oxygen sensing to innate immunity and had implications for vertebrate evolution, climate-driven hypoxia, and aquaculture health.",crossref
Non-cell-autonomous mechanisms of tumor initiation and relapse by chromosomal instability,https://www.pnas.org/doi/abs/10.1073/pnas.2531095123?mi=eymic2&af=R&access=on&content=articlesChapters&publication=pnas&sortBy=Earliest&target=default,,Proceedings of the National Academy of Sciences: Keyword search for query,2026-06-17 07:00:00+00:00,10.1073/pnas.2531095123,Geert J. P. L. Kops,,"Chromosomal instability (CIN) is a hallmark of cancer, and a primary cause of genetic heterogeneity in tumors. Depending on the degree of CIN and the affected tissue, CIN can promote or suppress tumor formation, and high CIN induction has been proposed as a therapeutic strategy. How CIN achieves these effects is unclear. Here we use a conditional mouse model of graded CIN in combination with longitudinal monitoring of DMBA/TPA-initiated skin tumors to show that low CIN increases the frequency of skin tumor initiation, while higher CIN accelerates tumor onset and growth rates. Strikingly, gene recombination analysis of the tumors reveals that upon high CIN induction the fast-growing tumors originate from rare low CIN cells, suggesting a strong non-cell-autonomous effect of high CIN. Gene expression analysis and immunohistochemistry show that high CIN causes epidermal hyperplasia, immune evasion, and a regenerative response that stimulates low CIN tumor growth beyond what is achieved by induction of low CIN alone. Such cell-extrinsic effects may be a common mechanism of tumor formation by CIN, as we observe it also in CIN-induced tumors of the intestine, breast, and mesentery. When high CIN is induced in established skin tumors, mimicking CIN-based therapy, tumors regress but relapse quickly. Relapsed tumors, too, arose from rare low CIN cells. Our findings have implications for our understanding of the contributions of CIN to cancer initiation and progression and give caution to the rationale for CIN therapies.",crossref
A genome-wide CRISPR screen reveals how diatoms thrive in dynamic light,https://www.pnas.org/doi/abs/10.1073/pnas.2532811123?mi=eymic2&af=R&access=on&content=articlesChapters&publication=pnas&sortBy=Earliest&target=default,,Proceedings of the National Academy of Sciences: Keyword search for query,2026-06-17 07:00:00+00:00,10.1073/pnas.2532811123,Ellen Yeh,,"Diatoms are a highly diverse algal group with outsized impact on global primary production and marine carbon sequestration. They are red lineage phototrophs of complex endosymbiotic origin and therefore evolutionarily divergent from plants and other green lineage phototrophs that typically serve as photosynthesis models. To accelerate the discovery of unique diatom biology, we developed a genome-wide CRISPR/Cas9 screen in the marine diatom,
                    Phaeodactylum tricornutum.
                    Dynamic light conditions are common in nutrient-rich, well-mixed marine environments in which diatoms thrive. The
                    P. tricornutum
                    mutant library was grown in different light regimes, including both high light and fluctuating light. We identified a broad set of genes required for survival specifically in dynamic light, including effectors of cyclic electron flow (CEF) and enzymes catalyzing posttranslational modifications of Calvin cycle enzymes. Among genes of unknown function identified, we demonstrated that the red lineage-exclusive gene STROBE1 is a CEF potentiator required for CEF-dependent generation of a trans-thylakoid proton gradient. STROBE1 and other genes identified in this screen reveal unexpected mechanisms underlying the adaptation of diatoms to dynamic light environments. This genome-wide genetic screen in
                    P. tricornutum
                    will accelerate the unbiased discovery of novel gene functions in these ecologically important organisms.",crossref
Abiotic sources of fixed nitrogen sustained early ecosystems for several hundred million years after the origin of life,https://www.science.org/doi/abs/10.1126/sciadv.aec4450?af=R,,AAAS: Science Advances: Table of Contents,2026-06-17 07:00:00+00:00,10.1126/sciadv.aec4450,Eva E. Stüeken,,"Nitrogen (N) plays a crucial role in controlling biological productivity. However, it remains unknown how Earth’s earliest ecosystems accessed bioavailable forms of nitrogen. Here, we present genomic evidence that the last universal common ancestor (LUCA) had genes for importing ammonium into the cell, but the first organisms with all three catalytic nitrogen fixing genes emerged at least 1 billion years later. Similarly, enzymatic pathways for accessing nitrogen from urea and nitriles appear to predate biological N
                    2
                    fixation. Our results imply that Earth’s earliest biosphere was maintained by environmental sources of ammonium and other N-bearing compounds, possibly derived from a combination of processes such as hydrothermal activity, photochemistry, rock weathering, lightning, or impact events. Biological N
                    2
                    fixation may have emerged in response to an increase in biological nutrient demand or due to declining abiotic supplies of ammonium, urea, and nitriles.",crossref
ENO1 couples HDAC1 to regulate histone lactylation and gene transcription,https://www.pnas.org/doi/abs/10.1073/pnas.2535245123?mi=eymic2&af=R&access=on&content=articlesChapters&publication=pnas&sortBy=Earliest&target=default,,Proceedings of the National Academy of Sciences: Keyword search for query,2026-06-17 07:00:00+00:00,10.1073/pnas.2535245123,Kai Zhang,,"Histone deacetylases (HDACs) regulate transcription and catalyze deacetylation predominantly within canonical transcriptional complexes. Nevertheless, the mechanistic role of other HDAC-associated proteins in orchestrating this process remains incompletely understood. To systematically decode endogenous HDAC interactomes in living cells, we developed BimPL, a heterobifunctional molecule-enabled proximity labeling strategy. Leveraging BimPL and quantitative proteomics, we robustly captured established HDAC complexes and identified putative interactors, including glycolytic enzyme enolase-1 (ENO1). Importantly, we uncover that ENO1 translocates into the nucleus and interacts with HDAC1 at chromatin, which in turn blunts the activity of HDAC1 through locally generated phosphoenolpyruvate (PEP). Consequently, the ENO1–HDAC1 coupling promotes histone lysine lactylation (Kla), which drives transcriptional reprogramming of oncogenes in hepatic malignancies. Our study establishes BimPL as a versatile tool for mapping endogenous protein interactomes and reveals a metabolic enzyme-orchestrated HDAC regulatory mechanism for histone lactylation, highlighting ENO1’s moonlighting function in epigenetic reprogramming.",crossref
Doppler-encoded Mie scattering rainbow of flying particles,https://www.science.org/doi/abs/10.1126/sciadv.aef7659?af=R,,AAAS: Science Advances: Table of Contents,2026-06-17 07:00:00+00:00,10.1126/sciadv.aef7659,Shangran Xie,,"Light scattering constitutes the most fundamental process in light-matter interactions and serves as the cornerstone of modern particle metrology. Although numerous scattering-based techniques have been established for characterizing particles in constrained motion, the precise analysis of freely flying particles remains largely underdeveloped. This limitation stems primarily from the severe constraints on accessible data acquisition time and the motion-induced image blur inherent in conventional scattering detection schemes. Here, we report the observation of a Doppler-encoded Mie scattering effect using optically propelled microparticles in antiresonant hollow-core fibers and further introduce a transverse Doppler spectrometry for single-particle-level metrology of flying particles. It is found that, when collected in the near field by a high–numerical aperture objective, the scattering fringes of a flying particle with divergent diffraction angles are encoded with distinct Doppler frequency shifts—this forms a broadband “scattering rainbow” in the transverse direction relative to the incident beam axis. This angle-dependent Doppler effect transforms the spatial diffraction pattern of a flying particle into the frequency domain, enabling high-precision determination of diameter and refractive index of airborne particles within a millisecond-scale observation window. Our findings unlock degrees of freedom for resolving flying particle features in the frequency domain, establishing a versatile diagnostic platform for a broad spectrum of applications that demand in situ particle analysis, such as atmospheric aerosol monitoring, hypersonic flow diagnostics, and label-free flow cytometry.",crossref
Shared spatial and temporal principles govern connectome dynamics across timescales,https://www.pnas.org/doi/abs/10.1073/pnas.2535464123?mi=eymic2&af=R&access=on&content=articlesChapters&publication=pnas&sortBy=Earliest&target=default,,Proceedings of the National Academy of Sciences: Keyword search for query,2026-06-17 07:00:00+00:00,10.1073/pnas.2535464123,Sepideh Sadaghiani,,"While the brain processes information at various speeds, little is known about how the functional connectome can concurrently support multiple speeds in parallel. FMRI and electrophysiological modalities have been used to study connectome dynamics at slow and fast speeds, respectively. But it is often implicitly assumed that these modalities capture the same underlying neural processes, with fMRI doing so through a low-pass temporal filter. However, recent work suggests the alternative possibility that connectome dynamics comprise distinct processes operating at multiple timescales. If such multiscale connectivity processes indeed coexist, a key question is whether their patterns and sequences are organized on the basis of shared regularities, i.e., common spatial and temporal principles. In simultaneous human fMRI and source-localized EEG, we investigated the connectome’s foundational constituents—the instantaneous coactivation patterns—across six timescales of neural activity, from infraslow through γ-band. We found streams of recurrent coactivation patterns, or states, that operate in parallel and asynchronously across timescales, thereby forming a timescale-overarching spatial principle. These states also occurred in highly similar sequences at all timescales, revealing a timescale-overarching temporal principle. Together, these findings indicate that the connectome comprises multiple dynamic streams operating in parallel at distinct speeds, from tens of milliseconds to seconds, rather than a single stream filtered by each modality’s temporal resolution. Spatial and temporal principles that span these streams enable their integration into a unified system. Consequently, research on human behavior and mental disorders should account for the full range of the connectome’s timescales.",crossref
Supersaturation-controlled assembly pathway directs hierarchical chirality expression in ionic luminophores,https://www.pnas.org/doi/abs/10.1073/pnas.2535931123?mi=eymic2&af=R&access=on&content=articlesChapters&publication=pnas&sortBy=Earliest&target=default,,Proceedings of the National Academy of Sciences: Keyword search for query,2026-06-17 07:00:00+00:00,10.1073/pnas.2535931123,Yongli Yan,,"The controlled expression of molecular chirality across multiple length scales is a central feature of many natural assemblies, yet remains a significant challenge to achieve in synthetic materials. Here, we show that supersaturation—particularly its temporal evolution—acts as a powerful kinetic parameter for directing chiral expression during antisolvent diffusion. By tuning diffusion conditions, two distinct assembly pathways can emerge from the same ion-paired luminophores. In all cases, nucleation is initiated upon reaching a critical supersaturation threshold, consistent with a common nucleation process. The subsequent growth pathways diverge depending on how supersaturation is sustained over time. When antisolvent diffusion is rapidly completed and the system transitions to an evaporation-dominated regime, gradual reorganization of intermediate assemblies produces macroscopic vortex-like films with pronounced chiral organization, whose large circularly polarized light emission dissymmetry factors (|g
                    CPLE
                    |) originate primarily from structure-induced scattering. In contrast, when supersaturation is continuously maintained through ongoing antisolvent diffusion, higher nucleation density combined with restricted growth leads to square microcrystals that exhibit only weak supramolecular chirality. The two pathways yield distinct chiroptical signatures with opposite CPLE signs and an order-of-magnitude difference in chiroptical response, with vortex films reaching |g
                    CPLE
                    | values up to 0.09. This study establishes a mechanistic link between supersaturation evolution and hierarchical chiral assembly and offers insights for designing macroscopic chiral photonic architectures with relevance to biomimetic and chiroptical applications.",crossref
FcRL4 is an IgA receptor that primarily binds the joining chain,https://www.pnas.org/doi/abs/10.1073/pnas.2600183123?mi=eymic2&af=R&access=on&content=articlesChapters&publication=pnas&sortBy=Earliest&target=default,,Proceedings of the National Academy of Sciences: Keyword search for query,2026-06-17 07:00:00+00:00,10.1073/pnas.2600183123,Junyu Xiao,,"Immunoglobulin A (IgA) is a crucial component of the human immune system, and its interaction with receptors is essential for immune regulation. Fc-receptor-like 4 (FcRL4) is an IgA receptor that selectively binds systemic IgA containing the joining chain (J-chain). The molecular mechanism of this interaction has remained unclear. Here, we present a cryo-EM structure of FcRL4 complexed with the dIgA core (Fcα dimer and J-chain), revealing a 1:1 binding stoichiometry. FcRL4 primarily interacts with the J-chain but can nevertheless discriminate against J-chain-containing IgM through an entropic penalty mechanism. Our structure also explains why FcRL4 does not bind secretory IgA, as the secretory component would hinder FcRL4 binding. Functional studies indicate that FcRL4 lacks the ability to internalize IgA or IgA immune complex. These findings provide fresh insights into IgA biology.",crossref
NPAS3-regulated astrocyte mitochondrial bioenergetics is required for cognition,https://www.science.org/doi/abs/10.1126/sciadv.adt2527?af=R,,AAAS: Science Advances: Table of Contents,2026-06-17 07:00:00+00:00,10.1126/sciadv.adt2527,Mikhail V. Pletnikov,,"The basic helix-loop-helix transcription factor neuronal PAS (Per, Arnt, Sim) domain protein 3 (NPAS3) provides transcriptional regulation of metabolic pathways and is highly expressed in astrocytes. NPAS3 variants have been associated with cognitive dysfunction under several neuropsychiatric conditions, but the underlying brain cell type–specific mechanisms remain obscure. Here, we report that NPAS3 is a key regulator of mitochondrial bioenergetics in astrocytes in the mouse brain. Selective deletion of
                    Npas3
                    in mature astrocytes decreases expression of mitochondrial glutamate carrier 2 involved in glutamate oxidation, leading to reduced oxidative phosphorylation and lactate production in astrocytes. This deficit reduces intrinsic excitability, dendritic spine density, and excitatory synaptic transmission of medial prefrontal cortex (mPFC) pyramidal neurons. Mice with
                    Npas3
                    -deficient mPFC astrocytes exhibit impaired trace fear conditioning, which is rescued by lactate treatment. Thus, the present study demonstrates a mechanistic link between NPAS3-dependent astrocyte mitochondrial bioenergetics and cognitive function and provides insights for glia-targeting treatment of cognitive dysfunction in neuropsychiatric disease.",crossref
Aridity-induced energy reallocation from green to brown food webs predicts grassland carbon storage,https://www.pnas.org/doi/abs/10.1073/pnas.2534463123?mi=eymic2&af=R&access=on&content=articlesChapters&publication=pnas&sortBy=Earliest&target=default,,Proceedings of the National Academy of Sciences: Keyword search for query,2026-06-17 07:00:00+00:00,10.1073/pnas.2534463123,Manqiang Liu,,"Increasing aridity is predicted to alter the structure and functioning of soil food webs, yet its impacts on grassland food-web energetics and the resulting consequences for soil carbon sequestration remain poorly understood. Here, we quantified energy fluxes in soil food webs along a natural aridity gradient using data from 240 observations across 30 grassland ecosystems in the eastern Eurasian Steppe, spanning temperate (Loess and Inner Mongolian Plateaus) and alpine (Tibetan Plateau) regions. We found that increasing aridity decreases total energy flux through whole food webs across all study regions, largely driven by species losses and weakened trophic interactions. Energy flux to herbivory-based “green” channels declined more sharply than microbivory-based “brown” channels with increasing aridity, resulting in greater dominance of brown energy channels under more arid conditions across temperate grasslands. This broad-scale “browning” of soil food webs aligns with declining soil organic carbon (SOC) storage in temperate grasslands, suggesting that carbon loss through decomposition outpaces plant-derived carbon inputs under increasing aridity. In contrast, alpine grasslands showed increased SOC when the energy flux ratio of herbivory to microbivory was below the threshold of ~1, likely because lower temperatures constrain microbe-based decomposition and energy transfer to microbivory channels under more arid conditions. Understanding the context-dependent metabolic processes that underlie energy reallocation across soil food webs can augment modeling efforts to predict change to Earth’s carbon cycle.",crossref
Bootstrapping Quantum Hamiltonians with Symmetry,http://link.aps.org/doi/10.1103/1757-fx9c,,Recent Articles in Phys. Rev. Lett.,2026-06-17 10:00:00+00:00,10.1103/1757-fx9c,Michael G. Scheer,,"Author(s): Michael G. ScheerWe describe a semidefinite relaxation method which finds lower bounds to the ground state energy of a quantum Hamiltonian subject to Hermitian linear constraints along with approximations of ground state expectation values. We show that symmetry can be used to significantly reduce the computational …[Phys. Rev. Lett. 136, 246501] Published Wed Jun 17, 2026",rss_description
Role of Spin-Isospin Symmetries in Nuclear $β$-Decays,http://link.aps.org/doi/10.1103/vk51-b476,,Recent Articles in Phys. Rev. Lett.,2026-06-17 10:00:00+00:00,10.1103/vk51-b476,Daniel R. Phillips,,"Author(s): Simone Salvatore Li Muli, Tor R. Djärv, Christian Forssén, and Daniel R. PhillipsA century ago, Wigner’s SU(4) symmetry was introduced to explain the properties of atomic nuclei. Despite recent revived interest, its impact on nuclear structure, transitions, and reactions has not been fully explored. Here, we show that a variety of high-fidelity nuclear interactions predict nucle…[Phys. Rev. Lett. 136, 242501] Published Wed Jun 17, 2026",rss_description
Memory-Assisted Nonlocal Interferometer toward Long-Baseline Telescopes,http://link.aps.org/doi/10.1103/qpzn-h7p9,,Recent Articles in Phys. Rev. Lett.,2026-06-17 10:00:00+00:00,10.1103/qpzn-h7p9,Jian-Wei Pan,,"Author(s): Bin Wang, Xi-Yu Luo, Bo-Feng Gao, Jian-Long Liu, Chao-Yang Wang, Zi Yan, Qiao-Mu Ke, Da Teng, Ming-Yang Zheng, Yuan Cao, Jun Li, Cheng-Zhi Peng, Qiang Zhang, Xiao-Hui Bao, and Jian-Wei PanA memory-assisted nonlocal optical interferometer leverages delocalized single-photon entanglement to extend interferometric baselines (up to 20 km) and compensate geometric delay.[Phys. Rev. Lett. 136, 240801] Published Wed Jun 17, 2026",rss_description
"Erratum: Spectroscopy and Ground-State Transfer of Ultracold Bosonic $^{39}\mathrm{K}^{133}\mathrm{Cs}$ Molecules [Phys. Rev. Lett. 135, 203401 (2025)]",http://link.aps.org/doi/10.1103/zsg7-r2cm,,Recent Articles in Phys. Rev. Lett.,2026-06-17 10:00:00+00:00,10.1103/zsg7-r2cm,Hanns-Christoph Nägerl,,"Author(s): Krzysztof P. Zamarski, Charly Beulenkamp, Yi Zeng, Manuele Landini, and Hanns-Christoph Nägerl[Phys. Rev. Lett. 136, 249902] Published Wed Jun 17, 2026",rss_description
"Properties of Heavy Cosmic Nuclei Phosphorus, Chlorine, Argon, Potassium, and Calcium: Results from the Alpha Magnetic Spectrometer",http://link.aps.org/doi/10.1103/d2vf-fw3v,,Recent Articles in Phys. Rev. Lett.,2026-06-17 10:00:00+00:00,10.1103/d2vf-fw3v,A. Aceituno (AMS Collaboration),,"Author(s): A. Aceituno et al. (AMS Collaboration)We report the unique properties of cosmic phosphorus (P), chlorine (Cl), argon (Ar), potassium (K), and calcium (Ca) fluxes in the GV to TV rigidity range collected by the Alpha Magnetic Spectrometer (AMS) on the International Space Station. With a total of one million events collected over 13.5 yea…[Phys. Rev. Lett. 136, 241002] Published Wed Jun 17, 2026",rss_description
"Erratum: Lifetime of the ${^{2}F}_{7/2}$ Level in ${\mathrm{Yb}}^{+}$ for Spontaneous Emission of Electric Octupole Radiation [Phys. Rev. Lett. 127, 213001 (2021)]",http://link.aps.org/doi/10.1103/6zt4-vgwj,,Recent Articles in Phys. Rev. Lett.,2026-06-17 10:00:00+00:00,10.1103/6zt4-vgwj,E. Peik,,"Author(s): R. Lange, A. A. Peshkov, N. Huntemann, Chr. Tamm, A. Surzhykov, and E. Peik[Phys. Rev. Lett. 136, 249901] Published Wed Jun 17, 2026",rss_description
State- versus Reaction-Based Information Processing in Biochemical Networks,http://link.aps.org/doi/10.1103/nfk6-8x5s,,Recent Articles in Phys. Rev. Lett.,2026-06-17 10:00:00+00:00,10.1103/nfk6-8x5s,Christoph Zechner,,"Author(s): Anne-Lena Moor, Age Tjalma, Manuel Reinhardt, Pieter Rein ten Wolde, and Christoph ZechnerTrajectory mutual information is frequently used to quantify information transfer in biochemical systems. Tractable solutions of the trajectory mutual information can be obtained via the widely used linear-noise approximation (LNA) using Gaussian channel theory. This approach is expected to be accur…[Phys. Rev. Lett. 136, 248401] Published Wed Jun 17, 2026",rss_description
Mean-Field Approach to Finite-Size Fluctuations in the Kuramoto-Sakaguchi Model,http://link.aps.org/doi/10.1103/95t3-rvxg,,Recent Articles in Phys. Rev. Lett.,2026-06-17 10:00:00+00:00,10.1103/95t3-rvxg,Georg A. Gottwald,,"Author(s): Oleh E. Omel’chenko and Georg A. GottwaldWe develop an ab initio approach to describe the statistical behavior of finite-size fluctuations in the deterministic Kuramoto-Sakaguchi model. We obtain explicit expressions for the covariance function of fluctuations of the complex order parameter and determine the variance of its magnitude entir…[Phys. Rev. Lett. 136, 247201] Published Wed Jun 17, 2026",rss_description
Exciton Steering via Potential Landscape Engineered by Excited Electron-Hole Phase Transition,http://link.aps.org/doi/10.1103/sslb-bpc9,,Recent Articles in Phys. Rev. Lett.,2026-06-17 10:00:00+00:00,10.1103/sslb-bpc9,Jun He,,"Author(s): Yiling Yu, Yan Xu, Volodymyr Turkowski, Bo Liu, Sheng Liu, Yihan Xiang, Yaorong Liu, Chen Shen, Sheng Wang, Talat S. Rahman, Ting Yu, and Jun HeControlling exciton transport—especially intralayer excitons with strong light-matter interactions—is challenging due to the lack of efficient, tunable driving mechanisms, hindering practical excitonic device development. In this Letter, we demonstrate all-optical steering of intralayer excitons in …[Phys. Rev. Lett. 136, 246901] Published Wed Jun 17, 2026",rss_description
Ising Supercriticality and Universal Magnetocalorics in Spiral Antiferromagnet ${\mathrm{Nd}}_{3}{\mathrm{BWO}}_{9}$,http://link.aps.org/doi/10.1103/nqcw-pz8v,,Recent Articles in Phys. Rev. Lett.,2026-06-17 10:00:00+00:00,10.1103/nqcw-pz8v,Wei Li,,"Author(s): Xinyang Liu, Enze Lv, Xueling Cui, Han Ge, Fangyuan Song, Zhaoming Tian, Gang Su, Kan Zhao, Junsen Xiang, Peijie Sun, and Wei LiAn emergent Ising supercritical regime in Nd3BWO9 with universal thermodynamic behavior extends the liquid-gas analogy to a rare-earth antiferromagnetic compound and shows its potential for sub-Kelvin refrigeration due to critical endpoint and topological excitations.[Phys. Rev. Lett. 136, 246502] Published Wed Jun 17, 2026",rss_description
Evidence of Spin-Interference Effects in Exclusive $J/ψ→{e}^{+}{e}^{−}$ Photoproduction in Ultraperipheral Heavy-Ion Collisions,http://link.aps.org/doi/10.1103/tcdb-ldh8,,Recent Articles in Phys. Rev. Lett.,2026-06-17 10:00:00+00:00,10.1103/tcdb-ldh8,B. E. Aboona (STAR Collaboration),,"Author(s): B. E. Aboona et al. (STAR Collaboration)We report the first evidence of spin interference in exclusive $J/ψ→{e}^{+}{e}^{−}$ photoproduction in ultraperipheral heavy-ion collisions at STAR at $\sqrt{{s}_{NN}}=200\text{ }\text{ }\mathrm{GeV}$. In $\mathrm{Au}+\mathrm{Au}$ collisions, a negative $\mathrm{cos}(2ϕ)$ modulation is found for ${p…[Phys. Rev. Lett. 136, 242302] Published Wed Jun 17, 2026",rss_description
Generalized Kramers-Wanier Duality from Bilinear Phase Map,http://link.aps.org/doi/10.1103/g1l7-bvtf,,Recent Articles in Phys. Rev. Lett.,2026-06-17 10:00:00+00:00,10.1103/g1l7-bvtf,Han Yan (闫寒),,"Author(s): Linhao Li, Masaki Oshikawa, and Han Yan (闫寒)We present the bilinear phase map, a concept that generalizes the Kramers-Wannier transformation to investigate unconventional gapped phases of qudit spin chains. Encoding the transformation in a matrix, the bilinear phase map enables the exploration of a broader spectrum of generalized quantum phas…[Phys. Rev. Lett. 136, 240403] Published Wed Jun 17, 2026",rss_description
Quasielastic scattering for the $^{7}\mathrm{Be}+^{120}\mathrm{Sn}$ system at energies near the Coulomb barrier,http://link.aps.org/doi/10.1103/h1mg-1phr,,Recent Articles in Phys. Rev. C,2026-06-17 10:00:00+00:00,10.1103/h1mg-1phr,D. X. Wang,,"Author(s): C. Chang, L. Yang, C. J. Lin, W. D. Chen, Y. Y. Yang, P. W. Wen, T. P. Luo, D. Y. Pang, J. B. Ma, S. W. Xu, K. Wang, F. F. Duan, N. R. Ma, H. M. Jia, F. Yang, D. H. Huang, M. H. Zhang, G. Yang, Y. Yang, T. H. Mo, and D. X. WangReaction dynamics induced by weakly bound nuclei at energies around the Coulomb barrier are now one of the frontier research topics of nuclear physics. In this work, the quasielastic scattering angular distribution of the radioactive nucleus $^{7}\mathrm{Be}$ from a $^{120}\mathrm{Sn}$ target was me…[Phys. Rev. C 113, 064616] Published Wed Jun 17, 2026",rss_description
Space-time regions of high baryon density and baryon stopping in heavy-ion collisions,http://link.aps.org/doi/10.1103/lxv3-jgkq,,Recent Articles in Phys. Rev. C,2026-06-17 10:00:00+00:00,10.1103/lxv3-jgkq,Yuri B. Ivanov,,"Author(s): Yuri B. IvanovFour-volumes (${V}_{4}=$ spatial-3-volume$×$lifetime) are calculated within the model of three-fluid dynamics (3FD) and compared with those of the jet AA microscopic transport model (JAM). The calculations are performed for central $\mathrm{Au}+\mathrm{Au}$ collisions at energies of $\sqrt{{s}_{NN}}…[Phys. Rev. C 113, 064906] Published Wed Jun 17, 2026",rss_description
Investigating the $\mathrm{Ω}ϕ$ interaction and correlation functions,http://link.aps.org/doi/10.1103/3pq1-5j8l,,Recent Articles in Phys. Rev. C,2026-06-17 10:00:00+00:00,10.1103/3pq1-5j8l,Jialun Ping,,"Author(s): Ye Yan, Yuheng Wu, Yue Tan, Xiaohuang Hu, Qi Huang, Hongxia Huang, and Jialun PingIn this work, we investigate the interaction between the $\mathrm{Ω}$ baryon and the $s\overline{s}$ meson within the framework of the quark delocalization color-screening model. The spectra calculations show that no bound state is formed in any of the considered channels, while the scattering indic…[Phys. Rev. C 113, 065204] Published Wed Jun 17, 2026",rss_description
Measurement of high-energy resonances in $^{22}\mathrm{Ne}$ through inverse kinematics,http://link.aps.org/doi/10.1103/h5h1-xrj2,,Recent Articles in Phys. Rev. C,2026-06-17 10:00:00+00:00,10.1103/h5h1-xrj2,B. Greaves,,"Author(s): B. Greaves et al.The $^{22}\mathrm{Ne}(α,n)^{25}\mathrm{Mg}$ reaction acts as an $s$-process neutron source in both the main and weak $s$ processes. By exciting $^{22}\mathrm{Ne}$ to highly energetic resonance states above 9.7 MeV, we measured the properties of these difficult-to-access states, which are relevant to…[Phys. Rev. C 113, 065806] Published Wed Jun 17, 2026",rss_description
"Decoding $γ$-ray signatures from core-collapse supernovae: First experimental constraints on the $^{28}\mathrm{Al}(p,α)^{25}\mathrm{Mg}$ reaction rate",http://link.aps.org/doi/10.1103/mkh1-r885,,Recent Articles in Phys. Rev. C,2026-06-17 10:00:00+00:00,10.1103/mkh1-r885,M. A. Zubair,,"Author(s): M. Abubakar, J. S. Randhawa, S. R. Carmichael, P. D. O'Malley, D. W. Bardayan, J. J. Kolata, R. Longland, C. Dembski, W. S. Porter, W. W. von Seeger, M. Sorensen, T. Psaltis, R. Zite, and M. A. ZubairThe $γ$-ray emitting radioisotopes produced during explosive Si-burning in core-collapse supernovae (CCSNe) could serve as a probe to supernovae explosion energetics. Especially important are the three isotopes $^{43}\mathrm{K}$, $^{47}\mathrm{Sc}$, and $^{59}\mathrm{Fe}$ as these are potentially de…[Phys. Rev. C 113, L062802] Published Wed Jun 17, 2026",rss_description
Low-lying excited states in $^{46}\mathrm{S}$ and $^{47}\mathrm{S}$,http://link.aps.org/doi/10.1103/x8wp-cf8w,,Recent Articles in Phys. Rev. C,2026-06-17 10:00:00+00:00,10.1103/x8wp-cf8w,M. Begala,,"Author(s): M. Begala et al.The low-lying excited states of $^{46}\mathrm{S}$ and $^{47}\mathrm{S}$ were investigated using knockout reactions on a liquid hydrogen target combined with $γ$-ray spectroscopy. Four new transitions were observed in $^{46}\mathrm{S}$, and a single $γ$ ray was identified in $^{47}\mathrm{S}$. Compar…[Phys. Rev. C 113, 064312] Published Wed Jun 17, 2026",rss_description
Fission dynamics in neutron-deficient $^{216}\mathrm{Th}$,http://link.aps.org/doi/10.1103/43bc-8ypt,,Recent Articles in Phys. Rev. C,2026-06-17 10:00:00+00:00,10.1103/43bc-8ypt,A. Sultana,,"Author(s): A. Sultana et al.Background: The synthesis of super heavy elements (SHE) is governed by two major competing processes: quasifission (QF) and fusion-fission (FF). Optimizing SHE production requires an extensive understanding of these processes. The dynamics of QF and FF are being studied experimentally worldwide, wit…[Phys. Rev. C 113, 064614] Published Wed Jun 17, 2026",rss_description
"Fusion excitation function and barrier distribution studies in $^{28}\mathrm{Si}+^{142,150}\mathrm{Nd}$ reactions",http://link.aps.org/doi/10.1103/pz7b-k8gd,,Recent Articles in Phys. Rev. C,2026-06-17 10:00:00+00:00,10.1103/pz7b-k8gd,E. Prasad,,"Author(s): Anjali Merin, S. Nath, J. Gehlot, Gonika, Chandra Kumar, B. Ashna, K. V. Varsha, P. P. Panchami, Shiva Prasad Nayak, Alankar Singh, Rishabh Kumar, A. M. Vinodkumar, K. V. Jinu, S. Appannababu, K. Prameela, S. Ramakrishna Reddy, Sunil Kalkal, Rayees Ahmad Yatoo, P. Manju, and E. PrasadBackground: Heavy-ion fusion reactions at energies below the Coulomb barrier are strongly influenced by the coupling of different internal degrees of freedom of the interacting nuclei with the relative motion degrees of freedom. These couplings leads to a distribution of fusion barriers which result…[Phys. Rev. C 113, 064615] Published Wed Jun 17, 2026",rss_description
Probing Scalar-Neutrino and Scalar-Dark-Matter Interactions with PandaX-4T,http://link.aps.org/doi/10.1103/pn9y-g5k7,,Recent Articles in Phys. Rev. Lett.,2026-06-17 10:00:00+00:00,10.1103/pn9y-g5k7,Tao Li (PandaX Collaboration),,"Author(s): Tao Li et al. (PandaX Collaboration)Scalar-mediated interactions may exist among neutrinos, dark matter particles, or between the two. Double $β$-decay experiments provide a powerful tool to probe such exotic interactions. Using $^{136}\mathrm{Xe}$ double $β$-decay data from PandaX-4T, we perform the first direct spectral search in th…[Phys. Rev. Lett. 136, 241802] Published Wed Jun 17, 2026",rss_description
HOMO Offset Induced Hole Trapping in Conjugated Dion‐Jacobson Perovskites,https://advanced.onlinelibrary.wiley.com/doi/10.1002/aenm.71208?af=R,,Wiley: Advanced Energy Materials: Table of Contents,2026-06-17 10:37:18+00:00,10.1002/aenm.71208,Zhiting Tian,,"ABSTRACT
                  Although significant efforts have focused on hot electron transport in two‐dimensional hybrid organic–inorganic perovskites (2D HOIPs), exploring the mobility of carriers when in thermal equilibrium with the lattice may widen their applicability as semiconductors in energy conversion and electronics. While Dion–Jacobson (DJ) perovskites with conjugated ligands are expected to enhance charge transport through dielectric screening and interlayer delocalization, we report a surprising finding that conjugated DJ perovskite films exhibit significantly lower conductivity than Ruddlesden–Popper (RP) perovskite films with insulating ligands, both in intrinsic and doped states. In addition to weaker orbital overlap within the inorganic layer due to increased octahedral tilting in the conjugated DJ phase, we experimentally demonstrate that the highest occupied molecular orbital (HOMO) of the conjugated organic layer lies ∼1.5 eV above the valence band maximum (VBM) of the inorganic layer. The HOMO offset leads to hole trapping, thereby reducing free carrier concentration in the inorganic layer and suppressing the bulk conductivity of the conjugated DJ perovskite. These findings reveal that carrier delocalization through the conjugated ligands can only be advantageous when the HOMO‐VBM offset is sufficiently small and comparable to carrier thermal energy.",crossref
Coupled Atmospheric Water Harvesting and Protonic Ceramic Electrolysis Enabling Self‐Sustained Green Hydrogen Production in Arid Regions,https://advanced.onlinelibrary.wiley.com/doi/10.1002/aenm.71199?af=R,,Wiley: Advanced Energy Materials: Table of Contents,2026-06-17 10:38:43+00:00,10.1002/aenm.71199,Wei Zhou,,"ABSTRACT
                  
                    Green hydrogen production in arid regions faces significant challenges due to the geographical mismatch between abundant renewable energy and severe water scarcity. To overcome this, a system coupling a sorption‐based atmospheric water harvesting (AWH) module with a protonic ceramic electrolysis cell (PCEC) module is presented. The AWH module, featuring dual sorbent units, capture airborne water and release it via recycled waste heat to generate continuous hot vapor streams for electrolysis in the PCEC module, thereby enabling nearly self‐sustained and continuous hydrogen production. To meet stringent operational requirement of PCEC, a novel AWH sorbent, hygroscopic polyacrylamide (HPAM) beads with highly interconnected macroporous architectures and superior low‐relative‐humidity moisture adsorption efficiency, has been developed through an emulsion‐templating method. An HPAM‐based AWH‐PCEC system demonstrates continuous, long‐term hydrogen production with an outstanding capacity of 2.12 mL min
                    −1
                    cm
                    −2
                    at 30% RH air environment. Distinctively, this hydrogen production process is liquid water‐free, operable without geographic or climatic constraints, and requires negligible additional energy input for water acquisition. The presented AWH‐PCEC system therefore offers a promising pathway for reliable, cost‐effective, continuous, and high‐yield green hydrogen production, with particular potential for applications in arid regions.",crossref
Toward Stable Aluminum Metal Anodes in Nonaqueous Aluminum Batteries: Challenges and Design Strategies,https://advanced.onlinelibrary.wiley.com/doi/10.1002/aenm.71185?af=R,,Wiley: Advanced Energy Materials: Table of Contents,2026-06-17 10:40:27+00:00,10.1002/aenm.71185,Quanquan Pang,,"ABSTRACT
                  Nonaqueous rechargeable aluminum batteries have attracted interest for scalable energy storage, but their practical development remains constrained by the reversibility and stability of Al metal anodes. Rather than arising from isolated interfacial defects, Al‐anode failure is typically governed by coupled degradation processes. Persistent passivation and impedance buildup associated with native or dynamically reconstructed surface layers, corrosion in chemically aggressive electrolytes, and speciation‐ and transport‐dependent deposition instability can collectively drive rough, porous and filamentary growth. In solid and quasi‐solid systems, insufficient wetting, contact loss and chemo‐mechanical mismatch further aggravate polarization and current focusing. This review provides a focused, mechanism‐based synthesis of these degradation pathways and organizes stabilization strategies into four complementary domains: anode‐intrinsic optimization, interfacial engineering, electrolyte modification and solid/gel/quasi‐solid electrolyte design. Across these domains, we discuss how substrate structure, composition, and crystallography, surface activation and protective interphases, electrolyte speciation/formulation/additives and matrix/contact design can suppress parasitic reactivity, homogenize ion flux and current distribution and stabilize Al plating/stripping. We further summarize key evaluation and benchmarking considerations to distinguish genuine stabilization from conditional performance gains, and distill design principles for coordinated substrate−interface−electrolyte−contact optimization. Overall, this review establishes a rational design framework for durable and practically relevant Al metal anodes in nonaqueous aluminum batteries.",crossref
All‐Polyimide‐Mediated Liquid Metal Assembly on Aerogels for Breathable and Robust Electronic Skins,https://advanced.onlinelibrary.wiley.com/doi/10.1002/adma.73751?af=R,,Wiley: Advanced Materials: Table of Contents,2026-06-17 11:20:11+00:00,10.1002/adma.73751,Tianxi Liu,,"ABSTRACT
                  
                    Constructing breathable electronic skins (E‐skins) that maintain high electrical performance remains a formidable challenge due to the difficulty of establishing robust conductive networks on fragile porous substrates. To address this issue, a robust bio‐interface based on an ultralight polyimide aerogel that combines high vapor permeability (1700 g m
                    −
                    2
                     day
                    −
                    1
                    ) with intrinsic hydrophobicity (&gt;123°) is developed. Leveraging the superior thermal stability (up to 460°C), a liquid metal particle ink encapsulated by polyamic acid shell is activated through mild thermal treatment at 140°C. The resulting imidization‐induced contraction generates compressive stress to rupture insulating oxide layers and achieve a high electrical conductivity of 8.17 × 10
                    5
                     S m
                    −
                    1
                    . This architecture employs an isotropic open‐cell framework that confines the ink to the surface while maintaining interconnected three‐dimensional (3D) pathways for lateral gas transport, thereby ensuring sustained breathability regardless of conductive layer coverage. Strong interfacial bonding through chemical coordination and mechanical interlocking enables negligible resistance variation over 200 000 deformation cycles and reliable underwater functionality. These synergistic advantages support diverse applications including conformal Joule heating, magnetic field sensing, and high‐fidelity electrophysiological monitoring during intense motion, establishing a versatile platform for next‐generation wearable healthcare.",crossref
Regulating Electronic Structure of Transition Metal Single‐Atoms in COFs for Enhanced Photocatalytic CO2 Reduction,https://advanced.onlinelibrary.wiley.com/doi/10.1002/adma.73738?af=R,,Wiley: Advanced Materials: Table of Contents,2026-06-17 11:22:06+00:00,10.1002/adma.73738,Jinhong Bi,,"ABSTRACT
                  
                    The rational regulation of the electronic structure in single‐atom catalysts (SACs) is pivotal yet challenging for enhancing photocatalytic CO
                    2
                    reduction. Herein, we elaborately designed a series of M
                    1
                    N
                    2
                    sites (M = Au, Pt, Pd, Ru, Mo) anchored on a vinylene‐linked covalent organic framework (sp
                    2
                    c‐COF) to construct M/COF SACs for gas‐solid CO
                    2
                    photoreduction. The M/COF SACs revealed a d‐orbital electronic configuration‐dependent activity, where the d‐band center exhibiting strong correlation with CO
                    2
                    adsorption energy (R
                    2
                    = 0.98). Notably, the Mo/COF catalysts delivered a superior CO rate of 294.43 µmol·g
                    −1
                    ·h
                    −1
                    with near‐unity selectivity under pure CO
                    2
                    and sustained 146.6 µmol·g
                    −1
                    ·h
                    −1
                    under simulated flue gas (15% CO
                    2
                    ). The superior activity originates from the synergistic interplay of its highest d‐band center (−0.314 eV) and strongest spin polarization among the series. This unique electronic structure, featuring abundant single‐atom states near the Fermi level and half‐occupied d orbitals, facilitates optimal σ‐donation (via d
                    z2
                    ) and π‐back‐donation (via d
                    xz
                    /d
                    yz
                    ) for CO
                    2
                    activation, thereby significantly lowering the energy barriers for *COOH formation and *CO desorption. This work establishes a design principle for high‐performance SACs through the co‐modulation of d‐band configuration and spin polarization.",crossref
High Performance Full‐Color Room‐Temperature Phosphorescence Polymer Microspheres and Their Applications,https://advanced.onlinelibrary.wiley.com/doi/10.1002/adma.73729?af=R,,Wiley: Advanced Materials: Table of Contents,2026-06-17 11:50:40+00:00,10.1002/adma.73729,Limin Wu,,"ABSTRACT
                  
                    Room temperature phosphorescence (RTP) polymer materials, known for their unique modifiability and ease of preparation, hold broad potential for applications in flexible electronics and information encryption. However, polymers make their RTP properties with high quantum yields (Φ
                    P
                    ) but short phosphorescence lifetimes (τ
                    P
                    ), or long τ
                    P
                    but low Φ
                    P
                    due to their flexible structure. Herein, we propose a novel in situ cross‐linked self‐assembly strategy of flexible weak RTP polymers into rigid polymer microspheres with long τ
                    P
                    , high Φ
                    P
                    and high brightness. The maximum τ
                    P
                    and Φ
                    P
                    of the RTP microsphere (PM1) reach as high as 2020 ms and 34.1%, with the phosphorescence brightness as high as 655.1 mcd/m
                    2
                    , which are 6.4‐, 5.3‐, and 10.2‐fold higher than those of its flexible intrinsic polymer (P1), respectively, and also considerably superior to those of the previously intrinsic polymer RTP materials. Moreover, the cross‐linked polymer microspheres exhibit excellent stability in strong acids and bases, and even after 30 days in water. The RTP microsphere‐doped polymer film (PM1‐PVA) presents highly selective recognition of aniline and a detection sensitivity as low as 3.7 × 10
                    −
                    8
                    m
                    .",crossref
An Inorganic Layered Coordination Polymer as High‐Performance Solid‐State Electrolyte for Stable Lithium Metal Batteries,https://advanced.onlinelibrary.wiley.com/doi/10.1002/adma.73754?af=R,,Wiley: Advanced Materials: Table of Contents,2026-06-17 11:53:56+00:00,10.1002/adma.73754,Xinyong Tao,,"ABSTRACT
                  
                    Limited ionic conductivity, heterogeneous Lithium‐ion flux, and interfacial instability in solid‐state electrolytes (SSEs) hinder the development of high‐energy‐density solid‐state lithium metal batteries (SSLMBs). Herein, we report a new Li
                    +
                    conducting SSE derived from an inorganic coordination polymer, specifically a two‐dimensional Hofmann‐type framework material (HFM). By varying the solvent types used as interlayer guest molecules, we can modulate the interlayer spacing of the HFM. Specifically, when methoxymethane (DME) serves as the guest, it orchestrates highly selective Li
                    +
                    transport pathways within the structure, achieving a high ionic conductivity of 1.51 mS cm
                    −1
                    . The coordination between metal centers and solvent molecules leads to the reconstruction of the local Li
                    +
                    solvation structure, effectively immobilizing solvent molecules and lowering the energy barriers for the desolvation process. More importantly, a Li
                    3
                    N‐rich solid electrolyte interphase forms on the lithium anode, stabilizing the Li–electrolyte interface. As a result, Li||Li symmetric cells demonstrate stable cycling for over 3000 h, while LiFePO
                    4
                    ||Li full cells show a capacity retention of 96.3% after 500 cycles at 1C. This work establishes a structurally nanoconfined electrolyte system that bridges ion‐selective nanochannels with a stabilized interphase, offering a promising platform for next‐generation high‐energy‐density SSBs.",crossref
Verification and Mitigation of Proton‐Induced Non‐Ionizing Damage in Perovskite Solar Cells for Space Applications,https://advanced.onlinelibrary.wiley.com/doi/10.1002/aenm.71207?af=R,,Wiley: Advanced Energy Materials: Table of Contents,2026-06-17 11:57:24+00:00,10.1002/aenm.71207,Man‐Jong Lee,,"ABSTRACT
                  
                    Perovskite solar cells (PSCs) offer a compelling route to developing lightweight, high‐specific‐power photovoltaic systems suitable for space applications. However, their durability in proton‐rich environments, typical of low‐Earth orbit, remains the key uncertainty that limits their deployment. In this study, we established how proton energy and fluence jointly determine the degradation thresholds in PSCs and showed that non‐ionizing energy loss dominates non‐recoverable degradation. By integrating controlled proton exposures with ion‐transport simulations, we identified energy‐dependent regimes in which atomic displacements drive A‐/X‐site depletion and lattice disorder, resulting in performance collapse beyond the critical accumulated dose. Under proton irradiation, a distinct mechanistic fingerprint was observed: the surface metallic Pb
                    0
                    diminished with increasing dose, in contrast to the accumulation of Pb
                    0
                    observed under photon irradiation. This finding supports a displacement‐dominated pathway. Finally, we demonstrated parylene‐C encapsulation that mitigates damage, and we defined a practical shielding criterion: effective protection requires a polymer thickness that exceeds the proton penetration depth corresponding to the energy spectrum of a given mission. These results provide both a unified framework for understanding proton–matter interactions in PSCs and for formulating actionable design rules for radiation‐hardened, lightweight solar modules capable of extended operation in space.",crossref
Guiding Uniform Nucleation and Growth by Engineered Electrolyte‐Philic and Sodiophilic Interface for Dendrite‐Free Sodium Metal Batteries,https://advanced.onlinelibrary.wiley.com/doi/10.1002/aenm.71200?af=R,,Wiley: Advanced Energy Materials: Table of Contents,2026-06-17 11:58:10+00:00,10.1002/aenm.71200,Hongfa Xiang,,"ABSTRACT
                  
                    A sodiophilic interface with poor electrolyte‐philicity often limits fast Na
                    +
                    transport, thereby undermining the benefits of sodiophilicity and triggering uneven plating. Herein, we propose an electrolyte‐philic and sodiophilic interface composed of CH
                    3
                    COONa (NaAc) and Na
                    3
                    Sb (denoted as SA layer) to synergistically direct uniform Na nucleation and growth. Impressively, the electrolyte‐philicity of the SA layer enables favorable interfacial wetting, while the sodiophilicity further guides Na
                    +
                    ions to contact the interface rapidly and absolutely. This synergy enables more homogeneous Na nucleation and growth, effectively homogenizing Na
                    +
                    flux. Moreover, the increased wettability of the SA layer toward FEC favors NaF formation, which contributes synergistically with its high Young's modulus to suppress dendrite growth. The SA@Na can cycle stably for over 2166 h (0.5 mA cm
                    −2
                    , 0.5 mAh cm
                    −2
                    ) at 25°C and 570 h (1.0 mA cm
                    −2
                    , 0.5 mAh cm
                    −2
                    ) at 45°C. Moreover, the Na
                    3
                    V
                    2
                    (PO
                    4
                    )
                    3
                    (NVP)||SA@Na cells demonstrate superior rate capacity (66 mAh g
                    −1
                    at 100 C) and maintain 74 mAh g
                    −1
                    at 50 C after 2000 cycles (25°C). Even at 45°C, the NVP||SA@Na can maintain stably for 1000 cycles (94.8% capacity retention). Therefore, the rationally designed electrolyte‐philic and sodiophilic interface can effectively regulate Na deposition and suppress dendrite growth.",crossref
Interfacial Chemistry Regulation via AlPO4 Modification Enables Fast Charging and Wide‐Temperature Operation of Graphite Anodes for Lithium‐Ion Batteries,https://advanced.onlinelibrary.wiley.com/doi/10.1002/aenm.71158?af=R,,Wiley: Advanced Energy Materials: Table of Contents,2026-06-17 12:00:05+00:00,10.1002/aenm.71158,Yuping Wu,,"ABSTRACT
                  
                    Graphite remains the dominant anode for commercial lithium‐ion batteries (LIBs), yet it suffers from sluggish reaction kinetics and interphase instability under long‐term cycling and extreme‐temperature conditions, which hinder the high rate performance, longevity and environmental adaptability of LIBs. Herein, an interfacial chemistry regulation strategy via AlPO
                    4
                    (APO) surface modification is proposed to address the challenge. APO modification induces more PF
                    6
                    −
                    anions entering the solvation structure at interface, which not only reduces the desolvation energy, but also facilitates the generation of inorganic‐rich SEI, promoting the reaction kinetics and thermal/structural stability of SEI. Meanwhile, APO optimizes the electrolyte decomposition reaction route and suppresses gas release, alleviating gas‐induced interfacial structure degradation, further enhances the uniformity and stability of the SEI and graphite. Consequently, the APO‐modified graphite exhibits remarkable performance across a wide temperature range with ordinary electrolyte. It delivers 210.5 mAh g
                    −1
                    at 2000 mA g
                    −1
                    with 76.2% retention after 1000 cycles at room temperature, maintains stable cycling at −20°C and providing an unprecedented 345.5 mAh g
                    −1
                    at 60°C under 2000 mA g
                    −1
                    and excellent cycle stability. This work demonstrates an effective interfacial chemistry regulation strategy via surface modification to achieve fast‐charging, thermally resilient graphite electrode for high‐performance LIBs.",crossref
Multidimensional Stress Regulation in Silicon Anodes: From Nanostructures to Electrode Engineering,https://advanced.onlinelibrary.wiley.com/doi/10.1002/aenm.71168?af=R,,Wiley: Advanced Energy Materials: Table of Contents,2026-06-17 12:03:33+00:00,10.1002/aenm.71168,Shuijian He,,"ABSTRACT
                  Silicon (Si) is a promising anode material for next‐generation lithium‐ion batteries owing to its ultrahigh theoretical capacity. However, severe stress accumulation induced by large volume changes during lithiation and delithiation leads to mechanical fracture, interfacial instability, and electrode structural degradation, which critically limits its practical application. Although extensive strategies have been proposed to improve the electrochemical performance of Si‐based anodes, stress‐related degradation is often discussed in a fragmented manner, and a systematic understanding remains insufficient. In this review, stress regulation is treated as a unifying framework to analyze the failure mechanisms and mitigation strategies of Si‐based anodes across multiple length scales. The origins and evolution of mechanical stress, interfacial stress, and electrode‐level structural stress are systematically summarized. Recent progress in dimensionally engineered Si architectures, ranging from zero‐dimensional nanoparticles to three‐dimensional porous frameworks, is critically reviewed to elucidate the roles of size‐dependent behavior, geometric confinement, and hierarchical structural design in stress accommodation. In addition, electrode‐level strategies, including engineered architectures, functional binders, and electrolyte regulation, are discussed with emphasis on their synergistic effects on structural stability and electrochemical durability. This work provides a multidimensional framework to guide the rational design of durable, high‐energy‐density Si‐based anodes.",crossref
Wearable Flexible Sensors for Cardiovascular Disease Monitoring,https://advanced.onlinelibrary.wiley.com/doi/10.1002/adma.202512939?af=R,,Wiley: Advanced Materials: Table of Contents,2026-06-17 12:11:28+00:00,10.1002/adma.202512939,Xiaochen Dong,,"ABSTRACT
                  Wearable flexible sensors have emerged as a cornerstone of next‐generation bioelectronics, enabling skin‐conformal, continuous, and high‐fidelity monitoring of cardiovascular diseases (CVDs). This review elucidates the structure‐function relationships that govern sensing performance, highlighting how material innovation, structure engineering, and device architectures synergistically balance sensitivity, mechanical robustness, and biocompatibility. Key cardiovascular physiological signals, including electrical, mechanical, hemodynamic, and biochemical modalities, are systematically summarized and correlated with representative sensing mechanisms such as piezoresistive, capacitive, triboelectric, electrochemical, and optical transduction. The integration of machine learning (ML) and data‐driven modeling is further discussed, highlighting its potential to enable personalized diagnostics, multimodal fusion, and adaptive prediction of cardiovascular risks. Despite substantial progress, critical challenges remain in long‐term operational stability, scalable manufacturing, cross‐population generalizability, and clinical validation. To address these limitations, a unified design paradigm integrating materials engineering, multimodal sensing strategies, and algorithmic intelligence is proposed. This review aims to guide the development of next‐generation wearable platforms that are not only mechanically compliant and functionally robust but also algorithmically interpretable and clinically translatable, laying the groundwork for intelligent, reliable, and precision‐oriented CVD monitoring systems.",crossref
Bioinspired Super‐Resolution Electrochemiluminescence Imaging Based on Triboelectric Nanogenerator for Electrode‐Electrolyte Interface Analysis,https://advanced.onlinelibrary.wiley.com/doi/10.1002/adma.73752?af=R,,Wiley: Advanced Materials: Table of Contents,2026-06-17 12:31:22+00:00,10.1002/adma.73752,Feng Li,,"ABSTRACT
                  Understanding the nature of electrode–electrolyte interface remains a long‐sought goal in electrochemistry, as it could help to address major societal challenges of our time, such as the global energy and environmental crisis. Electrochemiluminescence (ECL) imaging enables the direct visualization of the electrode–electrolyte interface, rather than inferring active sites from morphology or surface chemistry. However, the signal decay and limited stability of ECL signals restrict their practical application. Here, by utilizing the high‐frequency pulsed output of a triboelectric nanogenerator (TENG), we developed a TENG‐based electrochemiluminescence (TECL) imaging inspired by the cardiac diastole‐systole cycle. The TECL signal overcomes the limitations of traditional ECL and employs a zero‐shot deconvolution network (ZS‐DeconvNet) to achieve super‐resolution TECL (ZSSR‐TECL) imaging. Utilizing the ZSSR‐TECL imaging, the catalytic regions at the electrode‐electrolyte interface can be analyzed, with high‐activity, moderate‐activity, and degraded regions clearly distinguished. In addition, three methods have been established for analyzing the catalytic activity of the electrode‐electrolyte interface, including direct observation of TECL images, analysis of signal intensity profiles, and quantification of total signal intensity in fixed regions. The TECL imaging has the potential to enable the research of electrode‐electrolyte interfaces and offers a perspective for enhancing ECL imaging.",crossref
Physics‐Enhanced Deep Learning Optimized Semitransparent Organic Photovoltaics for Building‐Integrated Sustainable Energy,https://advanced.onlinelibrary.wiley.com/doi/10.1002/adma.73762?af=R,,Wiley: Advanced Materials: Table of Contents,2026-06-17 12:37:05+00:00,10.1002/adma.73762,Tao Xu,,"ABSTRACT
                  Global energy challenges establish building‐integrated photovoltaics as a pivotal decarbonization frontier, where semitransparent organic photovoltaics (ST‐OPVs) represent a promising technology for simultaneous power generation and daylight transmission. However, their widespread application is constrained by a fundamental efficiency and transparency trade‐off governed by complex photon management. Herein, we introduce a physics‐enhanced deep learning (PDL) framework that embeds optical physical priors into neural network, significantly reducing the reliance on extensive experimental datasets while enhancing predictive accuracy beyond conventional simulation and purely data driven methods. Building on a novel halogen‐additive engineering strategy, that enables opaque devices with a power conversion efficiency exceeding 20%, our PDL‐guided optimal optical design delivers corresponding ST‐OPVs with a record light utilization efficiency of 6.09%. When scaled to large‐area manufactured modules, multi‐scale building energy modeling demonstrates that the nationwide deployment of such ST‐OPVs could meet up to one‐fifth of China's total energy demand, highlighting their transformative potential in advancing sustainable energy systems and supporting global carbon neutrality goals.",crossref
Tailoring Molecular Structures of Polyimides for Frontier Applications,https://advanced.onlinelibrary.wiley.com/doi/10.1002/adma.73720?af=R,,Wiley: Advanced Materials: Table of Contents,2026-06-17 14:09:14+00:00,10.1002/adma.73720,Haixia Yang,,"ABSTRACT
                  Polyimides (PIs) are widely used in frontier technologies because they combine properties that are difficult to achieve in other polymers, including high thermal stability with processability, mechanical robustness with dimensional stability, and electrical insulation with chemical resistance. In emerging applications, additional functions such as optical transparency, photosensitivity, or thermal insulation are required without compromising long‐term reliability. This versatility arises from the structural tunability of PI chemistry around the imide backbone. By adjusting backbone rigidity, polarity, and free volume, incorporating fluorinated or alicyclic units, introducing crosslinkable end‐groups, and adopting organic–inorganic hybrid motifs, PI systems can be tailored for diverse processing routes and material forms, including thermosetting resins for composites, engineering plastics, porous foams and aerogels, high‐performance films and coatings, and photosensitive polyimides (PSPIs) for electronic packaging. Across these applications, structure–processing–property relationships, where molecular design defines the processing window and the processing route determines the dominant performance targets, provide a common framework for tailoring PI materials from aerospace assemblies to wafer‐level packaging.",crossref
"Soft, Degradable, and Magnetic Microcarriers for Encapsulation and Guided Transport of Drugs and 3D Spheroids",https://advanced.onlinelibrary.wiley.com/doi/10.1002/adma.73735?af=R,,Wiley: Advanced Materials: Table of Contents,2026-06-17 14:12:29+00:00,10.1002/adma.73735,Larysa Baraban,,"ABSTRACT
                  Soft microcarriers hold great potential for biomedical applications, yet their translation is limited by the lack of controlled degradation, restricted capacity for co‐encapsulation of therapeutic and cellular cargos, long‐term biocompatibility, and scalable production challenges. Here, we introduce a new concept of discrete, degradable hydrogel microcarriers, produced via droplet‐based microfluidics and UV photopolymerization, designed to integrate these properties. These soft microcarriers enable co‐encapsulation of multiple species, including magnetic particles, drugs, and living cell spheroids, while allowing precise motion control over complex trajectories using external gradient magnetic fields. Their tunable degradation under physiological conditions ensures transient stability, controlled navigation, and safe clearance. This approach provides spatiotemporal control over cargo transport and release, enabling the microcarriers to function as systems with a controllable lifecycle. These multifunctional microcarriers represent a versatile platform for tissue engineering, minimally invasive therapies, and diagnostic monitoring, enhanced by the precise in situ navigation option.",crossref
Quantum‐Corrected Plasmonic Effect of Au25 Clusters Regulates Adsorption Behaviors for Boosted Photocatalytic Overall Water Splitting,https://advanced.onlinelibrary.wiley.com/doi/10.1002/adma.73778?af=R,,Wiley: Advanced Materials: Table of Contents,2026-06-17 14:13:27+00:00,10.1002/adma.73778,Xian‐Ming Zhang,,"ABSTRACT
                  
                    Plasmonic‐assisted solar‐driven photocatalytic water splitting for hydrogen production represents a sustainable strategy for green energy generation. However, conventional plasmonic enhancement via photo‐induced electron injection into water molecules faces a key limitation: weak interfacial H
                    2
                    O adsorption characterized by restriction solely to H‐atom‐mediated interactions, which severely constrains reaction kinetics. Simultaneously, the novel quantum‐corrected plasmonic effect could improve the electron models in optoelectronic device; however, within the domain of photocatalytic water splitting, experimental validations of this effect remain relatively scarce. Here, we harness the quantum‐corrected plasmonic effect via Au
                    25
                    nanocluster incorporation to realize and enhance photocatalytic overall water splitting performance, facilitated by modulated surface adsorption behavior through electron‐deficient Au
                    δ+
                    active sites originating from the size effect and interband transitions. In this case, the Au
                    δ+
                    active sites enhance the antibonding‐orbital occupancy of adsorbed Au‐O species, accelerating both multipath electron injection and the activation process of water molecules, ultimately facilitating the cleavage of H─O bonds. Consequently, it achieves H
                    2
                    and O
                    2
                    evolution rates of 1.07 and 0.54 mmol h
                    −1
                    under light irradiation with catalyst ZnIn
                    2
                    S
                    4
                    ‐Au
                    25
                    , resolving the long‐standing challenge of incomplete overall water splitting for sole Au nanoparticle‐decorated photocatalysts, providing a promising strategy for photocatalytic overall water splitting and new insights into designing nanocluster‐based photocatalysts.",crossref
Cold Atmospheric Plasma‐Activated Decellularized Extracellular Matrix Gel as a Tumor‐Infiltrating Immunoactivation Platform for Post‐Surgical Cancer Immunotherapy (Adv. Mater. 34/2026),https://advanced.onlinelibrary.wiley.com/doi/10.1002/adma.73613?af=R,,Wiley: Advanced Materials: Table of Contents,2026-06-17 15:07:02+00:00,10.1002/adma.73613,Guojun Chen,,"Cold Atmospheric Plasma-Activated Decellularized Extracellular Matrix Gel A pseudo-colored scanning electron micrograph (original data) showcasing the intricate architecture of an injectable, plasma-activated decellularized tumor extracellular matrix (CAP-DECM) hydrogel. The image highlights the hydrogel's capacity to recruit tumor cells (highlighted in red), transforming the post-operative environment into a localized, immune-activating niche designed to prevent cancer recurrence. More details can be found in the Research Article by Guojun Chen and co-workers (DOI: 10.1002/adma.202515444).",openalex
Pressure‐Independent Acoustic‐Vortex Communication With Enhanced‐Capacity and Cryptographic Information by Free‐Flooded Metasurfaces (Adv. Mater. 34/2026),https://advanced.onlinelibrary.wiley.com/doi/10.1002/adma.73615?af=R,,Wiley: Advanced Materials: Table of Contents,2026-06-17 15:07:02+00:00,10.1002/adma.73615,Daining Fang,,"Hydrostatic-Pressure-Immune Underwater Acoustic Communication In their Research Article (DOI: 10.1002/adma.202521718), Hao-Wen Dong and co-workers present a hydrostatic-pressure-immune underwater acoustic communication that can maintain stable functionality in deep sea, unaffected by extreme hydrostatic pressure. Customized free-flooded metasurfaces are employed to modulate and demodulate coaxial vortices carrying multiplexed information, enabling the simultaneous transmission of multiple physical-encoding data streams. By integrating physical wave manipulation with computational encryption, this system offers a secure, high-capacity communication paradigm resilient to eavesdropping, with promising applications in deep-sea exploration and the development of robust marine information systems.",openalex
Assembling a True “Olympic Gel” From over 16 000 Combinatorial DNA Rings (Adv. Mater. 34/2026),https://advanced.onlinelibrary.wiley.com/doi/10.1002/adma.73616?af=R,,Wiley: Advanced Materials: Table of Contents,2026-06-17 15:07:02+00:00,10.1002/adma.73616,Elisha Krieg,,"Olympic Gels This cover illustrates the molecular structure of an “Olympic gel” composed of mechanically interlocked plasmids. The ring-shaped DNA molecules can reversibly open and close via diversified lock-and-key domains, enabling controlled formation of mechanical bonds. The study shows that combinatorial synthetic biology can yield compositionally complex soft materials with exotic topological architectures and unique physical characteristics. More details can be found in the Research Article by Michael Lang, Elisha Krieg, and co-workers (DOI: 10.1002/adma.202520549).",openalex
Unravelling the Secret of Sulfur Confinement and High Sulfur Utilization in Hybrid Sulfur‐Carbons (Adv. Mater. 34/2026),https://advanced.onlinelibrary.wiley.com/doi/10.1002/adma.73617?af=R,,Wiley: Advanced Materials: Table of Contents,2026-06-17 15:07:02+00:00,10.1002/adma.73617,Evgeny Senokos,,"Hybrid Sulfur-Carbons The cover image illustrates a collapsed, hierarchically porous carbon architecture that imposes both chemical and kinetic confinement on sulfur species in a sodium-sulfur composite cathode. Short sulfur chains are stabilized within interconnected pore compartments, where interfacial anchoring at carbon defect sites and constricted pore necks suppress sulfur migration and mitigate shuttle effects. The spatially heterogeneous pore network gives rise to diffusion-limited Na+ transport, with ion accessibility decreasing toward the interior, highlighting the role of pore hierarchy and structural asymmetry in regulating electrochemical conversion. This combined confinement strategy enables near-quantitative sulfur utilization and state-of-the-art electrochemical performance in room-temperature sodium-sulfur batteries. More details can be found in the Research Article by Evgeny Senokos and co-workers (DOI: 10.1002/adma.202513346).",openalex
Intrinsically Stable Amorphous Phases Unlock Sustainable Potassium Anodes,https://advanced.onlinelibrary.wiley.com/doi/10.1002/adma.73736?af=R,,Wiley: Advanced Materials: Table of Contents,2026-06-17 15:25:49+00:00,10.1002/adma.73736,Bingan Lu,,"ABSTRACT
                  
                    Non‐graphite‐based anodes for potassium‐ion batteries offer high capacity but suffer from severe structural degradation due to repeated phase transitions during cycling. Here, we introduce an amorphous phase engineering strategy that fundamentally addresses this instability. The intrinsic structural isotropy and open framework of amorphous materials inherently mitigate volume strain, enabling exceptional long‐term cycling stability. As a proof of concept, an amorphous (Bi,Sb)@C electrode exhibits an ultralow capacity decay rate of merely 0.005% per cycle over 3200 cycles (equivalent to 1100 days) at 100 mA g
                    −1
                    . This work establishes amorphous phase engineering as a general design paradigm, opening a decisive pathway toward durable, long‐life potassium‐ion batteries and potentially other energy storage systems facing similar stability challenges.",crossref
Understanding the chemistry of re-emerging proton batteries,http://pubs.rsc.org/en/Content/ArticleLanding/2026/CS/D5CS00746A,,RSC - Chem. Soc. Rev. latest articles,2026-06-17 23:00:00+00:00,,Jun Lu,,"Proton battery (PB) technology has regained attention in recent years as a promising energy storage alternative to conventional lithium-ion batteries due to its excellent electrochemical performance, scalability, and environmental friendliness. To assess its potential, we provide a comprehensive review of its re-emergence, including its historical background, construction, working principles, and favorable materials. The growing global demand for energy storage and the role of PBs in addressing this need are highlighted, and the historical background tracing the evolution of PBs, from their early conceptualizations to recent advancements, is covered. Battery components such as electrodes and electrolytes are discussed, and the mechanisms underlying proton conduction, catalytic activity, and surface chemistry at the electrode–electrolyte interfaces are also summarized. Furthermore, various proton-conducting materials and media are examined, along with a discussion on their structural and electrochemical properties. Finally, a SWOT analysis covers the strengths, weaknesses, opportunities, and threats of PBs and offers valuable perspectives regarding R&D prospects. This review emphasizes the need for continued innovation to unlock the full potential of PBs as sustainable energy storage alternatives.",rsc_html
RFX-mod2 and the NEFERTARI project: A distributed research network for the study of magnetically confined plasmas for fusion,https://iopscience.iop.org/article/10.1088/1741-4326/ae6f30,,Nuclear Fusion - latest papers,2026-06-17 23:00:00+00:00,10.1088/1741-4326/ae6f30,M. Zaupa,,"This paper describes the status of the implementation of the upgrades for the RFX-mod2 device, the second major modification of the Reversed Field eXperiment (RFX). The machine’s core update consists of a thin copper stabilizing shell placed inside the vacuum vessel to ensure long-term stability of resistive wall modes (RWM) and enable regimes with fast-rotating tearing modes. A comprehensive modernization of the facility’s technological plants and diagnostics is being carried out within the NEFERTARI project (New Equipment For the Experimental Research and Technological Advancement for the RFX Infrastructure). Funded by the Italian National Recovery and Resilience Plan (NRRP) under Next Generation EU, NEFERTARI aims to strengthen the RFX infrastructure and its network of partners. Significant plant upgrades include: the refurbishment of the main vacuum system and the development of a new glow discharge cleaning (GDC) system based on eight fixed electrodes for more uniform wall conditioning; a major overhaul of the control and data acquisition system, now featuring a high-resolution multichannel acquisition system with over 1500 channels that eliminates the need for analogue integrators; the enhancement edge plasma characterization and of core diagnostics, such as the high-repetition-rate (up to 3 kHz) Thomson Scattering system and the expanded soft x-ray (SXR) tomography; the upgrade of the existing and installation of new reflectometric system; the restoration of the Diagnostic Neutral Beam Injector (DNBI) for spatially resolved ion temperature measurements. Furthermore, the paper highlights the contributions of the Italian laboratory network, including the BiGyM infrastructure for testing innovative plasma-facing components; the ROMAN remote handling facility for in-vessel maintenance development; dedicated laboratories for the development of neutron detectors and for optical diagnostics for the characterization of surfaces, and for high-voltage electrical insulation testing.",rss_description
Lewis acidic molecule-modulated synchronous anion immobilization and decomposition towards a robust solid electrolyte interphase with enhanced Zn2+ kinetics,http://pubs.rsc.org/en/Content/ArticleLanding/2026/EE/D6EE02521H,,RSC - Energy Environ. Sci. latest articles,2026-06-17 23:00:00+00:00,,Wenjun Zhang,,"Zn metal anodes in aqueous zinc-ion batteries (AZIBs) face significant challenges for practical applications, due to detrimental dendrite growth and severe side reactions arising from unstable solid electrolyte interface (SEI) layers, sluggish Zn 2+ transport kinetics, and irreversible Zn deposition. While anion regulation is a promising strategy for constructing a stable SEI layer, typical approaches mainly rely on strengthening Zn 2+ -anion interactions, which slows Zn 2+ desolvation and reduces transport efficiency. To resolve these trade-offs, we have introduced tris(pentafluorophenyl)borane (TPFPB) as a multifunctional additive of Lewis acidic that enables synchronous anion immobilization and decomposition.Theoretical and experimental results reveal that the electron-deficient boron centers and pentafluorophenyl groups in TPFPB can effectively anchor anions via B-O/F bonds. This unique structure (i) promotes direct anion decomposition to form a robust ZnS/ZnF 2 -rich SEI; (ii) restricts anion mobility; and (iii) weakens the Zn 2+ -anion association, thereby enhancing the interfacial stability and Zn 2+ transport kinetics. As a result, Zn anodes achieve a Coulombic efficiency of 99.7% over 2800 cycles, and the vanadium-based full cells deliver a lifespan exceeding 40,000 cycles. This work presents a novel anion-regulation strategy that simultaneously stabilizes the Zn interface and accelerates ion transport, offering a promising path toward high-performance AZIBs.",rsc_html
Breaking the Performance Trade-offs in Ammonia Synthesis via Spontaneous Proton Supply,http://pubs.rsc.org/en/Content/ArticleLanding/2026/EE/D6EE01570K,,RSC - Energy Environ. Sci. latest articles,2026-06-17 23:00:00+00:00,,Zhichuan J. Xu,,"Recent advances in plasma- and photocatalysis-driven nitrogen oxidation have renewed interest in sustainable N2 → NO3− → NH3 pathways. However, electrocatalytic NO3−-to-NH3 is typically confined to narrow potential windows attributed to the performance trade-offs between activity, selectivity, and stability, hindering energy-efficient operation under fluctuating renewable electricity inputs. To overcome these constraints, we report an anodic activation strategy for transition metal oxides in which lattice disruption and surface reorganization generate a highly active, self-sustaining hydroxide interface. Interfacial hydroxyl groups balance the active proton supply with the stepwise reduction of nitrogenous intermediates, thereby accelerating the hydrogenation kinetics of nitrate reduction reaction (NO3RR) while simultaneously suppressing the competing hydrogen evolution reaction (HER). The activated catalyst delivers a Faradaic efficiency of 93.79%, an energy efficiency of 35.42% and an NH3 yield rate of 17230.56 µg h−1 mgcat−1 at −0.2 V vs. the reversible hydrogen electrode (RHE), outperforming previously reported NO3RR electrocatalysts under comparable conditions. Notably, the exceptional activity and selectivity are maintained over a broad potential window from −0.2 V to −0.6 V vs. RHE, enabling efficient and robust nitrate-to-ammonia conversion under dynamic renewable-power operation.",rsc_html
Inhibition of shuttle effect in organic cathode and in situ mechanistic exploration,http://pubs.rsc.org/en/Content/ArticleLanding/2026/EE/D6EE00605A,,RSC - Energy Environ. Sci. latest articles,2026-06-17 23:00:00+00:00,,Zhen Li,,"Organic p-type cathode materials are promising for sustainable energy storage due to their abundance, environmental compatibility, and high operating voltages exceeding 3.5 V. However, their application is constrained by high solubility in electrolytes, leading to shuttle effect and inferior cycle stability. Herein, we introduced 9,9-dimethylacridine (DMAC) as a novel redox-active moiety in cathode material design. The small polar -C(CH3)2 group in DMAC stabilizes its oxidized form (DMAC +• ), restricting shuttle effect in polar electrolytes and achieving excellent cycling stability (76% capacity retention after 3000 cycles). Moreover, trace amounts of dissolved DMAC +• serve as redox mediators, enhancing conductivity and enabling a high active material ratio (73 mAh g -1 @90 wt%). Importantly, the integration of aggregation-induced emission (AIE) properties enables in situ fluorescence imaging, realizing visualization of the dissolution/ reprecipitation processes and providing insights into the shuttle effect. Coupled with electrochemical quartz crystal microbalance with dissipation (EQCM-D) analysis, this study advances DMAC-based cathodes and establishes a framework broadly applicable to other anion storage systems where DMAC redox-active centers contact with polar electrolytes.",rsc_html
Why More Junctions Do Not Yet Deliver: Interconnection Challenges in Perovskite Multijunction Solar Cells,http://pubs.rsc.org/en/Content/ArticleLanding/2026/EE/D6EE01631F,,RSC - Energy Environ. Sci. latest articles,2026-06-17 23:00:00+00:00,,Erkan Aydin,,"Single-junction photovoltaic technologies are approaching their practical efficiency limits. Perovskite-based multijunction solar cells offer a path beyond these limits through reduced thermalization losses and improved spectral utilization. Although tandem architectures are not new to the photovoltaic community, perovskite-based tandems have, for the first time, opened a realistic path toward gigawatt-scale deployment of this technology. Over the past decade, remarkable progress has been achieved, and the technology is now moving steadily toward industrial scaling. Beyond complementing crystalline silicon, perovskites constitute a versatile tandem device component that can be implemented in fully perovskite-based architectures, fabricated on diverse substrates, and even extended to triple or quadruple-junction configurations. However, this advancement introduces new technological challenges, particularly in the interconnection of perovskite sub-cells. Achieving reliable electrical coupling while maintaining interfacial and structural integrity is challenging, as high-efficiency devices often involve multiple solution-processed layers, where similar solvents used in adjacent sub-cells can cause interlayer dissolution or chemical degradation. Furthermore, film imperfections such as cracks, pinholes, and delamination - often driven by mechanical stress and accumulated strain - emerge frequently during fabrication and scale-up and require careful management. This perspective examines these interconnection-related challenges and charts future directions in perovskite-based multijunction solar cells beyond the general electronic view of recombination junctions.",rsc_html
Strong yet highly conductive liquid metal composite film constructed via friction induced in-situ synthesis,https://www.nature.com/articles/s41467-026-74665-x,,Physical sciences : Nature Communications subject feeds,2026-06-18 00:00:00+00:00,,Tian-Bao Ma,,"Contact resistance is a crucial bottleneck for various applications. Liquid metal and its composites can reduce contact resistance of interfaces due to their high conductivity and deformability, yet their mechanical strength is insufficient under external forces. Here, we prepare a deformable liquid-metal-bridged nanogranular composite via friction induced in-situ synthesis, realizing low contact resistance alongside high current density of 1.5 GA/m2 and high hardness of 2.6 GPa. This remarkable performance originates from the unique structure: a high fraction ( ~ 66 vol%) of nano-sized conductive ceramic particles bridged by high-surface-tension liquid metal through metallic bonding, which is formed in situ under mechanochemical stimulation during friction. This strategy provides a route to fabricating functional liquid metal composites, shedding light into simultaneous improvement of the mechanical and electrical properties.",nature_html
Electron-ion equilibration in superheated gold,https://www.nature.com/articles/s41467-026-74346-9,,Physical sciences : Nature Communications subject feeds,2026-06-18 00:00:00+00:00,,Thomas G. White,,"Electron-ion equilibration dynamics in samples driven into superheated states with multi-eV electron temperatures represent a fundamental process in nonequilibrium physics. A clear picture of the evolving ion temperature is essential for understanding the strength of the electron-ion coupling. However, direct, model-independent measurements of the ion temperature in laser-irradiated samples have remained experimentally elusive. Using inelastic X-ray scattering with meV-resolution in gold samples, the ion response to ultrafast heating by the hot electrons can be resolved, quantifying the electron-ion equilibration dynamics. We report measurements revealing a strongly enhanced energy transfer rate compared to that in weakly excited gold. Moreover, we obtain a quasi-constant electron-ion coupling at the highly elevated electron temperatures. These results place new constraints on electron-ion energy transfer in warm dense matter and establish a path toward quantitative benchmarking of models for nonequilibrium dynamics.",nature_html
Hydration control in molecular salts through counterion selection,https://www.nature.com/articles/s41467-026-74560-5,,Physical sciences : Nature Communications subject feeds,2026-06-18 00:00:00+00:00,,Aurora J. Cruz-Cabeza,,"Predicting when and why molecular salts form hydrates has remained a significant problem in solid-state chemistry, despite its impact on the stability and performance of industrially relevant materials. Here, we identify counterion charge localization as a key determinant of hydrate formation in molecular salts, providing a framework for predicting and controlling solid-state hydration. By analyzing over 31,000 crystal structures and performing electron density calculations, we show that delocalized counterion charge suppresses hydrate formation, while localized charge promotes it. This principle makes hydration propensity a more tuneable property (from ~80% to Ka rule, we experimentally demonstrate rational control of hydration in salts of 4-aminoacetanilide. Our results establish a direct link between molecular electrostatics and crystallization outcomes, affording predictive design of molecular salts with tailored hydration behavior.",nature_html
Enantioselective construction of polychiral helical compounds via dynamic kinetic resolution,https://www.nature.com/articles/s41467-026-73870-y,,Physical sciences : Nature Communications subject feeds,2026-06-18 00:00:00+00:00,,Xin Li,,"Chiral helicenes and their derivatives are valuable across diverse research fields, yet the development of helical chirality has lagged far behind that of point and axial chirality. The synthesis of polychiral or heteroatom-containing helical systems remains especially challenging because of limited starting materials and difficulties in stereochemical control. Here we computationally design a flexible oxa[4]helicenoid-ol scaffold with an optimal rotational barrier (ΔG‡ = 21.7 kcal mol−1) and enantioselective recognition ability, enabling dynamic kinetic resolution under mild conditions. This platform allows efficient access to helicenes bearing either dual helical chirality or combined helical and axial chirality, with excellent enantio-, diastereo- and E/Z selectivities. The strategy incorporates non-aromatic oxacycles, breaks conventional cyclization patterns and expands the structural diversity of helical chiral scaffolds. Density functional theory calculations elucidate the mechanistic origins of reactivity and stereoselectivity. The resulting helicenoid-quinones are readily derivatized and display promising optical properties for functional materials.",nature_html
Ductile and scalable 3 GPa steel via a hierarchical microstructural architecture,https://www.nature.com/articles/s41467-026-74216-4,,Physical sciences : Nature Communications subject feeds,2026-06-18 00:00:00+00:00,,Chunxu Wang,,"Ultrahigh-strength steels with yield strengths exceeding 3 GPa and appreciable ductility represent a transformative frontier in materials science. Conventional strengthening approaches, such as cold-work hardening, however, inevitably trade strength for total elongation, and thus are unable to deliver ductile 3 GPa steel. Here, we present a hierarchical microstructural architecture strategy applied to a designed maraging steel (Fe-16Ni-7Mo-1.6Ti-15Co-0.1Al, wt.%) that synergizes tailored precipitations with high-temperature severe plastic deformation. The multi-misfit nano co-precipitates, a high but spatially uniform density of dislocations, and ultrafine equiaxed grains are orchestrated into a hierarchical microstructure that delocalizes stress concentrations that commonly embrittle ultrahigh-strength materials and converts brittle cleavage fracture to ductile dimpling. Remarkably, the steel demonstrates 3 GPa yield strength with 47.5% reduction in area, 7.0% tensile elongation, and fracture toughness (KIc) of 26.0 ± 0.2 MPa·m1/2, which far surpasses existing 3 GPa steels. Moreover, as it exhibits an excellent fatigue strength of 1.24 GPa at ambient temperature and a yield strength of 2 GPa at 500 °C, which is achieved in industrially viable billets, this strategy unlocks scalable damage-tolerant components for extreme environments.",nature_html
Multi-hazard exposure and vulnerability drive rising agricultural risk in global breadbasket regions,https://www.nature.com/articles/s41467-026-74617-5,,Scientific community and society : Nature Communications subject feeds,2026-06-18 00:00:00+00:00,,Parisa Hosseinzadehtalaei,,"Climate extremes increasingly threaten global food production, yet global multi-hazard agricultural risk assessments that jointly consider multiple hazards, crop exposure and socioeconomic vulnerability are still missing. This gap limits our ability to identify where climate shocks to croplands are most likely to translate into high agricultural risk. Here we present a global agricultural risk assessment that quantifies the exposure of croplands and ten major crop groups to heatwaves, droughts, floods and compound hot–dry events, and combines this with a vulnerability index constructed from socio-economic and institutional indicators using latent factor modelling. Using ensembles of climate and hydrological models under multiple future scenarios, we show widespread increases in multi-hazard exposure, with the strongest intensification across South Asia, Sub-Saharan Africa and major U.S. and European breadbaskets. A significant relationship between vulnerability and cropland exposure emerges in future scenarios but is absent historically, indicating a growing role for vulnerability in shaping future agricultural risk. These results demonstrate that reliably identifying future agricultural risk hotspots requires jointly accounting for multi-hazard exposure and socioeconomic vulnerability, so that adaptation efforts can be targeted to regions where intensifying extremes coincide with high vulnerability.",nature_html
The hippocampus becomes topographically and functionally specialized along the longitudinal axis with development,https://www.nature.com/articles/s41467-026-74572-1,,Biological sciences : Nature Communications subject feeds,2026-06-18 00:00:00+00:00,,Xiaoqian J. Chai,,"The human hippocampus exhibits distinct genetic, cellular, and connectivity profiles along its anterior–posterior long-axis, resulting in a differential sensitivity to visuospatial information. Long-axis development, therefore, may contribute to developmental increases in visuospatial memory capacity. To test this, we developed and applied a precision functional mapping technique to identify functional systems in the hippocampus of single subjects using BOLD-fMRI (N = 471, aged 5–21). We discovered considerable developmental remodeling of the hippocampal long-axis, particularly for the posterior functional system. With age, surface-area (mm2) of the posterior system decreased by 39.4%, while BOLD activity became increasingly independent and showed a sharper topographic boundary with the rest of the hippocampus. Notably, the posterior system showed strong preferential connectivity with medial-parietal regions which correlated with both age and age-adjusted memory scores. These results indicate the hippocampal long-axis becomes topographically and functionally specialized with development, potentially contributing to developmental increases in memory capacity.",nature_html
A Bacillales-specific tubular scaffold essential for NADH dehydrogenase activity,https://www.nature.com/articles/s41467-026-74385-2,,Biological sciences : Nature Communications subject feeds,2026-06-18 00:00:00+00:00,,Axel Magalon,,"Respiratory type II NADH:quinone oxidoreductases (NDH-II) are typically monotopic flavoproteins that make direct contact with the membrane to access the quinone pool. Here, we show that in Bacillus subtilis, one NDH-II, termed Ndh, assembles with the helical membrane plugin (HMP) protein YjlC and forms supramolecular fibers. Genetic and biochemical analyses demonstrate that Ndh and YjlC proteins are essential for NADH oxidation. Cryo-EM analysis reveals that YjlC forms a tubular scaffold onto which multiple Ndh subunits are regularly docked via their C-terminal domain, repurposed from its classical role in direct membrane binding. These fibers can extend up to ~1000 Å, creating a continuous hydrophobic tunnel filled with lipids and quinones, thereby mimicking the membrane environment. Comparative genomics unveils that this partnership arose exclusively within Bacillales through the recruitment of an ancestral HMP originally associated with sulfide:quinone reductases. Together, our findings uncover a lineage-specific structural adaptation in which NDH-II enzymes depend on an HMP scaffold, expanding their functional diversity beyond the classical monotopic paradigm.",nature_html
Structural dissection of the catalytic domain of the serine threonine kinase StkP of Streptococcus pneumoniae,https://www.nature.com/articles/s41467-026-74470-6,,Biological sciences : Nature Communications subject feeds,2026-06-18 00:00:00+00:00,,Christophe Grangeasse,,"Serine/threonine kinases of the Hanks family are key regulators of bacterial physiology. Among them, membrane-associated PASTA-Hanks kinases govern bacterial cytokinesis and morphogenesis, yet their activation mechanism remains unclear. Here, we report crystal structures of the catalytic domain of the PASTA-Hanks kinase StkP of the human pathogen Streptococcus pneumoniae, carrying phosphoablative or phosphomimetic mutations in its activation loop. These structures demonstrate that phosphorylation of two threonine residues modulates the activation loop’s organization and dynamics and reveal an alternative mode of dimerization of the catalytic domain. Analytical ultracentrifugation, SAXS and cell imaging allow to propose a model postulating that the local concentration of StkP at the division septum promotes an inactive dimeric state in which the activation loop hampers substrate binding. The reorganization into active dimers would activate StkP and allow endogenous substrate phosphorylation. This work thus provides a mechanistic framework of the regulation of PASTA Hanks kinase for the regulation of bacterial cell division.",nature_html
The Bacillus subtilis circadian clock coordinates intricate spatiotemporal organisation,https://www.nature.com/articles/s41467-026-74082-0,,Biological sciences : Nature Communications subject feeds,2026-06-18 00:00:00+00:00,,Martha Merrow,,"Many organisms have circadian clocks that anticipate the risks and benefits of the predictable 24 h solar cycle. However, the potential functions of circadian clocks in non-photosynthetic bacteria are poorly understood. Here, we show that the Bacillus subtilis circadian clock regulates colony expansion, in concert with key developmental and differentiation pathways that are central to its life cycle. The B. subtilis clock coordinates the spatiotemporal organisation of gene expression within expanding colonies by timing various processes to specific phases (times of day) within distinct colony regions. Our results support the idea that circadian clock-regulation over space, time and colony development in B. subtilis is analogous to circadian regulation of some processes in multicellular eukaryotes such as plants and mammals.",nature_html
The alx gene family confers segmental identity to frontonasal cranial neural crest cells,https://www.nature.com/articles/s41467-026-74434-w,,Biological sciences : Nature Communications subject feeds,2026-06-18 00:00:00+00:00,,James T. Nichols,,"Cranial neural crest cells in the pharyngeal arches give rise to vertebrate head skeletal structures. Hox genes confer segmental identity to the different arches, and Hox mutations result in mirror-image homeotic duplications. Frontonasal cranial neural crest cells reside anterior to the first pharyngeal arch, give rise to the midface skeleton, and are not considered part of the segmental series. Here, we demonstrate that alx genes confer segmental identity to this anterior-most population in zebrafish; alx mutations result in mirror-image homeotic transformations. We define the boundary between the frontonasal and arch populations and demonstrate that Alx expression is restricted to the anterior-most cranial neural crest cells in zebrafish and lamprey, suggesting these expression patterns were present early in the vertebrate lineage. We propose that frontonasal neural crest cells represent the anterior-most segment of the pharyngeal arch meristic series, and that Alx genes function as homeotic selector genes conferring their segmental identity.",nature_html
Deep learning–guided engineering of SpuFz1 and rational miniaturization of ωRNA enables efficient genome editing,https://www.nature.com/articles/s41467-026-74624-6,,Biological sciences : Nature Communications subject feeds,2026-06-18 00:00:00+00:00,,Jiaoyang Liao,,"Advancing the performance of programmable genome editing nucleases remains a key challenge in expanding their research and therapeutic applications. Here, we introduce a scalable deep learning–guided protein engineering framework for improving nuclease activity without requiring experimental training data. As a demonstration, we apply this strategy to SpuFz1, a compact Fanzor nuclease of eukaryotic origin, identifying and validating beneficial mutations that produces a multi-mutant variant with an 11.6-fold increase in editing efficiency. In parallel, we use comparative sequence analysis to design and experimentally validate a 75-nt ultrashort ωRNA scaffold, reducing guide RNA length by 79% while maintaining activity. Integration of these optimized components yields enFanzor, a compact genome editing system that achieves editing efficiencies up to 81.9% in mammalian cells, with strong editing performance in both human hematopoietic stem and progenitor cells (HSPCs) and mouse embryos. The outperforming variant developed through this strategy also supports robust CBE and ABE activity. Notably, the shortened ωRNA not only improves nuclease editing specificity but also leads to a substantial increase in base editing efficiency. Together, this work demonstrates the power of combining AI-guided protein optimization with rational RNA design, and establishes a generalizable strategy for engineering next-generation genome editing tools.",nature_html
SplitSeek-Pro: accurate prediction of splittable sites on protein structures,https://www.nature.com/articles/s41467-026-74059-z,,Biological sciences : Nature Communications subject feeds,2026-06-18 00:00:00+00:00,,Wen-Bin Zhang,,"Understanding protein architecture and predicting its structural tolerance to profound remodeling is pivotal for engineering functional proteins. We present SplitSeek-Pro, a deep learning model that evaluates amino acid-level splittability in folded proteins, a property critical for protein engineering tasks such as circular permutation and split reconstitution. By integrating primary sequences with 3D structural features, SplitSeek-Pro achieves residue-resolution predictions through a two-stage training process: large-scale pre-training followed by high-quality fine-tuning. Experimental validation on three distinct proteins confirms its superior predictive power over existing methods. Notably, SplitSeek-Pro identifies characteristic segments that function as cohesive, integral fragments analogous to super-secondary structural motifs. These results establish SplitSeek-Pro as a robust tool for rational protein engineering and offer insights into the fundamental structural building blocks of protein folding. To facilitate community access, we provide an automated web server at http://splitseek.topo.bio.",nature_html
Author Correction: Modular diastereoselective synthesis of hindered cyclobutane amino nitriles through triplet nitrene-mediated ring expansion,https://www.nature.com/articles/s41557-026-02202-w,,Nature Chemistry,2026-06-18 00:00:00+00:00,10.1038/s41557-026-02202-w,Lumin Zhang,,,
Amplifying tumour antigen presentations from intratumourally entrapped dendritic cells,https://www.nature.com/articles/s41565-026-02204-2,,Nature Nanotechnology,2026-06-18 00:00:00+00:00,10.1038/s41565-026-02204-2,Lianhui Wang,,"Antigen presentation within solid tumours presents a significant clinical challenge for systemic immune activation. Although radiotherapy or chemotherapy can generate tumour antigens by destroying tumour cells, the insufficient number and impaired function of dendritic cells within solid tumours compromises effective antigen presentation. Here we present plant-derived nanoparticles coated with nanohydroxyapatite that promote dendritic cell activation and amplify the production of dendritic-cell-derived antigen-presenting vesicles in vivo through the modulation of intracellular immune conversion and calcium signalling. The technology, termed the intratumoural generation of immunopresentation vesicles after tumour exposure, enabled a dramatic enhancement in antigen presentation within lymph nodes and, consequently, boosted systemic immune response, exhibiting superior antitumour efficacy in multiple solid tumour models when combined with radiotherapy. This strategy of amplifying immunoreactive nanovesicle production in vivo may serve as a promising immunopotentiating platform, advancing various cancer treatments.",nature_html
Brexit tore apart European science — now the research rifts are healing,https://www.nature.com/articles/d41586-026-01841-w,,Nature,2026-06-18 00:00:00+00:00,10.1038/d41586-026-01841-w,Elizabeth Gibney,,"The UK’s share of EU research funding is climbing, but lost networks will be harder to recover. The UK’s share of EU research funding is climbing, but lost networks will be harder to recover.",nature_html
It slices! It dices! Sashimi-Bot handles seafood with ease,https://www.nature.com/articles/d41586-026-01871-4,,Nature,2026-06-18 00:00:00+00:00,10.1038/d41586-026-01871-4,,,"Fillets of raw fish are irregular in shape and floppy in texture, but a robot with three arms has learnt how to manipulate a salmon loin. Fillets of raw fish are irregular in shape and floppy in texture, but a robot with three arms has learnt how to manipulate a salmon loin.",nature_html
Clues to the sloth’s sloth found in its genome,https://www.nature.com/articles/d41586-026-01869-y,,Nature,2026-06-18 00:00:00+00:00,10.1038/d41586-026-01869-y,,,"Sequencing shows duplication of genes that affect mitochondria, the organelles that provide energy for cells. Sequencing shows duplication of genes that affect mitochondria, the organelles that provide energy for cells.",nature_html
"Triggering expeditious Zn2+ DMSO-bridged deposition through high-entropy, H2O-depleted hydrogel electrolyte for wide-temperature zinc batteries",https://www.cell.com/chem/fulltext/S2451-9294(26)00170-1?rss=yes,,Chem,2026-06-18 00:00:00+00:00,10.1016/j.chempr.2026.103104,Bin Li,,"The single H2O solvent system is the primary factor limiting Zn2+ deposition kinetics and a battery's operating temperature window. We reconstructed the Zn2+ solvation structure and H2O molecule hydrogen-bonding network by designing a multi-solvent system, thereby achieving expeditious deposition kinetics and broad temperature-range operation for the battery. Our work provides new insights into durable and high-rate aqueous batteries capable of operating in real-world, thermally fluctuating environments.",rss_cell
Cell transplant across the tree of life hints at how animals emerged,https://www.nature.com/articles/d41586-026-01910-0,,Nature,2026-06-18 00:00:00+00:00,10.1038/d41586-026-01910-0,Ewen Callaway,,Embryonic ‘organizer cells’ can tell embryos of various phyla what kind of body to build. Embryonic ‘organizer cells’ can tell embryos of various phyla what kind of body to build.,nature_html
Methane storage using metal–dipyrazolate frameworks,https://www.nature.com/articles/s41563-026-02621-7,,Nature Materials,2026-06-18 00:00:00+00:00,10.1038/s41563-026-02621-7,Michael J. Zaworotko,,"Adsorbed natural gas storage using porous materials at ambient temperature and relatively low pressure promises to address safety and cost concerns of conventional natural gas storage technologies (liquefaction and compression), but its utility is hindered by low deliverable capacity. Flexible porous materials such as metal–organic frameworks can exhibit isotherms with the potential to afford enhanced deliverable capacity. However, prototypal flexible adsorbed natural gas sorbents, exemplified by the metal–organic framework cobalt benzenedipyrazolate, Co(bdp), suffer from hydrolytic instability and are unsuitable for pelletization. Here we report a family of metal–bipyrazolate frameworks, including hydrophobic sorbents, Zn(dpt) and Co(dpt) (H2dpt = 2,5-di(1H-pyrazol-4-yl)thiophene), that exhibit methane-induced reversible transformations between narrow-pore and large-pore phases. Zn(dpt) shows exceptionally high methane deliverable capacities for 5–35 and 5–65 bar, that is, 173 cm3 (STP) cm−3 and 225 cm3 (STP) cm−3, respectively, but, unlike Co(bdp), is hydrolytically stable. In situ structural characterization, high-pressure gas sorption and modelling provide an insight into the narrow-pore–large-pore transformations, whereas testing with 250-ml tanks reveals that Zn(dpt) retains high deliverable capacity over multiple cycles. We demonstrate a practical alternative to pelletization through a formulation approach that is probably generally suitable for flexible sorbents.",nature_html
Daily briefing: The brain builds a sentence neuron by neuron,https://www.nature.com/articles/d41586-026-01967-x,,Nature,2026-06-18 00:00:00+00:00,10.1038/d41586-026-01967-x,Jacob Smith,,"Researchers have tracked the electrical activity of individual brain cells during conversation in real time. Plus, the history of GPS and a cross-species transplant that could reveal clues about the origin of animals. Researchers have tracked the electrical activity of individual brain cells during conversation in real time. Plus, the history of GPS and a cross-species transplant that could reveal clues about the origin of animals.",nature_html
Unraveling the evolution of photogenerated holes from charge separation to interfacial transfer in photocatalysis,https://academic.oup.com/nsr/advance-article/doi/10.1093/nsr/nwag379/8711408?rss=1,,National Science Review Advance Access,2026-06-18 00:00:00+00:00,10.1093/nsr/nwag379,Wenming Tian,,"A photocatalytic process involves the intricate integration of complex photophysical and photochemical events that occur at nanoscale interfaces and evolve over femtoseconds to second scales. However, directly tracking the nanoscale carrier dynamics of a single photocatalyst crystal under the reaction conditions is essential but remains challenging. Here, we employed in-situ transient reflection microscopy to spatiotemporally resolve the evolution of photogenerated carriers in facet-engineered bismuth vanadate (BiVO4) photocatalyst. It is revealed that photogenerated holes undergo three sequential steps: initial ultrafast charge separation (~5 ps), hole trapping (~1.5 ns), and trap states‐mediated interfacial transfer to pre-adsorbed H2O on the surface (~19 ps). Crucially, trap states associated with oxygen lattice sites act as nanoscale relay sites that enable rapid hole injection into pre-adsorbed H2O, whereas direct valence-band hole injection is negligible. These findings provide a comprehensive mechanistic picture of photogenerated carrier dynamics across the entire photocatalytic process, directly linking nanostructure to interfacial chemistry and revealing trap states as critical mediators of efficient interfacial charge transfer.",rss_oup
Is AI ruining our skills? Early results are in — and they’re not good,https://www.nature.com/articles/d41586-026-01947-1,,Nature,2026-06-18 00:00:00+00:00,10.1038/d41586-026-01947-1,Mariana Lenharo,,"Reliance on artificial-intelligence tools degrades the abilities of physicians and software engineers, studies show. Reliance on artificial-intelligence tools degrades the abilities of physicians and software engineers, studies show.",nature_html
Nanotechnology-mediated precision delivery of mRNA,https://www.nature.com/articles/s41563-026-02623-5,,Nature Materials,2026-06-18 00:00:00+00:00,10.1038/s41563-026-02623-5,Xiaoyuan Chen,,"Messenger RNA-based therapeutics have been successful in preventing and treating various diseases. Nonetheless, these therapies still face difficulties in achieving specific delivery to organs, tissues and cells, which are exacerbated by the need to overcome multilevel biological barriers and intrinsically complex physiological disease characteristics. Several approaches are being developed to overcome these challenges, including optimizing administration routes, enhancing targeting abilities and facilitating responsive release. These tailored design strategies have been utilized in applications including mRNA vaccines, protein replacement and gene editing for enhanced precision therapies. This Review discusses various heterogeneous barriers for mRNA delivery and nanocarrier-mediated mRNA precision-delivery strategies, and highlights their uses in biomedical applications. Moreover, we discuss current limitations and future perspectives to accelerate the development of precision mRNA delivery to address current clinical needs.",nature_html
Programming stacking order in conducting van der Waals metal–organic frameworks through ligand aggregation,https://www.nature.com/articles/s41557-026-02180-z,,Nature Chemistry,2026-06-18 00:00:00+00:00,10.1038/s41557-026-02180-z,Jin-Hu Dou,,"The physical properties of van der Waals materials are highly dependent on their stacking sequences. However, constructing layered materials with specific compositions and desired stackings is challenging. Here we show that a solvent-directed strategy enables targeted stacking in van der Waals metal–organic frameworks, an emerging class of van der Waals materials. By leveraging the tunable metastable states of conjugated ligands through various solvents, and stabilizing these states via metal–ligand coordination, we enable the inheritance of stacking patterns from ligands to van der Waals metal–organic frameworks. Notably, this strategy enables the controlled manipulation of stacking sequences and divergent charge transport regimes in two-dimensional and three-dimensional van der Waals metal–organic framework single crystals, yielding an electrical conductivity of 1,792 S cm−1. These results provide a versatile approach for designing layered materials with programmable stackings and tailored electronic properties.The alternative text for this image may have been generated using AI.",nature_html
Cu-Catalyzed dynamic kinetic asymmetric allylation enabled enantioselective assembly of sterically congested triaryl tertiary alcohols,https://www.nature.com/articles/s41467-026-74187-6,,Physical sciences : Nature Communications subject feeds,2026-06-18 00:00:00+00:00,,Fen-Er Chen,,"Chiral α,β,β-triaryl tertiary alcohols represent significant structural motifs that find extensive applications in pharmaceuticals and bioactive molecules. Their distinctiveness lies in their unique three-dimensional architectures, which are conducive to interactions with biological targets, thus making them particularly worthy of attention. However, the stereocontrolled assembly of adjacent chiral centers within these sterically congested scaffolds has remained a formidable challenge. Herein, we present a Cu-catalyzed dynamic kinetic asymmetric allylation of racemic α,β,β-triarylethanones, providing efficient access to a diverse range of chiral α,β,β-triaryl tertiary alcohols with robust enantioselectivity and diastereoselectivity. When combined with subsequent transformations, this method establishes a highly flexible platform for the synthesis of antitubercular agent (S,S)-TBAJ-587 and bedaquiline stereoisomers. Mechanistic investigations, including control experiments, density functional theory calculations, and interaction region indicator analyses, indicate that the steric characteristics of the ligand and weak intermolecular interactions synergistically lower the reaction energy barrier and enhance both reaction activity and stereocontrol.",nature_html
Optical access of spin-polarized excited states in Cs(PbMgZnCd)Br3 nanocrystals,https://www.nature.com/articles/s41467-026-74479-x,,Physical sciences : Nature Communications subject feeds,2026-06-18 00:00:00+00:00,,Chuang Zhang,,"The interplay of slow spin relaxation (long τS) and fast radiative recombination (short τR) is essential for using spin-polarized excited states in lead halide perovskites towards spintronics and quantum-optics technologies. Herein, we report on the observation of simultaneously long τS (59.8 ps) and short τR (3.4 ns) in the colloidal nanocrystals of high-entropy perovskites, Cs(PbMgZnCd)Br3, which enables the optical access and spin manipulation of excited states at room temperature. The incorporation of non-Pb metals spatially separates the [PbBr6]4− framework into smaller domains below the Bohr radius of excitons, and the size confinement leads to blue-shifted bright photoluminescence from short-lived photoexcitation species. Moreover, the distortion of [PbBr6]4− lattice is significantly enhanced in high-entropy structures, which enlarges the Rashba spin splitting and consequently prolongs τS over an order of magnitude. Optical write-in and read-out of spin states via circularly polarized light are achieved for both photoluminescence and amplified spontaneous emission from Cs(PbMgZnCd)Br3. Optical Hanle effect is demonstrated and allows for very efficient spin manipulation (positive/negative polarizations ~25.8%) under a perpendicular magnetic field, showing the great potential of high-entropy perovskites for opto-spintronic applications.",nature_html
Fluorinated oxide shells enable sintering-free conductive liquid metal composites for flexible electronics,https://www.cell.com/matter/fulltext/S2590-2385(26)00242-0?rss=yes,,Matter,2026-06-18 00:00:00+00:00,10.1016/j.matt.2026.102879,Kourosh Kalantar-Zadeh,,"Liquid-metal composites are attractive for soft electronics, but their native oxide shells usually block electrical conduction unless mechanically ruptured. This work shows that a fluorinated polymer can chemically dope this oxide, converting it into an electronically semiconducting interface. The resulting sintering-free Janus films combine high conductivity, flexibility, and multifunctionality, reframing the liquid-metal oxide shell from an electrical barrier into a tunable semiconducting component for next-generation soft materials.",rss_cell
Deep learning-based health monitoring and prognostics for nuclear power plants: a systematic review,https://www.sciencedirect.com/science/article/pii/S0306261926009062?dgcid=rss_sd_all,,ScienceDirect Publication: Applied Energy,2026-06-18 00:00:00+00:00,,Xuefeng Chen,,,
Attaining 19.12% solar cell efficiency for non-fused ring electron acceptors via multi-dimensional charge transport,https://www.nature.com/articles/s41467-026-74509-8,,Physical sciences : Nature Communications subject feeds,2026-06-18 00:00:00+00:00,,Yahui Liu,,"Non-fused ring electron acceptors (NFREAs) exhibit substantial commercial application potential. Nevertheless, their subpar electron transport performance results in slightly low power conversion efficiencies (PCEs) of organic solar cells (OSCs). Herein, we put forward an innovative supramolecular side-chain-induced multi-dimensional charge transport strategy to exploit two NFREAs 3TT-Ph2 and 3TT-Ph4 with terminal phenyl/fluorinated phenyl side chains. In comparison to the unfunctionalized control molecule 3TT-2, both 3TT-Ph2 and 3TT-Ph4 form additional phenyl-acceptor (Ph-A) supramolecular interactions between the phenyl side groups and the cyanoindanone end groups. Meanwhile, these fluorinated terminal phenyl groups can induce the formation of multiple supramolecular interactions, including F···F, F···H and F···C. The synergistic effect of these supramolecular interactions promotes the tight and ordered stacking of molecules, facilitates the construction of multi-dimensional charge transport channel. Finally, D18:3TT-Ph4-based device achieved a record-breaking PCE of 19.12% and a fill factor of 80.65%. Our research pave an effective strategy for the molecular design of high-performance NFREAs.",nature_html
Programmable microwave cluster states via Josephson metamaterials,https://www.nature.com/articles/s41467-026-74377-2,,Physical sciences : Nature Communications subject feeds,2026-06-18 00:00:00+00:00,,E. Enrico,,"Cluster states are a fundamental resource for continuous-variable quantum computing, enabling measurement-based protocols that can scale beyond the limitations of qubit-based architectures. Here, we demonstrate on-demand generation of multimode entangled microwave cluster states using a programmable Josephson Traveling-Wave Parametric Amplifier (JTWPA) operated in the three-wave mixing regime. By injecting a tailored, non-equidistant set of pump tones via an arbitrary waveform generator, we engineer frequency-specific nonlinear couplings between multiple frequency modes. The entanglement structure is verified via frequency-resolved heterodyne detection of quadrature nullifiers, confirming the target graph topology of the cluster state. Our approach allows reconfigurability through the pumps spectrum and supports scalability by leveraging the wide bandwidth and spatial homogeneity of the JTWPA. This platform opens new avenues for scalable measurement-based quantum information processing in the microwave domain, compatible with superconducting circuit architectures.",nature_html
Genetic and health determinants of cancer risk in Bangladeshi and Pakistani individuals in the UK,https://www.nature.com/articles/s41467-026-74415-z,,Biological sciences : Nature Communications subject feeds,2026-06-18 00:00:00+00:00,,Claude Chelala,,"South Asian populations remain underrepresented in cancer genomics, despite elevated risk for certain malignancies and distinct clinical profiles. This gap is especially pronounced for British Bangladeshi and Pakistani communities. We analyse data from 57,416 individuals of Bangladeshi and Pakistani ancestry in the UK-based Genes & Health cohort, integrating electronic health records, cancer registry data, and whole-exome sequencing (n = 43,462). Among them, 2,782 (4.8%) has cancer, with earlier onset across multiple types compared to national benchmarks. A phenome-wide case–control analysis identifies 132 significant cancer–comorbidity associations, with larger effect sizes observed for topographically concordant cancer-comorbidity pairs, and stronger associations for systemic disorders such as obesity and hypertension. Exome-wide analyses reveal 39 variant-level and 31 gene-level associations, over 60% absent from major genomic databases assessed and enriched for ultra-rare coding variations. Notable loci included ARHGAP45, CBR1, FKBP6, NF1, and ZNF155, with several ancestry-specific associations. These findings highlight distinct cancer risk architectures in this South Asian subpopulation, emphasising the need for population-tailored risk models and screening strategies.",nature_html
Broad-spectrum insecticide detoxification for the protection of managed pollinators,https://www.nature.com/articles/s41893-026-01867-y,,Nature Sustainability,2026-06-18 00:00:00+00:00,10.1038/s41893-026-01867-y,Chao Deng,,"Sustainable agriculture relies heavily on various pollinators that support the production and diversity of approximately 75% of global food crops. However, pollinator populations are in sharp decline largely due to insecticide exposure during crop pollination and a lack of effective protective interventions. Here we report a biomimetic detoxification system—mesoporous silica microparticles (MTSMs) coated with locust cell membrane and tannic acid—to protect bumblebees against insecticides. By leveraging π–π stacking and specific enzyme interactions, MTSMs presented high removal efficiency across organophosphate, pyrethroid and neonicotinoid classes, while maintaining minimum non-specific clearance of favourable enzymes predominantly present in the gastrointestinal system of bees. In addition to revealing dose-dependent detoxification capacity towards organophosphate and neonicotinoid insecticides, MTSMs exhibited over 12-h residency in the gastrointestinal tract of bumblebees to facilitate insecticide scavenging, and could be mostly excreted by bees within 48 h, causing no death of bees even at a high concentration of 50 mg ml−1. Environmental safety assessments indicate that MTSMs exhibit no observable inhibition effects on other insect viability (for example, Teleogryllus mitratus and Teleogryllus emma) and leguminous plant morphogenesis, suggesting their potential compatibility with agricultural applications. Overall, MTSMs have the potential to provide efficient broad-spectrum insecticide detoxification for the protection of managed pollinators.",nature_html
L1CAM signaling through planar cell polarity drives SOX2 expression and lung adenocarcinoma metastasis,https://www.nature.com/articles/s41467-026-74539-2,,Biological sciences : Nature Communications subject feeds,2026-06-18 00:00:00+00:00,,Joan Massagué,,"Plasticity transitions during carcinoma progression generate fetal-like progenitor states with metastatic capacity. How these progenitors emerge and persist during tumor progression remains unclear. Here, we elucidate a process that drives the emergence of SOX2+ metastatic progenitors in lung adenocarcinomas (LUAD). LUAD cells at the tumor invasive front and distant metastases express the cell adhesion molecule L1CAM, a marker of regenerative epithelial progenitors and a mediator of cell-basement membrane and cell-cell interactions, as well as the proliferation of extravasated micrometastatic cells. We now identify a distinct and broader role of L1CAM as promoter of the SOX2+ LUAD progenitor state. We show that L1CAM at cell-cell interfaces promotes the assembly of the planar cell polarity (PCP) complex in metastatic LUAD progenitors. L1CAM-dependent PCP acting through a non-canonical WNT signaling activates c-Jun, which cooperates with the chromatin remodeling factor CHD1 to drive SOX2 expression and metastatic activity. This axis sustains the tumor-initiating and regenerative capacity of LUAD progenitor cells. By illuminating the role of L1CAM and PCP signaling in the generation of SOX2+ LUAD progenitors, our findings identify potential new targets to treat metastatic cancer.",nature_html
Strain sharing and persistence of microbial pathogens colonizing the skin of residents in a regional nursing home network,https://www.nature.com/articles/s41467-026-74611-x,,Biological sciences : Nature Communications subject feeds,2026-06-18 00:00:00+00:00,,Julia A. Segre,,"Antimicrobial resistance (AMR) is a health threat disproportionately affecting nursing home (NH) residents. Surveillance and infection control in NHs are restricted to nares or perirectal cultures, overlooking skin colonization and multidrug-resistant organisms (MDROs) not recovered by selective media. Here, within the PROTECT trial NCT03118232, we show, that NH residents’ skin serves as a reservoir of transmissible MDROs. We analyzed 207 groin and axilla swabs from 38 residents across 15 California NHs using metagenomics, culturing, and genome sequencing. Culture detected MDROs in 10 of 38 residents (26.3%), including 4 (10.5%) with ESBL-producing Escherichia coli sequence type (ST)131/ST648 and 7 (18.4%) with methicillin-resistant Staphylococcus aureus. Skin microbiome analysis by metagenome-assembled genomes identified broader MDRO colonization, including 27 (71.1%) with E. coli ST93, 14 (36.8%) with Staphylococcus epidermidis ST2, 16 (42.1%) with Proteus mirabilis, 7 (18.4%) with Providencia stuartii, 7 (18.4%) with Enterococcus faecalis, and 5 (13.2%) with Pseudomonas aeruginosa. Colonization persisted after bathing. Clonal E. coli ST93 was shared by 27 residents across 9 facilities, and 5 resident pairs carried clonally related strains of ≥2 MDRO species, suggesting polymicrobial transmission. We confirmed skin as a reservoir of MDROs, utilizing metagenomics to detect colonization and transmission pathways, supporting AMR surveillance in long-term care.",nature_html
Structural choreography of bacteriophage N4 ejection proteins and the giant virion-associated RNA polymerase,https://www.nature.com/articles/s41467-026-74701-w,,Biological sciences : Nature Communications subject feeds,2026-06-18 00:00:00+00:00,,Gino Cingolani,,"Schitoviruses are widespread prokaryotic viruses that encapsidate a giant ( ~ 3500-residue) virion-associated RNA polymerase (vRNAP). During infection, vRNAP is expelled into Gram-negative bacteria, along with two additional ejection proteins, to assemble a transient DNA-ejectosome that becomes transcriptionally active, initiating viral replication. Here, we present an integrative structural analysis of the coliphage N4 vRNAP (gp50). We find that this 383 kDa enzyme is a multi-domain, single-chain RNA polymerase, structurally distinct from both compact single-chain RNAPs and large multi-subunit holoenzymes. vRNAP is composed of loosely connected domains and exhibits an intramolecular mode of allosteric regulation through its C-terminal domain. Comparative analysis of intact and genome-released virions identified gp51, which forms an outer-membrane complex, and gp52, which assembles a periplasmic tunnel. These proteins generate heterogeneous pores that facilitate the release of vRNAP. We further uncover a signaling hub in the phage tail, composed of the receptor-binding protein, tail tube, and tail plug, that detects receptor engagement and orchestrates the release of ejection proteins. We propose that the beads-on-a-string architecture of vRNAP enables the translocation of megadalton-scale protein complexes through the ~35 Å channel formed by the tail and ejection proteins. These findings establish N4 as a distinctive model for protein translocation through biological channels.",nature_html
Data-driven assessment of energy security dynamics in European Union countries,https://www.sciencedirect.com/science/article/pii/S0301421526003836?dgcid=rss_sd_all,,ScienceDirect Publication: Energy Policy,2026-06-18 00:00:00+00:00,,Maciej Oesterreich,,,
SAMJ: fast image annotation on ImageJ/Fiji via segment anything model,https://www.nature.com/articles/s41467-026-71752-x,,Biological sciences : Nature Communications subject feeds,2026-06-18 00:00:00+00:00,,Arrate Muñoz-Barrutia,,"Accurate image annotation is essential for training artificial intelligence (AI) systems in biomedical image analysis, enabling tasks such as cell detection, tissue quantification, and disease characterization. However, creating pixel-level annotations is a time-consuming and labor-intensive process that requires expert input, limiting the development and adoption of AI methods. Recent advances in foundation models, such as the Segment Anything Model (SAM), enable interactive object segmentation from simple user prompts, but their integration into widely used bioimage analysis platforms remains limited and often requires technical expertise. Here we show that SAMJ, a user-friendly plugin for ImageJ/Fiji, enables fast, interactive, and accurate image annotation on standard computers without requiring programming skills or specialized hardware. SAMJ integrates efficient SAM variants into a familiar graphical interface, allowing users to delineate objects in large scientific images in real time using simple clicks or bounding boxes. This approach significantly reduces annotation effort, accelerates dataset creation, and broadens access to advanced AI-assisted annotation tools for the biomedical research community.",nature_html
Digital twin-driven deep reinforcement learning for coordinated scheduling and state prediction of distributed energy storage clusters,https://www.sciencedirect.com/science/article/pii/S0306261926009049?dgcid=rss_sd_all,,ScienceDirect Publication: Applied Energy,2026-06-18 00:00:00+00:00,,Li Zhou,,,
"How geopolitical risks, green finance, and environmental technologies dynamics shape energy trilemma in BRICS economies?",https://www.sciencedirect.com/science/article/pii/S0301421526003873?dgcid=rss_sd_all,,ScienceDirect Publication: Energy Policy,2026-06-18 00:00:00+00:00,,Daniel Balsalobre-Lorente,,,
Adaptive risk-difference-based network pricing for shared energy storage in distribution networks,https://www.sciencedirect.com/science/article/pii/S0306261926009153?dgcid=rss_sd_all,,ScienceDirect Publication: Applied Energy,2026-06-18 00:00:00+00:00,,Siyu Ma,,,
A meta-analysis of infant gut viromes reveals global patterns in bacteriophage community assembly and functional capacity over the first three years of life,https://www.nature.com/articles/s41467-026-74609-5,,Biological sciences : Nature Communications subject feeds,2026-06-18 00:00:00+00:00,,Corinne F. Maurice,,"Assembly of the gut microbiota in infancy is an important health determinant, yet the viral component, the virome, remains poorly described. Here, we conduct a meta-analysis of 12 infant cohorts across 8 countries to model gut virome development over the first three years of life. Our results revealed distinct diversity patterns, where viral richness increased significantly over the first eight months of life alongside a loss of community evenness. We define virome developmental velocity, the rate of change between sequential samples, which significantly decreased over time. This was mirrored by community-wide convergence, as infant viromes became more similar with age. Functionally, the transition to a stable state involved a significant decrease in extracellular temperate phages and shifts in phage-encoded auxiliary metabolic genes, which can modulate host metabolism. Our work provides a baseline characterization of gut virome development, marked by a conserved successional trajectory, providing a framework to identify disease-associated perturbations.",nature_html
A stochastic simulation framework for EV charging station dynamic pricing with leader-driven dream optimization algorithm,https://www.sciencedirect.com/science/article/pii/S0306261926008998?dgcid=rss_sd_all,,ScienceDirect Publication: Applied Energy,2026-06-18 00:00:00+00:00,,YuanBin Mo,,,
TRIM21-mediated ubiquitination of PARP1 regulated by the PI3K/AKT-STAT5A axis suppresses small cell lung cancer,https://www.nature.com/articles/s41467-026-73271-1,,Biological sciences : Nature Communications subject feeds,2026-06-18 00:00:00+00:00,,Wenchu Lin,,"Abnormal accumulation of Poly(ADP-ribose) polymerase 1 (PARP1) promotes cancer progression, yet its stabilization mechanisms remain unclear. Here, we identify E3 ubiquitin ligase tripartite motif-containing 21 (TRIM21) as a PARP1-binding partner. PARP1 interacts directly with TRIM21 via its 662-908 domain, while the PRY-SPRY domain of TRIM21 is essential for this binding. TRIM21 facilitates PARP1 polyubiquitination at residue K654, leading to its degradation. In small cell lung cancer (SCLC), TRIM21 is significantly downregulated, and its tumor-suppressive function is partly mediated through the degradation of PARP1, supporting genomic stability. Additionally, the PI3K/AKT pathway transcriptionally suppresses TRIM21 via transcription factor STAT5A, thereby stabilizing PARP1. Importantly, combining the PI3K/AKT inhibitor PKI-587 with the PARP inhibitor BMN673 synergistically inhibits tumor growth across multiple SCLC models, including cell lines, patient-derived organoids, and xenograft models. Collectively, our findings define a “PI3K/AKT-STAT5A-TRIM21-PARP1” axis critical for SCLC progression and propose its dual inhibition as a promising therapeutic strategy.",nature_html
Integrated multiscale modeling and coordinated balance-of-plant optimization to maximize vehicle system efficiency in a heavy-duty fuel cell electric vehicle,https://www.sciencedirect.com/science/article/pii/S0306261926009128?dgcid=rss_sd_all,,ScienceDirect Publication: Applied Energy,2026-06-18 00:00:00+00:00,,Kyoungdoug Min,,,
Wind power forecasting with deep representation: A survey,https://www.sciencedirect.com/science/article/pii/S0306261926007580?dgcid=rss_sd_all,,ScienceDirect Publication: Applied Energy,2026-06-18 00:00:00+00:00,,Haibin Zhang,,,
In situ liquid-phase TEM electrodeposition of tellurium nanostructures,https://www.cell.com/matter/fulltext/S2590-2385(26)00239-0?rss=yes,,Matter,2026-06-18 00:00:00+00:00,10.1016/j.matt.2026.102876,Sarah J. Haigh,,"How do tiny semiconductor wires grow in liquids? This study directly watches tellurium nanostructures form in real time, revealing how initial particles evolve into wires and complex branched shapes. It shows how growth depends on local chemistry and how adding bismuth seeds dramatically enhances formation. These insights translate into improved large-scale synthesis, highlighting how advanced microscopy can guide the design of nanomaterials for electronics and energy applications.",rss_cell
Monocarboxylate transporter 2 regulates maintenance of myelin and axonal integrity by oligodendrocytes,https://www.nature.com/articles/s41467-026-74488-w,,Biological sciences : Nature Communications subject feeds,2026-06-18 00:00:00+00:00,,Vanja Tepavčević,,"Myelin alterations, tightly linked to axonal degeneration, are common in neurodegenerative diseases, including multiple sclerosis (MS). However, the metabolic mechanisms that sustain white matter integrity remain elusive. Monocarboxylates are important energy fuels, but their role in myelinating oligodendrocyte function remains unclear. Here, we show that myelinating oligodendrocytes express high affinity monocarboxylate transporter 2 (MCT2), which is downregulated in progressive MS. While deletion of MCT2 in the mouse spinal white matter using oligodendrotropic AAV injection does not affect oligodendrocyte survival, it downregulates lipid synthesis-associated enzymes and increases inflammation, leading to a failure of myelin maintenance. These changes, not evidenced in AAV-control mice that only show mild inflammation, are accompanied by axonal upregulation of lactate dehydrogenase A and injury, effects alleviated by ketogenic diet. Therefore, our findings show that oligodendroglial MCT2 regulates myelin maintenance and axonal support under mild inflammation. This appears disrupted in progressive MS but might be compensated for by specific metabolic therapies to preserve white matter integrity.",nature_html
Dimethylsulfoniopropionate metabolism shapes microbial ecology and physiological adaptation during the austral winter in Southern Ocean sea ice and seawater,https://www.nature.com/articles/s41467-026-73596-x,,Biological sciences : Nature Communications subject feeds,2026-06-18 00:00:00+00:00,,Thulani P. Makhalanyane,,"Dimethylsulfoniopropionate (DMSP) is a highly abundant marine organosulfur compound, with important roles in stress protection and climate-cooling gases production. Polar regions, particularly seawater and sea ice interfaces, are critical yet understudied DMSP cycling hotspots. Here, we reveal up to 38-fold higher DMSP concentrations in Southern Ocean sea ice versus seawaters, identifying sea ice as a concentrated reservoir of DMSP with implications for microbial stress tolerance and sulfur recycling. Eukaryotic algae harboring DSYB and DSYE genes were predicted to dominate DMSP production, but diverse and previously unidentified bacterial producers were also detected. This elevated abundance of algal biosynthetic genes likely underpins the higher DMSP concentrations in sea ice. Notably, DMSP catabolism, particularly the dmdA demethylase and dddD and dddK lyase genes, were more abundant than biosynthesis genes. Taken together, these findings reveal the widespread metabolism for DMSP cycling and underscore a dynamic reservoir and transformation hub influencing polar climate-cooling sulfur fluxes.",nature_html
Inducible T-bet deletion reveals tissue-specific requirements in NKp46+ ILC immunobiology and response to murine cytomegalovirus,https://www.nature.com/articles/s41467-026-74478-y,,Biological sciences : Nature Communications subject feeds,2026-06-18 00:00:00+00:00,,Todd A. Fehniger,,"The requirement for the T-box transcription factors (TF) T-bet and Eomes in innate lymphoid cells (ILCs) beyond their development is not well understood. Here, we generate an inducible, NKp46-specific T-bet knock-out (KO) model and compare it to corresponding Eomes KO and combined T-bet Eomes double KO mice to define T-box TFs requirement in the homeostasis and function of mature NK cell and other NKp46+ ILC. Inducible T-bet deletion reduces stage IV NK cell numbers in the spleen and tissues, while preserving NK cells in the bone marrow and lymph nodes. Liver ILC1 and small intestine lamina propria NKp46+ ILC3 are also lost upon T-bet deletion, indicating the requirement for continuous T-bet expression in these ILC types. Combined T-bet and Eomes KO leads to a rapid loss of NK cells, markedly greater than with individual T-bet or Eomes KO. Direct comparison of inducible T-bet and Eomes KO models reveals that Eomes is critical for host protection against murine cytomegalovirus, whereas T-bet is dispensable, despite loss of ILC1. These findings establish the tissue-specific and non-redundant roles for T-box TFs in NKp46+ ILCs homeostasis and response to viral infection.",nature_html
Engineering a dual-antigen mRNA vaccine to restore immune control in chronic hepatitis B,https://www.nature.com/articles/s41467-026-74006-y,,Biological sciences : Nature Communications subject feeds,2026-06-18 00:00:00+00:00,,Min Li,,"Therapeutic vaccination for chronic hepatitis B (CHB) remains challenging, as persistent immune tolerance to hepatitis B surface antigen (HBsAg) impedes anti-HBsAg seroconversion. Here we show that screening antigen combinations incorporating HBsAg identifies preS1-HBsAg as the optimal pairing. The resulting dual-antigen mRNA vaccine elicits robust hepatitis B virus (HBV)-specific immune responses in chronic HBV mouse models, leading to near-complete viral genome clearance, marked reduction of multiple HBV antigens, and serological conversion. Mechanistic analyses reveal that preS1 serves as the primary driver of HBV-specific T cell responses, while HBsAg contributes to both anti-HBsAg seroconversion and intrinsic adjuvant activity. Specifically, when delivered in mRNA form, HBsAg promotes antigen-presenting cell (APC) activation, enhances antigen presentation, and amplifies preS1-specific CD8⁺ T cell responses. Furthermore, combining the preS1-HBsAg vaccine with interferon-α (IFN-α) enhances antiviral efficacy and immune memory while maintaining a favorable safety profile. These findings establish preS1-HBsAg mRNA vaccination as a promising and translatable therapeutic strategy for functional cure of CHB.",nature_html
A universal deep learning framework for empowering nanopore identification by reinforcing temporal signals,https://www.nature.com/articles/s41467-026-74507-w,,Biological sciences : Nature Communications subject feeds,2026-06-18 00:00:00+00:00,,Guangyan Qing,,"Nanopore sensing holds transformative potential for revolutionizing protein and glycan sequencing. However, translating this potential into practical, high-fidelity identification is severely bottlenecked by the challenge of processing massive amounts of highly similar nanopore ionic-current data, spurring an urgent need for robust, AI-driven solutions. Prevailing deep learning methods suffer from two limitations: they often fail to capture the fine-grained temporal dynamics essential for distinguishing structurally similar analytes, and their generic training strategies inadequately extract weak discriminative features, thus limiting classification precision. Here, we present SEDA-Former (Signal Enhancement and Dynamic Attention Transformer), a deep temporal learning framework designed for high-resolution nanopore single-molecule identification. SEDA-Former incorporates a multi-window sliding standard-deviation method for feature enhancement, a multi-channel temporal convolutional network to mine weak features in temporal dynamics, and a progressive adaptive attention training strategy that dynamically reweights sample losses based on learning difficulty. Across a diverse set of challenging benchmark datasets, including nanopore signals of 15 glycosides, 24 ginsenosides, 8 DNA molecules, and 17 cholic acid conjugates, spanning varying levels of signal complexity, SEDA-Former consistently achieves substantially higher classification accuracy than state-of-the-art methods and demonstrates robust cross-dataset transferability. SEDA-Former provides a versatile and scalable solution to facilitate single-molecule identification in nanopore sensing.",nature_html
Physics-informed neural networks for wind turbine wake prediction: Constraint hierarchy under varying data density,https://www.sciencedirect.com/science/article/pii/S0306261926008901?dgcid=rss_sd_all,,ScienceDirect Publication: Applied Energy,2026-06-18 00:00:00+00:00,,Yong Jiang,,,
Sub-femtosecond figure-of-merit millimeter-wave switches via solution-processed MoS2 for 6G radio-frequency front-ends,https://www.nature.com/articles/s41467-026-74534-7,,Physical sciences : Nature Communications subject feeds,2026-06-18 00:00:00+00:00,,Myungsoo Kim,,"Next-generation 6G communication requires radio-frequency components capable of operating above 100 GHz with low loss, high isolation, and zero static power—requirements that challenge complementary metal-oxide-semiconductor (CMOS) and microelectromechanical systems (MEMS) technologies. Here, we report transfer-free, large-area millimeter-wave (mmWave) switches based on solution-processed MoS2. While solution-processed 2D materials are often viewed as inferior to their crystalline counterparts due to high defect densities, we demonstrate that their edge-rich morphology is, in fact, a performance enabler. These edge defects act as intrinsic templates that confine Cu-filament pathways, enabling rapid (76 ns) and low-energy switching (1.57 nJ) with > 2000 cycles and uniform zero static-power operation, as corroborated by Kelvin probe force microscopy, conductive atomic force microscopy and low-temperature studies. The resulting switches achieve an low insertion loss ( 35 dB) at 67 GHz. Notably, they exhibit a switching figure-of-merit (RON·COFF) of ~ 0.8 fs (fco ~ 187 THz), surpassing previously reported 2D switches. Importantly, by adopting an inverse-state operational scheme in a SHUNT architecture, we mitigate self-switching and achieve improved power handling (P0.1dB > 10 dBm) and linearity (IIP3 > 42.1 dBm). Finally, we demonstrate the platform’s circuit-level viability by integrating the switches into a true-time-delay and hybrid-coupled phase shifters targeting 30 GHz mmWave applications.",nature_html
"Sulfonyl-PYBOX/ErCl3 complex enable highly enantioselective synthesis of α,α-dialkyl and α-alkyl-α-aryl hydrazinonitriles",https://www.nature.com/articles/s41467-026-74600-0,,Physical sciences : Nature Communications subject feeds,2026-06-18 00:00:00+00:00,,Jian Zhou,,"We report the highly enantioselective nucleophilic addition reaction of simple ketone-derived hydrazones. Accordingly, a ErCl₃-catalyzed cyanation of both aliphatic and aryl ketone hydrazones is achieved for the facile access of Cα-tetrasubstituted α-hydrazino nitriles in up to 96% ee, by using the sterically confined pyridinebisoxazoline (PYBOX) ligand featuring a sulfonyl group at the pyridine C4 position. This method enables the shortest catalytic enantioselective total synthesis of L-carbidopa, a drug that could treat the symptoms of Parkinson’s disease, with 82% overall yield in four steps. These adducts are valuable synthons to various α-tertiary hydrazines and related azacycles that are interesting targets for medicinal studies and pesticide research. From our biological analysis, a chiral α-hydrazino nitrile with good insecticidal activity against Aphis gossypii (LC50 = 15.11 mg∙L–1) was identified, rivaling commercial insecticides.",nature_html
Process-separated cascade catalysis for highly efficient alkane-to-aromatic conversion,https://www.nature.com/articles/s41467-026-74607-7,,Physical sciences : Nature Communications subject feeds,2026-06-18 00:00:00+00:00,,Jinlong Gong,,"Bifunctional catalysis is pivotal to industrial heterogeneous catalytic processes, yet its performance is limited by the kinetic entanglement among different elementary steps. In the conversion of light alkanes to aromatics, a promising non-naphtha route to produce benzene, toluene and xylene (BTX) that examples this challenging, this paper describes a process-separated cascade catalysis (PSCC) for efficient BTX synthesis, prioritizing kinetic decoupling over spatial intimacy of active sites in bifunctional systems. We employ a spatially decoupled metal-zeolite catalyst, achieving >95% propane conversion and 82.3% aromatic selectivity with near-exclusive BTX formation at 550 °C during continuous reaction-regeneration cycles. In situ spectroscopies and kinetics analysis reveal that PSCC decouples kinetics of alkane dehydrogenation to olefine intermediates (ethene, propene) in the first stage and synchronizes this process with oligomerization and aromatization reactions in the second stage. This synchronization affords the rate matching of two stage, thus minimizes cracking by-products and enhances BTX production substantially. Combined with high catalytic stability and technoeconomic assessment, this PSCC strategy represents a robust pathway in alkane (C2–C4)-to-BTX conversion and beyond bifunctional catalysis processes.",nature_html
Atomically precise Au8Pd1(DPPF)42+ catalyst orchestrates the synthesis and utilization of hydrogen peroxide,https://www.nature.com/articles/s41467-026-74604-w,,Physical sciences : Nature Communications subject feeds,2026-06-18 00:00:00+00:00,,Yan Zhu,,"Atomically precise metal clusters that merge structural clarity, functional modularity, and tunable spatial programmability have gained momentum over the past decade. Here, we report the catalysis of an atomically precise Au8Pd1(DPPF)42+ (DPPF = 1,1’-bis(diphenylphosphino)ferrocene) cluster in the synthesis and utilization of hydrogen peroxide. The cluster shows a concerto-like synergy of metal core and surface ligand in the entire catalytic process, in which the metal core catalyzes the reaction of formic acid and oxygen to produce H2O2, and subsequently DPPF ligands work with the core to drive the conversion of H2O2 into hydroxyl radicals. Notably, with the computational fluid dynamics simulation assistance, the heterogeneous catalyst from the assembly of Au8Pd1(DPPF)42+ clusters into mesoporous Al2O3 monolith enables continuous generation and utilization of H2O2 performed in the fixed-bed reactor. This work offers an alternative route for the efficient upgrading of H2O2 synthesis and application.",nature_html
Flexible infrared camouflage eutectic gallium-indium for thermoelectric energy harvesting,https://www.nature.com/articles/s41467-026-74580-1,,Physical sciences : Nature Communications subject feeds,2026-06-18 00:00:00+00:00,,Swee Ching Tan,,"Integrated infrared camouflage materials capable of energy harvesting and sensing hold great potential for enhancing operational efficiency in military settings. A key challenge, however, lies in achieving such multifunctionality without complex fabrication processes. In this study, we address this issue by introducing eutectic gallium‑indium (EGaIn) as a versatile material that combines infrared camouflage with thermoelectric sensing. EGaIn exhibits remarkable infrared camouflage performance over a broad temperature range. It suppresses its own thermal radiation by reflecting ambient infrared radiation, concealing its infrared signature for infrared camouflage. In addition to its infrared camouflage function, one of the most notable features of EGaIn is its ability to generate voltage from small temperature gradients. This thermoelectric capability enables self‑powered, real‑time monitoring of physiological states like body temperature and breathing patterns. Our work highlights the pathways toward military technologies that combine infrared camouflage with signal transmission capabilities.",nature_html
Donor–Acceptor Covalent Organic Framework Enables Ambipolar Charge Storage in Aluminum‐Ion Energy Storage,https://advanced.onlinelibrary.wiley.com/doi/10.1002/aenm.71198?af=R,,Wiley: Advanced Energy Materials: Table of Contents,2026-06-18 05:52:46+00:00,10.1002/aenm.71198,Artur Ciesielski,,"ABSTRACT
                  The development of sustainable high‐performance energy storage systems (ESS) beyond lithium‐ion technology has become a global priority due to lithium's geopolitical and supply‐chain constraints. Among emerging alternatives, aluminum‐ion ESS (Al‐ESS) offer remarkable advantages, including aluminum's natural abundance, high theoretical volumetric capacity, and intrinsic safety. However, progress in Al‐ESS is hindered by the scarcity of effective cathode materials capable of reversible Al‐ion storage. In this context, covalent organic frameworks (COFs) offer tunable structures and abundant redox‐active sites, which enable multi‐electron reactions and fast ion transport. However, their practical implementation is often undermined by poor electronic conductivity and limited accessibility of redox centers. Herein, 2D donor–acceptor COF integrating electron‐rich tetrakis(4‐aminophenyl)‐1,4‐phenylenediamine (TPA) and electron‐deficient naphthalenediimide (NDI) units is reported as an ambipolar cathode for Al‐ESS. The highly crystalline, microporous framework exhibits intrinsic charge‐transport pathways, enabling operation without conductive carbon‐nanotube additives. COF TPA‐NDI delivers a high specific capacity of 270 mAh/g, a specific energy of 447 Wh/kg, and exceptional cycling stability. Ex situ analyses reveal a reversible multi‐electron redox process involving amine, imine, and carbonyl sites coordinating both cationic and anionic species. These findings demonstrate that donor–acceptor engineering in COFs can yield intrinsically conductive organic cathodes, providing a new design paradigm for next‐generation Al‐ESS.",crossref
Current‐Driven Li2O Formation in Catalyst‐Free Solid‐State Li‐O2 Batteries Enabling Simultaneous High Energy and High Power,https://advanced.onlinelibrary.wiley.com/doi/10.1002/aenm.71210?af=R,,Wiley: Advanced Energy Materials: Table of Contents,2026-06-18 05:55:46+00:00,10.1002/aenm.71210,Lingping Kong,,"ABSTRACT
                  
                    Li‐O
                    2
                    batteries offer a compelling pathway toward next‐generation energy storage owing to their ultrahigh theoretical energy density; however, practical realization has been severely constrained by parasitic reactions, poor reversibility, and the predominance of one‐ or two‐electron oxygen reduction pathways. Here, we report a catalyst‐free solid‐state Li‐O
                    2
                    battery (SSLOB) that achieves a four‐electron reaction with Li
                    2
                    O formation through a current‐driven, phase‐conversion lithiation mechanism, enabling simultaneous high‐energy and high‐power operation. Comprehensive structural and chemical analyses, including x‐ray diffraction, UV–vis spectroscopy, acid titration, and high‐resolution transmission electron microscopy, confirm Li
                    2
                    O formation. Systematic investigations reveal that discharge current density is the dominant kinetic parameter governing Li
                    2
                    O formation, whereas operating temperature and depth of discharge exert minimal influence on the Li
                    2
                    O/Li
                    2
                    O
                    2
                    phase ratio. At high current densities, enhanced Li
                    +
                    flux and interfacial electrochemical driving forces promote two‐electron lithiation of Li
                    2
                    O
                    2
                    to Li
                    2
                    O to complete the entire four‐electron transfer pathway. The present SSLOB delivers an areal capacity of 8.25 mAh·cm
                    −2
                    at 3.0 mA·cm
                    −2
                    , corresponding to a cell‐level specific energy of ∼1032 Wh·kg
                    −1
                    with a continuous power of ∼374 W·kg
                    −1
                    . This work represents the first demonstration of catalyst‐free four‐electron Li
                    2
                    O formation and establishes a scalable solid‐state platform for achieving cell‐level energy densities exceeding 1000 Wh·kg
                    −1
                    .",crossref
Advanced Materials for Seawater Batteries toward Blue Energy Storage: Key Strategies and Future Perspectives,https://advanced.onlinelibrary.wiley.com/doi/10.1002/aenm.71195?af=R,,Wiley: Advanced Energy Materials: Table of Contents,2026-06-18 05:58:45+00:00,10.1002/aenm.71195,Zhong‐Shuai Wu,,"ABSTRACT
                  Seawater batteries (SWBs) have emerged as promising aqueous energy storage systems owing to their intrinsic safety and environmental sustainability. As a naturally abundant and cost‐effective electrolyte source, seawater exhibits considerable economic benefits and potential applications. Nevertheless, the practical applications of SWBs are constrained by several challenges, including the complex multicomponent ionic composition, high corrosivity, and the narrow electrochemical stability window of seawater electrolytes. Despite these constraints, a systematic summary regarding the targeted design of functional materials specifically tailored for seawater‐based electrolytes remains lacking. In this review, we first elucidate how the physicochemical properties of seawater give rise to distinct SWB configurations and define the corresponding requirements for electrode materials. Subsequently, we provide a comprehensive discussion of rational design strategies to enhance the electrochemical performance of SWBs, focusing on the modulation of electron/ion transport pathways with electrode materials, electrolyte engineering, and interfacial regulation to achieve rapid kinetics and favorable thermodynamics in high chloride ion concentration with complex interplay. Furthermore, potential application scenarios of SWBs are outlined in accordance with the configuration prototypes. Finally, we highlight the key challenges and provide future research directions for the development of advanced materials toward high‐performance and durable SWBs.",crossref
An HIV vaccine blueprint,https://www.science.org/doi/abs/10.1126/science.aei3106?af=R,,AAAS: Science: Table of Contents,2026-06-18 06:00:17+00:00,10.1126/science.aei3106,James Binley,,The infection of rhesus macaques with a chimeric virus uncovers a recipe for broadly neutralizing antibodies,crossref
AI may raise the bar and thin the pipeline,https://www.science.org/doi/abs/10.1126/science.aeh4940?af=R,,AAAS: Science: Table of Contents,2026-06-18 06:00:17+00:00,10.1126/science.aeh4940,Zhangxin (Frank) Liu,,,
Preserve EEOC data collection,https://www.science.org/doi/abs/10.1126/science.aei1236?af=R,,AAAS: Science: Table of Contents,2026-06-18 06:00:17+00:00,10.1126/science.aei1236,Donald Tomaskovic-Devey,,,
In Other Journals,https://www.science.org/doi/abs/10.1126/science.aej7459?af=R,,AAAS: Science: Table of Contents,2026-06-18 06:00:17+00:00,10.1126/science.aej7459,Yury Suleymanov,,Editors’ selections from the current scientific literature,crossref
Paws for thought,https://www.science.org/doi/abs/10.1126/science.aej7460?af=R,,AAAS: Science: Table of Contents,2026-06-18 06:00:17+00:00,10.1126/science.aej7460,Manuel Spitschan,,,
Hour of the wolf,https://www.science.org/doi/abs/10.1126/science.aej7910?af=R,,AAAS: Science: Table of Contents,2026-06-18 06:00:17+00:00,10.1126/science.aej7910,Gretchen Vogel,,Wolves have made a spectacular comeback in Europe. But attacks on livestock and humans have caused a heated debate about the limits of coexistence,crossref
Tracking the roots of zoonoses,https://www.science.org/doi/abs/10.1126/science.aef0941?af=R,,AAAS: Science: Table of Contents,2026-06-18 06:00:17+00:00,10.1126/science.aef0941,Felix M. Key,,Ancient pathogen DNA from animals elucidates the origin and evolution of infectious diseases,crossref
Big Ebola outbreak puts research spotlight on little-known virus,https://www.science.org/doi/abs/10.1126/science.aej7944?af=R,,AAAS: Science: Table of Contents,2026-06-18 06:00:17+00:00,10.1126/science.aej7944,Kai Kupferschmidt,,"The Bundibugyo virus only emerged twice before. Now, scientists see a chance to get to know it better",crossref
New list of political jobs at science agencies called ‘weird and capricious’,https://www.science.org/doi/abs/10.1126/science.aej7945?af=R,,AAAS: Science: Table of Contents,2026-06-18 06:00:17+00:00,10.1126/science.aej7945,Jeffrey Mervis,,NIH programs and leadership are hit hard; other science agencies are barely mentioned,crossref
A space telescope is falling to Earth. NASA is racing to rescue it,https://www.science.org/doi/abs/10.1126/science.aej7947?af=R,,AAAS: Science: Table of Contents,2026-06-18 06:00:17+00:00,10.1126/science.aej7947,Daniel Clery,,Vehicle will attempt a daring capture-and-boost mission to extend the life of the Swift observatory,crossref
El Niño is here. It may be the strongest this century,https://www.science.org/doi/abs/10.1126/science.aej7946?af=R,,AAAS: Science: Table of Contents,2026-06-18 06:00:17+00:00,10.1126/science.aej7946,Hannah Richter,,"After clearing a spring forecasting hurdle, scientists see growing odds of a powerful climate event that could disrupt weather worldwide",crossref
"AI finds legal loopholes, even when not asked",https://www.science.org/doi/abs/10.1126/science.aej7948?af=R,,AAAS: Science: Table of Contents,2026-06-18 06:00:17+00:00,10.1126/science.aej7948,Celina Zhao,,"Models repeatedly discovered ways to exploit regulations, and current safeguards largely failed to stop them",crossref
ScS-triggered slip on megathrust interfaces after the 2011 MW 9.0 Tohoku-Oki earthquake,https://www.science.org/doi/abs/10.1126/science.aec4190?af=R,,AAAS: Science: Table of Contents,2026-06-18 06:00:17+00:00,10.1126/science.aec4190,Luis Rivera,,"We report an extraordinary observation of ground motion in Japan after the moment magnitude (
                    M
                    W
                    ) 9.0 2011 Tohoku-Oki earthquake attributed to a multiplate-interface slip event triggered by shear wave that traveled to the Earth’s core and back. The megathrust earthquake generated a strong ScS phase with a peak-to-peak amplitude exceeding 1 centimeter in Japan. Superposed on this waveform, an eastward steplike displacement of up to 5 to 6 millimeters was recorded in Global Navigation Satellite System (GNSS) data throughout Japan. This likely originated from slip on the megathrust interfaces triggered by the nearly simultaneous arrival of the ScS wave across Japan. Such an ScS triggering is a previously unrecognized source of seismic hazard, which can potentially (re)activate the mainshock area and the broader surrounding megathrust interfaces.",crossref
Russia plans deep quest for ‘endless oil’,https://www.science.org/doi/abs/10.1126/science.aej7952?af=R,,AAAS: Science: Table of Contents,2026-06-18 06:00:17+00:00,10.1126/science.aej7952,Olga Dobrovidova,,Soviet-era theory touted by Putin’s former campaign manager claims oil deposits can form without organic matter,crossref
A metastable solid solution transforms into complex nanostructures,https://www.science.org/doi/abs/10.1126/science.aei4111?af=R,,AAAS: Science: Table of Contents,2026-06-18 06:00:17+00:00,10.1126/science.aei4111,Amit Misra,,Instability in a high-entropy alloy drives structural changes that strengthen the alloy,crossref
Ultrathin polymer membranes with locked intrinsic microporosity for hydrocarbon fractionation,https://www.science.org/doi/abs/10.1126/science.aed1111?af=R,,AAAS: Science: Table of Contents,2026-06-18 06:00:17+00:00,10.1126/science.aed1111,Zhiwei Jiang,,"Membrane technologies offer an energy-efficient alternative to conventional distillation for hydrocarbon fractionation, but they suffer from a trade-off between fast liquid transport and high molecular selectivity. We report a scalable approach to fabricate polymer membranes with stable interconnected pathways by locking in their intrinsic microporosity. This locking strategy reduces polymer swelling and preserves the subnanometer pore structure in hydrocarbon liquids, resulting in 10-fold higher permeance for synthetic crude oil compared with current state-of-the-art membranes. When applied to Arabian Extra Light crude oil, these membranes achieved excellent size- and class-based separation, removing 99.8% of hydrocarbons containing &gt;15 carbon atoms and 93% of sulfur-containing components. These scalable membranes underpin processes providing rapid and selective hydrocarbon separation, enabling a more sustainable pathway toward crude oil refining.",crossref
Scientific computing in an AI world,https://www.science.org/doi/abs/10.1126/science.aef4214?af=R,,AAAS: Science: Table of Contents,2026-06-18 06:00:17+00:00,10.1126/science.aef4214,Dennis Gannon,,Scientific computing must integrate AI with simulation and focus on energy-efficient methods and systems,crossref
In Science Journals,https://www.science.org/doi/abs/10.1126/science.aej7458?af=R,,AAAS: Science: Table of Contents,2026-06-18 06:00:17+00:00,10.1126/science.aej7458,Christiana N. Fogg,,"Highlights from the
                    Science
                    family of journals",crossref
Unlikely chemistry of life may have originated on the ocean floor,https://www.science.org/doi/abs/10.1126/science.aej7951?af=R,,AAAS: Science: Table of Contents,2026-06-18 06:00:17+00:00,10.1126/science.aej7951,Viviane Callier,,Group offers new scenario for how cells came to rely on phosphate molecules,crossref
"Inheriting trauma, rethinking science",https://www.science.org/doi/abs/10.1126/science.aeh7938?af=R,,AAAS: Science: Table of Contents,2026-06-18 06:00:17+00:00,10.1126/science.aeh7938,Rana Dajani,,,
"Viola seed pod architecture shapes sequential, force-augmented pinching",https://www.science.org/doi/abs/10.1126/science.aed2953?af=R,,AAAS: Science: Table of Contents,2026-06-18 06:00:17+00:00,10.1126/science.aed2953,Youbong Hyun,,"Many plants explosively launch seeds, but these natural catapults often display inefficient, unpredictable energy transfer in seed ejection. Violets (
                    Viola
                    spp.) address this problem by ejecting seeds successively with consistent propulsive force from a single pod, a strategy that requires sophisticated energy release. In this work, we show that
                    Viola
                    achieves this feat with a simple and compact structure that generates adaptive force augmentation through sequential pinching. Our biological and mathematical analyses indicate that the pod valve’s morphogeometry optimizes pinching with sufficient strength for seed ejection with limited material cost and creates a shifting force-amplifying hotspot, which allows consecutive seed ejections. We use this design principle to create autonomous zipping actuators for a range of applications, including biomedical soft machines.",crossref
Changes in wildlife activity patterns in response to war in Ukraine,https://www.science.org/doi/abs/10.1126/science.aed1493?af=R,,AAAS: Science: Table of Contents,2026-06-18 06:00:17+00:00,10.1126/science.aed1493,Marco Heurich,,"Conflict zones are inherently hazardous and inaccessible for researchers, which results in a knowledge gap about the immediate effects of armed conflicts on the environment, particularly wildlife. We used camera-trap detections to investigate the impact of armed conflict on wildlife activity patterns before, during, and after the Russian occupation of the Chornobyl Exclusion Zone (Ukraine) in 2022 and compared it to the same period in 2021. Mammal species responded to armed conflict through immediate behavioral adjustments, including reduced activity during night and on dates when armed-conflict activities intensified. Our results provide insight into wildlife’s behavioral responses to armed conflict in real time and underscore the potential of camera trapping to quantify the ecological effects of war.",crossref
Britain’s next research choice,https://www.science.org/doi/abs/10.1126/science.aej6498?af=R,,AAAS: Science: Table of Contents,2026-06-18 06:00:17+00:00,10.1126/science.aej6498,Will Stone,,"Ten years ago, the Brexit referendum began the United Kingdom’s departure from the European Union (EU), forcing British science to confront a serious question: What place should the UK occupy in European research? No longer qualified to be a full-fledged member of Horizon Europe, the matter of whether to rejoin as an associate member became a totemic issue for the UK. There were serious questions around whether rejoining would be worth the money, especially if it had to pay in more funding than it could win back in grants. UK researchers, however, insisted that association was the best way to protect their access to the most prestigious and attractive funding opportunities. So, when the UK eventually associated in 2024, it was to sighs of relief. But times have changed.",crossref
Strain-induced fully coherent triphase nanoarchitecture in refractory high-entropy alloys,https://www.science.org/doi/abs/10.1126/science.aec4995?af=R,,AAAS: Science: Table of Contents,2026-06-18 06:00:17+00:00,10.1126/science.aec4995,Jian-Feng Nie,,"Nanostructured materials have exceptional properties, yet scalable fabrication of bulk, three-dimensional, nanograined structures remains a formidable challenge. We report the self-assembly of a fully coherent, triphase nanostructure—resembling a mesocrystal—formed through solid-state phase separation in an equiatomic refractory alloy. The resulting architecture integrates three common metallic crystal structures—face-centered cubic, body-centered cubic, and hexagonal close-packed—interwoven through strain-induced phase separation and unconventional transformation pathways triggered by the separation itself. This nanostructure accommodates large atomic-size mismatches and lattice misfits while maintaining full coherency and thermal stability. The resulting material exhibits a compressive yield strength exceeding 2 gigapascals. These findings provide a method for nanostructure engineering in compositionally complex alloys through strain-induced transformation pathway engineering.",crossref
The Lucy flyby of (52246) Donaldjohanson: A bilobed asteroid with tumbling rotation,https://www.science.org/doi/abs/10.1126/science.aec0503?af=R,,AAAS: Science: Table of Contents,2026-06-18 06:00:17+00:00,10.1126/science.aec0503,Michael Vincent,,"The main belt asteroid (52246) Donaldjohanson (DJ) is a likely member of the Erigone asteroid family. This implies that DJ is a fragment of a larger parent body that was destroyed in a collision about 155 million years ago. We report observations taken during a flyby of DJ by the Lucy spacecraft. We found that DJ is composed of two heavily cratered lobes, connected by a smoother neck, with overall dimensions 8.8 kilometers (km) by 4.4 km by 3.1 km. The crater density is consistent with the Erigone family’s age, except for craters &lt;0.4 km, which have been preferentially erased. DJ rotates slowly in a tumbling state, likely owing to spin-down by radiative forces. Surface spectra show iron-bearing phyllosilicates, indicating moderate aqueous evolution on the parent body.",crossref
Direct development of stem tetrapods across the fin-to-limb transition,https://www.science.org/doi/abs/10.1126/science.aeb7635?af=R,,AAAS: Science: Table of Contents,2026-06-18 06:00:17+00:00,10.1126/science.aeb7635,Arjan Mann,,"Modern amphibians are characterized by an aquatic larval stage that ends abruptly with a period of widespread tissue remodeling (metamorphosis) upon transition to terrestrial adulthood. A transient larval stage ending in gradual metamorphosis is often assumed for the earliest digited tetrapods, but direct evidence of this larval stage is lacking. Exceptionally preserved stem tetrapod hatchlings show that a transient larval stage was absent in tetrapods both before and after the fin-to-limb transition; instead we identified soft- and hard-tissue evidence of direct development, falsifying hypotheses of an ancestral origin of metamorphosis or of a gradual larval-postlarval transition serving as a template for lissamphibian metamorphosis. We argue that a transient larval period culminating in metamorphosis originated near or within the tetrapod crown group as part of a broader suite of traits associated with terrestrialization.",crossref
Scalable fabrication of COF membranes for aliphatic/aromatic separation of crude oil,https://www.science.org/doi/abs/10.1126/science.aea0869?af=R,,AAAS: Science: Table of Contents,2026-06-18 06:00:17+00:00,10.1126/science.aea0869,Zhiping Lai,,"Distillation has been the cornerstone of crude oil refining for more than a century, relying on boiling point differences for fractionation. Although effective, it is highly energy-intensive and lacks the precision to separate specific hydrocarbon classes. We report crystalline covalent organic framework (COF) membranes with well-defined micropores and alkyl-functionalized frameworks that combine molecular sieving with preferential affinity to enrich aliphatics. An electric field–assisted roll-to-roll process enabled scalable fabrication of continuous membranes. These COF membranes enriched aliphatics to &gt;95% and delivered permeance orders of magnitude higher than amorphous polymers in Arabian Light crude oil. A crude oil permeance of 0.34 liters m
                    −2
                    hours
                    −1
                    bar
                    −1
                    with &gt;90% aliphatics enrichment was achieved using industrial-standard 1812 membrane modules, demonstrating a lower energy demand than distillation.",crossref
Violet seed propulsion inspires robot design,https://www.science.org/doi/abs/10.1126/science.aei6084?af=R,,AAAS: Science: Table of Contents,2026-06-18 06:00:17+00:00,10.1126/science.aei6084,S. N. Patek,,Comparative analysis of seed biomechanics reveals principles that can guide soft robot technology,crossref
"Reanimating ELIZA, the world’s first chatbot",https://www.science.org/doi/abs/10.1126/science.aeh9238?af=R,,AAAS: Science: Table of Contents,2026-06-18 06:00:17+00:00,10.1126/science.aeh9238,Simson L. Garfinkel,,A simple program created in the 1960s laid the groundwork for future conversational computers,crossref
Making the most of your time at work,https://www.science.org/doi/abs/10.1126/science.aeh4754?af=R,,AAAS: Science: Table of Contents,2026-06-18 06:00:17+00:00,10.1126/science.aeh4754,Jonathan Wai,,Thinking strategically from the start could help you do more good over the course of your career,crossref
Efficient Osmotic Energy Conversion Enabled by Self‐Standing COF Membranes With Varied Sulfonic Acid Group Density,https://advanced.onlinelibrary.wiley.com/doi/10.1002/adma.73758?af=R,,Wiley: Advanced Materials: Table of Contents,2026-06-18 06:32:41+00:00,10.1002/adma.73758,Seema Agarwal,,"ABSTRACT
                  
                    The Gibbs free energy generated from the mixing of seawater and freshwater across a salinity gradient is considered one of the most significant yet underutilized renewable energy sources. Membrane‐based reverse electrodialysis (RED) enables direct electricity generation from osmotic energy by harnessing the net ion flux driven by concentration gradients across ion‐selective membranes. However, entropy generation caused by non‐selective ion mixing significantly limits the power density of RED systems. Therefore, enhancing membrane ion selectivity is critical. 2D covalent organic frameworks (COFs) demonstrate remarkable potential for osmotic energy conversion due to their aligned 1D nanochannel, high porosity, and organized ionic groups. Herein, we present a strategy leveraging electrostatic repulsion to controllably fabricate TpPa‐(SO
                    3
                    H)
                    X
                    COF (
                    X
                    = 0.5, 1, 1.5, 2) membranes with varied ionic group density. Via stoichiometric modulation during COF synthesis, we achieved variation in sulfonic acid group density within nanochannels, enabling optimized charge‐governed ion selectivity. Under salinity gradients mimicking seawater/freshwater conditions (0.5 
                    m
                    /0.01 
                    m
                    , NaCl), the device delivered an exceptional power output density of 24.53 W m
                    −2
                    , representing a 4.9‐fold enhancement over commercial benchmarks (5 W m
                    −2
                    ). This study presents a novel method and strategy for the design and application of ion‐selective membranes in mass transport and efficient energy conversion.",crossref
Bound States in the Continuum Metasurfaces for Biomolecular Detection: A Review of Advances and Applications,https://advanced.onlinelibrary.wiley.com/doi/10.1002/adma.73730?af=R,,Wiley: Advanced Materials: Table of Contents,2026-06-18 06:35:46+00:00,10.1002/adma.73730,Qingdong Ou,,"ABSTRACT
                  The demand for high‐sensitivity, label‐free sensing has driven the development of metasurface‐based optical biosensors. While traditional architectures suffer from broad resonances and limited sensitivity due to radiative and dissipative losses, bound states in the continuum (BICs) offer a pathway to achieve extreme field enhancement and narrow resonance linewidths. By harnessing quasi‐BIC modes, metasurfaces can significantly improve the limit of detection and facilitate device miniaturization. This Review synthesizes current advancements in BIC‐enabled biomolecular sensing, covering fundamental physics, symmetry‐breaking strategies, and sensing modalities. Furthermore, we categorize recent developments based on material platforms—ranging from dielectrics to hybrids—and highlight their specific applications in life sciences. The Review concludes with an outlook on bridging the gap between laboratory research and commercial point‐of‐care diagnostics.",crossref
Linker‐Engineered Dimeric Acceptors Afford Efficient Organic Photocatalytic Hydrogen Evolution via Tailored Nanomorphology for Long‐Lived Charge Accumulation,https://advanced.onlinelibrary.wiley.com/doi/10.1002/adma.73648?af=R,,Wiley: Advanced Materials: Table of Contents,2026-06-18 06:37:48+00:00,10.1002/adma.73648,James R. Durrant,,"ABSTRACT
                  
                    Organic bulk‐heterojunction (BHJ) nanoparticles are promising candidates for solar‐to‐hydrogen conversion. While the development of organic photocatalysts (OPCs) has leveraged advances in organic photovoltaics (OPVs), molecular design rules tailored to photocatalysis remain underdeveloped. Here we introduce linker‐engineered dimeric acceptors that tune self‐assembly and thereby control BHJ nanoparticle morphology, enabling high‐performance OPCs. Two dimer acceptors, DY1 (unfused linker) and DY2 (fused linker), are synthesised from a monomer analogue (MY), establishing a self‐assembly trend of MY &gt; DY2 &gt; DY1. The stronger intermolecular assembly of MY is consistent with a quasi‐core–shell morphology that reduces catalytically accessible donor–acceptor interfaces, whereas the weaker intermolecular assembly of DY1 is associated with a more intermixed morphology and increased recombination losses. In contrast, DY2 exhibits a morphology consistent with improved pathway continuity and sufficient donor/acceptor exposure at the particle surface, supporting enhanced accumulation of long‐lived, surface‐stabilised charges. Consequently, PM6:DY2 OPCs deliver a hydrogen evolution rate of 25.3 µmol h
                    −1
                    cm
                    −2
                    , outperforming PM6:MY (1.9 µmol h
                    −1
                    cm
                    −2
                    ) and PM6:DY1 (11.9 µmol h
                    −1
                    cm
                    −2
                    ). Notably, this performance trend contrasts with that of the corresponding OPVs, suggesting that photovoltaic design principles do not necessarily translate directly to photocatalysts.",crossref
"Stress‐Matching Molecular Bridge and 3D Micro‐Nano Array for High‐Performance, Lightweight Composite Copper Current Collectors",https://advanced.onlinelibrary.wiley.com/doi/10.1002/adma.73763?af=R,,Wiley: Advanced Materials: Table of Contents,2026-06-18 06:43:44+00:00,10.1002/adma.73763,Yanbin Shen,,"ABSTRACT
                  
                    Compared to dense copper foil current collectors, polymer‐based composite copper foils (CCFs) significantly enhance the energy density of lithium batteries. However, conventionally fabricated CCFs via a two‐step process suffer from poor interfacial adhesion due to stress mismatch between the sputtered and electroplated copper layers, along with incomplete coverage of the polymer substrate. Herein, we propose a synergistic strategy combining molecular self‐assembly and micro‐nano electroplating to fabricate a lightweight three‐dimensional CCF. Theoretically screened trithiocyanuric acid serves as a dual‐functional “molecular bridge”: its thiol groups form strong Cu‐S bonds with copper, while its triazine core anchors to the exposed polyethylene terephthalate substrate via π–π stacking and hydrogen bonding, creating a robust and strain‐relieved interface. Integrated with a low‐temperature electrodeposited 3D micro‐nano conical array, the molecularly engineered CCFs exhibit an eightfold higher specific surface area, which effectively suppresses dendrite growth. When paired with an LiFePO
                    4
                    cathode (N:P = 3), the full cell demonstrates exceptional cycling stability (398 cycles at 1C) and rate capability. Notably, as a lithium‐free anode coupled with a high‐voltage NCM811 cathode, the cell maintains stable operation for over 100 cycles (the control cells fail within 60 cycles). This work provides a general molecular‐interface strategy for developing high‐performance, lightweight current collectors.",crossref
Brain-wide topographic coordination of rotating waves,https://www.science.org/doi/abs/10.1126/science.adx1369?af=R,,AAAS: Science: Table of Contents,2026-06-18 07:00:00+00:00,10.1126/science.adx1369,Nicholas A. Steinmetz,,"Patterns of brain activity moving in waves occur across brain regions and species, yet their spatial organization, anatomical basis, and brain-wide distribution remain unclear. Using cortex-wide imaging and electrophysiology in awake mice, we revealed a prominent wave motif across spatial scales. Waves frequently formed rotational patterns centered on somatosensory cortex and sweeping across somatotopic maps. Axonal architecture within sensory cortex exhibited a matching circular arrangement. Rotating waves were mirrored between hemispheres and between sensory and motor cortex and were coordinated with subcortical spiking. Bilaterally cutting the circular circuitry diminished rotating waves. Rotating waves were modulated across behavioral states, evoked by sensory inputs, and recruited during correct visuomotor performance. These results establish that rotating waves are sculpted by axonal architecture across diverse brain systems and behavioral contexts.",crossref
Reply to Hojný et al.: Fusion-driven vs. fusion-negative high-grade endometrial stromal sarcoma,https://www.pnas.org/doi/abs/10.1073/pnas.2611558123?mi=eymic2&af=R&access=on&content=articlesChapters&publication=pnas&sortBy=Earliest&target=default,,Proceedings of the National Academy of Sciences: Keyword search for query,2026-06-18 07:00:00+00:00,10.1073/pnas.2611558123,Alessandro D. Santin,,,
TL1A/DR3 signaling deletion attenuates mucosal inflammation and alveolar bone loss in a murine model of spontaneous periodontitis,https://www.pnas.org/doi/abs/10.1073/pnas.2611178123?mi=eymic2&af=R&access=on&content=articlesChapters&publication=pnas&sortBy=Earliest&target=default,,Proceedings of the National Academy of Sciences: Keyword search for query,2026-06-18 07:00:00+00:00,10.1073/pnas.2611178123,Fabio Cominelli,,"TL1A and its receptor DR3 are key regulators of mucosal immune responses, but their role in periodontal disease is unknown. Herein, we investigated whether TL1A/DR3 signaling contributes to mucosal immune amplification and tissue-destructive inflammation in periodontitis using SAMP1/YitFc (SAMP) mice, which develop spontaneous ileitis and periodontal disease. DR3 deficiency markedly attenuated alveolar bone loss and improved periodontal architecture, restoring a phenotype comparable to healthy AKR (parental) controls. Gingival tissues from wild-type SAMP mice exhibited increased expression of both
                    Tnfsf15
                    (encoding TL1A) and
                    Tnfrsf25
                    (encoding DR3), with both positively correlating with disease severity. This was accompanied by elevated levels of IL-17, TNF-α, and IL-1β, and by increased numbers of CD4
                    +
                    T helper cells and neutrophils. Conversely, SAMPxDR3
                    −/−
                    mice exhibited reduced inflammatory cytokine production and immune cell accumulation. These findings support a model in which the TL1A/DR3 axis is associated with amplification of mucosal immune responses in periodontal disease, linking effector T cell activation, increased cytokine production, and recruitment of innate immune cells. Altogether, our data identify the TL1A/DR3 cytokine-receptor pair as a potential regulator of inflammatory circuits that drive periodontal pathology. Blocking this pathway may provide a therapeutic modality for patients affected by chronic periodontitis.",crossref
Genome-edited rice variety with low-cadmium accumulation in the grain,https://www.pnas.org/doi/abs/10.1073/pnas.2610609123?mi=eymic2&af=R&access=on&content=articlesChapters&publication=pnas&sortBy=Earliest&target=default,,Proceedings of the National Academy of Sciences: Keyword search for query,2026-06-18 07:00:00+00:00,10.1073/pnas.2610609123,Jiayang Li,,"Cadmium (Cd) is a toxic and carcinogenic heavy metal, and rice, as a staple food, is a major source of dietary Cd intake. Therefore, limiting the transfer of Cd from soil to rice grain without compromising grain yield is a critical issue for human health. In this study, through base-editing-mediated mutagenesis screening targeting
                    OsNramp5
                    , a major transporter gene for manganese (Mn) and Cd uptake, we identified a single amino acid substitution at position 441 (Ile to Thr) that significantly reduced Cd accumulation in both shoots and grains without affecting the accumulation of other essential metals. Functional analysis revealed that this point mutation did not alter gene expression, protein abundance, subcellular localization, or Cd and Mn transport activity in yeast. However, we found that OsNramp5 also transports zinc (Zn), and the point mutation increased its selectivity for Zn. It is likely that elevated Zn levels in root cells competitively inhibit Cd release into the xylem, thereby reducing root-to-shoot Cd translocation. A field trial confirmed that the mutated
                    OsNramp5
                    did not affect grain yield or essential micronutrient concentration but significantly decreased Cd accumulation in grains. Our findings suggest that precise editing of this key residue in OsNramp5 offers an effective strategy to reduce Cd transfer from soil to rice grain without yield penalty.",crossref
"High-grade endometrial stromal sarcoma heterogeneity: Fusion-driven, fusion-negative, and related undifferentiated uterine sarcomas",https://www.pnas.org/doi/abs/10.1073/pnas.2609538123?mi=eymic2&af=R&access=on&content=articlesChapters&publication=pnas&sortBy=Earliest&target=default,,Proceedings of the National Academy of Sciences: Keyword search for query,2026-06-18 07:00:00+00:00,10.1073/pnas.2609538123,Pavel Dundr,,,
Overlap locking and nonperturbative effects in spin glasses,https://www.pnas.org/doi/abs/10.1073/pnas.2606171123?mi=eymic2&af=R&access=on&content=articlesChapters&publication=pnas&sortBy=Earliest&target=default,,Proceedings of the National Academy of Sciences: Keyword search for query,2026-06-18 07:00:00+00:00,10.1073/pnas.2606171123,Federico Ricci-Tersenghi,,"We study the phenomenon of the locking of the order parameter (or synchronization) in spin glasses at low temperatures. When two systems with independent disorders are coupled, their overlaps become similar. A crucial question is how this effect depends on the strength of the coupling between the two systems. Nonperturbative phenomena are present when
                    
                      
                        
                          1
                          ≪
                          Δ
                          H
                          ≪
                          N
                        
                      
                    
                    , being
                    
                      
                        
                          Δ
                          H
                        
                      
                    
                    the coupling Hamiltonian and
                    
                      
                        N
                      
                    
                    the system size. In this intermediate-coupling region, the effect is related to finite-size free-energy corrections in mean-field spin-glass models and to correlations in the Dyson hierarchical spin glass, a model that mimics the physics of finite-dimensional systems. We study this phenomenon in the mean-field approach, both analytically and numerically, and we finally compute the critical exponents for finite-volume corrections in mean-field theory and for the decay of correlations in the Dyson hierarchical model.",crossref
Collapsible scissored surfaces,https://www.pnas.org/doi/abs/10.1073/pnas.2605221123?mi=eymic2&af=R&access=on&content=articlesChapters&publication=pnas&sortBy=Earliest&target=default,,Proceedings of the National Academy of Sciences: Keyword search for query,2026-06-18 07:00:00+00:00,10.1073/pnas.2605221123,L. Mahadevan,,"We introduce an additive approach for the design of a class of transformable structures based on two-bar linkages (“scissor mechanisms”) joined at vertices to form a two-dimensional mesh which we call a pantograph lattice. Our approach shows how these lattices unfold from a one-dimensional collapsed state to two-dimensional surfaces of single and double curvature. We provide an algorithm for growing pantograph structures that allows us to explore the full space of possible mechanisms, and we use it to computationally design and physically assemble a series of examples of varying complexity. We finally demonstrate a streamlined method for automated fabrication of pantograph lattices using multimaterial 3D printing.",crossref
Structural basis for lysophosphatidic acid recognition and atypical Gαq coupling by LPAR5,https://www.pnas.org/doi/abs/10.1073/pnas.2537482123?mi=eymic2&af=R&access=on&content=articlesChapters&publication=pnas&sortBy=Earliest&target=default,,Proceedings of the National Academy of Sciences: Keyword search for query,2026-06-18 07:00:00+00:00,10.1073/pnas.2537482123,Li-Hua Zhao,,"Lysophosphatidic acid receptor 5 (LPAR5) is a non-endothelial differentiation gene class A G protein–coupled receptor that regulates neuropathic pain, itch, and cancer progression through coupling to G proteins. Here, we report the cryo-EM structure of LPAR5 bound to 1-oleoyl-lysophosphatidic acid (LPA) in complex with G
                    q
                    at 2.96 Å resolution, revealing a distinct mode of receptor activation and G protein coupling. The phosphate headgroup of LPA forms extensive polar interactions with residues from extracellular loop 2 and transmembrane helices TM5–TM7, while the lipid tail inserts into a deep hydrophobic cavity formed by TM3–TM5. Site-directed mutagenesis confirms the functional importance of these interactions. Remarkably, LPAR5 exhibits a noncanonical G protein coupling mode. Unlike previously reported GPCR–G protein structures in which the Gα C-terminal α5 helix (“wavy hook”) primarily engages TM6, the wavy hook in LPAR5 is positioned toward the intracellular loop 1–helix 8 interface. This configuration is associated with limited TM6 outward displacement and modest rearrangement at the toggle-switch position (6.48). The resulting interface is stabilized by receptor-specific interactions and supported by functional data. Together, these findings reveal an alternative mode of GPCR–G protein coupling and highlight the structural plasticity underlying signaling specificity in LPA receptors.",crossref
Spatial and temporal prediction of Aedes aegypti populations with atmospheric and urban forms dependence,https://www.pnas.org/doi/abs/10.1073/pnas.2533964123?mi=eymic2&af=R&access=on&content=articlesChapters&publication=pnas&sortBy=Earliest&target=default,,Proceedings of the National Academy of Sciences: Keyword search for query,2026-06-18 07:00:00+00:00,10.1073/pnas.2533964123,Grigori Chapiro,,"Accurately predicting mosquito population dynamics in cities requires models that couple climatic sensitivity with urban spatial heterogeneity. We developed a spatially explicit, climate-driven framework that integrates satellite imagery, field observations, and biology to simulate
                    Aedes aegypti
                    dynamics across heterogeneous urban landscapes. A decomposition technique was introduced to disentangle entomological observations from mixed urban sites into landscape-specific time series for houses, streets, and parks. We provide a robust parameter estimation through a constrained inverse problem, revealing distinct temperature responses and biological processes across environments. Model validation against both egg and adult mosquito data from five Brazilian cities yielded strong correlations with the majority falling between
                    ρ
                    = 0.4 and 0.8, confirming the model’s ability to reproduce observed spatiotemporal patterns. This integration of climate dependence, landscape quantification, and empirical validation provides a potential tool for anticipating mosquito abundance across space and time. By identifying periods and locations of elevated risk, the framework supports targeted, cost-effective interventions against dengue and other vector-borne diseases in a rapidly urbanizing and warming world.",crossref
TFPI2 promotes NK cell–mediated glioblastoma killing through adhesion and checkpoint control,https://www.pnas.org/doi/abs/10.1073/pnas.2529973123?mi=eymic2&af=R&access=on&content=articlesChapters&publication=pnas&sortBy=Earliest&target=default,,Proceedings of the National Academy of Sciences: Keyword search for query,2026-06-18 07:00:00+00:00,10.1073/pnas.2529973123,Xin Mu,,"Immune-mediated killing triggers dynamic transcriptional adaptations in tumor cells that can reciprocally regulate the cytolytic process. Unraveling such feedback mechanisms is crucial for advancing cancer immunotherapy. Here, we identified tissue factor pathway inhibitor 2 (TFPI2) as a central node in natural killer (NK)–glioblastoma cross talk. Using transcriptomic and functional approaches, we demonstrated that NK cell attack induces TFPI2 expression in glioblastoma cells via IL1β- and TNFα-driven activation of NFκB signaling. TFPI2 not only restrains tumor proliferation by suppressing the POU2F2–CCND1 axis but also enhances NK cytotoxicity through two complementary mechanisms: It supports optimal ICAM1 expression to promote NK–tumor adhesion, and it selectively represses the immune checkpoint molecule SIGLEC15, restoring NK cell effector function. In vivo, loss of TFPI2 accelerates glioblastoma progression and abrogates the efficacy of adoptive NK cell therapy in a context-dependent manner; the functionality is likely restricted to tumors retaining the capacity for TFPI2 induction upon inflammatory stimuli. Our findings identified the TFPI2–ICAM1 and TFPI2–SIGLEC15 axes as conditional regulators of immune–tumor adhesion and checkpoint control, supporting TFPI2 as a candidate therapeutic target for a subset of glioblastomas amenable to inflammatory reprogramming.",crossref
Evolutionarily conserved and divergent mechanisms of dual Ca2+ sensors in synaptic vesicle exocytosis,https://www.pnas.org/doi/abs/10.1073/pnas.2532992123?mi=eymic2&af=R&access=on&content=articlesChapters&publication=pnas&sortBy=Earliest&target=default,,Proceedings of the National Academy of Sciences: Keyword search for query,2026-06-18 07:00:00+00:00,10.1073/pnas.2532992123,Zhitao Hu,,"Neurotransmitter release at the
                    Caenorhabditis elegans
                    neuromuscular junction is governed by a dual Ca
                    2+
                    sensor system composed of SNT-1 and SNT-3, which function analogously to the Ca
                    2+
                    sensor systems found in certain mammalian neurons, such as synaptotagmin-1 and -7 (Syt1/Syt7) in the hippocampus. In this study, we investigated how SNT-1 and SNT-3 mediate fast and slow neurotransmitter release through their potential interactions with the SNARE complex and their polybasic motifs. AlphaFold 3 models of SNT-1–SNARE and SNT-3–SNARE complexes predicted a C2B–SNARE arrangement consistent with the canonical Syt1–SNARE primary interface [Zhou
                    et al.
                    ,
                    Nature
                    525
                    , 62–67 (2015)] and precisely identified conserved binding residues within the C2B domains, as well as in SNAP-25 and Syntaxin, highlighting the evolutionary conservation of this interaction. Electrophysiological analyses using targeted mutagenesis demonstrated that both SNT-1 and SNT-3 require C2B–SNARE interactions and polybasic motifs within their C2 domains to drive evoked fast and slow neurotransmitter release. Notably, SNT-1 and SNT-3 exhibited differential dependence on distinct regions of the C2B–SNARE interface and their respective polybasic motifs, suggesting that Ca
                    2+
                    -triggered fast and slow release operate via distinct mechanistic strategies. Furthermore, we found that SNT-1 mediates spontaneous neurotransmitter release through multiple pathways, involving not only the primary C2B–SNARE interface but also additional putative SNARE-binding interactions. Together, our findings uncover both conserved and divergent mechanisms for synaptic exocytosis regulated by the dual Ca
                    2+
                    sensors in
                    C. elegans
                    .",crossref
"Conformity to popular, not average, opinions: Models, data, and evolution",https://www.pnas.org/doi/abs/10.1073/pnas.2530712123?mi=eymic2&af=R&access=on&content=articlesChapters&publication=pnas&sortBy=Earliest&target=default,,Proceedings of the National Academy of Sciences: Keyword search for query,2026-06-18 07:00:00+00:00,10.1073/pnas.2530712123,Jonathan F. Johannemann,,"In assessing how individuals in a network estimate a quantity, it is often assumed that they take an average or weighted average of the estimates of others they observe, as in the French–DeGroot learning model. However, individuals may actually copy clusters of similar opinions among their peers, a process that we call conformity. For example, if ten individuals estimate a quantity to be 0 and ten individuals guess 100, then although the average estimate is 50, one may conform by choosing either 0 or 100. Here, we a) extend a recent model of conformity to include both personal beliefs and social information, b) evaluate this model and two models of French–DeGroot averaging on human decision-making data, and c) simulate evolutionary dynamics of each model under different kinds of population structure, including static and adaptive networks. Under many of the conditions we analyze, the conformity model provides a significantly better fit to the data than either of the French–DeGroot models. In addition, evolutionary simulations reveal considerable differences among the models; for example, compared to the French–DeGroot models, the conformity model can produce faster shifts in populations toward “extreme” opinions—where individuals’ estimates of a quantity are either very large or very small—and can reduce individuals’ average estimation accuracy. These findings have implications for research on consensus formation, polarization, and wisdom of crowds.",crossref
Koopman mode decomposition of thermodynamic dissipation in nonlinear Langevin dynamics,https://www.pnas.org/doi/abs/10.1073/pnas.2530617123?mi=eymic2&af=R&access=on&content=articlesChapters&publication=pnas&sortBy=Earliest&target=default,,Proceedings of the National Academy of Sciences: Keyword search for query,2026-06-18 07:00:00+00:00,10.1073/pnas.2530617123,Masafumi Oizumi,,"Nonlinear oscillations are commonly observed in complex systems far from equilibrium, such as living organisms. These oscillations are essential for sustaining vital processes, like neuronal firing, circadian rhythms, and heartbeats. In such systems, thermodynamic dissipation is necessary to maintain oscillations against noise. However, due to their nonlinear dynamics, it has been challenging to determine how the characteristics of oscillations, such as frequency, amplitude, and coherent patterns across elements, influence dissipation. To resolve this issue, we employ Koopman mode decomposition, which recasts nonlinear dynamics as a linear evolution in a function space. This linearization allows the dynamics to be decomposed into temporal oscillatory modes coherent across elements, with the Koopman eigenvalues determining their frequencies. Using this method, we decompose thermodynamic dissipation caused by nonconservative forces into contributions from oscillatory modes in overdamped nonlinear Langevin dynamics. We show that the dissipation from each mode is proportional to its frequency squared and its intensity, providing an interpretable, mode-by-mode picture. In the noisy FitzHugh–Nagumo model, we demonstrate the effectiveness of this framework in quantifying the impact of oscillatory modes on dissipation during nonlinear phenomena like coherent resonance and bifurcation. For instance, our analysis of coherent resonance reveals that the greatest dissipation at the optimal noise intensity is supported by a broad spectrum of frequencies, whereas at nonoptimal noise levels, dissipation is dominated by specific frequency modes. Our work offers a general approach to connecting oscillations to dissipation in noisy environments and improves our understanding of diverse oscillation phenomena from a nonequilibrium thermodynamic perspective.",crossref
Mycoelectronics: Bioprinted living fungal bioelectronics for artificial sensation,https://www.pnas.org/doi/abs/10.1073/pnas.2530456123?mi=eymic2&af=R&access=on&content=articlesChapters&publication=pnas&sortBy=Earliest&target=default,,Proceedings of the National Academy of Sciences: Keyword search for query,2026-06-18 07:00:00+00:00,10.1073/pnas.2530456123,Jinxing Li,,"The intelligence of the human biological system is enabled by the highly distributed sensing receptors on soft skin that can distinguish various stimulations or environmental cues, thus establishing the fundamental logic of sensing and physiological regulation or response. To replicate biological perception, biohybrid systems integrating living organisms with electronics have been developed to sense environmental cues. However, current eukaryote-based biohybrids face slow growth, strict culture needs, and short lifespans, limiting real-world use. Here, we introduce fungi-based printable “
                    Mycoelectronics
                    ” which are created by additive bioprinting of living fungal mycelium networks onto stretchable electronics, as a practical living thermoresponsive sensory platform. This mycoelectronics approach leverages fung‘s capabilities for rapid biological responsiveness, cultivability with exponential growth, stability and self-healing in ambient conditions, bioprintability for scalable manufacturing, and mechanical flexibility for seamless integration with soft electronics. We show that the thermal responsiveness of the fungal network arises from intrinsic cellular processes—specifically, heat-induced vacuole remodeling and fusion, which modulate ionic transport and thus the electrical conductivity of the mycelial cells and networks, enabling a rapid response. By bridging the gap between cell biology and soft electronics, the mycoelectronics device, with a living mycelial network, functions as a thermal sensation system with rapid response and intrinsic self-healing properties, autonomously restoring sensing capabilities after damage and establishing sensing pathways in hard-to-reach locations. Application demonstrations in environmental and agricultural monitoring and wearable sensing systems for humans and robots highlight the versatility of this living fungal sensor platform, suggesting promising opportunities in healthcare and the environment.",crossref
Decoupling of global metabolic flux and proteome partitioning in bacteria,https://www.science.org/doi/abs/10.1126/science.aeb6410?af=R,,AAAS: Science: Table of Contents,2026-06-18 07:00:00+00:00,10.1126/science.aeb6410,Suckjoon Jun,,"Bacteria regulate homeostatic growth by adjusting proteome composition. In
                    Escherichia coli
                    , this coordination is mediated by guanosine tetraphosphate and pentaphosphate, collectively termed (p)ppGpp, which couple amino acid supply with ribsosome production. We identified a distinct architecture in
                    Bacillus subtilis
                    , in which guanosine triphosphate (GTP), not (p)ppGpp, controls proteome allocation. Translational inhibition resulted in GTP depletion and suppressed amino acid biosynthesis through feedback inhibition without altering ribosome abundance, establishing a regulated decoupling between total amino acid flux and proteome composition, with flux deviating from proteome-based predictions. By artificially adjusting GTP concentrations, we recoupled flux and proteome, restoring growth to maximal amounts. The regulated suboptimality enables a trade-off to balance growth and stress resilience. Similar GTP-based strategies were present in other Firmicute species, indicating possible evolutionary conservation. Proteome composition and metabolic flux have distinct regulatory layers in some bacteria.",crossref
"Binomial prolate spheroidal functions, Pascal matrices, and arithmetic of elliptic curves",https://www.pnas.org/doi/abs/10.1073/pnas.2529171123?mi=eymic2&af=R&access=on&content=articlesChapters&publication=pnas&sortBy=Earliest&target=default,,Proceedings of the National Academy of Sciences: Keyword search for query,2026-06-18 07:00:00+00:00,10.1073/pnas.2529171123,W. Riley Casper,,"The
                    
                      
                        
                          (
                          N
                          +
                          1
                          )
                          ×
                          (
                          N
                          +
                          1
                          )
                        
                      
                    
                    symmetric Pascal matrix
                    
                      
                        
                          T
                          N
                        
                      
                    
                    is a generalized discrete time and band-limiting operator for the binomial transform and its eigenvectors are generalized discrete prolate spheroidal wave functions which we call binomial prolates. Their generating functions are also generalized prolate spheroidal functions in the sense that they are simultaneously eigenfunctions of a third-order differential operator and an integral operator over the line
                    
                      
                        
                          {
                          z
                          ∈
                          C
                          :
                           
                          Re
                          (
                          z
                          )
                          =
                          1
                          /
                          2
                          }
                        
                      
                    
                    . For even, positive integers
                    N
                    , we obtain an explicit formula for the generating function of an eigenvector of the symmetric Pascal matrix with eigenvalue 1. When
                    
                      
                        
                          N
                          =
                          p
                          −
                          1
                        
                      
                    
                    for an odd prime
                    p
                    , we show that the generating function is equivalent modulo
                    p
                    to
                    
                      
                        
                          
                            (
                            #
                            
                              E
                              z
                            
                            
                              (
                              
                                F
                                p
                              
                              )
                            
                            −
                            1
                            )
                          
                          2
                        
                      
                    
                    , where
                    
                      
                        
                          #
                          
                            E
                            z
                          
                          
                            (
                            
                              F
                              p
                            
                            )
                          
                        
                      
                    
                    is the number of points on the Legendre elliptic curve
                    
                      
                        
                          
                            y
                            2
                          
                          =
                          x
                          
                            (
                            x
                            −
                            1
                            )
                          
                          
                            (
                            x
                            −
                            z
                            )
                          
                        
                      
                    
                    over the finite field
                    
                      
                        
                          F
                          p
                        
                      
                    
                    . Furthermore when
                    
                      
                        
                          N
                          =
                          
                            p
                            n
                          
                          −
                          1
                        
                      
                    
                    , our generating function is the square of a period of
                    
                      
                        
                          E
                          z
                        
                      
                    
                    modulo
                    
                      
                        
                          p
                          n
                        
                      
                    
                    in the open
                    p
                    -adic unit disk.",crossref
Photoexcitation induces translocation of a common fluorescent pH and proton-transfer probe confined in reverse micelles,https://www.pnas.org/doi/abs/10.1073/pnas.2518988123?mi=eymic2&af=R&access=on&content=articlesChapters&publication=pnas&sortBy=Earliest&target=default,,Proceedings of the National Academy of Sciences: Keyword search for query,2026-06-18 07:00:00+00:00,10.1073/pnas.2518988123,Nancy E. Levinger,,"The photoacid 8-hydroxypyrene-1,3,6-trisulfonate (HPTS) is one of the most widely used fluorescent probes for studying proton transfer and local pH in systems from advanced materials to plants, environmental sensors to medicine. HPTS exists as two different species: the acid and its conjugate base, which lead to unique protonation-state-dependent translocation of the molecule when it is nanoconfined within anionic AOT reverse micelles. Using steady-state and time-resolved optical spectroscopy, molecular simulations, and IR solvation shell spectroscopy, we report that the protonated HPTS species associates strongly with the micelle interface via hydrogen bonding. In contrast, its deprotonated species resides in the micelle’s aqueous interior. Our results show that photoexcitation of the acid species and its subsequent deprotonation leads the conjugate base to rapidly move away from the interface into the water pool. This light-induced translocation, an effect observed for a range of micelle sizes, challenges the prevailing view where molecular probes are assumed to be static reporters of their environments, remaining in a fixed location for the duration of an experiment. This is especially relevant for interpreting results in the numerous studies enlisting optical spectroscopy of HPTS to report on complex systems. Our findings reveal the potential for molecular probes as dynamic explorers capable of mapping environmental heterogeneity on the timescale of the very processes they are designed to measure.",crossref
Managing the pitfalls of private money,https://www.science.org/doi/abs/10.1126/science.aei6193?af=R,,AAAS: Science: Table of Contents,2026-06-18 07:00:00+00:00,10.1126/science.aei6193,Naomi Oreskes,,,
Endothelial KLF4 depletion drives age-related neurovascular dysfunction and neuropsychiatric impairment,https://www.pnas.org/doi/abs/10.1073/pnas.2426990123?mi=eymic2&af=R&access=on&content=articlesChapters&publication=pnas&sortBy=Earliest&target=default,,Proceedings of the National Academy of Sciences: Keyword search for query,2026-06-18 07:00:00+00:00,10.1073/pnas.2426990123,Andrew A. Pieper,,"Deterioration of the blood–brain barrier (BBB), including impaired neurovascular uncoupling, contributes to cognitive decline in aging. The BBB is formed principally by brain microvascular endothelial cells (ECs), and ECs throughout the body are enriched for the transcription factor Krüppel-like factor 4 (KLF4). Because KLF4 levels in ECs decrease with age, we tested whether that decline contributes to aging-related BBB deterioration, neurovascular dysfunction, and cognitive impairment. Using EC-specific
                    Klf4
                    knockout mice (EC-K4KO), we show that loss of EC KLF4 accelerates multiple age-related brain pathologies. Indeed, middle-aged EC-K4KO mice display pathological features that are not normally observed until advanced age, including marked BBB leakage, impaired neurovascular coupling, loss of microvessels, increased oxidative damage, neuroinflammation, neurodegeneration, anxiety-like behavior, and cognitive deficits. Single-cell RNA sequencing of brain vasculature reveals dysregulation of immune response and barrier-related genes in ECs lacking KLF4, indicating that KLF4 maintains brain endothelial homeostasis by constraining proinflammatory and senescence programs at the chromatin level. Together, these results identify loss of EC KLF4 as a key driver of neurovascular decline and age-associated cognitive dysfunction.",crossref
CD4+ T cells impair tumor growth through IL-3 and TNF-dependent vascular damage,https://www.science.org/doi/abs/10.1126/science.ads7910?af=R,,AAAS: Science: Table of Contents,2026-06-18 07:00:00+00:00,10.1126/science.ads7910,Rémy Bosselut,,"Most cancer immunotherapy strategies are focused on direct tumor killing by immune cells, especially T lymphocytes. Clinical and conceptual limitations of these approaches create a need for additional strategies. We identified a tumor stroma–targeting mechanism in which tumor antigen–specific CD4
                    +
                    T cells inhibit tumor growth through myeloid cell and tumor necrosis factor (TNF)–dependent vascular damage. Multiplex immunofluorescence and single-cell and tissue transcriptomics showed that CD4
                    +
                    T cells trigger the formation of perivascular myeloid cell clusters containing “classically activated” macrophages that produce TNF in response to T cell–derived interleukin-3. TNF causes intratumoral endothelial damage and blood supply disruption, which are associated with localized tumor cell death. Thus, intratumoral antigen-triggered T cell activation can mediate antitumor effects without direct recognition of living tumor cells, thereby avoiding many of the inhibitory mechanisms that limit anti-tumor immunity.",crossref
Persistent selection on size explains micro- and macroevolutionary alignments in fly wings,https://www.pnas.org/doi/abs/10.1073/pnas.2612940123?mi=eymic2&af=R&access=on&content=articlesChapters&publication=pnas&sortBy=Earliest&target=default,,Proceedings of the National Academy of Sciences: Keyword search for query,2026-06-18 07:00:00+00:00,10.1073/pnas.2612940123,Haoran Cai,,"The alignment among mutational variance (
                    M
                    ), standing genetic variance (
                    G
                    ), and macroevolutionary divergence (
                    R
                    ) in
                    Drosophila
                    wing shape poses a rate paradox under a simple constraint hypothesis: Evolution follows mutational lines of least resistance, yet proceeds orders of magnitude slower than the abundant genetic variation would permit. This is difficult to reconcile with a simple constraint view in which long-term evolution merely tracks the amount of available variation in each direction. Previous explanations invoke deleterious pleiotropy on unmeasured traits or correlational selection on trait combinations, but recent empirical work finds little evidence of fitness costs beyond flight performance. Here, by reanalyzing published data, I show that wing size shows the hallmark of the primary selection target: Among all wing traits, size exhibits the lowest ratio of standing genetic to mutational variance, indicating the strongest selective depletion. Based on this empirical observation, I develop a single-axis selection model in which natural selection targets only a single trait while all other traits evolve as correlated byproducts via within-module pleiotropy. This minimal model reproduces both the observed
                    M
                    –
                    G
                    –
                    R
                    alignment and slower-than-neutral divergence rates, explaining micro- and macroevolutionary patterns in fly wings without invoking complex adaptive landscapes.",crossref
Lamprey 3D single-cell transcriptomics reveals ancestral and specialized features of the vertebrate brain,https://www.science.org/doi/abs/10.1126/science.aea2535?af=R,,AAAS: Science: Table of Contents,2026-06-18 07:00:00+00:00,10.1126/science.aea2535,Bing Su,,"The lamprey occupies a pivotal position for elucidating vertebrate brain evolution. Using spatial transcriptomics and single-nucleus RNA sequencing, we generated a three-dimensional molecular atlas of the lamprey brain, identifying 209 distinct cell clusters across 14 regions. Cross-species comparisons revealed broad conservation of regional spatial architecture, defining an ancestral organizational blueprint. Within this conserved framework, however, marked lineage-specific divergence emerged. We observed extensive neuronal specialization across vertebrate lineages, accompanied by regulatory shifts associated with spatial reorganization and functional diversification of neuronal populations. Additionally, our results suggest that a cerebellum-like architecture predates the jawed vertebrate cerebellum. Together, these findings identified constraints on neural organization and detected cellular innovations driving evolutionary diversification.",crossref
Age and early life adversity shape heterogeneity of the epigenome across tissues in macaques,https://www.science.org/doi/abs/10.1126/science.aea4922?af=R,,AAAS: Science: Table of Contents,2026-06-18 07:00:00+00:00,10.1126/science.aea4922,Noah Snyder-Mackler,,"Age and early life adversity (ELA) are key determinants of health, but whether they affect similar physiological mechanisms across tissues is unknown. We generated DNA methylation (DNAm) profiles across 14 tissues in 237 semi–free-ranging rhesus macaques with naturally occurring ELA. Age-associated DNAm was predominantly tissue dependent, yet tissue-specific epigenetic clocks showed that epigenetic aging was relatively consistent within individuals. ELA effects were adversity dependent, but each ELA exerted coordinated effects across tissues. Although ELA targeted many of the same loci as age, the directions of effects differed, which indicates that ELA does not uniformly increase epigenetic age. Instead, ELA leaves a coordinated, cross-tissue epigenetic signature that is distinct from—yet intertwined with—age-related differences, which advances our understanding of how early environments sculpt the molecular foundations of aging and disease.",crossref
Induction of broadly neutralizing HIV antibodies by a two-step mechanism informs vaccine design,https://www.science.org/doi/abs/10.1126/science.aec6396?af=R,,AAAS: Science: Table of Contents,2026-06-18 07:00:00+00:00,10.1126/science.aec6396,George M. Shaw,,"A major obstacle confronting HIV-1 vaccine and cure research is the lack of an outbred animal model for rapid and consistent induction of broadly neutralizing antibodies (bNAbs). We designed an epitope-focused simian-human immunodeficiency virus (SHIV.5MUT) that elicited broad and potent V3-glycan–targeted antibodies within a year of infection in 14 of 22 macaques compared with 0 of 14 control animals. SHIV.5MUT elicited bNAbs by a two-step mechanism, inducing an initial wave of V1-directed antibodies that selected for envelope (Env) glycoprotein variants with shortened, hypoglycosylated V1 loops, which in turn primed V3-glycan bNAb precursors. Rhesus bNAbs were immunogenetically and structurally diverse, closely resembling human V3-glycan bNAbs. Env-bNAb coevolution revealed a diverse repertoire of bNAb precursors and the Env variants that matured them, yielding a molecular blueprint for vaccine design.",crossref
Targeting the DNA methylation–H3K27me3 switch reverses castration resistance and immunosuppression via ADAMTS1-driven collagenolysis,https://www.pnas.org/doi/abs/10.1073/pnas.2525431123?mi=eymic2&af=R&access=on&content=articlesChapters&publication=pnas&sortBy=Earliest&target=default,,Proceedings of the National Academy of Sciences: Keyword search for query,2026-06-18 07:00:00+00:00,10.1073/pnas.2525431123,Zhuangzhuang Zhang,,"Castration-resistant prostate cancer (CRPC) lethality arises from epigenetic-driven resistance to androgen deprivation therapy (ADT). Here, we uncover a compensatory epigenetic switch between DNA methylation and H3K27me3-mediated repression as a critical barrier to epigenetic therapy in CRPC. Integrative multiomics analyses reveal that DNMT inhibitors (DNMTis) trigger EZH2-dependent H3K27me3 accumulation at the ADAMTS1 locus—a master collagenase essential for extracellular matrix (ECM) remodeling—perpetuating fibrotic niche formation and therapy resistance. Dual targeting of DNMTs and EZH2 disrupts this epigenetic plasticity, synergistically reactivating ADAMTS1 to degrade collagen-rich stroma, suppress FAK/MAPK mechanotransduction signaling, and reverse epithelial–mesenchymal transition (EMT). Crucially, in immunocompetent models, this strategy achieves &gt;90% tumor suppression and reverses immunosuppression by enhancing cytotoxic CD8
                    +
                    T cell infiltration 11.4-fold while depleting immunosuppressive macrophages and Tregs. Mechanistically, dual therapy inactivates the FAK/MAPK/EMT axis via ADAMTS1-mediated ECM degradation, overcoming stromal-mediated resistance. Our work establishes epigenetic-ECM coevolution as a hallmark of CRPC and provides a rationally designed combination therapy to dismantle the therapy-resistant niche.",crossref
Maternal trans-vaccenic acid shapes neonatal T cell development and early-life immune imprinting,https://www.science.org/doi/abs/10.1126/science.aea4041?af=R,,AAAS: Science: Table of Contents,2026-06-18 07:00:00+00:00,10.1126/science.aea4041,Jing Chen,,"How maternal nutrition influences neonatal immune development and imprinting through breastfeeding remains largely unclear. We report that maternal supplementation with trans-vaccenic acid (TVA), the predominant naturally occurring trans-fatty acid in human breast milk, promoted neonatal T cell development in mice. Neonates fed by mothers on a TVA-enriched diet showed an expanded naïve cluster of differentiation 4 (CD4
                    +
                    ) T cell population and enhanced adaptive immunity against infection. TVA reprogrammed neonatal naïve CD4
                    +
                    T cells through a G protein–coupled receptor–CCCTC-binding factor axis and promoted T helper cells (Th1)–skewing by cooperating with the transcription factor TBX21. Early-life exposure to maternal TVA via breastfeeding supported long-lasting antiviral immunity in adulthood. Our findings establish the multifaceted benefits of maternal nutrition and breastfeeding via TVA in promoting infant immune homeostasis and protective immunity.",crossref
Allopatric coevolution: Migratory predators may facilitate mimicry between geographically nonoverlapping species,https://www.pnas.org/doi/abs/10.1073/pnas.2527304123?mi=eymic2&af=R&access=on&content=articlesChapters&publication=pnas&sortBy=Earliest&target=default,,Proceedings of the National Academy of Sciences: Keyword search for query,2026-06-18 07:00:00+00:00,10.1073/pnas.2527304123,Oren Kolodny,,"A natural assumption in evolutionary biology is that to coevolve, species must interact with each other and should therefore co-occur. However, many evolutionary dynamics may be mediated by migratory or vector-borne agents, raising the possibility of coevolutionary interactions between allopatric species. In mimicry theory, a recurring assumption is that all species participating in a mimicry system must be sympatric, because predators must encounter both model and mimic/co-mimic to confuse between them. While it has been suggested that mimicry may occur between allopatric species through the mediation of migratory predators, this possibility has remained largely unexplored, theoretically and empirically. To explore this question, we used computer simulations that model the population dynamics of two populations of unprofitable aposematic prey connected by migratory predators. Each population in the simulation is affected by both local predators, which do not migrate and are therefore not directly affected by the foreign signal, and by migratory predators, which are affected by the signals in both populations. Our results demonstrate that migratory predators may drive the evolution of mimicry between allopatric species in a wide range of ecological scenarios, and that this phenomenon may be constrained by selective pressure from local predators. Furthermore, we suggest that migratory agents may facilitate not only mimicry, but a wide range of hitherto unappreciated coevolutionary interactions between allopatric species. In light of this perspective, we identify and discuss potential case studies of mimicry and other forms of coevolution occurring between allopatric species, including host-pathogen and herbivore-plant arms races.",crossref
Video games help push the boundaries of AI,https://www.pnas.org/doi/abs/10.1073/pnas.2618819123?mi=eymic2&af=R&access=on&content=articlesChapters&publication=pnas&sortBy=Earliest&target=default,,Proceedings of the National Academy of Sciences: Keyword search for query,2026-06-18 07:00:00+00:00,10.1073/pnas.2618819123,Stephen Ornes,,,
Main‐Chain Ion‐Pair Polybenzimidazole Membranes Enabling Reduced‐Temperature HT‐PEMFC Operation (Down to 120°C) (Adv. Energy Mater. 23/2026),https://advanced.onlinelibrary.wiley.com/doi/10.1002/aenm.70998?af=R,,Wiley: Advanced Energy Materials: Table of Contents,2026-06-18 08:52:58+00:00,10.1002/aenm.70998,Brian C. Benicewicz,,,
Standard Model Baryon Number Violation at Zero Temperature from Higgs Bubble Collisions,http://link.aps.org/doi/10.1103/fv7q-vsbn,,Recent Articles in Phys. Rev. Lett.,2026-06-18 10:00:00+00:00,10.1103/fv7q-vsbn,Géraldine Servant,,"Author(s): Nabeen Bhusal, Simone Blasi, Martina Cataldi, Aleksandr Chatrchyan, Marco Gorghetto, and Géraldine ServantWe compute for the first time baryon number violation at zero temperature from Higgs bubble collisions and find that it can be of the same order as that from thermal sphalerons in the symmetric phase at electroweak temperatures. We study the dependence of the rate of Chern-Simons number transitions …[Phys. Rev. Lett. 136, 241803] Published Thu Jun 18, 2026",rss_description
Spinodal instability in nuclear matter with light cluster degrees of freedom,http://link.aps.org/doi/10.1103/7548-pwbt,,Recent Articles in Phys. Rev. C,2026-06-18 10:00:00+00:00,10.1103/7548-pwbt,Maria Colonna,,"Author(s): Stefano Burrello, Carmelo Piazza, Rui Wang, and Maria ColonnaWe investigate the thermodynamical stability of low-density isospin-symmetric nuclear matter at finite temperature, explicitly including light clusters as degrees of freedom. Within a generalized mean-field framework, we compute the curvature matrix of the free-energy density and determine the spino…[Phys. Rev. C 113, 064617] Published Thu Jun 18, 2026",rss_description
Wavelet analysis of monopole strength in highly deformed $^{24}\mathrm{Mg}$,http://link.aps.org/doi/10.1103/29j9-j57p,,Recent Articles in Phys. Rev. C,2026-06-18 10:00:00+00:00,10.1103/29j9-j57p,I. T. Usman,,"Author(s): A. Bahini, V. O. Nesterenko, P. von Neumann-Cosel, P.-G. Reinhard, J. Carter, N. A. Ashurko, R. Neveling, A. Repko, and I. T. UsmanBackground: Experimental data on $α$-particle inelastic scattering for monopole excitations in $^{24}\mathrm{Mg}$ in the excitation-energy region ${E}_{\mathrm{x}}=9–25$ MeV, obtained at the iThemba Laboratory for Accelerator Based Sciences (iThemba LABS), have been analyzed within a fully self-cons…[Phys. Rev. C 113, 064313] Published Thu Jun 18, 2026",rss_description
Periodic Fracture of Active Tissues,http://link.aps.org/doi/10.1103/hw7t-kf32,,Recent Articles in Phys. Rev. Lett.,2026-06-18 10:00:00+00:00,10.1103/hw7t-kf32,Bo Li,,"Author(s): Yue Qian, Yue Li, and Bo LiFracture typically signifies mechanical failure in engineering materials, whereas controlled cracking may actively sculpt tissues through precise biological regulation. Here, we establish a multiscale nonlinear peridynamic theory that accounts for cellular mechanosensing to decipher the spontaneous …[Phys. Rev. Lett. 136, 248402] Published Thu Jun 18, 2026",rss_description
Quantum Mechanics Based on Real Numbers: A Consistent Description,http://link.aps.org/doi/10.1103/4k13-sdjh,,Recent Articles in Phys. Rev. Lett.,2026-06-18 10:00:00+00:00,10.1103/4k13-sdjh,Dagmar Bruß,,"Author(s): Pedro Barrios Hita, Anton Trushechkin, Hermann Kampermann, Michael Epping, and Dagmar BrußBy exploiting a physically motivated principle, rather than a mathematical postulate, researchers offer a new perspective on how a real-valued quantum theory can be constructed.[Phys. Rev. Lett. 136, 240202] Published Thu Jun 18, 2026",rss_description
Nonstabilizerness and Error Resilience in Noisy Quantum Circuits,http://link.aps.org/doi/10.1103/cbjz-x45n,,Recent Articles in Phys. Rev. Lett.,2026-06-18 10:00:00+00:00,10.1103/cbjz-x45n,José Antonio Marín Guzmán,,"Author(s): Fabian Ballar Trigueros and José Antonio Marín GuzmánWe investigate how noise impacts nonstabilizerness—a key resource for quantum advantage—in many-body qubit systems. While noise typically degrades quantum resources, we show that amplitude damping, a nonunital channel, can generate or enhance nonstabilizerness, whereas depolarizing noise provably ca…[Phys. Rev. Lett. 136, 240602] Published Thu Jun 18, 2026",rss_description
Quantum State Preparation without Coherent Arithmetic,http://link.aps.org/doi/10.1103/ntvs-c48s,,Recent Articles in Phys. Rev. Lett.,2026-06-18 10:00:00+00:00,10.1103/ntvs-c48s,Mario Berta,,"Author(s): Sam McArdle, András Gilyén, and Mario BertaWe introduce a versatile method for preparing a quantum state whose amplitudes are given by some known function. Unlike existing approaches, our method does not require handcrafted reversible arithmetic circuits, or quantum table reads, to encode the function values. Instead, we use a template quant…[Phys. Rev. Lett. 136, 240603] Published Thu Jun 18, 2026",rss_description
Quantum Semiconductor Heterostructures for meV Axion Dark Matter Detection,http://link.aps.org/doi/10.1103/y7jl-gj2k,,Recent Articles in Phys. Rev. Lett.,2026-06-18 10:00:00+00:00,10.1103/y7jl-gj2k,Shengxi Huang,,"Author(s): Jaanita Mehrani, Tao Xu, Andrey Baydin, Michael J. Manfra, Henry O. Everitt, Andrew J. Long, Kuver Sinha, Junichiro Kono, and Shengxi HuangWe propose a novel strategy and a new class of detectors for the direct detection of axion dark matter in the meV mass range, based on resonantly enhanced axion-photon conversion through the inverse Primakoff effect in engineered radiometers composed of quantum semiconductor heterostructures. Semico…[Phys. Rev. Lett. 136, 241001] Published Thu Jun 18, 2026",rss_description
First Observation of Deuteron-$\mathrm{Λ}$ Correlations at RHIC,http://link.aps.org/doi/10.1103/3m26-5y83,,Recent Articles in Phys. Rev. Lett.,2026-06-18 10:00:00+00:00,10.1103/3m26-5y83,B. E. Aboona (STAR Collaboration),,"Author(s): B. E. Aboona et al. (STAR Collaboration)Precise experimental information on hyperon-nucleon interactions is scarce but of paramount importance to our understanding of the inner structure of compact stars. In this Letter, we report the first experimental results of correlation functions between deuterons ($d$) and $\mathrm{Λ}$ hyperons in …[Phys. Rev. Lett. 136, 242303] Published Thu Jun 18, 2026",rss_description
Equilibrium Statistical Mechanics of Waves in Inhomogeneous Moving Media,http://link.aps.org/doi/10.1103/qf5l-xnln,,Recent Articles in Phys. Rev. Lett.,2026-06-18 10:00:00+00:00,10.1103/qf5l-xnln,Basile Gallet,,"Author(s): Alexandre Tlili and Basile GalletWe adapt the microcanonical framework of equilibrium statistical mechanics to predict the statistics of short linear waves in inhomogeneous moving media. For steady inhomogeneities and background flow, we compute the wave spectrum at any location in the domain based on an ergodic prescription for th…[Phys. Rev. Lett. 136, 244001] Published Thu Jun 18, 2026",rss_description
Observation of Spin-Singlet Butterfly Rydberg Molecules in an Ultracold Atomic Rb Gas,http://link.aps.org/doi/10.1103/q5r1-whjr,,Recent Articles in Phys. Rev. Lett.,2026-06-18 10:00:00+00:00,10.1103/q5r1-whjr,Herwig Ott,,"Author(s): Markus Exner, Rohan Srikumar, Richard Blättner, Peter Schmelcher, H. R. Sadeghpour, Matthew T. Eiles, and Herwig OttWe report the observation of spin-singlet ultralong-range Rydberg butterfly molecules consisting of a ground-state atom bound to a Rydberg atom by $P$-wave scattering of $^{87}\mathrm{Rb}$ Rydberg electrons from $^{87}\mathrm{Rb}(5\text{ }\text{ }\mathrm{s})$ atoms. A three-photon excitation scheme …[Phys. Rev. Lett. 136, 243002] Published Thu Jun 18, 2026",rss_description
Generalized Gross-Pitaevskii Equation for 2D Bosons with Attractive Interactions,http://link.aps.org/doi/10.1103/2831-t3jk,,Recent Articles in Phys. Rev. Lett.,2026-06-18 10:00:00+00:00,10.1103/2831-t3jk,Artem G. Volosniev,,"Author(s): Michał Suchorowski, Fabian Brauneis, Hans-Werner Hammer, Michał Tomza, and Artem G. VolosnievWe introduce a generalized Gross-Pitaevskii equation that provides a nonlinear framework for studying 2D attractive Bose systems. Its defining feature is the logarithmic density dependence of the coupling constant, which breaks the scale invariance inherent in the standard mean-field equations. This…[Phys. Rev. Lett. 136, 243402] Published Thu Jun 18, 2026",rss_description
Dynamical Spreading and Memory Retention of Particle Suspensions under Power Law Potential,http://link.aps.org/doi/10.1103/v1nk-pfzj,,Recent Articles in Phys. Rev. Lett.,2026-06-18 10:00:00+00:00,10.1103/v1nk-pfzj,Naomi Oppenheimer,,"Author(s): Ido Fanto, Yuval Rosenblum, Ori Harel, Matan Yah Ben Zion, and Naomi OppenheimerWe study the overdamped dynamic spreading of a suspension of particles under a repulsive power law potential. We predict that the suspension spreads in a self-similar form, with its radius growing in time with a power independent of the dimension. We confirm this prediction experimentally using magn…[Phys. Rev. Lett. 136, 248202] Published Thu Jun 18, 2026",rss_description
Mean First Passage Times of Higher-Dimensional Velocity Jump Processes,http://link.aps.org/doi/10.1103/9hhg-2ddm,,Recent Articles in Phys. Rev. Lett.,2026-06-18 10:00:00+00:00,10.1103/9hhg-2ddm,Thomas Hillen,,"Author(s): Maria R. D’Orsogna, Alan E. Lindsay, and Thomas HillenFirst passage phenomena arise across physics, biology, and finance when stochastic processes first reach a threshold, triggering downstream events. Examples include the irreversible exit from a domain, a biochemical reaction, and a financial selloff. While typical formulations involve diffusive moti…[Phys. Rev. Lett. 136, 247102] Published Thu Jun 18, 2026",rss_description
Universal Two-Excitation Scattering in Two-Dimensional Subwavelength Atomic Arrays,http://link.aps.org/doi/10.1103/2mvc-8tc4,,Recent Articles in Phys. Rev. Lett.,2026-06-18 10:00:00+00:00,10.1103/2mvc-8tc4,Susanne F. Yelin,,"Author(s): Yidan Wang (王艺丹), Oriol Rubies-Bigorda, Valentin Walther, and Susanne F. YelinSubwavelength atomic arrays are a leading platform for engineering strong light-matter interactions, presenting exciting opportunities for quantum science. However, a full understanding of their multiexcitation dynamics remains a significant challenge. In this Letter, we uncover a remarkable univers…[Phys. Rev. Lett. 136, 243603] Published Thu Jun 18, 2026",rss_description
Engineering Correlated Dirac Fermions and Flat Bands on SiC with Transition-Metal Adatom Lattices,http://link.aps.org/doi/10.1103/yh3v-pwz9,,Recent Articles in Phys. Rev. Lett.,2026-06-18 10:00:00+00:00,10.1103/yh3v-pwz9,Philipp Hansmann,,"Author(s): Henri Menke, Niklas Enderlein, Roland Gillen, Yi-Ting Tseng, Michel Bockstedte, Janina Maultzsch, Giorgio Sangiovanni, and Philipp HansmannWe propose three transition-metal adatom systems on SiC surfaces as a versatile platform to realize massless Dirac fermions and flat bands with strong electronic correlations. Using density functional theory combined with the constrained random phase approximation and dynamical mean-field theory, we…[Phys. Rev. Lett. 136, 246503] Published Thu Jun 18, 2026",rss_description
Superconducting Berry Curvature Dipole,http://link.aps.org/doi/10.1103/gbcm-l2qd,,Recent Articles in Phys. Rev. Lett.,2026-06-18 10:00:00+00:00,10.1103/gbcm-l2qd,Justin C. W. Song,,"Author(s): Oles Matsyshyn, Giovanni Vignale, and Justin C. W. SongSuperconductivity and Bloch band Berry curvature responses represent two distinct paradigms of quantum coherent phenomena. The former relies on the collective motion of Cooper pairs while the latter proceeds from the momentum-space winding of Bloch wave functions. Here, we reveal a superconducting B…[Phys. Rev. Lett. 136, 246902] Published Thu Jun 18, 2026",rss_description
Expression of Concern on nine articles by H. C. Manjunatha and coauthors due to integrity concerns,http://link.aps.org/doi/10.1103/ps4m-5qnb,,Recent Articles in Phys. Rev. C,2026-06-18 10:00:00+00:00,10.1103/ps4m-5qnb,Joseph I. Kapusta,,"Author(s): Joseph I. Kapusta[Phys. Rev. C 113, 069901] Published Thu Jun 18, 2026",rss_description
Short-distance production of three particles with large scattering length,http://link.aps.org/doi/10.1103/lnzm-jzqt,,Recent Articles in Phys. Rev. C,2026-06-18 10:00:00+00:00,10.1103/lnzm-jzqt,D. T. Son,,"Author(s): T. G. Backert, S. Dietz, H.-W. Hammer, S. König, and D. T. SonThe short-distance production of multiparticle states in high-energy nuclear reactions provides a unique way to study the low-energy properties of few-body systems. In particular, the production amplitude of multineutron systems is strongly constrained by an approximate conformal symmetry of the und…[Phys. Rev. C 113, 064001] Published Thu Jun 18, 2026",rss_description
Spectroscopy of $^{4}\mathrm{He}$ at 0.25 ppt Uncertainty and Improved Alpha-Helion Charge-Radius Difference Determination,http://link.aps.org/doi/10.1103/rwg9-my6x,,Recent Articles in Phys. Rev. Lett.,2026-06-18 10:00:00+00:00,10.1103/rwg9-my6x,K. S. E. Eikema,,"Author(s): K. Steinebach, J. C. J. Koelemeij, H. L. Bethlem, and K. S. E. EikemaImproved measurements of an electronic transition in helium-4 atoms constrain the size difference between helium-4 and helium-3 nuclei.[Phys. Rev. Lett. 136, 243001] Published Thu Jun 18, 2026",rss_description
Momentum-Resolved X-Ray Thomson Scattering Benchmark of Electronic-Response Models in Warm Dense Aluminium,http://link.aps.org/doi/10.1103/86cw-8wm5,,Recent Articles in Phys. Rev. Lett.,2026-06-18 10:00:00+00:00,10.1103/86cw-8wm5,Dmitrii S. Bespalov,,"Author(s): Dmitrii S. Bespalov et al.The robust diagnosis of conditions generated in warm dense matter experiments remains a persistent challenge. Here, we describe the measurement of shock-compressed aluminium at 50 GPa with angle-resolved femtosecond x-ray Thomson scattering (XRTS) over a wide range of scattering wave vectors at the …[Phys. Rev. Lett. 136, 245102] Published Thu Jun 18, 2026",rss_description
Design of Experiments Guided Identification of Coupled Component Interactions in Cu Gas Diffusion Electrodes for Electrochemical CO2 Reduction to Multi‐Carbon Products,https://advanced.onlinelibrary.wiley.com/doi/10.1002/aenm.71201?af=R,,Wiley: Advanced Energy Materials: Table of Contents,2026-06-18 10:19:51+00:00,10.1002/aenm.71201,Thomas F. Jaramillo,,"ABSTRACT
                  
                    A Design of Experiments (DoE) approach is used in the design and development of gas diffusion electrodes (GDEs) for electrochemical CO
                    2
                    reduction (CO
                    2
                    R). Rational GDE design remains challenging due to the presence of multiple components and their complex effects on performance. Here, five electrode components, Cu, carbon, polytetrafluoroethylene, Nafion, and Sustainion, are evaluated for electrochemical CO
                    2
                    R using the DoE approach by evaluating 17 distinct single‐active‐layer (SAL)‐GDEs. Experimental results are analyzed using a definitive screen design (DSD) framework to identify component‐performance relationships, including first‐ and second‐order effects. Nafion is found to strongly affect overall product distribution, while carbon is most influential for improving C
                    2
                    H
                    4
                    selectivity. The DSD models are validated with experiments, enabling formulation predictions beyond the original design space. Following model predictions, increasing carbon loading was experimentally shown to improve C
                    2
                    H
                    4
                    selectivity, achieving a peak faradaic efficiency of 36.1%. The improvement is rationalized by structural characterization, which reveals that increased carbon loading leads to electrode porosity and Cu dispersion favorable for CO
                    2
                    transport and interfacial surface area. This work demonstrates the strength of statistical methods for rationally designing complex, multi‐component GDE architectures and understanding interacting component effects, highlighting potential impact across a wide range of electrochemical conversion systems.",crossref
Amide Monomer‐Mediated Solubilization Strategy Enables Nonflammable Deep Eutectic Gel Polymer Electrolytes for High‐Temperature‐Stable Lithium Metal Batteries,https://advanced.onlinelibrary.wiley.com/doi/10.1002/adma.73748?af=R,,Wiley: Advanced Materials: Table of Contents,2026-06-18 13:30:41+00:00,10.1002/adma.73748,Shaojun Guo,,"ABSTRACT
                  
                    Deep eutectic gel polymer electrolytes (DEGPEs), combining intrinsic non‐flammability with outstanding thermal stability, are attractive candidates for next‐generation lithium metal batteries (LMBs). However, their practical deployment in high‐energy‐density LMBs has been fundamentally constrained by poor interfacial stability with the lithium metal anode and limited tolerance toward the high‐voltage cathode. We report a new amide‐monomer‐mediated DEGPE that achieves comprehensive performance via a LiNO
                    3
                    solubilization strategy. The N‐methylacrylamide (NME) units in the poly(N‐methylacrylamide) (PNME) framework enhance LiNO
                    3
                    solubility through hydrogen bonding and Li
                    +
                    coordination, forming a stable inorganic‐rich interphase. Concurrently, it immobilizes free N‐methyltrifluoroacetamide (NMTFA) via hydrogen bonds, suppressing transition‐metal dissolution and preventing electrolyte leakage. The amide monomer‐mediated DEGPE‐based NCM811||Li cells achieve 80.1% capacity retention after 500 cycles with an average Coulombic efficiency of 99.67%, a performance that surpasses state‐of‐the‐art (deep eutectic electrolyte) DEE‐based systems. More impressively, LCO||Li cells retain 89.6% capacity after 300 cycles even at an elevated temperature of 80°C, far exceeding the thermal stability limits of conventional electrolytes and underscoring its remarkable interfacial stability under extreme operational conditions. This work establishes a molecularly engineered solvation and interfacial regulation strategy for DEGPEs, providing both fundamental insight and a practical pathway toward safe, high‐energy, and high‐temperature‐tolerant LMBs.",crossref
Stabilizing Dual‐Band Redox Process via Bidirectional Regulation Term in High‐Voltage Sodium Layered Oxide Cathodes,https://onlinelibrary.wiley.com/doi/10.1002/anie.4480770?af=R,,Wiley: Angewandte Chemie International Edition: Table of Contents,2026-06-18 17:01:07+00:00,10.1002/anie.4480770,Zhongwei Chen,,"ABSTRACT
                  
                    Manganese‐based layered oxides represent a promising cathode candidate for sodium‐ion batteries due to their natural abundance and high theoretical capacity. However, their practical application remains challenged by structure phase transitions and unstable redox behavior. Herein, we proposed a high entropy‐induced electronegativity strategy to stabilize dual‐band redox by tuning the balance between d‐d Coulomb interaction energy and the charge transfeduer term, which can enhance the covalency of metal‐oxygen bonds, weaken electronic localization at oxygen sites, and stabilize the oxidized lattice oxygen. Such a strategy further increases configurational entropy and structural tolerance, promoting a robust solid‐solution reaction mechanism across a wide voltage window. The obtained cathode exhibits a reversible capacity of 192.87 mAh g
                    −1
                    and outstanding capacity retention of 95.98%, which offers a generalizable strategy to decrease the irreversible oxygen oxidation at high voltage and opens new avenues for next‐generation high‐energy‐density sodium‐ion batteries.",crossref
Bromide‐Mediated Low‐Energy RuIV═O Pathway of Stable Water Oxidation,https://onlinelibrary.wiley.com/doi/10.1002/anie.2026858?af=R,,Wiley: Angewandte Chemie International Edition: Table of Contents,2026-06-18 17:04:12+00:00,10.1002/anie.2026858,Degao Wang,,"ABSTRACT
                  
                    Mimicking natural photosynthesis to split water into oxygen and hydrogen represents a promising pathway for transitioning from fossil fuels to a sustainable energy future. It is extremely challenging to duplicate the efficient and elegant oxygen evolution complex of photosynthesis II of oxidizing water to O
                    2
                    being regarded as the bottleneck of water splitting. Cutting‐edge artificial molecular water oxidation catalysts (WOCs) with low overpotentials are highly desirable for efficient water oxidation. Here we report the design of a molecular water oxidation catalyst (WOC)
                    RuN5
                    (Ru(N5)(pic)
                    2
                    ; N5 = 4‐tert‐butyl‐2,6‐di(1′,8′‐naphthyrid‐2′‐yl)pyridine, pic = 4‐picoline). Following electrochemical activation and bromide mediation,
                    RuN5
                    achieves a high turnover frequency of 2604 s
                    −1
                    with a low overpotential of 363 mV at pH 7. The catalyst is highly stable, maintaining a steady current density of 1.8 mA cm
                    −2
                    over 200 h. Mechanistic studies reveal that activation and bromide mediation facilitate O–O bond formation via a ligand‐oxidized
                    
                      [Ru
                      IV
                    
                    ═
                    
                      O]
                      2+
                    
                    intermediate through a low energy pathway, distinct from the classical
                    
                      [Ru
                      V
                      (O)]
                      3+
                    
                    route. This work opens a new avenue for developing efficient molecular WOCs and advancing artificial photosynthesis.",crossref
Targeted Near‐Infrared Photoacoustic Probes for Dual‐Channel Cartilage and Bone Imaging,https://onlinelibrary.wiley.com/doi/10.1002/anie.9645599?af=R,,Wiley: Angewandte Chemie International Edition: Table of Contents,2026-06-18 17:05:17+00:00,10.1002/anie.9645599,Jesse V. Jokerst,,"ABSTRACT
                  Simultaneous imaging of cartilage and bone with molecular specificity remains a significant unmet need in orthopedic research and intraoperative guidance. Here, we report the development of two tissue‐targeted near‐infrared photoacoustic probes (Cart‐670 for cartilage and Osteo‐750 for bone) that enable dual‐channel visualization of these adjacent tissues within a single imaging session. The probes were designed through a modular strategy: A systematic screen of NIR‐absorbing non‐fluorescent dyes identified QSY21 as the optimal photoacoustic scaffold (limit of detection: 0.5 µM in PBS; signal‐to‐noise ratio ≥ 3), which was then functionalized with a cationic cartilage‐targeting motif to yield Cart‐670. In parallel, Osteo‐750 was synthesized by conjugating a bisphosphonate moiety to Alexa Fluor 750 for bone targeting. Both probes exhibit strong NIR absorption, low detection limits (Cart‐670: 1 µM; Osteo‐750: 2–3 µM in PBS), and selective ex vivo tissue accumulation: Cart‐670 shows preferential retention in cartilage over bone, while Osteo‐750 produces ∼200× higher photoacoustic signal on bone relative to cartilage. Spectral unmixing at 680 and 750 nm enables artifact‐free two‐color imaging without cross talk, demonstrating the feasibility of multiplexed photoacoustic visualization of the cartilage‐bone interface.",crossref
Electrothermal Oxidation of Ethylene Glycol Over Co3O4,https://onlinelibrary.wiley.com/doi/10.1002/anie.1818551?af=R,,Wiley: Angewandte Chemie International Edition: Table of Contents,2026-06-18 17:08:16+00:00,10.1002/anie.1818551,Wolfgang Schuhmann,,"ABSTRACT
                  
                    Purely electrocatalytic routes for the selective oxidation of alcohols are often limited by overpotential, mass transport, and kinetics due to multiple proton‐coupled electron‐transfer steps. We report the electrothermal oxidation of ethylene glycol (EG) over cobalt oxide (Co
                    3
                    O
                    4
                    ) spinel acting simultaneously as an electrocatalyst and a solid thermocatalyst by integrating enhanced temperature and 15 bar O
                    2
                    pressure in alkaline electrolyte at controlled current density. Enhanced EG oxidation was observed with increasing temperature from 30°C to 90°C. Glycolate and formate were the main products, while oxalate was only detected in long‐term experiments at lower current densities. Selectivity shifted from formate at low temperature, caused by electrochemical C–C cleavage, to rapid glycolate desorption at increased thermal conditions. The virtual Faradaic efficiencies (vFEs), which are the sum of all charge stored in the reaction products, reached 180% at 90°C, confirming that thermal oxidation by O
                    2
                    at high pressure contributes to an additional oxidative electron transfer at the solid‐electrolyte interface beyond the applied electrochemical potential. These findings demonstrate that superimposing thermal and electrochemical driving forces boosts performance and enables control over reaction pathways. The approach establishes a conceptual and practical framework toward synergy between electro‐ and thermocatalytic heterogeneous alcohol oxidation toward sustainable chemical transformations.",crossref
"Recent Advances in Cholesteric Liquid Crystal Elastomers: Fabrication, Functionalization, and Applications",https://onlinelibrary.wiley.com/doi/10.1002/anie.4653597?af=R,,Wiley: Angewandte Chemie International Edition: Table of Contents,2026-06-18 17:09:56+00:00,10.1002/anie.4653597,Wei Feng,,"ABSTRACT
                  Cholesteric liquid crystal elastomers (CLCEs) are a vibrant subset of photonic materials exhibiting extraordinarily mechanochromic properties that make them an ideal platform for the development of displays, sensing, anti‐counterfeiting, and camouflage technologies. In recent years, researchers have increasingly extended the structure and morphology of CLCEs to uncover their fascinating functionalities and promising applications. In this review, the historical development of CLCEs is retrospect, recent advances in the preparation methods are highlighted, and the well‐ordered CLCEs with extended functionality are introduced. Within this scope, we highlight the unique advantages of CLCEs and present recent progress in expanding their structural, morphological, and functional versatility. We conclude with an outlook on current challenges and near‐term application opportunities.",crossref
Secondary Site Ligand for Integrin αVβ3 Enables Targeted mRNA Delivery,https://onlinelibrary.wiley.com/doi/10.1002/anie.1554405?af=R,,Wiley: Angewandte Chemie International Edition: Table of Contents,2026-06-18 17:10:59+00:00,10.1002/anie.1554405,Christoph Rademacher,,"ABSTRACT
                  
                    Poor perfusion and abnormal vasculature constrain direct drug delivery to solid tumors. Hence, targeting neighboring tumor endothelial cells via the upregulated marker integrin
                    α
                    V
                    β
                    3 is a promising strategy. Orthosteric arginine–glycine–aspartate (RGD) ligands of
                    α
                    V
                    β
                    3 achieve high affinities but suffer from cross‐reactivity. Alternatively, selective targeting of
                    α
                    V
                    β
                    3 could potentially be achieved via low‐affinity ligands, displayed multivalently on nanoparticles to leverage avidity. To avoid orthosteric site competition, we performed a fragment screening under RGD saturation. Structure–activity relationship (SAR) analysis of the initial hit revealed its binding motif, a 4‐methylpyrimidine‐2‐amine core and a conjugation‐tolerant position for linker attachment. Multivalent display of the lead compound on liposomes and lipid nanoparticles (LNPs) led to time‐, dose‐, and valency‐dependent uptake in
                    α
                    V
                    β
                    3‐expressing model cells and in primary human umbilical vein endothelial cells (pHUVECs). In contrast to RGD‐decorated NPs, fragment‐targeted NPs show superselective behavior (
                    α
                    κ
                    ≈3), that is, a sharp valency‐dependent threshold, enabling selective targeting of cells overexpressing
                    α
                    V
                    β
                    3. Crucially, mRNA delivered by targeted LNPs translated into functional protein expression six‐fold over control. To our knowledge, these findings present the first non‐orthosteric, exogenous small‐molecule ligands for
                    α
                    V
                    β
                    3 and outline their application as a multivalent, superselective delivery platform.",crossref
Decoupling X‐Ray Absorption and Emission: Ionic TADF Scintillators With Heavy‐Atom‐Functionalized Organic Anions,https://onlinelibrary.wiley.com/doi/10.1002/anie.3693605?af=R,,Wiley: Angewandte Chemie International Edition: Table of Contents,2026-06-18 17:12:01+00:00,10.1002/anie.3693605,Can‐Zhong Lu,,"ABSTRACT
                  Organic scintillators hold great promise for x‐ray imaging due to their solution processability and low cost, yet their practical application is fundamentally limited by weak x‐ray absorption and inefficient exciton utilization. Here, we overcome these limitations through a functional‐separation design that yields exceptional radioluminescence in a purely organic system. We have developed ionic phosphonium scintillators integrating thermally activated delayed fluorescence (TADF) cations with heavy‐atom‐containing organic anions. In this architecture, the organic anions act as sensitizing antennas for x‐ray photons, while the TADF cations independently govern the emission process. Upon x‐ray excitation, energy is unidirectionally transferred from the heavy anions to the luminophores, followed by efficient triplet harvesting via TADF—delivering materials that achieve photoluminescence quantum yields of up to 81%. Leveraging this molecular design, a highly doped (60 wt%) transparent screen based on the brominated compound achieves a remarkable spatial resolution of 97.8 lp/mm. The imaging screen enables clear visualization of fine structures, such as the internal wiring in electronic chips and a 400‐mesh copper grid. By decoupling x‐ray absorption from emission, our work establishes a new paradigm for designing solution‐processable organic scintillators with high radioluminescence performance, offering a promising pathway toward advanced x‐ray imaging applications.",crossref
Multi‐Stimuli‐Responsive Mechanoluminescent Manganese Halide Toward External‐Light‐Free Photochemistry,https://onlinelibrary.wiley.com/doi/10.1002/anie.4311658?af=R,,Wiley: Angewandte Chemie International Edition: Table of Contents,2026-06-18 17:14:02+00:00,10.1002/anie.4311658,Bo Zou,,"ABSTRACT
                  
                    Solvent‐free mechanochemical photosynthesis offers significant advantages in enhancing reaction efficiency and minimizing environmental impact. However, the inherent opacity of conventional reactors greatly impedes their integration with photochemical pathways within the “dark box.” In this regard, we synthesized a mechanoluminescent (ML) manganese halide (ETP)
                    2
                    MnBr
                    4
                    (ETP = ethyltriphenylphosphonium) to trigger the sulfonylation reaction, achieving a series of alkenyl and allyl sulfones with 65%–85% yields, all without solvents and external light sources. Piezoresponse force microscope measurements and pressure‐dependent dipole moment analysis indicate that mechanical stress enhances local piezoelectric response and thus leads to the intriguing mechanoluminescence. Furthermore, this ML (ETP)
                    2
                    MnBr
                    4
                    exhibits multi‐stimuli‐responses with considerable piezochromism of redshift by 174 nm and an abnormal anti‐thermal emission quenching. The increased crystal field strength associated with the decreased Mn–Br bond length leads to the stark piezochromism from green to red under high pressure. This study provides a promising ML manganese halide that enables potential applications in sustainable photochemistry, sensing and anti‐counterfeiting.",crossref
"Asymmetric Deoxygenative Difunctionalization of 1,2‐Dicarbonyl Compounds Enabled by Phosphinite and Chiral Salen‐Molybdenum Catalyst Synergy",https://onlinelibrary.wiley.com/doi/10.1002/anie.2472486?af=R,,Wiley: Angewandte Chemie International Edition: Table of Contents,2026-06-18 17:16:59+00:00,10.1002/anie.2472486,Chun‐Xiang Zhuo,,"ABSTRACT
                  The 2‐aryl benzofuran‐3‐ones serve as pivotal scaffolds in natural products and bioactive molecules, yet their synthesis and subsequent asymmetric functionalization are hindered by multi‐step protocols and the lability of their derivatives lacking electron‐rich substituents on the aromatic ring of benzofuran‐3‐one core. Herein, we report a phosphinite‐mediated, Mo‐catalyzed intermolecular asymmetric deoxygenative coupling reaction between 1,2‐dicarbonyl compounds and 3‐(methoxymethyl)indoles, thus providing a series of chiral 2‐aryl benzofuran‐3‐ones with a chiral quaternary carbon center with generally good yields and enantioselectivities. Mechanistic studies reveal that phosphinite and the Mo‐complex synergistically promote the in situ generation of key intermediates, while the formally tetravalent mononuclear Mo‐complex serves as the key species governing the enantioselectivity of the reaction. This work expands the application of chiral salen‐Mo catalysts in asymmetric catalysis, offering an efficient route to valuable chiral benzofuranone derivatives.",crossref
Carrier‐Dynamics‐Regulated BiOI/Au/TiO2 Z‐Scheme Photoanode for Selective Glycerol Photoelectrooxidation and Mass‐Transfer‐Enhanced Continuous‐Flow Operation,https://onlinelibrary.wiley.com/doi/10.1002/anie.5402705?af=R,,Wiley: Angewandte Chemie International Edition: Table of Contents,2026-06-18 17:17:49+00:00,10.1002/anie.5402705,Yiming Liu,,"ABSTRACT
                  
                    Selective conversion of biomass‐derived glycerol into high‐value chemicals is challenged by poor selectivity and mass‐transfer limitations. Here, a BiOI/Au/TiO
                    2
                    photoanode is developed, where plasmonic Au mediators facilitate a transition from Type‐II to Z‐scheme charge transfer. This heterojunction preserves strongly oxidative holes on the TiO
                    2
                    surface, as confirmed by femtosecond transient absorption spectroscopy and spatially resolved MnO
                    x
                    photodeposition. In situ characterizations and density functional theory (DFT) reveal that this hole‐rich interface strengthens specific primary hydroxyl (pri‐OH) adsorption, lowering the rate‐determining dehydrogenation barrier to ∼0.6 eV. It also promotes rapid glyceraldehyde (GLAD) desorption, suppressing over‐oxidation. In a static H‐cell, the photoanode achieves 87% GLAD selectivity with a glycerol conversion rate of 341.25 mmol·m
                    −2
                    ·h
                    −1
                    . To overcome diffusion limitations, computational fluid dynamics (CFD) simulations were employed to design a continuous‐flow reactor for the 100 cm
                    2
                    large‐area photoanode. The flow system prevents product accumulation, boosting GLAD selectivity from 48% (H‐cell) to 77% for the large‐area electrode, with enhanced glycerol conversion (60.34%) and stable 120 h operation. This work provides a laboratory scale‐up by integrating nanoscale reprogramming with macroscale reactor engineering.",crossref
Ketal Protection of Glycerol for Selective Electrosynthesis of Glyceric Acid in Highly Alkaline Media,https://onlinelibrary.wiley.com/doi/10.1002/anie.5555743?af=R,,Wiley: Angewandte Chemie International Edition: Table of Contents,2026-06-18 17:19:34+00:00,10.1002/anie.5555743,Xiaowen Yu,,"ABSTRACT
                  
                    Electrocatalytic glycerol oxidation represents a sustainable route for glycerol valorization, yet high selectivity toward glyceric acid (GLA) remains challenging on non‐noble‐metal catalysts due to competing C─C bond cleavage and complex oxidation pathways. Herein, we introduce solketal, a ketal‐protected glycerol derivative, to steer reaction selectivity. Its rigid five‐membered ketal structure selectively exposes the primary hydroxyl group while shielding vicinal diols, thereby enforcing site‐selective oxidation and suppressing C–C scission. Using a non‐noble Cu
                    3
                    Mo
                    2
                    O
                    9
                    catalyst in 6.0 M KOH with 0.2 M solketal, the system achieves a record‐high GLA selectivity of 90.1% with a production rate of 675.45 µmol cm
                    −2
                    h
                    −1
                    at 1.40 V versus RHE, reaching ∼95% substrate conversion within 5 h and maintaining stable operation over 100 h. Mechanistic investigations reveal that highly alkaline conditions promote solketal deprotonation to reactive alkoxide species, weaken the C
                    α
                    ─H bond to accelerate dehydrogenation kinetics, and mitigate local interfacial acidification, thus stabilizing the ketal‐protected intermediate and suppressing side reactions. Furthermore, practical feasibility is demonstrated through integrated upstream solketal synthesis (90% yield, 99% purity) and downstream GLA isolation (99% purity). This work establishes a substrate‐protection strategy for steering reaction pathways, offering new insights into the selective conversion of biomass‐derived polyols into value‐added oxygenates.",crossref
Strain Engineering via W–O–Ru Interfacial Coupling to Suppress Lattice Oxygen Activation for Stable Acidic Water Electrolysis,https://onlinelibrary.wiley.com/doi/10.1002/anie.7876559?af=R,,Wiley: Angewandte Chemie International Edition: Table of Contents,2026-06-18 17:22:03+00:00,10.1002/anie.7876559,Xueliang Sun,,"ABSTRACT
                  
                    Developing highly active and durable acidic oxygen evolution reaction (OER) electrocatalysts remains a central challenge for proton‐exchange membrane water electrolysis (PEMWE). Here, we combine theory‐guided design, atomic‐layer engineering, and
                    operando
                    spectroscopy to create a structurally robust, mechanistically tuned Ru‐based catalyst. Density functional theory reveals that depositing W
                    1
                    O
                    3
                    onto RuO
                    2
                    maximizes Ru and O vacancy formation energies, outperforming other tested transition metals. Guided by this, we employ atomic layer deposition to construct atomically coupled W–O–Ru interfacial units on RuO
                    2
                    (W–O–RuO
                    2
                    ), generating a tensile‐stressed surface while preserving the rutile core. Comprehensive in situ spectroscopy and mass spectrometry demonstrate that this architecture effectively suppresses lattice–oxygen activation, shifting the reaction from a lattice–oxygen mechanism to a more reversible adsorbate evolution mechanism.
                    Operando
                    x‐ray absorption spectroscopy confirms the dynamic stability of the W–O–Ru interface during OER, which evolves into a resilient, mildly compressive (1%) state without degrading. Consequently, W–O–RuO
                    2
                    demands a mere 168 mV overpotential at 10 mA cm
                    −
                    2
                    and sustains 1 A cm
                    −
                    2
                    in a PEMWE device for 1000 h with an ultra‐low degradation rate of 63.3 µV/h. This work establishes interfacial unit engineering as a generalizable blueprint for designing exceptionally stable acidic OER catalysts.",crossref
Eutectic Urea Phosphate Suppresses Phase Segregation in Wide‐Bandgap Photovoltaic Perovskites,https://onlinelibrary.wiley.com/doi/10.1002/anie.2535666?af=R,,Wiley: Angewandte Chemie International Edition: Table of Contents,2026-06-18 17:24:10+00:00,10.1002/anie.2535666,Zhao‐Kui Wang,,"ABSTRACT
                  Compositional segregation resulting from non‐uniform crystallization remains a critical bottleneck limiting the performance of wide‐bandgap (WBG) mixed‐halide perovskite photovoltaics. Herein, we report a halide‐specific coordination strategy by employing a eutectic molecule to stop the phase segregation in WBG perovskites. Owing to the differential affinity of stronger for bromine‐based octahedra than iodine‐based ones, the urea phosphate molecule acts as a molecular pacemaker synchronizing the crystallization of disparate perovskite phases. This strategy successfully eliminates vertical and lateral phase segregation within the films, leading to a substantial reduction in non‐radiative recombination and charge transport losses. Consequently, the champion perovskite photovoltaic devices present a power conversion efficiency (PCE) of 22.27% under AM 1.5G illumination and a promising indoor PCE of 42.64% under 1000 lux. The finding offers a robust paradigm to fabricate high‐quality WBG photovoltaic perovskites for indoor energy harvesting in the Internet of Things.",crossref
Strong Modulation of Electronic States in IrO2 by Interstitial Carbon for Highly Active Acidic Water Oxidation,https://onlinelibrary.wiley.com/doi/10.1002/anie.4793272?af=R,,Wiley: Angewandte Chemie International Edition: Table of Contents,2026-06-18 17:24:16+00:00,10.1002/anie.4793272,Ruibin Jiang,,"ABSTRACT
                  
                    IrO
                    2
                    as the most stable electrocatalyst for acidic oxygen evolution reaction (OER) suffers from its low activity and the limited abundance in earth crust. Doping is one of promising strategies to enhance the OER activity and stability of IrO
                    2
                    . Herein, an interstitial carbon‐doped IrO
                    2
                    (C
                    in
                    ‐IrO
                    2
                    ) catalyst is prepared for acidic OER. The C
                    
                      in
                    
                    ‐IrO
                    2
                    shows an OER overpotential of 227 mV at 10 mA cm
                    −2
                    , a mass activity of 565.1 A g
                    Ir
                    −1
                    at 1.53 V, and a 2000‐h stability with a degradation rate of 0.04 mV h
                    −1
                    . The enhanced OER activity and stability originate from the formation of C─Ir bonds in the C
                    
                      in
                    
                    ‐IrO
                    2
                    , which results in a prominent down‐shift of Ir
                    d
                    ‐band center and the up‐shift of O
                    p
                    ‐band center. Such variations of electronic states not only optimize the adsorption of OER intermediates but also increases the covalence of Ir─O bond. The C
                    
                      in
                    
                    ‐IrO
                    2
                    also enables an intra‐surface hydrogen abstraction from *OOH to produce *OO, which also enhances the OER activity. The C
                    
                      in
                    
                    ‐IrO
                    2
                    ‐based proton exchange membrane (PEM) water electrolyzer delivers a ultrasmall cell voltages of 1.51 V at 1 A cm
                    −2
                    and 1.96 V at 3 A cm
                    −2
                    . Our findings demonstrate a new method for enhancing the acidic OER performance of IrO
                    2
                    .",crossref
Interfacial Ru–C Coupling Harnesses Photoexcited Hot Electrons to Sustain Oxygen Cycling in Photothermal Methane Dry Reforming,https://onlinelibrary.wiley.com/doi/10.1002/anie.3158178?af=R,,Wiley: Angewandte Chemie International Edition: Table of Contents,2026-06-18 17:25:10+00:00,10.1002/anie.3158178,Lingzhi Wang,,"ABSTRACT
                  
                    Methane dry reforming (DRM) remains challenged by the difficulty of simultaneously achieving high activity and long‐term stability under moderate‐temperature operation. Here we report sub‐2 nm Ru clusters anchored on chemically stable multi‐walled carbon nanotubes (Ru/MWCNTs) as a non‐oxide photothermal platform for efficient and durable DRM below 600 °C. Strong Ru–C π–d coupling delocalizes interfacial electrons and stabilizes metallic Ru, enabling broadband generation and interfacial utilization of photoexcited hot electrons under illumination. The resulting interface selectively activates CO
                    2
                    to generate highly labile Ru–O* species and sustains a fast, fully reversible Ru
                    0
                    /Ru–O cycle without relying on lattice oxygen from an oxygen‐carrier support. Rapid interfacial oxygen turnover promotes an oxygen‐assisted CH
                    3
                    O* pathway, delivering a turnover frequency of 25 s
                    −1
                    . Consequently, Ru/MWCNTs achieves CO and H
                    2
                    formation rates of 632 and 526 mol g
                    Ru
                    −1
                    h
                    −1
                    , respectively, a light‐to‐fuel efficiency of 25.4%, stable operation for 120 h, and robust activity across a wide CH
                    4
                    /CO
                    2
                    feed‐ratio window (0.43–2.33). Isothermal monochromatic irradiation together with operando, electronic, and kinetic analyses identify Ru–C interfacial coupling, rather than metallicity alone, as the key origin of the photothermal enhancement.",crossref
Pulsed Charging‐Induced Interfacial Stabilization Enables Highly Stable Iron Phosphate Electrode for Ultrafast Electrochemical Lithium Extraction,https://onlinelibrary.wiley.com/doi/10.1002/anie.1780372?af=R,,Wiley: Angewandte Chemie International Edition: Table of Contents,2026-06-18 17:27:40+00:00,10.1002/anie.1780372,Libo Deng,,"ABSTRACT
                  
                    Amid the soaring global demand for lithium, electrochemical lithium extraction using iron phosphate (FePO
                    4
                    ) electrodes is promising, yet its practical application in salt lake brines is severely constrained by high Mg
                    2+
                    /Li
                    +
                    ratios. Herein, we unravel the intrinsic degradation mechanism by demonstrating that Mg
                    2+
                    intercalation weakens the Fe─O bonds in FePO
                    4
                    , triggering Fe
                    2+
                    dissolution, and inducing the formation of Fe
                    2
                    O
                    3
                    surface species that deteriorate electrode performance. To tackle this critical challenge, we propose a novel pulsed charging protocol where reverse potentials not only efficiently flush out surface‐intercalated Mg
                    2+
                    but also enrich Cl
                    −
                    on the electrode surface, thereby modulating the electronic structure and lowering the Mg
                    2+
                    deintercalation barrier. The FePO
                    4
                    ||Ag cell integrated with this protocol exhibits superior Li
                    +
                    extraction kinetics (∼20 mg g
                    −1
                     h
                    −1
                    ), high LiCl product purity (99.95%), and exceptional cycling stability (800 h operation with ∼80% performance retention) in real salt lake brines. This work establishes a theoretical basis for electrode protection and provides a robust strategy to advance high‐efficiency electrochemical lithium extraction.",crossref
π‐Bridge Modulation in Three‐Motif Covalent Organic Framework for Efficient H2O2 Photosynthesis From Water and Air,https://onlinelibrary.wiley.com/doi/10.1002/anie.4188400?af=R,,Wiley: Angewandte Chemie International Edition: Table of Contents,2026-06-18 17:28:45+00:00,10.1002/anie.4188400,Jianzhuang Jiang,,"ABSTRACT
                  
                    Rational integration of strong photosensitive moieties and multiple active sites into high performance photocatalysts is challenging due to uncontrollable intercrossing charge transfer. Herein, a series of imine‐bonded two‐ and three‐motif covalent organic frameworks, USTB‐65∼USTB‐68, have been studied, which feature triphenylamine unit as electron‐donor (D) together with benzothiadiazole and/or 2,4,6‐triphenyl‐1,3,5‐triazine moieties as electron‐acceptor (A). Introduction of benzene rings as π‐bridge into the D–A–A lattice of three‐motif USTB‐65 affords D–A–π–A USTB‐66, leading to more facile exciton dissociation and efficient step‐wise charge transfer among three motifs as revealed by various photophysical investigations and theoretical calculations. This, in combination with strong light absorption and multiple photocatalytic sites, results in the outstanding activity of USTB‐66 in H
                    2
                    O
                    2
                    photoproduction from water and air, achieving a production rate of 11.2 mmol g
                    ‒1
                     h
                    ‒1
                    , an outstanding apparent quantum yield of 27.3% at 550 nm, and a solar‐to‐chemical conversion efficiency of 2.71%. Under solar concentrator, the H
                    2
                    O
                    2
                    production rate based on USTB‐66 in a flow reactor is further increased to 33.8 mmol g
                    ‒1
                     h
                    ‒1
                    during 24 h irradiation.",crossref
Tailoring the Cu Local Microenvironment to Create Formate Conversion‐Desorption Equilibrium for Industrial Level Formaldehyde Electrooxidation,https://onlinelibrary.wiley.com/doi/10.1002/anie.9923674?af=R,,Wiley: Angewandte Chemie International Edition: Table of Contents,2026-06-18 17:30:35+00:00,10.1002/anie.9923674,Chuan Shi,,"ABSTRACT
                  
                    Copper‐based electrocatalysts exhibit high initial activity for formaldehyde oxidation but suffer rapid deactivation under industrially relevant current densities. While this instability has traditionally been attributed to copper self‐oxidation, the fundamental origin of performance decay remains debated. Here we show that the persistent accumulation of formate intermediates rather than Cu oxidation constitutes the primary deactivation pathway, and that this bottleneck can be overcome by establishing a dynamic conversion‐desorption equilibrium through local electronic microenvironment engineering. We develop an AgCu microsphere catalyst (AgCu‐MSs/CF) with an optimized Ag loading of 4.1 wt.%, which achieves a current density of 1068 mA cm
                    −2
                    at 1.0 V versus RHE and operates stably up to 1.3 V versus RHE, well beyond the thermodynamic oxidation limit of Cu. Combined in situ spectroscopy and density functional theory reveal that Ag incorporation induces electron transfer from Ag to Cu, downshifting the d‐band center of Cu. This electronic modulation weakens formate adsorption, thus preventing active‐site blocking and ensuring the sustained catalytic activity. Leveraging this design principle, a bipolar FOR||HER electrolyzer operates stably for over 312 h. This work establishes that engineering the dynamic equilibrium between intermediate formation and removal offers a generalizable strategy to mitigate poisoning in Cu‐based catalysts for complex oxidation reactions.",crossref
Janus Electronic State Ni Enable High‐Level CO‐Tolerance in Fuel Cells Toward Crude‐Hydrogen Feeds,https://onlinelibrary.wiley.com/doi/10.1002/anie.5545844?af=R,,Wiley: Angewandte Chemie International Edition: Table of Contents,2026-06-18 17:34:03+00:00,10.1002/anie.5545844,Qianwang Chen,,"ABSTRACT
                  
                    Maximizing the utilization efficiency of surface‐active atoms is essential for improving carbon monoxide (CO) tolerance of hydrogen oxidation reaction (HOR) catalysts. However, conventional active‐site regeneration strategies suffer from poor accessibility and low efficiency, hindering effective anion exchange membrane fuel cells (AEMFCs) operation under high‐CO‐concentration conditions. Here, we show a unique YbO
                    
                      x
                    
                    /Ni/C catalyst with Janus heterostructures that can significantly enhance the utilization efficiency of free active atoms by selectively adsorbing CO and promoting their directional elimination. Atomic resolution electron energy‐loss spectroscopy (EELS) analysis reveals that the gradient electronic states in Janus heterostructures are generated between the interfaces of YbO
                    
                      x
                    
                    /Ni and Ni/C. Density functional theory (DFT) calculations and ab initio molecular dynamics (AIMD) simulations further reveal that electron‐rich Ni atoms near the Ni/YbO
                    
                      x
                    
                    interface serves as active sites for efficient removal of CO. In contrast, electron‐deficient Ni atoms situated near the Ni/C interface facilitate the efficient HOR. The AEMFC with this anode catalyst achieves an impressive peak power density (PPD) of 702.0 mW cm
                    −2
                    in H
                    2
                    –O
                    2
                    , maintains a PPD of 304.3 mW cm
                    −2
                    even in 1000 ppm CO/H
                    2
                    ‐CO
                    2
                    ‐free air and continues to operate under harsh conditions with 10000 ppm CO, first showing the possibility to use crude hydrogen in AEMFCs.",crossref
General Electrocatalytic Plastic and Biomass Refining via Synergistic Carbon–Carbon Bond Cleavage Over Oxygen Vacancies and Ni3+–O Octahedral Motifs in Tailored Spinel Nickel Cobalt Oxide,https://onlinelibrary.wiley.com/doi/10.1002/anie.4035800?af=R,,Wiley: Angewandte Chemie International Edition: Table of Contents,2026-06-18 17:36:44+00:00,10.1002/anie.4035800,Ya‐Wen Zhang,,"ABSTRACT
                  
                    Electrooxidation of recyclable carbon resources from plastics and biomass offers a promising route for value‐added conversion via C–C bond cleavage to yield small organic acids. However, developing electrocatalysts with broad substrate applicability is hindered by limited C–C bond cleavage selectivity and sluggish kinetics. Herein, we constructed a NiO
                    x
                    –NiCo
                    2
                    O
                    4
                    ‐U electrocatalyst with substantial oxygen vacancies, in which NiCo
                    2
                    O
                    4
                    tends to adopt an inverse spinel configuration, leading to abundant Ni
                    3+
                    –O octahedra with e
                    g
                    occupancy close to unity. This catalyst facilitates two C–C bond cleavage pathways: *OH mediated processes and in situ generation of active NiOOH during electrooxidation. For the electrooxidation of lactic acid (monomer of polylactic acid) to acetic acid, NiO
                    x
                    ‐NiCo
                    2
                    O
                    4
                    ‐U grown on nickel foam achieves a high Faradaic efficiency of 99.2% at 1.45 V versus RHE and a high yield of 5432 µmol h
                    −1
                    cm
                    −2
                    at 600 mA cm
                    −2
                    , along with excellent stability. Benefiting from the optimized vacancy modulation and Ni–O coordination structure, the NiO
                    x
                    ‐NiCo
                    2
                    O
                    4
                    ‐U exhibits superior C–C bond cleavage capability, enabling the highly selective electrooxidation of at least 10 oxygenated organic molecules, including ethylene glycol, glycerol, and glucose. This work provides a design strategy for versatile electrooxidation catalysts and may support industrial applications integrating waste plastics and biomass derivatives.",crossref
Diastereoselective Synthesis of Axially Chiral Skipped Ene–Allenes Containing a Quaternary Stereocenter by Cyclopropene–Allene Metathesis,https://onlinelibrary.wiley.com/doi/10.1002/anie.6899304?af=R,,Wiley: Angewandte Chemie International Edition: Table of Contents,2026-06-18 17:37:31+00:00,10.1002/anie.6899304,Jian‐Qiang Huang,,"ABSTRACT
                  Functionalized skipped ene–allenes (1,4‐enallenes) bearing an all‑carbon quaternary stereocenter were prepared by a diastereoselective ring‐opening metathesis of mesomeric cyclopropene and allene for the first time. A strategic pairing of a broad range of allenes with cyclopropenes revealed a new way to access high reactivity and chemoselectivity, and delivered products with excellent diastereoselectivity at low Ru catalyst loading. Mechanistic studies delineate the reactivity order of the metathesis partners, identify the key diastereoselectivity‐determining step, and clarify the main factors governing the cross‐/homo‐metathesis ratio and diastereoselectivity. The presence of allenyl–Bpin, –silyl, and –germanyl groups allows highly chemoselective functionalization at the allene over the terminal alkene, demonstrating the synthetic utility of the products as versatile intermediates in organic synthesis",crossref
Programming Dimensional Transitions in DNA Brick Crystals via Interfacial Connectivity,https://onlinelibrary.wiley.com/doi/10.1002/anie.2278382?af=R,,Wiley: Angewandte Chemie International Edition: Table of Contents,2026-06-18 17:39:42+00:00,10.1002/anie.2278382,Xiaoguo Liu,,"ABSTRACT
                  
                    The precise control of assembly dimensionality and macroscopic structural parameters remains a fundamental challenge in molecular self‐assembly. Here, we introduce a programmable strategy to govern the 1D‐to‐2D dimensional transition and structural width of DNA brick crystals by engineering their connecting interfaces. Using the number of interface connecting strands (
                    N
                    x
                    ) as a quantitative design parameter, we discover a sharp dimensional threshold that is preserved across both honeycomb and square lattices. At
                    N
                    x
                     ≤ 8, the assembly is strictly confined to one‐dimensional nanoribbons; whereas at
                    N
                    x
                     ≥ 12, lateral coupling activates extended two‐dimensional arrays whose structural width increases monotonically with
                    N
                    x
                    . Thermal and thermodynamic analyses reveal that this sharp threshold behavior is lattice‐independent and originates from the size‐dependent thermal stability of the laterally connected domains. Our work establishes interfacial connectivity as a predictive handle for the on‐demand engineering of self‐assembled nanostructures with programmable dimensionality and prescribed widths.",crossref
Novel Carborane Based Metal Organic Framework for Record Electronic Specialty Gas C2F6 Purification via Molecular Sieving,https://onlinelibrary.wiley.com/doi/10.1002/anie.7710650?af=R,,Wiley: Angewandte Chemie International Edition: Table of Contents,2026-06-18 17:40:32+00:00,10.1002/anie.7710650,Yuanbin Zhang,,"ABSTRACT
                  
                    The production of high‐purity perfluoroethane (C
                    2
                    F
                    6
                    ), an essential electronic specialty gas, requires the removal of its partially‐fluorinated analog, pentafluoroethane C
                    2
                    F
                    5
                    H. This separation is exceptionally challenging due to their similar physicochemical properties. Herein, we report a novel carborane‐based metal‐organic framework, ZNU‐23 (Ni‐CB‐HPBTA), engineered with a pearl‐chain‐like pore architecture to achieve unprecedented molecular sieving separation. The narrow pore channel and large cavity in ZNU‐23 facilitate the high and fast uptake of C
                    2
                    F
                    5
                    H (65.2 cm
                    3
                    ·g
                    −1
                    at 298 K and 1 bar) while nearly completely excluding C
                    2
                    F
                    6
                    , leading to a record‐high IAST selectivity exceeding 5000 for a C
                    2
                    F
                    5
                    H/C
                    2
                    F
                    6
                    (1/99) mixture. Dynamic breakthrough experiments confirm its excellent separation performance across various mixture ratios, remarkable stability under humid and elevated‐temperature conditions, and superb recyclability. Mechanistic studies via GCMC simulations and DFT calculations attribute this performance to the multi‐site confinement of C
                    2
                    F
                    5
                    H within the pearl‐chain pores and the complete steric exclusion of the larger C
                    2
                    F
                    6
                    molecule. The potential C
                    2
                    F
                    5
                    H binding sites within the framework were further revealed by C
                    2
                    F
                    5
                    H‐loaded single crystal structure of ZNU‐23.",crossref
Phosphine‐Catalyzed Unsymmetric [2 + 2] Annulation of Allenyl Phosphonates for Highly Substituted Cyclobutenes,https://onlinelibrary.wiley.com/doi/10.1002/anie.7982002?af=R,,Wiley: Angewandte Chemie International Edition: Table of Contents,2026-06-18 17:42:04+00:00,10.1002/anie.7982002,Qing‐An Chen,,"ABSTRACT
                  
                    Allenes, as versatile intermediates with unique cumulative double bond systems, have been widely used in cycloaddition reactions for constructing various cyclic skeletons, yet the selective synthesis of cyclobutenes via double allenes [2 + 2] annulation still remains a long‐standing challenge. Herein, we report a phosphine‐catalyzed unsymmetric [2 + 2] annulation of allenyl phosphonates for the efficient construction of highly substituted cyclobutenes. The reaction exhibits broad substrate scope, delivering the target cyclobutenes in moderate to good yields with exceptional
                    Z
                    /
                    E
                    selectivities and diastereoselectivities. Mechanistic studies reveal that the reaction proceeds via phosphine‐induced zwitterion formation and deprotonation of allene. The Lewis acid enables precise control of diastereoselectivity, while silane effectively suppresses allene isomerization to conjugated dienes and prevents catalyst deactivation, thus ensuring reaction efficiency. Furthermore, the synthesized cyclobutene derivatives demonstrate good structural modifiability through diverse transformations. This work enriches the field of phosphine‐catalyzed allene chemistry, fills a gap in allene‐based [2 + 2] cyclization modes, expands the methodological toolbox for cyclobutene synthesis, and provides a versatile platform for accessing complex cyclobutene‐containing molecules.",crossref
Metal–Phenolic Coatings Enable Universal Design of Spherical Nucleic Acids,https://onlinelibrary.wiley.com/doi/10.1002/anie.7693760?af=R,,Wiley: Angewandte Chemie International Edition: Table of Contents,2026-06-18 17:42:07+00:00,10.1002/anie.7693760,Chad A. Mirkin,,"ABSTRACT
                  
                    Spherical nucleic acids (SNAs), structures consisting of a nanoparticle core chemically modified with a dense shell of nucleic acids, are central to the fields of structural nanomedicine and colloidal crystal engineering with DNA. However, the synthetic methods used to prepare them often require different oligonucleotide immobilization chemistries for each type of core. Here, a general strategy to construct SNAs using metal–phenolic (MP) coatings is introduced. The polymeric shell formed through coordination bonds between polyphenols and metal ions (e.g., Fe
                    3+
                    ) can be used to modify the surfaces of a wide variety of particles, spanning a diverse range of sizes, shapes, compositions, and surface charges (e.g., gold spheres and cubes, silica, polystyrene, and melamine resin). Importantly, these shells, regardless of nanoparticle core, can be conjugated to thiolated DNA via Michael addition chemistry. MP‐SNAs retain many of the hallmark properties of conventional SNAs, including enhanced cellular uptake, and serve as versatile building blocks for the programmable assembly of a diverse library of nanoparticles and microparticles into larger and more sophisticated superstructures.",crossref
Formation of Gallium Monofluoride in the Coordination Sphere of Nickel,https://onlinelibrary.wiley.com/doi/10.1002/anie.1189853?af=R,,Wiley: Angewandte Chemie International Edition: Table of Contents,2026-06-18 17:45:18+00:00,10.1002/anie.1189853,Roland A. Fischer,,"ABSTRACT
                  
                    Monovalent gallium halides are intrinsically unstable compounds at room temperature and can only be generated in the gas phase at temperatures of about 1000 °C. Although they are isoelectronic to carbon monoxide, dinitrogen, and the cyanide ion, which are pivotal ligands in coordination chemistry, monovalent gallium halides are largely unexplored as ligands with transition metals. Herein, we report the isolation of a dicationic nickel complex bearing a gallium monofluoride ligand. The +I oxidation state of the gallium centre is supported by NMR‐spectroscopic methods, X‐ray photoelectron spectroscopy, as well as density functional theory calculations. Analysis of the bonding situation between the GaF ligand and the central nickel atom suggests strong σ‐donating, but negligible π‐accepting properties for the supported GaF fragment. The GaF moiety forms as a product of C(sp
                    3
                    )–F bond activation of the weakly coordinating BAr
                    F24
                    (tetrakis[(bis‐3,5‐trifluoromethyl)phenyl]borate) anion and serves as a fluorine source for silicon and carbon electrophiles. This leads to facile defluorination, forming the fluoride‐free complex and fluorinated products such as fluorotrimethylsilane or benzoyl fluoride.",crossref
Bisphosphane‐Stabilized Borylenes: Unlocking Borylene Transfer Reactivities,https://onlinelibrary.wiley.com/doi/10.1002/anie.2903979?af=R,,Wiley: Angewandte Chemie International Edition: Table of Contents,2026-06-18 17:47:46+00:00,10.1002/anie.2903979,Jun Li,,"ABSTRACT
                  
                    The development of borylene‐transfer reactions—a powerful yet underdeveloped strategy for the efficient construction of boron‐containing compounds—has been hindered by the scarcity of reliable reagents. A fundamental challenge lies in balancing the high ambiphilic reactivity required for transfer with the requisite molecular stability. Herein, we report the synthesis of a series of bisphosphane‐stabilized borylenes and disclose their exceptional borylene‐transfer capabilities. The target borylenes (
                    3
                    ) were prepared via facile deprotonation of the corresponding bisphosphane‐coordinated hydroboronium precursors using KHMDS (potassium bis(trimethylsilyl)amide). Notably, borylene
                    3a
                    undergoes formal B─H bond insertion with hydroboranes to yield diborane (6) derivatives. Furthermore,
                    3a
                    facilitates unprecedented borylene transfer to polar π systems, including benzaldehyde and chalcone, providing efficient access to three‐membered oxaboriranes and boriranes. Experimental and computational studies reveal that the labile phosphorus–boron (P–B) coordination is pivotal in maintaining the high borylene‐transfer capability of
                    3a
                    . These preliminary results set the stage for the use of stable hydroboronium compounds as practical borylene‐transfer reagent precursors in synthetic chemistry.",crossref
Geometric Evolution of Perylene‐Based Intermolecular π–π Dimers Toward Static and Dynamic Multicolor Emission,https://onlinelibrary.wiley.com/doi/10.1002/anie.8118945?af=R,,Wiley: Angewandte Chemie International Edition: Table of Contents,2026-06-18 17:49:17+00:00,10.1002/anie.8118945,Bing Yang,,"ABSTRACT
                  Controllably achieving multicolor emission from single‐molecule‐based organic solids is of great significance, yet it remains a challenge because of the inherent complexity of molecular packing motifs. Herein, multicolor emission is governed by tailoring the geometries of π–π dimers. Using perylene (PE) as a planar π‐fluorophore, we strategically design a compound, 3‐(4‐(1,2,2‐triphenylvinyl)phenyl)perylene (pTPE‐PE), which integrates a tetraphenyl ethylene (TPE) substituent with multiple rotatable phenyl rings to modulate the PE‐based π–π dimer formation. On the one hand, pTPE‐PE crystallization produces four polymorphs exhibiting green, yellow, orange, and red emission color, which are static presentations of the dimer model. This static multicolor emission is directly linked to π–π interactions within the dimers: a smaller interplanar distance and a larger overlap ratio between π–π PE units result in more strengthened interactions and more red‐shifted emission. On the other hand, the observed multicolor transitions under pressure (yellow → orange → red) via dimer compression and thermal stimuli (sky‐blue → green → orange) through dimer (dis)assembly provide dynamic presentation of the dimer model. Consequently, polymorphism/piezochromism/thermochromism not only provides direct experimental evidence for exciton modulation from the perspective of the simplest supramolecular dimer model, but also offers insights for designing intelligent optical materials.",crossref
Cation–Anion Redox Co‐Modulation: Unlocking the Potential of All‐Electrochem‐Active Sulfur‐Based Solid‐State Batteries,https://onlinelibrary.wiley.com/doi/10.1002/anie.7135283?af=R,,Wiley: Angewandte Chemie International Edition: Table of Contents,2026-06-18 17:50:41+00:00,10.1002/anie.7135283,Liumin Suo,,"ABSTRACT
                  
                    The capacity utilization of all‐solid‐state sulfur cathodes reveals a significant disparity between material and electrode levels due to the high proportion of inactive components required for electro‐ionic transport. While the all‐electrochem‐active (AEA) electrode concept seeks to bridge this gap, fully realizing the energy‐density potential of sulfur‐based cathodes remains challenging. Here, we report a new strategy for co‐modulating the redox of the transition‐metal cation/sulfur anion to unlock the potential of the sulfur‐based electrode. By carefully adjusting the coordination between S anions and Ti cations, we constructed the AEA electrode with S‐anion (TiS
                    x
                    ,
                    x
                    &gt; 2)/Ti‐cation (amorphous TiS
                    2
                    ) co‐redox, where TiS
                    x
                    activates the redox activity of sulfur‐rich phases with narrower bandgaps through the reversible cleavage and recombination of S–S bonds, thereby enhancing the capacity utilization of anion‐redox in the electrode level, and amorphous TiS
                    2
                    serves as an electrochemically active matrix facilitating mixed ionic‐electronic conduction. This design eliminates inactive components and enables synergistic anion‐cation redox chemistry. Consequently, this designed cathode achieves an unprecedented electrode‐level energy density of 1829 Wh/kg, sustains an areal capacity of 11.6 mAh/cm
                    2
                    , and exhibits long‐term stability over 10 000 h. Device‐level demonstrations validate this synergistic approach as an effective design principle for realizing high‐energy‐density, long‐life all‐solid‐state battery cathodes under practical conditions.",crossref
Metal‐Dependent Kinetic Control in Cationic‐Anionic Synchronous Ring‐Opening Polymerization,https://onlinelibrary.wiley.com/doi/10.1002/anie.5992061?af=R,,Wiley: Angewandte Chemie International Edition: Table of Contents,2026-06-18 17:52:03+00:00,10.1002/anie.5992061,Jianzhong Du,,"ABSTRACT
                  
                    Synchronous polymerization that combines mechanistically orthogonal pathways within a single catalytic system offers an attractive route to well‐defined block copolymers, yet remains challenging because it requires balancing electronically opposing reactions. Here, we systematically investigate how
                    p
                    ‐block metal chlorides regulate cationic–anionic synchronous ring‐opening polymerization (CAP) of 2‐oxazolines and cyclic esters. By comparing GaCl
                    3
                    , InCl
                    3
                    , SnCl
                    4
                    , SbCl
                    3
                    , and BiCl
                    3
                    , we found that synchronous copolymerization is broadly accessible across this series, demonstrating the generality and robustness of the CAP framework. In contrast to the overall feasibility of copolymer formation, the rate of oxazoline polymerization is highly sensitive to the identity of the metal center, leading to pronounced differences in propagation kinetics. Kinetic analyses, Lewis acidity measurements, and density functional theory calculations collectively indicate that metal‐dependent electronic interactions at the propagating chain end modulate oxazoline activation, whereas cyclic ester polymerization is comparatively less affected. These findings reveal that
                    p
                    ‐block metal chlorides primarily act as kinetic regulators in synchronous CAP systems. By decoupling polymerization feasibility from rate control, this work clarifies the role of metal identity in multi‐mechanistic polymerizations and provides a general strategy for tuning polymer growth without compromising architectural precision.",crossref
"Chemo‐, Diastereo‐, and Enantioselective Radical Cyclization of Enals to Access Cyclopentanols Bearing an α‐Quaternary Center",https://onlinelibrary.wiley.com/doi/10.1002/anie.6111354?af=R,,Wiley: Angewandte Chemie International Edition: Table of Contents,2026-06-18 17:54:45+00:00,10.1002/anie.6111354,Xiaoming Zeng,,"ABSTRACT
                  
                    Controlling both chemo‐ and stereoselectivity in reactions of sterically demanding radicals remains a fundamental challenge in the construction of vicinal stereocenters, particularly those bearing an α‐quaternary carbon center. Despite their synthetic value, asymmetric radical cyclization of bulky carbon‐centered radicals onto enals to access α‐quaternary cyclic alcohols remained undeveloped. Here we report a stereoconvergent asymmetric radical alkylation/cyclization cascade of enals with unactivated, sterically congested alkyl iodides, enabled by an earth‐abundant chromium catalyst supported by a chiral bisoxazoline ligand. This method provides direct access to cyclopentanol and 2,3‐dihydro‐1
                    H
                    ‐inden‐1‐ol derivatives bearing an α‐quaternary stereocenter in good yields with excellent diastereo‐ and enantioselectivities (&gt;20:1 d.r., up to 99% ee). The reaction proceeds under mild conditions, exhibits broad functional‐group tolerance, and completely suppresses the competing direct coupling of alkyl electrophiles with aldehydes. Experimental and DFT studies support a catalytic manifold in which a chiral Cr(II) complex mediates single‐electron generation of alkyl radicals for addition to enals and controls the enantiodetermining outer‐sphere cyclization of the resulting bulky tertiary radical onto the carbonyl group.",crossref
Reprogramming the Fate of Stored Excitation Energy in Persistent Phosphors for Dark Photocatalysis,https://onlinelibrary.wiley.com/doi/10.1002/anie.9655199?af=R,,Wiley: Angewandte Chemie International Edition: Table of Contents,2026-06-18 18:04:09+00:00,10.1002/anie.9655199,Lang Pei,,"ABSTRACT
                  
                    Solar‐driven CO
                    2
                    reduction is fundamentally constrained by the intermittency of sunlight, resulting in a temporal mismatch between energy harvesting and catalytic conversion. Persistent phosphors offer a unique platform to bridge this gap by storing excitation energy; however, this stored energy is predominantly dissipated via radiative recombination rather than being utilized as chemically accessible redox power. Here, we demonstrate that the fate of stored excitation energy can be reprogrammed in persistent phosphors, enabling chemical reactions to proceed in the absence of light. By constructing single‐crystalline Sr
                    2
                    MgSi
                    2
                    O
                    7
                    :Eu
                    2+
                    , Dy
                    3+
                    platelets with co‐exposed {100} and {001} facets, anisotropic surface potentials enforce directional charge separation and spatially separated carrier localization, enabling the formation of a long‐lived electron reservoir. These stored electrons are subsequently extracted through Pt cocatalyst sites to drive sustained CO
                    2
                    ‐to‐CH
                    4
                    conversion in complete darkness for over 8 h, maintaining a high CH
                    4
                    selectivity of 93.6%. This work establishes a general strategy for reprogramming the fate of stored excitation energy, thereby redefining the role of persistent phosphors from luminescent materials to platforms for sustained chemical reactivity beyond illumination.",crossref
Maximising the economic value of renewable and battery storage hybrids with revenue stacking,http://pubs.rsc.org/en/Content/ArticleLanding/2026/EE/D6EE00776G,,RSC - Energy Environ. Sci. latest articles,2026-06-18 23:00:00+00:00,,Iain Staffell,,"As power systems add more wind and solar, electricity supply becomes less controllable and market prices become more volatile. A growing challenge is that renewable generators increasingly earn below-average market prices because their production is highly correlated, an effect known as “revenue cannibalisation” or declining “capture rates”. Co-locating battery storage with renewables is widely proposed to shift output to higher-value hours, reduce curtailment, and share grid-connection infrastructure, but the most profitable configurations remain unclear across markets and regulatory designs. This study asks when renewable-storage hybrid projects are economically superior to stand-alone renewables or storage, and which designs and operating strategies best protect revenues. We develop a revenue-stacking optimisation model with explicit efficiency losses and battery degradation to show that profitability depends more on market access and operating constraints than on location alone. Considering a UK case study, we find storage only becomes strongly profitable when it can both charge from the grid and stack revenues across markets. Four-hour discharge duration was most cost-effective, and stand-alone storage tends to be more profitable than co-located or hybridised systems. Extending the analysis across several world regions shows wide geographic variation. Stand-alone storage is favourable in Australian, Nordic and most US markets, while renewable-storage hybrids are superior in Europe, Texas, and parts of Japan. These results provide a practical map from market design and regulation to profitable hybrid architectures, helping investors and policymakers target storage where it most effectively stabilises renewable revenues and supports reliable decarbonisation.",rsc_html
Advanced fluorine chemistry in >4.2 V high-voltage lithium metal batteries,http://pubs.rsc.org/en/Content/ArticleLanding/2026/CS/D6CS00326E,,RSC - Chem. Soc. Rev. latest articles,2026-06-18 23:00:00+00:00,,Haoshen Zhou,,"Lithium metal batteries (LMBs), operating at high voltage (>4.2 V), exhibit unprecedented energy density (>400 Wh kg−1), but are restricted by uncontrollable Li dendrites, enigmatic interfacial chemistries, and unstable solid electrolyte interfaces (SEIs). Fluorine, with its high stability, non-flammability, and low cost, is playing an increasingly vital role in high-voltage LMBs and is expected to resolve the above obstacles. Unfortunately, there are few reviews that comprehensively summarise the exquisite design of fluorine engineering in high-voltage LMBs, especially in-depth analysis of its action mechanism in LMBs. In this review, we start with the fundamentals of SEI formation and Li nucleation and deposition, systematically dissecting the exquisite engineering of fluorine chemistry in high-voltage LMBs, including fluorinated electrolyte systems (salts, solvents, additives, etc.), fluorinated polymer-based SEIs, fluorinated collectors and separators. Meanwhile, several targeted and sophisticated cases are handpicked to be portrayed in conjunction with the proposed ideas, aiming to clarify the functionality of fluorine engineering in inhibiting dendrite growth, stabilising SEIs, and minimising safety hazards. Additionally, we highlight the obstacles faced by fluorine chemistry in LMBs and point out its future perspectives. This review provides guidance for the engineering of fluorine chemistry in high-voltage LMBs.",rsc_html
