stable_id,title_zh,abstract_zh
c6e79907390296c0,具有独特氢化物转移特性的化学可分离氢化钌异构体,过渡金属氢化物是生物和工业催化中的关键中间体，其中控制氢化物供体能力（氢度）对于优化反应性至关重要。在此，我们报道了一系列异构氢化钌，其中配体反式至氢化钌键（N-杂环卡宾或吡啶）将热力学水度调节高达 8 kcal mol-1。这些氢化物对二氧化碳和各种有机氢化物受体表现出独特的反应性，从而能够进行详细的动力学和机理分析。停流实验、同位素标记和计算研究支持了外球氢化物转移机制。利用线性自由能关系（LFER）和Marcus关系来关联热力学和动力学的变化，揭示具有强反式效应和反式影响的配体可以破坏传统的标度关系，这可以成为促进氢化物转移反应中新反应范式的有力策略。
c68405ac505e5066,房主协会供暖系统脱碳决策：基于贝叶斯学习代理的模型,多户公寓大楼的共享供暖系统脱碳需要在不确定的情况下进行集体决策，其中异构家庭在多次会议上反复评估该提案，然后才能获得绝大多数通过。本文开发了一种基于主体的程式化的房主协会（HOAs / VvE）重复投票框架，其中使用潜在类离散选择估计进行参数化的家庭通过启发式信号构建的贝叶斯更新来更新有关供暖系统属性的信念。该框架通过荷兰 VvE 设置进行演示，将基线重复投票过程与董事会介导的信息架构进行比较，该架构结合了受信任的信息中心、强化的信息共享、较低的中心不确定性和中央网络位置。在 100 次蒙特卡罗运行中，董事会介导的设置在 100 次运行中的 70 次中达到了 70% 的绝对多数阈值，而在基线中为 100 次运行中的 50 次，平均认可度从 63.2% 上升到 69.0%。组件分解表明，效果是由四个板组件的联合操作产生的，而不是由任何单独的组件产生的。基于条件转换概率的投票转换诊断表明，以董事会为中介的架构使选票在两个方向上都更具粘性，反对者转换较少，支持者叛逃较少，而支持者叛逃的减少则以两者中较大者为显着。因此，该架构通过减少决策波动性和强大的支持者稳定组件来提高成就，而不是通过沟通
b01ad94afb88ce10,定频家用空调切换感知模型预测控制解决方案的开发,固定频率家用空调中的二元开/关驱动在经济模型预测控制和可部署控制器之间造成了实际差距：控制器有望降低运营成本，而不会导致快速循环、舒适度违规或过多的计算负担。本文开发并评估了动态电价下定频家用空调的五种切换感知模型预测控制解决方案。研究的解决方案包括三个具有开关惩罚、频率限制或最小开/关持续时间的混合整数公式，以及两个连续松弛公式，然后进行阈值或 Delta-Sigma (Δ - Σ) 量化。为了实现受控和可重复的比较，所有控制器都使用相同的系统动态模型（1R1C 模型）、相同的 BOPTEST BESTEST 水力热泵模拟器和评估指标（包括成本、不适、切换和计算时间指标）进行测试。实现设置是明确的，包括 10 分钟控制步骤、36 步范围、CVXPY、混合整数程序的 ECOS_BB 以及连续松弛的 OSQP。结果表明，所有模型预测控制公式相对于恒温基线可降低 14%–24% 的运营成本，同时提高热舒适度。在测试的假设下，软约束公式由于其广泛的调谐不敏感区域而提供了最平衡的观察到的权衡，而 Δ - Σ 公式提供了低延迟替代方案，但具有更高的调谐灵敏度。这
85bb002dd0d0111a,医疗废物等离子体气化与其他废物处理结合应用策略的鲁棒优化,医疗废物的等离子气化（MW）是一种清洁且有前景的废物能源化方法，还可以防止病毒传播。然而，其技术效率的波动限制了其有效应用。将MW等离子体气化与其他废物处理系统集成被认为是提高处理效率的有效策略。为了支持鲁棒和综合的决策，本研究开发了多目标动态鲁棒优化模型，其中城市生活垃圾焚烧和污泥热解作为替代集成选项，技术效率和电价作为不确定参数，在一系列运行场景下获得鲁棒的最优解决方案。结果表明，即使在最坏的情况下，稳健的解决方案仍然可行且有利可图，但代价是适度的利润让步。污泥热解一体化在最优配置中占主导地位，而城市生活垃圾焚烧一体化则在特定条件下出现，例如高碳MW原料或决策者风险承受能力低。技术效率和电价的波动都会改变技术选择。这项研究为管理者提供了用于兆瓦等离子体气化决策的可转移工具。
2c166bdb913d0506,不同未来下的规划替代方案：将变革性场景设计与自下而上的建模和分配影响评估联系起来，以量化电力负担能力的不平等,清洁能源转型有望带来巨大的社会效益，但如果其成本和效益分配不均，则可能会加剧现有的不平等。尽管分配影响在气候和能源政策分析中受到越来越多的关注，但许多建模框架在代表社会经济异质性、自下而上的技术选择和以公民为中心的转型路径方面的能力仍然有限，特别是在可变可再生能源比例较高的电力系统中。因此，此类框架可能会歪曲电力负担能力，掩盖倒退影响，并支持忽视弱势家庭的政策建议。本研究以希腊电力行业为案例研究，通过将自下而上的模型与分布影响评估相结合来解决这一差距。我们根据能源公民概念和未来世界叙事的故事情节开发替代过渡场景。这些情景嵌入在 OSeMOSYS 建模框架中，用于评估不确定性加剧和外部冲击条件下的替代系统规划演变、成本和排放。随后将模型输出与家庭预算调查数据相结合，以评估如何在不同收入群体之间分配成本，并考虑电力消费模式的异质性。我们的结果表明，到 2050 年，与集中式替代方案相比，分散式、以太阳能为导向的过渡途径可以显着提高电力负担能力，从而降低电费占总电费的比例
359b2dcfe252ac16,BIMP区域电网可持续能源转型的技术排名和优化组合,区域电力互联为实现净零排放提供了重要机遇。然而，由于利益相关者标准相互冲突，技术优先级仍然具有挑战性。本研究开发了一种集成的低排放分析平台（LEAP）和多标准决策分析（MCDA）方法，用于文莱-印度尼西亚-马来西亚-菲律宾（BIMP）地区互连电网的技术优先级排序。使用 LEAP 为 2025-2050 年期间的六个区域节点、五个互连和五种可再生能源（水力、太阳能光伏、风能、地热能和生物质）制定了六种情景。接下来，通过与理想解决方案的相似性进行优先顺序技术 (TOPSIS) 分析，使用 12 个敏感场景中的 11 个标准进行分析。结果表明，Hydro 表现出最平衡的概况，结合了强大的多标准得分 (0.565) 和较低的排名变异性（平均绝对偏差/MAD 为 0.611）和 62% 的成对优势率。太阳能光伏获得了最高的多标准得分（0.671），并在 12 种情景中的 8 种中排名第一，但其排名大幅下降（MAD = 1.222），特别是在经济优先条件下。最佳的技术组合将需要 77-85 吉瓦的可再生能源容量和 146-1510 亿美元的投资，并且每种可再生能源技术的分配相对平衡。该综合框架成功地将技术能源建模与多标准决策分析联系起来，支持使用多样化的可再生技术，而不是针对特定技术的战略。
6b8c4353d2b4e38a,技术指标能够及早发现脱碳故障,"评估脱碳进展传统上仅依赖于跟踪碳排放。仅关注碳排放很难捕捉复杂的不确定性，这些不确定性可能导致无法识别脱碳失败的早期预警信号。在这里，我们设计并测试了一个扩展的指标系统，该系统将能源技术部署与排放相结合，以改善对长期脱碳失败的早期发现。使用美国最先进的多部门模型（GCAM-USA，N=2,304）模拟的大型情景集合，我们证明仅依靠 2035 年的排放指标不足以巧妙地预测 2050 年的脱碳失败。相反，将排放与一系列技术指标相结合可以大大提高预测技能。这种改善是由技术进步指标提供的额外信息推动的，特别是有关长期缓解的潜在加速的信息。例如，早期技术部署指标可以为快速部署二氧化碳去除技术、快速扩大可再生技术或加速逐步淘汰化石燃料的未来潜力提供见解。我们的研究证明了跟踪技术指标以更好地监测脱碳进展的价值，并为制定适应性策略以提高脱碳成功的机会提供了见解。"
536eab25bb3be5c6,海湾合作委员会的气候与电力关系：气温上升如何推动海湾国家的电力需求,海湾合作委员会地区的升温速度为每十年 0.49°C，几乎是全球平均水平的三倍，这给已经面临极端冷却需求的电力系统带来了越来越大的压力。本研究利用协整技术估算了 1990 年至 2022 年海湾合作委员会国家特定国家的电力需求收入、价格和温度弹性。我们发现，年平均气温每升高 1°C，年用电量就会增加 3.1%（巴林）至 5.8%（沙特阿拉伯），相当于每年增加 32.2 TWh 的地区需求和 16.8 Mt CO 2 排放量。排放量估算基于 2021 年特定国家的碳强度，反映了每个国家当前的发电燃料结构（IEA，2024 年；Ember，2023 年）。额外发电每年将花费约 19 亿美元。收入弹性范围为 0.25 至 1.37，价格弹性范围为 -0.08 至 -0.61，揭示了由于家电饱和度、补贴结构和关税改革历史的差异而导致的巨大的跨国异质性。分解分析证实，气温以及人口和收入增长是电力消费的首要驱动因素，而对沙特阿拉伯 2016-2018 年定价改革的需求反应表明，精心设计的电价调整可以部分抵消气候驱动的需求增长。研究结果强调了提高建筑能效、先进冷却技术以及持续定价改革以将电力需求与气温上升脱钩以支持全球变暖的紧迫性。
3f5a4606bb2d7b9b,政府如何支持替代能源项目的推广？,本文探讨了一个涉及 200 kWp 太阳能电池板项目、1200 kW 木片燃烧锅炉和 6 kW 热泵系统的案例研究，重点关注市场驱动型投资者成功实施此类举措必须解决的关键风险。主要目标是强调政府可用于支持和促进可再生能源项目实现的工具。本文通过案例研究的方法，分析了政府如何通过确保透明度、提供有针对性的激励措施和建立有效的财务框架来降低投资者风险。此类激励措施可能包括预先确定的上网电价补贴（FIT）、绿色定价计划、上网电价补贴（FIP）、资本补贴、赠款、回扣、绿色或白色证书或碳信用额、低息贷款。这些选项的影响在 200 kWp 太阳能光伏系统、1200 kW 木片燃烧锅炉和 6 kW 热泵系统的案例研究中进行了量化。一个关键方面是利益相关者利益的法律保护，这对于树立投资者信心起着重要作用。此外，一些国家还引入了保险机制，以防止表现不佳的项目造成潜在的财务损失。总之，该研究强调，政府通过建立必要的支持或激励立法和监管框架，并提供保证投资者长期回报的财政激励措施，在扩大可再生能源的使用方面发挥着至关重要的作用。计算表明，每1kW装机容量，最多
b555f8b570ac0ad8,"将电池阴极转换为 1,000 Wh kg−1","随着锂电池接近插层化学的固有能量密度极限，电动航空等新兴应用需要全新的电化学系统。通过热力学矩阵计算，该观点将卤素间化合物和过渡金属氟化物确定为目标为 1,000 Wh kg−1 的可充电电池的有前途的转换阴极。"
b4debcd11efc87b5,用于增强发光太阳能聚光器波导中的光捕获的各向异性发光体发射,控制光的集中度对于许多光学系统来说非常重要。发光二极管 (LED)、激光器和光学放大器需要对系统内部和外部的光发射进行控制。光学传感器、探测器和光伏系统通常受益于光捕获。为了在光波导中实现增强的光捕获，我们在发光太阳能聚光器（LSC）波导几何结构中演示了各向异性发光体发射。通过将 CdSe-CdZnS 纳米片发射器嵌入高折射率 TiO2 纳米圆柱体中，我们改变了它们的发射角轮廓，以增加全内反射 (TIR) 角的发射。发射方向可以通过优化单个纳米圆柱体中的类米氏多极共振以及与晶格的相互作用来控制。对所制造的纳米圆柱阵列进行的角度分辨光致发光测量证实了这一理解。通过优化圆柱体形状和晶格间距，我们发现 TIR 角的发射从 75%（各向同性发射）增加到 83.5%。这种集成纳米级光子结构和发射器的新颖方法为增强光伏系统以及固态照明和智能显示器中的排放控制铺平了道路。
f1afab2f110fc84e,使用镧功能化 MXene 衍生催化剂在中温下实现 Mg-Ni-Y 合金的优异加氢性能,尽管镁基合金具有有吸引力的储氢能力和经济优势，但其实际应用仍面临脱氢温度高和吸附动力学不足等关键障碍。为了克服这些障碍，开发了一种二维层状 Lax@Ti3C2 衍生催化剂，它对 Mg-4Ni-2Y 合金表现出高催化活性。 Mg-4Ni-2Y + 10 wt% La0.2@Ti3C2 复合材料不仅将起始吸收/解吸温度降低至 23.3 °C 和 265.5 °C，而且使复合材料能够实现优异的吸附动力学，在 150 °C 下 1 分钟内吸收 4.80 wt% H2，并在 350 °C 下 4 分钟内释放 5.16 wt% H2。 °C。此外，复合材料的表观活化能（Ea）大幅降低至85.22±2.38 kJ/mol，从而降低了脱氢温度并加速了动力学。系统分析表明，催化增强主要与高度分散的 TiO 物质有关，这些物质被认为是氢解离和重组的主要活性位点。 La装饰被认为可以作为电子促进剂，调节Ti位点的电子结构并稳定界面环境。这种协同的 Ti-La 相互作用促进氢活化和界面转移，而不改变固有的 Mg/MgH2 热力学，从而显着加速氢吸附动力学。
6d12b8abeb98d30c,迈向高保真制造：通过解耦光聚合建模和投影微立体光刻仿真的细化策略,设计到制造的高度一致性对于微针 (MN) 阵列至关重要，因为几何保真度直接决定机械和药物输送性能。传统的过程控制依赖于雅各布斯工作曲线和互易定律等静态模型，无法充分捕捉非线性聚合动力学，从而导致翘曲和扭曲等缺陷。为了解决这个问题，我们开发了一种光聚合动力学框架，该框架将曝光强度与持续时间解耦，并通过自定义 UMAT 子程序将动态光衰减和聚合进程纳入多尺度有限元分析中。结果表明，极端的暴露时间或强度是有害的，因为前者会导致过度固化和收缩，而后者会导致异质聚合和翘曲。重要的是，模拟确定了一个关键的应力最小化状态，其中切片厚度 (30 μm) 与材料的光学穿透深度 (Dp ≈ 29.3 μm) 一致。在此模型的指导下，我们制造了尖端精度为 12.8 μm 的梯度 MN 阵列，接近光学衍射极限 (10 μm)，与传统方法相比精度提高了 68%。这项工作为复杂微结构的无缺陷制造提供了一种定量驱动的方法，将制造从经验迭代转变为模型引导的精度。
72bcc270476837eb,粘膜粘附抗氧化剂纳米佐剂增强鼻内流感疫苗的免疫原性,流感病毒仍然对全球公共卫生构成持续而重大的威胁。然而，目前可用的全灭活病毒（WIV）疫苗无法引发强大的粘膜免疫反应，削弱了抵抗呼吸道病毒感染的第一道防线。鼻内疫苗接种是实现针对流感的粘膜和全身免疫的一种有前景的策略，但需要安全且高度免疫刺激的佐剂才能获得良好的疗效。在这里，我们开发了一种多功能纳米复合佐剂GO-IONPs-PEI（GIP），旨在增强免疫原性、调节炎症反应和维持局部氧化还原稳态。与流感抗原鼻内共同给药后，GIP纳米颗粒表现出优异的生物相容性，并可能通过主动调节粘膜免疫微环境有效促进树突状细胞成熟。在体内，GIP 显着增强全身和粘膜免疫反应，包括强烈诱导保护性粘膜 IgA 反应。总的来说，这些发现表明 GIP 可能成为下一代鼻内流感疫苗的有前途的佐剂平台。此外，结果强调，粘膜微环境的多功能调节是提高 WIV 疫苗性能的有效策略。
7b0791f1fffc969d,基于氧化锌和氧化钒的具有非易失性光电行为的双波段光电忆阻器,将光学传感和存储器集成在单一半导体架构中对于规避冯·诺依曼瓶颈至关重要。尽管传统的光子忆阻器提供了一种有前途的解决方案，但它们经常受到窄光谱响应和易失性存储器的限制。在此，我们报告了一种结合了多波长传感和非易失性电阻开关双重功能的 ZnO/VO2 忆阻器。 ZnO (3.2 eV) 和 VO2 (0.6 eV) 之间的带隙差异赋予该器件响应紫外 (UV) 和近红外 (NIR) 光的能力。 ZnO 和 VO2 中的离子可以通过电场调节和重新分布。光生载流子可以加强电荷积累，形成导电细丝，光激发后细丝的增量可以部分保留，形成非易失性电阻。在 1 V 偏置和双波段（365 nm UV/760 nm NIR，每个 0.01 mW/cm2）下，该器件实现了稳健的非易失性（>2 h）和 ~103 的开关比，比单层同类产品高出一个数量级。这项工作为推进光电忆阻器的应用提供了强有力的策略。
95f5f2fe0cb4dbe8,冻融调节聚丙烯酸/羟丙基纤维素水凝胶的高强度、可调热响应、生物相容性和高灵敏传感特性,开发了一种基于聚丙烯酸/羟丙基纤维素/氯化铝 (PAA/HPC/AlCl3) 的物理交联多功能水凝胶，用于灵活的传感应用。该网络仅通过氢键和Al3+配位键构建，具有拉伸性、粘合性和可逆热致变色性。冻融循环作为调节性能的绿色物理策略：处理后，拉伸强度从0.11增加到3.60 MPa，滞后应变从35%下降到9.5%，耗散能从7.839增加到53.699 MJ·m-3。低场核磁共振表明，冻融会促进水的重新分布和链聚集，从而在不引入化学交联剂的情况下加强非共价相互作用。通过调整 Al3+ 含量和冻融循环，可以在 15 至 54 °C 之间协同调节上临界溶液温度 (UCST)，从而实现可逆热致变色。冻融前，水凝胶表现出优异的粘附性、高应变灵敏度（GF = 5.4，3-500%）、高温灵敏度（TCR = -0.019/°C，检测限0.1°C）和机电自修复能力，可实现从人体运动到莫尔斯电码的精确检测。冻融后，水凝胶结合了高强度和稳定的热响应特性。体外溶血和 CCK-8 测定证实了水凝胶的血液相容性和细胞相容性。对大鼠进行的初步体内伤口接触测试显示，只有轻微的、完全可逆的刺激，没有持续性损伤。这项工作实现了差异化的绩效监管
27fbf7c90d2cc249,用于无枝晶锌离子混合超级电容器的生物质酸协同调节水凝胶电解质和电极保护层,由于经济可行性、环境友好性和安全性，锌离子混合超级电容器在储能领域具有广阔的前景。然而，它们的应用受到锌枝晶、腐蚀和析氢等问题的限制。在此，生物质酸苹果酸（MA）被用作水凝胶电解质添加剂和酸蚀刻剂。通过同时优化电解质成分并通过蚀刻锌阳极诱导人工固体电解质中间相（SEI）层的形成，显着增强了锌阳极的稳定性。 MA修饰的水凝胶电解质调节Zn2+溶剂化结构并降低Zn2+去溶剂化能，将Zn2+迁移数从0.303增加到0.598。此外，MA-Zn 人造 SEI 层将锌阳极与水隔离，最大限度地减少寄生反应并使电场均匀化。基于双重调节机制，Zn//Zn对称电池中锌阳极的寿命在10 mA cm-2下从82小时延长至900小时以上。此外，组装的锌离子混合超级电容器在5000次循环后表现出均匀光滑的锌沉积层，电容保持率为87.8%。此外，由于MA改性水凝胶电解质表现出优异的机械柔韧性和对电极的强附着力，超级电容器可以在弯曲和压缩等多种机械应力下可靠运行。协调调节策略为增强锌储能装置的循环稳定性提供了一种有前景的解决方案。
40f48e363ff2e244,含有 miRNA-497 的口服纳米疗法可治疗炎症性肠病,活性氧（ROS）的过量产生会导致炎症性肠病（IBD）的炎症过程，而ROS清除疗法可以促进组织修复，已成为治疗IBD和其他炎症性疾病的一种有前途的治疗策略。尽管ROS清除疗法对于IBD的治疗具有显着的治疗潜力，但全身性脱靶效应仍然是一个主要限制。最近的研究发现 microRNA-497 (miR-497) 是 IBD 有前景的治疗靶点，因为它可以将促炎性 M1 巨噬细胞极化为组织修复表型，促进 ROS 的清除，并有可能减轻 IBD 的症状。尽管具有治疗潜力，但 miR-497 的稳定性差和细胞摄取有限，对其临床应用构成了重大障碍。为了解决这些限制，开发了一种基于标记有 miR-497 的锰掺杂金属有机框架 (Mn-MOF) 纳米粒子 (Mn-MOF@miR-497) 的递送策略，以有效抑制促炎细胞因子的产生并恢复被促炎刺激破坏的肠细胞的免疫耐受性。 Mn-MOF@miR-497 的局部给药在葡聚糖硫酸钠 (DSS) 诱导的 IBD 小鼠模型中表现出显着的治疗效果，且没有任何可观察到的毒性。这种创新的纳米治疗策略显示出作为 IBD 靶向治疗方法的巨大潜力，有望探索 IBD 管理的创新治疗方案。
ac02cc16b417147d,高灵敏度、宽检测范围 MXene/PDMS 柔性压阻传感器，带微圆顶阵列，用于颈椎姿势识别,同时提供高灵敏度和宽检测范围的柔性压力传感器对于可穿戴电子产品来说是非常理想的，但仍然受到固有的权衡的限制。在这里，我们提出了一种采用微圆顶结构 MXene/PDMS 复合材料的高性能柔性压阻式压力传感器。通过原位光学显微镜结合有限元分析阐明了传感机制，直接可视化压缩下微圆顶变形过程中界面接触面积的逐渐演变。这种渐进式接触调制有效缓解了灵敏度范围瓶颈。因此，该传感器在低压状态下实现了 314 kPa-1 的卓越灵敏度，同时在扩展的工作范围（高达 390 kPa）内保持稳健的传感性能。此外，它还具有快速响应和恢复时间 (31/34 ms) 以及超过 3000 个加载-卸载循环的卓越长期耐用性。这种出色的机电性能可实现全面的多尺度生理监测，能够捕获低至 1 kPa 的微小压力变化，包括呼吸模式和动脉搏动，以及关节屈曲和步态监测等高负荷场景。基于这些功能，实时颈椎姿势识别系统被实现作为智能健康管理的代表性范例。通过集成逻辑回归机器学习分类器，系统在测试集上获得了 98.5% 的分类准确率。这项工作提出了一个
f54b4de739de4695,用于可重构逻辑、加密和紫外成像的偏置可调谐等离子 Ga 2 O 3 /GaN 光电探测器,热氧化 Ga2O3/GaN 异质结为紫外 (UV) 检测提供了一种经济有效的途径。然而，由于顶部宽带隙层的透明度，它们的应用常常受到有效近紫外（365 nm）响应所需的高驱动电压的阻碍。在此，提出了一种通过将银纳米粒子（Ag NPs）修饰到原位热氧化的Ga2O3/GaN异质结上而制造的高性能双波段紫外光电探测器。通过固态去湿过程引入的银纳米颗粒会引发局域表面等离子共振 (LSPR) 效应，从而产生双增益机制。具体来说，它通过局部场放大增强日盲 (254 nm) 响应度，并通过热电子注入路径在低偏置下实现灵敏的 365 nm 检测。利用这种独特的偏置可调光谱响应，可重构光电逻辑门（OR、NOR和XNOR）成功地在单个器件中构建，克服了传统单功能逻辑单元的刚性。此外，成功实现了基于XNOR逻辑和高对比度单像素双色紫外成像的基本硬件光学加密方案。这项工作不仅提出了低功耗、高性能紫外线检测的策略，而且为开发智能、安全和传感器内计算光电系统铺平了道路。
a300261872f558c8,通过形态发生设计实现强大水下吸声的极弹性超材料,固体的静态模量与弹性波速度的平方成正比，限制了既需要高刚度又需要慢速传播的水下吸声器。通过形态发生设计，我们开发了一种具有弱耦合各向同性-等容本征模式的弹性超材料，可将模量与波速解耦，实现了各向同性极限的 6.8 倍增强。该复合材料与橡胶集成，可在高达 4.5 MPa 的三个八度低频段提供压力不变的吸收（平均系数 >0.9）。
abe5c70a0481bee7,比较代谢组学揭示人类肠道细菌硫酸化代谢物的产生,硫酸化代谢组（含硫酸盐代谢物的集合）是结构独特的生物活性化合物的新兴来源，可影响新陈代谢、免疫反应和神经功能。最近的研究表明，除了宿主酶之外，肠道细菌还编码可产生硫酸化代谢物的磺基转移酶（SULT）。然而，特征性肠道细菌 SULT 的底物范围仍然狭窄，并且由于缺乏检测和分配复杂样品中硫酸化代谢物的方法，综合发现受到限制。在这里，我们开发了一个比较代谢组学工作流程，利用通用 SULT 辅因子 3'-磷酸腺苷-5'-磷酸硫酸盐 (PAPS) 将重 (34S) 或轻 (32S) 硫掺入硫酸化代谢物中，从而能够发现微生物组依赖性硫酸化化合物。通过将这种方法应用于“自下而上”的细菌培养和“自上而下”的体内研究，我们发现肠道细菌磺化羟基脂肪酸。我们鉴定出一种肠道共生微生物，即能进行这种转化的支枝真杆菌，以及这种细菌中进行这种磺化作用的酶，ErSULT。宏基因组分析表明，ErSULT 在不同的人类肠道微生物组中普遍存在。总之，该工作流程及其应用表明，肠道细菌产生的硫酸化代谢物比以前认识的更为广泛，并为未来研究微生物组衍生的硫酸化小分子的生物合成和生物功能提供了一个平台。
def8e8e3dd427403,液滴增强的不对称催化：用于对映选择性加成反应的方酰胺衍生的伪肽,通过相分离形成的液滴代表了一种增强酶模拟催化的新兴策略，在催化科学中展示了巨大的潜力。然而，由于缺乏精确设计液滴内手性微环境的系统方法，它们在不对称催化中的应用在很大程度上仍未得到探索。为了应对这一挑战，我们将 L-苯丙氨酸整合到 L-叔亮氨酸衍生的方酰胺中，以设计方酰胺衍生的伪肽液滴。该催化体系在α-硝基砜与丙烯酸酯和烯酮的对映选择性共轭加成，以及乙酰丙酮与β-硝基烯烃的迈克尔加成中表现出显着增强的催化性能。机理研究表明，局部底物浓度的增加显着增强了反应活性，而工程化的有利手性微环境则提高了对映选择性。这项研究建立了一个方法框架，用于阐明液滴内差异化的催化行为，从而推进基于液滴的不对称催化系统的设计和应用。
ee111b54b8a8b53e,解偶联分子基序和超分子二聚体，用于中性生物质高效合成 FDCA,"太阳能驱动的生物质增值对于化学工业去石化至关重要。将丰富、低成本的 5-羟甲基糠醛 (HMF) 氧化为 2,5-呋喃二甲酸 (FDCA)（下一代生物塑料的关键单体）是一个长期追求的目标，但由于动力学缓慢、选择性差和碱性依赖性而受到阻碍。在这里，空间解耦的催化位点被设计在二维氮化碳（CN）上：边缘处的共价接枝氰胺（CA）基序和平面上的π-π堆叠J型镍酞菁（NiPc）二聚体。该设计具有时空级联电荷转移和双位点催化功能，在纯水中 HMF 重整过程中，与原始 CN 相比，HMF 转化率和 H2 析出率分别提高了 54 倍和 160 倍。 FDCA 产率达到 2.14 mmol g-1 h-1，选择性为 98.2%，优于基准系统。从根本上来说，CA 基序引导超快空穴引发的选择性 HMF 氧化，空穴转移速率为 2.4 × 1010 s-1（比 CN 快一个数量级）。由此产生的长寿命电子被底层 NiPc 提取，并通过其单个 Ni 原子转移到顶层单个 Ni 原子进行质子还原，电子转移率为 7.4 × 104 s-1。不对称电荷动力学抑制电荷复合，电荷转移效率高达 98.9%。"
a850c05ae6c43075,铂整体异质性实现高效无溶剂氢气生产,基于环烷烃/芳香族对的液态有机氢载体（LOHC）有望用于安全的氢储存和运输，但其实际应用受到脱氢动力学缓慢和工作条件下催化剂失活的限制。在此，我们报道了一种合理设计的负载在弯曲石墨烯涂层纳米金刚石（ND@G）上的铂催化剂，其中完全暴露的亚纳米Pt簇（Ptn）和三维Pt簇（Ptc）紧密集成在载体（Ptn+c/ND@G）上，它在双环己基和其他代表性环烷烃的无溶剂脱氢中显着提高了氢气产量，优于单一对应催化剂或其物理混合物，同时保持良好的可回收性。机理研究与密度泛函理论计算相结合表明，这种协同效应源于这些各自的 Pt 团簇之间的合作：Ptc 位点比 Ptn 团簇具有更高的 C-H 键激活内在活性，但更容易中毒。相比之下，Ptn 簇虽然对底物活化活性较低，但在芳香族吸附物存在的情况下仍然有效。 Ptn 簇上产生的氢可以通过支持介导的溢出来削弱邻近 Ptc 位点上的产物结合。结果，中毒得到缓解，活性 Ptc 位点不断再生，整体脱氢性能得到增强。这些发现为开发高性能 LOHC 脱水机提供了一般设计原则
dbcb60156a8e0135,通过 S-Apphire 界面工程直径控制合成水平排列碳纳米管阵列,单击复制部分链接 部分链接已复制！精确控制负载金属纳米颗粒的尺寸和分散度是多相催化中的一个基本问题，控制着反应活性和选择性。然而，由于热力学驱动的烧结，特别是在高温条件下，调节这些参数仍然具有挑战性。这一挑战在水平排列碳纳米管 (HACNT) 阵列的生长中得到了尖锐的体现，其中催化剂尺寸决定了 CNT 直径，从而决定了集成电路应用的电子特性。在这里，我们报告了一种确定性的硫改性蓝宝石（S-apphire）界面工程策略来调节催化剂分散和所得的碳纳米管直径。我们将内聚能 (E coh) 作为金属-金属与金属-载体相互作用的定量描述符，并表明硫改性选择性地调节 E coh 以可预测地控制纳米颗粒尺寸。该策略使用Ti催化剂实现了直径减小至~1.26 nm，满足CNT集成电路3 nm技术节点的要求，同时保持高阵列密度和良好的对准。在这些阵列上制造的顶栅场效应晶体管表现出接近 10 7 的开/关电流比，优于具有不受控制直径的器件。除了碳纳米管电子学之外，这项工作还提供了一个通用的热力学框架，用于通过界面工程设计稳定、尺寸可控的金属纳米结构。 ACS 出版物 © 2026 美国化学会
e2d0ce16867e70a7,自限性阳离子交换精密合成 I-III-VI 三元半导体纳米团簇,三元 I-III-VI 半导体因其环境兼容性和广泛的可调性而成为重要材料。然而，实现多元半导体材料的原子级控制仍然是一个重大挑战。在这里，我们报告了通过自限制阳离子交换精确合成具有原子定义的化学计量、结构和表面的三元纳米团簇。具体来说，Cu26Se13(PR3)14 模板簇和 InCl3-PR'3 络合物之间的反应产生部分交换的 Cu6In8Se13Cl4(PR'3)12 簇，纯度高且产率接近一致。三元簇保留了二十面体Se13阴离子框架，In3+和Cu+阳离子自组装成假核/壳异质结构。所有膦均与外边缘 Cu+ 结合，而所有氯化物则与内面 In3+ 配位。该反应进一步推广到 Ga3+，产生类似的 Cu6Ga8Se13Cl4(PR3)12 簇。这种自限制性阳离子交换以及多元阳离子和配体的精确组装可归因于电荷、配位、空间和对称因素。理论计算表明，Cu+ 和 In3+/Ga3+ 分别对占据和未占据的前沿轨道有显着贡献，从而产生具有电荷转移特性的宽吸收带。这些团簇可以烧结形成具有良好控制的化学计量的块状半导体，这证明了它们作为多元半导体溶液加工的精确前体的潜力。我们预计原子定义的阳离子交换反应将为精确的阳离子交换反应提供机会。
1bc12a2272e715dc,受控自由基聚合的超分子调控,"受控自由基聚合从根本上改变了聚合物科学，使得能够合成具有精确定制的结构和可预测的分子量的材料。然而，在保持良好控制的同时实现快速聚合仍然是受控自由基聚合中的巨大挑战。在此，我们报告了一种超分子策略，通过阳离子硫代羰基硫基试剂和葫芦[7]脲（CB[7]）之间的主客体络合来缓解水性光引发转移剂和可逆加成断裂链转移（RAFT）聚合中的这一问题。这种封装导致 CTA 的链转移系数和光解效率显着增加。光谱和计算分析表明，大环主体通过增强的自旋轨道耦合促进三重态布居，同时降低碎片势垒并促进可逆失活。这种机械协同作用能够合成超高分子量聚合物（Mn 高达 2,190 kg mol-1），并快速构建具有优异端基保真度和高引发剂效率的明确的 20 嵌段共聚物。这种超分子策略在水介质中产生加速但高度受控的聚合，为使用二硫代氨基甲酸酯基链转移剂平衡速率和控制提供了一种有前景的方法。"
5e8a9dc72a9564f7,通过脉冲调制主动编程电池化学,高能电化学储能的进步越来越受到稳态运行固有的动力学和热力学瓶颈的限制。这种观点认为，脉冲调制代表了一种基本的范式转变，超越了经验充电协议，转向了主动、实时调节多尺度电池化学的复杂框架。通过利用非平衡瞬态，脉冲激发能够实现纠缠物理化学过程的时间解耦，包括离子溶剂化鞘重组、界面电荷转移和长程质量传输，而这些在传统恒流条件下仍然无法实现。我们阐明了这种方法的基本化学物理原理，研究了振幅、频率和波形形态的高维参数空间如何决定从微观到宏观尺度的浓差极化、固体电解质界面演化和金属沉积形态。此外，这项工作评估了操作诊断与基于物理的机器学习的融合，作为导航脉冲协议的巨大组合空间的战略路线。通过将多物理场建模与闭环控制相结合，我们概述了软件定义化学的路线图，其中自适应协议动态补偿健康状态漂移和热波动。最终，这种观点主张从将电池视为被动电化学储存器过渡到主动调制系统，从而提供了一种理论
382f349e4108c379,冷冻态电化学为确定性原子构建提供质子选择性反应环境,单击复制部分链接 部分链接已复制！电化学反应通常局限于液体电解质，其中电荷传输和质量迁移本质上耦合，定义了反应动力学和结构演化。在这里，我们证明冷冻酸性电解质可以作为电化学单原子结构的质子传导、质量传输限制的介质。在规定的零度以下温度范围内，冷冻的水性电解质支持通过氢键冰晶格的质子选择性电荷传输，同时抑制较重离子物质的长程迁移。这种传输不对称性使得隔离金属位点的电荷可编程、聚集抑制构造成为可能。所得的原子构型在电化学操作下保持稳定。这种冷冻态的质子选择性反应环境普遍存在于不同的金属和载体中，为单原子催化剂的构建提供了低温电化学策略。 ACS 出版物 © 2026 美国化学会
9b7fa15501116451,六方密排2H-Cu纳米晶,调控铜纳米材料的形貌和结构可以有效调控其性能、功能和应用。然而，直接合成具有非常规相的铜纳米材料仍然具有挑战性。在这里，我们报道了具有六方密堆积（hcp，2H型）相的铜纳米晶体（NC）的一锅湿化学合成，该相不同于其热力学稳定的面心立方（fcc）相。与传统的fcc-Cu NCs相比，所获得的2H-Cu NCs在电化学二氧化碳还原反应（CO2RR）中表现出增强的催化活性和选择性，在流通池中的碱性条件下，在600 mA cm-2下对多碳（C2+）产物实现了73.1%的法拉第效率（FE）。此外，原位表征和密度泛函理论（DFT）计算表明，2H-Cu NCs 可以优化 *CO 中间体的吸附，从而降低 C2+ 产物形成的能垒。这项工作不仅证明了利用纳米材料相工程（PEN）策略提高了Cu NCs的CO2RR性能，而且为探索非常规相纳米材料的内在性质和应用开辟了一条途径。
05b7f8170c6fe8a3,用于动态和竞争性转录控制的基于 DNA 的可编程二聚化网络,在这里，我们引入了一种最小的、经过实验验证的 DNA 编码的多对多蛋白质二聚化网络类似物，以实现无细胞转录的可编程控制。为此，我们合理设计了带有正交叠氮化物或 DBCO 手柄的 DNA 单体，这些单体通过 SPAAC 化学组装成共价二聚体组合文库，其中只有单个二聚体完成原本不活跃的启动子并激活发光 RNA 适体的转录。通过将网络从 2 个单体扩展到 22 个单体，我们表明 RNA 产量可以在一个数量级以上进行微调，与简单的组合模型定量一致，其中激活剂二聚体分数随着网络大小的函数而减少。我们还设计了序列定义的输入，选择性地隔离单体以减小网络大小并上调所选的二聚体激活剂，从而实现来自共享单体池的同一解决方案中不同模板的多重正交激活。将二聚化层与 CRISPR-Cas12a 旁路切割模块耦合，我们进一步表明竞争性 DNA 二聚化转录逻辑可以与下游酶反应连接，将输入集转换为放大的切割活性。总之，这些结果建立了竞争性共价 DNA 二聚化网络作为模块化和定量可预测的平台，用于实施竞争性多对多二聚化逻辑来控制无细胞转录输出。
978117872912981d,催化不对称阳离子香叶基环化,环香叶基基序在天然产物和萜烯合成中很重要，但从无环二烯中不对称形成环香叶基基序仍然具有挑战性。在这里，我们报告了使用受限手性亚氨基二磷酸酯（IDPi）布朗斯台德酸对香叶基衍生物进行一般催化不对称环化。与氟化醇添加剂结合，反应在温和的条件下进行，具有高效率和优异的区域选择性和对映选择性。该方法适用于多种底物，能够获得与香料相关的支架、视网膜前体、复杂的多环萜烯，甚至选择性角鲨烯环化。机理研究支持协同催化剂添加剂氢键网络和受限手性环境内的异步协同、类酶过渡态。这项工作为不对称香叶基环化提供了通用的解决方案，并扩展了限域布朗斯台德酸催化在仿生萜烯合成中的应用。
8c1294195753c0d1,非质子介质中丁二烯电羧化的 ATR-SEIRAS 研究,丁二烯 (BD) 的电羧化为利用二氧化碳合成己烯二酸酯提供了一条可持续的途径。己烯二酸酯可以转化为己二酸，这是尼龙的主要前体，目前尼龙是由化石原料生产的。然而，BD 电羧化的关键方面仍不清楚，特别是表面结合中间体和竞争性界面反应的参与，例如 CO2 还原反应 (CO2RR)。在此，我们采用原位衰减全反射表面增强红外吸收光谱（ATR-SEIRAS）、产物分析电解实验和密度泛函理论（DFT）来研究金、铜和铂的 BD 电羧化。 ATR-SEIRAS 跟踪界面物种的演变，并表明 BD 抑制 Cu 上的 CO 吸附带，但在 Pt 上保持不变，这与 DFT 预测一致，该预测是由于其优先结合和 BD 化学吸附在阴极电位增加时不稳定所致。电解实验表明，Au 上的己烯二酸法拉第效率较高，其次是 Cu 和 Pt，而 CO 选择性则显示出相反的趋势（Pt > Cu > Au），为光谱测量中观察到的金属依赖性趋势提供了补充证据。尽管在 BD 存在的情况下仍会形成 CO，但部分 CO2•- 会被 BD 消耗以生成电羧化产物，并且产生的 CO 不会吸附在 Cu 上，因为 BD 或 BD 衍生物质会在竞争中胜出并取代它。这些发现强调了 BD 吸附的影响和电位依赖性
9cd8f63b7f0bdc3c,杂原子掺杂重构界面H 2 O以解决CO 2 电还原中的机理矛盾,界面 H2O 越来越被认为是电催化的积极参与者，但核心挑战仍然存在：如何有意且可预测地对其微观结构进行编程，以引导质子耦合电子转移 (PCET) 和选择性。在这里，我们引入非金属掺杂作为材料编码手柄来调整模型 SnO2 催化剂上的界面水合，而不改变其本体相。在 N、P 和 S 掺杂剂中，S 独特地稳定了催化剂-电解质边界处无序的、主要是 H-down 的水合基序，从而促进 H2O 活化和定向质子传递，加速 PCET 形成甲酸盐。值得注意的是，尽管二氧化碳衍生中间体的结合较弱，但这种增强仍然出现，揭示了一种溶液结构控制的选择性杠杆，可以超越传统的基于结合能的预期。通过建立掺杂定义的水合基序和反应动力学之间的因果关系，这项工作将界面 H2O 从“背景”提升为可设计的变量，并提出了一种广泛适用的策略，通过界面溶剂化工程优化 PCET 控制的转化。
ef76e6fada418347,使用超精细分辨旋转光谱检测 Synthon 架构,参与非共价碳键合的超分子合成子为可编程分子结构提供了有希望的途径，但能够明确解析其对接几何形状的实验策略仍然有限。在这里，我们证明氮原子核的电场梯度（通过核四极分裂获得）提供了超分子拓扑的独特灵敏探针。我们利用超音速射流膨胀中的超精细分辨宽带旋转光谱与量子化学计算相结合，研究了四氰基环丙烷（TCCP），这是一种具有四个氰基的合成子，可充当电子环境的本地传感器。在射流膨胀中观察到 TCCP 衍生物和四氢呋喃之间形成的复合物，并显示通过 sp3 杂化碳中心和四氢呋喃的氧孤对对之间的 tetrel 键对接。虽然仅靠旋转常数很难区分候选对接几何形状，但氮核四极耦合常数通过其电场梯度编码复合物的方向指纹。通过利用四个氮位点之间的对称关系并实施定制的光谱拟合策略来解开密集的超精细流形，我们提取了精确的旋转参数，这些参数唯一地定义了具有不同对称性的两个 TCCP 衍生物的对接排列。这些结果证明氮电场梯度是非共价相互作用的强大结构传感器
e5b673faa6c69aa8,揭示和控制 SAPO-34 中的原子级堆积无序以增强 MTO 性能,"SAPO-34是甲醇制烯烃（MTO）工艺的基准催化剂，但其催化寿命仍然有限，越来越受到学术界和工业界的关注。在这里，我们确定了 SAPO-34 失活的一个以前未被认识的根源：堆积无序，这是一种难以通过传统 PXRD 检测的结构缺陷，特别是在纳米尺寸晶体中。通过结合先进的三维电子衍射 (3D ED)、集成微分相衬扫描透射电子显微镜 (iDPC-STEM) 和基于四维 (4D) STEM 数据的电子叠层描记术，我们发现了使用传统四乙铵 (TEA+) 作为有机结构导向剂 (OSDA) 合成的 SAPO-34 中原子级隐藏的堆积紊乱。这些紊乱促进较小的 aei 笼的形成，从而加速催化剂失活。在这些结构见解的指导下，我们确定了一个更大的 OSDA，N,N,N-三甲基金刚烷-1-铵 (TMAda+)，它可以抑制 aei-cage 的形成，并产生无堆积无序的 SAPO-34，并显着延长 MTO 寿命。此外，为了规避 TMAda+ 的高成本，我们开发了一系列低成本的胺 OSDA，可重现其结构导向行为，产生无堆积无序的 SAPO-34 催化剂，且 MTO 性能与 TMAda+ 导向催化剂相当，经 3D ED 和 iDPC-STEM 表征证实。在这些催化剂中，N,N-二甲基环己胺引导的SAPO-34表现出最高的催化耐久性。这项工作建立了一个结构性的d"
8b48f568085886f4,芳香族化合物的构象引导远程 C-H 官能化,"在芳香环的远程、无偏位置实现位点选择性 C-H 官能化仍然是该领域的主要挑战。我们报告了一种构象控制策略，该策略能够通过芳烃与 Cr(CO)3 的 π 络合，实现单取代和 1,2-二取代（多）芳烃的远程元选择性 C-H 硼化。铬三脚架采用优选的构象，暴露间位-C-H键，而带有2-氨基菲咯啉配体的定制铱催化剂增强了这种效应并克服了固有的底物偏差。在聚芳烃中，铬三脚架既充当构象导向器又充当电子调制器，从而实现了位点选择性和环选择性，这是现有非定向方法无法实现的。最先进的 DFT 理论水平的计算研究支持芳烃 π 络合和催化剂之间相互作用所产生的选择性的合作起源。"
3c57b06204699b53,通过自旋重定向的 Kagome 铁磁体中局部力矩的显着降低实现巨大的负热膨胀,"负热膨胀 (NTE) 材料对于各种现代先进应用具有重要意义，但发现新的 NTE 材料并了解潜在的自旋晶格相互作用仍然具有挑战性。在这里，我们报告了在 Fe 过量的 kagome (Sc,Ti)Fe2 中具有明显的体积 NTE，其热膨胀系数为 αV = -32.4 × 10-6 K-1 (100-200 K)。中子衍射、穆斯堡尔谱和理论研究表明，钪的含量影响在 6h 晶格位置包含 Fe 的 kagome 层的反铁磁耦合，并且过量 Fe 产生的额外磁交换相互作用稳定了铁磁磁序。因此，加热时 Fe 亚晶格的磁矩会急剧减小，并产生 NTE。有趣的是，kagome层的铁磁和反铁磁堆叠之间的转变伴随着Fe从面内方向到面外方向的自旋重新取向。这种磁重新取向可能是不同亚晶格上 Fe 单点各向异性强烈竞争的结果，因此被认为是受挫 Fe 亚晶格上高自旋态/低自旋态转变的标志。这项工作提供了进一步的见解，即同一材料中的不同磁序可以承载 NTE 和正常的热膨胀行为。"
05ebfb1ce18450f1,用于构建多孔莫尔超结构的坚固六方二维 COF 单晶,我们报告了一系列具有六角形孔的二维（2D）共价有机骨架（COF）单晶及其剥离成单晶薄膜，用于构建多孔莫尔超结构。这些二维 COF 单晶 COF-600、COF-660 和 COF-666 尺寸高达 120 μm，通过单晶 X 射线衍射 (SCXRD) 和电子衍射 (ED) 测定，分辨率高达 0.9 Å，在 P65 空间群下呈现出等网状结构。二维框架节点处的高密度弱相互作用是剥离后保持结构完整性和孔隙率的关键，从而可以将无机簇捕获在孔隙内。剥离膜的厚度从 50 nm 系统调整到 1.5 μm。使用透射电子显微镜 (TEM) 揭示了剥离薄膜的多孔结构和相应的莫尔超结构，分辨率高达 1.72 Å。观察到扭曲角覆盖2.1°至30°范围，其中扭曲角为30°的扭曲角呈现出具有12重对称性的准周期莫尔图案。使用坚固的多孔 2D COF 单晶构建莫尔超结构，为创建具有分层顺序的 2D 多孔材料提供了一种新方法。这种多孔的上层结构可能会引发新的物理和化学性质的出现。
fc7dd39ebee63e37,冗余的前额半球使存储策略适应工作记忆需求,前额半球必须动态协调以维持视觉空间的统一表示。最近，提出了两种使用不同存储策略的相反理论：一种高容量专用架构，其中每个半球控制对侧行为；另一种是故障安全冗余理论，其中两个半球共同引导整个视觉空间的行为。在这里，我们分析了三只执行视觉空间工作记忆任务的雄性猕猴的同时双侧前额皮质记录。两个半球同样预测了行为的不精确性，解码错误在半球之间的相关性较弱，并且序列依赖性在半球内仍然是局部的，这表明存在冗余、弱耦合的组织。吸引子网络模拟表明，当任务需求低于内存容量时，冗余可以提高精度，而弱半球间耦合通过允许半球专门化来提高要求更高的任务的容量。这些预测模式在人类和猴子数据中得到了验证，与之前的发现相一致，并揭示了一种适应不同认知需求的多功能半球间结构。
f712c9997459c4d0,用于光催化的智能电荷缓冲器调制多时间尺度化学,光催化为太阳能驱动的绿色化学合成提供了一个引人注目的平台。然而，一个根本的瓶颈来自于超快激子载流子动力学和相对缓慢的表面反应动力学（从皮秒到秒）之间的时间不匹配，这极大地限制了整体效率。在这里，我们通过引入自调节“时间尺度协调”策略来解决这个长期存在的瓶颈，该策略将二茂铁甲醛（FcCHO）分子作为智能电荷缓冲器集成到能级匹配的光催化剂上。结合原位飞秒瞬态吸收光谱和DRIFTS，我们发现FcCHO通过在不同时间尺度的受电子状态和给电子状态之间可逆切换来实现多时间尺度的界面化学：光激发光催化剂的快速电子捕获发生在皮秒内，而驱动界面CO2还原的受控电子释放在动力学上延迟到第二时间尺度。这种双时间尺度的自调节电荷缓冲行为能够实现快速电荷隔离和需求驱动的电荷释放，从而将激子结合能减弱39.0%，并显着抑制电子空穴复合62.8%。重要的是，这种时间尺度的协调策略是可推广的，可以扩展到不同的光催化系统，建立一个通用的设计原理，用于同步快速电荷动力学与慢速界面反应动力学以实现绿色碳转化。
5dc0b0cbc20a46ba,WS 2 –V/MAC 凝胶混合系统中由钒驱动的超光滑滑动接触界面可增强真空润滑,接触界面通过其固有的物理和化学特性从根本上控制摩擦系统的摩擦行为和磨损机制。这项工作提出了一种界面工程策略，通过将掺钒二硫化钨（WS2-V）薄膜与多烷基环戊烷（MAC）凝胶协同结合来构建超光滑和自适应滑动接触界面。我们证明，钒掺杂不仅可以作为微观结构改性剂，而且可以作为创建化学活性和机械鲁棒界面的关键驱动因素。最佳 V 掺杂（~10 at.%）将 WS2 薄膜从多孔柱状结构转变为致密的纳米复合材料，同时引入 V-S 物质以增强界面相容性。这种 V 改性 WS2 表面对 MAC 油分子和胶凝剂具有出色的吸附和保留能力。在真空条件下，该动态界面表现出自平滑能力，有效修复表面粗糙度并保持超低剪切面，面积算术平均粗糙度 (Sa) 低至 2.0 nm。最佳混合系统（WS2-10%V/MACs凝胶）实现了0.051的稳定摩擦系数，并将磨损率降低至1.1×10-8 mm3/（N·m）。这项工作为主动设计固体凝胶接触界面建立了掺杂剂介导的范例，为空间机构中的下一代润滑提供了基础设计原理。
6403600c873743c2,"使用带有悬垂阳离子的 [M(bpy 2+ )(CO) 3 (I)] 2+ (M = Mn, Re) 电催化剂选择性还原水中的二氧化碳",羰基锰(I)络合物是很有前景的二氧化碳还原电催化剂，但其在均相水介质中的应用仍然因溶解度和选择性差而受到限制。在这里，我们报道了水溶性 Mn(I) 和 Re(I) 配合物 fac-[M(bpy2+)(CO)3X]2+ (X = I 或 Cl)，其特征是用 -Ph-CH2-(NMe3)+ 阳离子铵基团功能化的联吡啶配体，将水溶性与二次球稳定性结合起来。在 pH 6.8 的碳酸氢盐缓冲液中，Mn 催化剂在低过电势 (η = 0.3 V) 下对 CO 生成具有完全选择性，通过质子化优先机制运行，观察到的速率为 ∼10 s-1。脉冲辐射解表明，单电子还原的 Mn 物质在没有 CO2 的情况下发生二聚，但通过初始预平衡与 CO2 竞争性反应，随后快速形成双核 CO2 桥接物质 (ΔGo = -12.4 kcal mol-1)。在较高的 0.6 V 过电势下，金属羧酸中间体 Mn-CO2H2+ 的还原可实现更快的还原优先途径 (∼100 s-1)；然而，这种状态在功能上受到电极表面上电阻性非催化膜形成的限制。与类似的水溶性铼催化剂（kobs = 440 s-1，η = 0.6 V）的比较凸显了地球丰富的锰在低电势催化中的独特机械优势。这些结果证明了阳离子第二球体设计如何能够选择性、均匀地还原水中的二氧化碳，同时揭示控制催化性能的竞争性自由基和电极介导的过程。
91a8379014748b4e,用于预载适应背面压力传感的裂纹互锁金属/弹性体接口,能够解决大静态负载下的小压力变化的柔性压力传感器对于嵌入式和背面安装的监测来说是理想的，其中传感层不能直接暴露于接触表面。然而，大多数高灵敏度压力传感器都针对低压操作进行了优化，并且它们的灵敏度在预载下会降低。在这里，我们报告了一种由两个相对的 PDMS 微脊阵列和薄 Pt 导电层组成的裂纹互锁脊结构。互锁结构将垂直压缩转化为 Pt/弹性体界面处的局部拉伸变形，在设计预紧力附近产生可重复的裂纹介导的阻力转变。由此产生的传感器在转换窗口内表现出 2582.8 kPa-1 的最大局部灵敏度，并在 1000 个加载-卸载循环中保持可重复响应。通过改变夹层厚度，主动传感窗口可以在 50-700 kPa 范围内移动，从而在机械偏置配置中实现预载自适应压力变化检测。作为概念验证，该传感器在背面安装配置中检测施加在重物上的少量额外负载。这种裂纹互锁接口设计提供了一种对嵌入式监控应用的柔性电阻传感器的压力窗口进行机械编程的策略。
0035b190b712e370,从弹跳到泵送：天然粘土纳米杂化物可实现主动界面重塑，以实现高效除草剂输送,在顽固的疏水性叶子上实现有效的农药沉积仍然是可持续农业的关键挑战。目前的策略主要集中在单方面修改液体配方，将叶子表面视为被动基质，并忽略主动固体侧调节的潜力。为了克服这一限制，我们提出了一种使用水性天然粘土纳米杂化物的“双向固液界面调节”策略。这些混合物由凹凸棒土 (ATP) 纳米棒和双(2-乙基己基)磺基琥珀酸钠 (AOT) 精确组装而成，共同提供活性成分。与传统的被动适应不同，该策略实现了“主动界面重塑”。具体来说，表面活性剂迅速降低表面张力以触发初始铺展，而高度各向异性的 ATP 纳米棒物理插入蜡质角质层中。这构建了一个原位超亲水网络，通过结构分离压力和马兰戈尼效应驱动级联润湿转变，最终逆转局部拉普拉斯压力以产生“主动泵送”渗透。针对燕麦的盆栽实验证实，纳米杂化物递送的草甘膦实现了 82.4% 的株高抑制（~3.1 倍增强）。此外，田间试验表明，即使剂量减少 20%，对水稻二化螟的防治效果仍可达 89.56%。这项工作展示了从被动润湿到主动重塑的范式转变，为可持续农用化学品输送提供了一个高度通用的平台。
03ba21cf9bb00605,使用工程大肠杆菌合成聚（4HB-co-PhLA）和聚（3HB-co-4HB-co-PhLA）作为可持续热熔粘合剂,传统的石油基粘合剂是不可生物降解的，会引起环境问题。聚羟基脂肪酸酯（PHA）是由可再生碳源合成的细菌聚酯，由于可生物降解性和结构多样性，是有前途的粘合剂候选者。在这里，我们报道了芳香族PHA共聚物，聚[4-羟基丁酸酯(4HB)-co-苯基乳酸(PhLA)]和聚[3-羟基丁酸酯(3HB)-co-4HB-co-PhLA]，表现出热稳定性和热熔胶(HMA)性能。大肠杆菌菌株经过工程改造，可以从葡萄糖生产这些聚合物，并且通过优化异源表达、引入额外的 CoA 转移酶和暂时调节基因表达来增强聚合物的生物合成。我们应用计算机模拟来系统地识别改善多种单体合成的工程目标。最终的工程菌株产生 10.2 g l−1 的聚（32.7 mol% 4HB-co-PhLA）和 52.8 g l−1 的聚（3HB-co-2.7 mol% 4HB-co-5.6 mol% PhLA）。所得聚合物表现出粘合性能和可重复使用性，扩展了可用的聚合物性能组合。总体而言，我们提出了一种可持续且可扩展的策略，用于微生物生产可重复使用的生物基 HMA，具有可调的粘合性能和实际应用潜力。
6f2adbe9501ad419,巨大次生团块巨星周围的系外行星揭示了 B 型主星,围绕大质量年轻恒星（包括热光谱级 B（B 型）恒星）的系外行星非常罕见，但对于了解行星如何形成和生存非常重要。大多数已知的例子要么是通过直接成像发现的非常遥远的伴星，要么是通过凌日巡天发现的非常接近的行星，而处于中等轨道距离的行星基本上未被探索过。在这里，我们表明可以通过演化的恒星来揭示这个缺失的种群。利用基于太空的恒星振荡和恒星演化模型，我们确定了四颗已知的行星目录恒星：HD 2952、HD 120084、HIP 65891 和 HIP 67537（亨利·德雷珀和依巴谷星表标识符），它们是大质量的氦燃烧巨星。我们重建了它们的诞生特性，发现这四颗恒星最初都是 B 型恒星，在中等轨道距离上拥有巨行星。轨道演化计算表明，当前的系统可以在主序带之后主星的膨胀中幸存下来。这些系统揭示了 B 型恒星周围隐藏的行星群，并将行星形成和生存的测试扩展到以前无法到达的区域。
7e3731309c2bc652,共价稳定高能氧化钒正极，用于可持续水性锌离子电池,"水系锌离子电池是一种很有前途的可持续能源存储系统，但其实际部署受到循环过程中正极结构不稳定性的阻碍，而这一问题受到的关注较少。认识到轨道耦合在金属氧化物中的关键作用，我们通过调节 V2O3 中 V 的电子态来调节氧化钒正极的高压稳定性。氟掺入 V-O 框架会引起不对称电子分布，增强 V-O 轨道重叠并通过增强的 π-和 σ-键加强共价相互作用。这种增加的共价性降低了轴向氧原子的碱性，抑制质子攻击并减轻高充电电压下的结构变形。 F-V2O3 表现出增强的循环稳定性，在 3 A g−1 下经过 60,000 次循环后仍保留 80% 的容量。此外，Ah 级软包电池在 50 mA g−1 下可提供 95 Wh kg−1 的比能量（基于所有电极材料）。具有 3.7 V 输出的实用软包电池组成功为无人机提供动力。在这里，我们展示了共价工程对于稳定氧化物正极的重要性。"
c2104834454397a3,同位旋对称性破坏的双层石墨烯中的巨大非线性霍尔效应,自发同位旋排序从根本上重塑了量子非线性输运，但强相关和对称破缺量子态中非线性响应的本质在很大程度上仍未被探索。在这项工作中，我们研究了一种机制，其中对称性破缺不是静态的，而是在强相关性的驱动下作为电子系统的可调特性动态出现的。使用高质量的双栅极 Bernal 双层石墨烯，我们观察到巨大的非线性霍尔电导率 (9.1 µm S V⁻1)，该电导率在场驱动的同位旋极化相中强烈显现。在这种相关状态下，非线性电导率随线性电导率呈指数缩放，这与传统非线性系统中预期的二次缩放形成鲜明对比。结合量子振荡测量和自洽理论模型，我们的结果表明这种巨大的响应与相互作用驱动的谷极化态密切相关。我们的研究结果表明，自发同位旋对称性破缺是实现巨型非线性量子输运的有效途径，其中相互作用增强的斜散射成为主要的输运机制。
6314be2d2e0a864a,结合人工智能优化的锌指蛋白可提高微型碱基编辑器的效率和靶向范围,碱基编辑器的治疗应用因其尺寸较大而受到限制，超出了腺相关病毒（AAV）载体的包装能力。尽管最近已鉴定出许多紧凑的 CRISPR 蛋白，但由此产生的微型碱基编辑器通常表现出活性降低和靶向范围有限。在这里，我们介绍了一种锌指蛋白 (ZFP) 增强型微型碱基编辑器 (zmBE)，它集成了可编程 ZFP，以提高微型碱基编辑器的效率和目标范围，包括基于 Un1Cas12f1 和 OgeuIscB 的微型碱基编辑器。利用蛋白质语言模型来优化模块化组装设计的ZFP，进一步简化了zmBE的开发。利用这些方法，我们设计了一种 zmBE，它可以有效诱导 SMN2 外显子 7 T:A(6) > C:G 转换，恢复外显子 7 包含，并在通过单个 AAV 载体递送后改善小鼠模型中的脊髓性肌萎缩症。我们的研究为开发用于体内治疗应用的微型碱基编辑器提供了一个多功能平台。
6a55ac198f20d0f7,横向容错分布式量子计算操作,分布式架构是可扩展量子计算的一种途径，但跨嘈杂的模块间链路的容错操作的性能仍然缺乏表征。我们提出了两个关键分布式基元的电路级仿真：横向非局部 CNOT 和使用表面和双变量自行车代码的逻辑隐形传态。然后，我们在常见量子算法的主要子例程中模拟这些分布式原语的使用。由我们的可扩展库横向多代码块模拟器支持的结果表明，在适当的设备上，分布式 qLDPC 横向操作可以优于表面代码格手术，并能够以较低的贝尔对消耗实现高效的并行计算。值得注意的是，我们发现在相同的代码距离和噪声水平下，非局部 CNOT 的逻辑错误率比隐形传态低一个数量级。我们进一步表明，物理错误率 p ~ 10−4 时的代码距离 d ≈ 11，p ~ 10−3 时的代码距离 d ≈ 29（pebit = 10p）足以实现低于 10−12 的逻辑错误率，从而实现大规模算法。这些结果为分布式量子计算中的架构和代码选择提供了关键指导。
4d7d25c0018d205c,PLPP3介导的脂质磷酸去磷酸化的结构基础及其在黑色素瘤中的作用,磷酸脂作为信号分子参与多种细胞过程，如细胞增殖、迁移、血管生成、炎症、免疫和癌症进展。磷脂磷酸酶 (PLPP) 通过催化脂质磷酸盐的去磷酸化来调节这些信号。在这里，我们报告了 PLPP3 的冷冻电镜结构，揭示了四聚体组装。 PLPP3 包含六个跨膜螺旋 (TM) 和一个包含两个细胞外环的细胞外结构域。 TM 1-4 形成一个疏水裂缝，用于固定磷脂的尾部，而胞外结构域则形成一个带正电荷的口袋，以容纳极性头基。该口袋中的两个保守的催化组氨酸残基与先前鉴定为 PLPP3 抑制剂的推定锌离子相配。体细胞突变的结构图谱与功能分析表明 PLPP3 在黑色素瘤中发挥肿瘤抑制因子的作用。总之，我们的研究结果为 PLPP3 的结构、底物参与、抑制机制和癌症相关功能提供了重要的见解。
07852787845e9f6c,基于电光不可逆强耦合的集成多太赫兹可调谐线性隔离器,光隔离器对于激光保护和稳健的信号路由至关重要，并且已经提出了几种基于声光（AO）和电光（EO）时空调制的集成非磁隔离器。然而，剩下的最重要的问题是减轻不需要的边带、实现宽带宽或宽可调性以及具有实用的部署设计。这些挑战中的大多数可以通过波导或谐振器模式之间的非互易强耦合来解决，目的是产生不对称光学色散，但这从未通过电光来实现。在这里，我们展示了一种采用薄膜铌酸锂的紧凑型电光隔离器，这是第一个达到非互易强耦合状态的电光器件。在这种新机制中，隔离器产生非常高的隔离品质因数，并且由于其架构，可以实现线性操作，而产生的边带可以忽略不计。我们还展示了隔离带的太赫兹级（8 nm）可调性，该可调性不受根本限制，并且可以扩展到多太赫兹操作。
c554446cf131298d,纳米粒子组装体中 DNA 编程的电奥斯特瓦尔德成熟,纳米颗粒的奥斯特瓦尔德熟化，即较大颗粒的生长是以较小颗粒为代价的，通常是一个难以控制的热力学驱动过程。在这里，我们报告了接触依赖性、局部电奥斯特瓦尔德熟化，这种机制可以利用纳米粒子的奥斯特瓦尔德熟化作为纳米制造的可编程工具。使用 DNA 折纸精确控制颗粒间距离，我们发现银在金种子上均匀生长，直到纳米颗粒电接触在尺寸依赖性电化学势的驱动下触发不对称成熟。通过对纳米颗粒接触的时间和地点进行编程，我们指导成熟途径，以创建具有增强等离子体特性的设计师异质纳米颗粒结构。在这项工作中，我们阐明了纳米粒子簇中异质银生长的起源，并建立了具有预定形态的工程不对称纳米结构的设计原则，推进了基础胶体纳米科学和等离子体器件制造。
f6e921aeb0e0f233,在学习复杂运动任务期间到达终点会触发小脑活动,复杂环境中的运动需要精确计时和控制爪子运动，以适应步态和协调四肢。小脑被认为支持对这些运动的即时预测和校正，但在需要特定步骤调整的运动过程中，其皮质神经元如何编码爪子动力学仍不清楚。我们开发了 LocoReach，这是一项让老鼠在有梯级的跑步机上行走的任务，要求每走一步才能到达下一个梯级。通过训练，小鼠的表现得到提高，失误更少，步幅更大，摆动速度更快。小脑活动的光遗传学破坏缩短了摆动持续时间，突出了单纯小叶的在线贡献。电生理记录显示，分子层中间神经元和浦肯野细胞在摆动姿势转换时表现出活动变化，主要针对同侧爪子，但也适用于多个爪子。值得注意的是，中间神经元在通过学习获得的较长步幅中表现出更大的反应。这些发现表明小脑活动与步进周期事件精确对齐，支持适应性运动控制。
471a12bdd3042406,2025 年伊比利亚半岛停电导致死亡率过高,2025 年 4 月 28 日，葡萄牙大陆和西班牙发生大范围停电，影响持续约 10 个小时，造成重大电力中断，据报道有 8 人死亡。停电对健康的影响包括医疗设备故障等直接影响和医疗保健中断等间接影响。在这里，我们表明 2025 年伊比利亚大停电与西班牙的死亡率增加有关，但与葡萄牙的死亡率增加无关。我们几乎没有发现事件发生当天死亡率过高的证据。然而，在西班牙，死亡率在接下来的两天内上升（+167 例死亡；95% 可信区间：+28 至 +300；+2.4% 相对增长），特别是在 85 岁以上的女性中。我们还观察到地区差异，但其驱动因素仍然不确定，可能包括中断严重程度、潜在漏洞或当地卫生系统和基础设施条件的差异。这些发现凸显了停电带来的健康负担被低估，以及在气候变化的情况下加强准备的必要性。
7171cf14fa0beee7,leiomodin 延长肌动蛋白细丝尖端的机制,在非肌肉细胞中，肌动蛋白丝表现出可变的长度和快速的周转，亚基主要在有刺的末端添加。横纹肌肌节的情况截然不同，尽管周转速度很快，但肌动蛋白细丝表现出均匀的长度，并且主要在尖端交换亚基。这种丝长度均匀性受到多种蛋白质的严格调节，包括骨骼肌中的分子标尺星云蛋白以及骨骼肌和心肌中的带刺和尖端的帽蛋白 CapZ 和原调节蛋白 (Tmod)。最近的细胞和动物模型研究已确定 leiomodin-2 (Lmod2) 作为一种额外的调节剂，旨在促进尖端伸长以维持细丝长度。这种活性将使莱碘莫丁成为唯一已知的驱动尖端延伸的真核因子，但其分子机制仍未解决。在这里，我们提出了一系列冷冻电子显微镜结构，支持逐步伸长机制，其中两个 Lmod2 分子在尖端交替，同时募集肌动蛋白单体。这些发现建立了肌肉肌节尖端伸长的分子基础，并为理解导致扩张型心肌病的 Lmod2 突变提供了框架。
c4de38d5febac852,用于间质液零偏差纵向监测的无线光门控光电化学微针可穿戴设备,可穿戴化学传感器可以实现持续的健康监测，但间质液的长期测量受到功耗、电化学干扰和穿戴期间信号漂移的限制。在这里，我们展示了一种可穿戴的光控光电化学微针，用于皮下间质液中的零偏差化学监测。该装置结合了耐膨胀的导电水凝胶微针阵列、等离子体增强光电极和用于光激发、电流记录和蓝牙传输的小型化模块。可见光无需施加偏压即可驱动氧介导的氧化还原化学反应，从而减少电化学反应的干扰和电力需求。该可穿戴设备使用尿酸作为代表性分析物，在水合和机械变形下提供无线读数。在雄性大鼠和小鼠中进行了体内疾病模型验证，其中该设备跟踪慢性肾病、糖尿病高尿酸血症和细菌治疗中的尿酸动态，其趋势与血液测量值相关。这种光控微针架构为组织间液化学的纵向监测提供了模块化途径。
7ab7808f7be0835f,海马波纹启动皮层维度扩展以进行记忆检索,过去的经历是如何从记忆中重建的？人们认为学习将外部输入压缩为低维海马表征，随后在回忆过程中扩展到高维皮质活动。海马波纹，即与检索相关的短暂高频爆发，可能会引发这种扩张。通过分析耐药性癫痫患者在情景记忆任务中的颅内脑电图数据，我们发现在正确但不错误的检索过程中，皮质维数随着波纹事件而增加。这种扩展与更快的反应时间和目标关联的恢复相关。至关重要的是，海马θ和皮质伽玛相位-幅度耦合出现在波纹之后但在皮质扩张之前，这表明波纹驱动的通信机制。波纹事件还标志着皮质状态空间中任务相关变量的分离，揭示了海马输出如何重塑记忆表征的几何形状以支持成功的回忆。
010df23f586322e5,描述多重耐药细菌定植新生儿的危险因素、感染来源和临床结果：NeoCol 研究,"抗生素耐药性导致全球新生儿死亡率。为了减轻这种负担，有必要描绘导致新生儿多重耐药 (MDR) 细菌定植的传播途径。我们对 189 名母婴进行了一项前瞻性队列研究，以确定与 MDR 细菌传播相关的危险因素，结果表明，产妇在分娩时 MDR 细菌定植率很高（63%，120/189），新生儿出院时 MDR 细菌定植率很高（61%，115/189）。然而，母体耐碳青霉烯类肠杆菌 (CRE) 的定植率较低 (3%, 6/189)，而住院新生儿中 CRE 的获得发生在中位时间点 13 天 (26%, 50/189)，表明 CRE 的水平传播占主导地位。与未定植的新生儿相比，被 MDR 细菌定植的新生儿更有可能在定植前接触过抗生素（63% vs 24%，p"
6b0ba93b71433a34,脊髓再生采用细胞类型特异性发育和非发育策略来恢复神经元多样性,脊髓损伤研究的一个主要目标是开发内源性再生的途径。这种方法深受自然再生动物模型的启发。一个未解决的问题是这些模型是否仅通过访问神经元分化的发育机制来重建脊髓。为了解决这个问题，我们将条件再生青蛙热带爪蟾再生过程中的单细胞基因表达与阶段匹配的对照进行了对比。我们生成了神经元多样性的扩展图集，注释了几个先前未识别的神经元类别。从该图谱中，我们发现发育中和再生中的脊髓的神经元组成不同。所采用的策略也是如此，这些策略有利于细胞类型特异性神经突投射和引导，然后在再生过程中促进增殖性神经发生。然后，早期神经发生的低水平通过有丝分裂后神经元的运动来补偿。我们的工作强调了不同的发育路径与再生路径对损伤后愈合的贡献。
1f0d005e8853b4b3,在工业相关条件下通过等离激元铜-铁串联催化剂将太阳能产生的二氧化碳转化为碳氢化合物,太阳能驱动的二氧化碳转化为碳氢化合物为碳中性燃料提供了一条可持续的途径，但光热条件下高效的 C-C 耦合仍然具有挑战性。在这里，我们报道了一种钾促进的 Cu2Fe1 串联催化剂，用于在工业相关条件下选择性光热 CO2 加氢。在250 °C和20 bar的光照下，该催化剂对C2+烃类的选择性达到77.4%，C2-5烃产率为5.04 mmol g−1 h−1，在已报道的光热CO2加氢系统中表现出极具竞争力的性能。机理研究揭示了一个串联途径，其中 Cu 促进逆水煤气变换反应生成 CO，然后在原位形成的 χ-Fe5C2 上形成费托型烃。原位 DRIFTS、原位 XRD 和 CO-TPR 分析进一步表明，光诱导的非热效应以及 Cu-Fe 界面的局部加热，促进碳化物形成并加速关键中间体的演化。
1db8be44ede8f15b,通过集成学习和迭代优化，大幅提高作物基因组预测准确性,随着气候变化和全球人口增长，加快优质作物品种的培育对于粮食安全至关重要。基因组预测利用全基因组遗传标记来预测作物性状，在作物智能育种中发挥着重要作用。然而，现有方法往往缺乏跨作物和性状的稳定和准确的性能。在这里，我们提出了GEG2P，一种基于遗传算法的基因型到表型预测的集成学习方法，集成了20个基础学习器，通过迭代优化策略动态选择它们的组合，并使用遗传算法优化它们的权重。与表现最佳的单基学习器相比，GEG2P 对玉米、小麦、水稻、鹰嘴豆和大豆的预测准确度平均提高了 4.02%。我们使用SHAP来量化SNP对表型预测的贡献，发现不同基础学习器捕获的具有较大影响的SNP在功能上是互补的。这项研究为作物育种提供了一种稳健且准确的基因组预测方法。
cbc3318d994bf2a2,振动膜生物反应器增强城市废水处理中的营养物去除和能源效率,膜生物反应器（MBR）广泛应用于城市污水处理，但其广泛采用受到能源密集型曝气和膜污染的限制。在这里，我们报告了振动 MBR (VMBR) 和传统曝气 MBR (AMBR) 系统连续约 800 天的全尺寸（7500 m3 d−1）并行运行，系统地比较了它们的污染物去除性能、长期过滤稳定性、膜污染机制和全生命周期环境影响。结果表明，与 AMBR 相比，VMBR 增强了营养物去除效果，出水总氮降低了 22%，除磷化学剂量降低了 40%。它还表现出增强的抗污染性，在整个运行过程中平均比通量比 AMBR 高 20%。机理分析表明，VMBR 在膜表面产生有效、均匀的剪切力，同时保留污泥絮体结构，从而减轻膜污染。因此，VMBR 将结垢控制的具体能耗降低了 75%，将总体碳足迹降低了 30%。我们验证 VMBR 代表了未来废水处理的可扩展、节能和可持续的技术。
42b1df9196314d2e,使用 UNIChro-seq 对目标位点进行准确、灵敏且高效的染色质可及性定量,疾病风险变异的统计和实验精细绘图的最新进展促使我们关注特定目标位点进行功能研究。然而，当前的遗传学受到目标基因座分析工具箱有限的阻碍。为了解决这个问题，我们提出了 UNIChro-seq，一种对目标位点上可访问的染色质分子进行数字计数的方法。与传统方法相比，UNIChro-seq 可以准确、灵敏且高效地量化等位基因效应。使用 UNIChro-seq，我们研究了 57 个自身免疫风险等位基因对染色质可及性的影响，并估计了通过基因组编辑生成的 20 个人工变异的因果影响。需要注意的是，编辑的等位基因的一个不可忽略的部分对染色质可及性表现出错误的积极影响，可以通过双向基因组编辑将其与真正的因果效应有效地区分开来。最后，对 LEF1 基因座的精细定位风险变异的功能剖析阐明了其与类风湿性关节炎中 T 细胞失调的相关性。总之，这些发现强调了将 UNIChro-seq 与基因组编辑技术相结合的实用性，可以对疾病相关位点进行精确且可扩展的功能分析。
cc6c604d0b00fc4f,跨神经系统的软液态金属接口监测时间干扰刺激的神经动力学,神经调节被广泛用于增强神经活动和恢复受损的电路，但目前的方法存在侵入性、深度有限或空间分辨率差的问题。时间干扰刺激（TIS）已成为一种非侵入性方法，通过高频电场的干扰来调节大脑深层区域，从而实现空间选择性。尽管它具有潜力，但其生理效应仍未被探索。在这里，我们提出了一种定制的基于液态金属的神经接口，用于记录从大脑类器官到小鼠大脑等不同神经组织对 TIS 的电生理反应。界面的柔软性最大限度地减少了侵入性，同时确保稳定地进入深层神经区域。电生理学分析揭示了 TIS 诱导的神经发育和功能连接动力学。此外，我们研究了潜在的神经动力学，呈现群体水平的神经活动，以比较不同复杂性和成熟度的模型的反应。通过将软神经接口与多尺度分析相结合，这项研究揭示了神经调节如何塑造神经动力学并支持未来治疗策略的发展。
42182d7b10568666,Leiomodin 2 是肌动蛋白丝的持续性尖端延长剂,肌动蛋白细胞骨架驱动细胞迁移和肌肉收缩等重要过程。虽然倒刺端聚合已被广泛接受，但长期以来，尖端伸长被认为在体内是不可能的。在这里，我们证明了 Leiomodin 2 (Lmod2) 定位于横纹肌细胞中的细丝尖端，充当肌动蛋白聚合酶，用于尖端伸长。单分子和单丝成像显示，Lmod2 在体外仍持续与尖端结合，即使在细胞质中存在高浓度的 profilin 的情况下也能实现伸长，否则会导致游离尖端解聚。动力学分析表明，Lmod2 介导的延伸通过相连的两步机制进行，其中单体添加之后在 Lmod2 结合的尖端处发生一级转变，这限制了高肌动蛋白浓度下的延伸。 Lmod2 的活性在原肌球蛋白存在的情况下也持续存在，强调了其生理相关性。 Lmod2 的持续合成能力和延伸率均取决于其 WH2 结构域。值得注意的是，人类扩张型心肌病相关的 Lmod2 突变大大降低了 Lmod2 的尖端伸长活性，为疾病进展提供了潜在的机制，并支持了 Lmod2 介导的聚合在肌肉肌节形成和维持中的作用。
69a1d108776c3b55,GeTeC 纳米复合薄膜的超低导热率：对存储器和热电应用的影响,单击复制部分链接 部分链接已复制！在相变材料中实现超低导热率是降低存储器件功耗同时保持功能性能的关键挑战。在此，我们报道了一种结晶 GeTe-非晶碳纳米复合薄膜，其导热系数极低，与纯 GeTe 相比，在室温下导热系数降低高达 80%。热导率仍然非常低，并且与温度的关系很弱，在 300 到 660 K 之间仅从 0.62(5) W m–1 K–1 增加到 0.82(4) W m–1 K–1。这种剧烈的抑制源于声子和电子热传输的联合减少。在强弹性对比的驱动下，GeTe/C 界面处的声子散射增强，并且由于 Ge 空位和无定形碳区域的散射而导致空穴迁移率降低，从而得到补充。尽管功率因数有所下降，但超低的热导率弥补了这种影响，导致热电品质因数仅略低于纯 GeTe。抑制热传输、高结晶温度和保留热电性能的独特组合使这种纳米复合材料成为低编程电流的低功耗相变存储器（PCM）应用的有希望的候选者。 ACS 出版物 © 2026 作者。美国化学会出版
1792d46ef1fa1742,用于直接墨水书写的水性 MWCNT-聚氨酯墨水的多尺度设计：用于吸收为主的 EMI 屏蔽、传感和热管理的高导电性和风干结构,由于原始多壁碳纳米管（MWCNT）的疏水性表面和强烈的成束倾向，获得稳定、可印刷的水分散体仍然具有挑战性。在这里，我们提出了一种混合多尺度设计策略，使多壁碳纳米管能够形成适合直接墨水书写（DIW）的导电水性聚氨酯（WPU）墨水。该方法采用可持续的两步组装：超声辅助将异佛尔酮二异氰酸酯硬链段模板化到多壁碳纳米管上，以促进界面润湿，然后进行乳化，将 WPU 纳米颗粒组织成“游泳环”混合结构，形成聚合物介导的水性网络。该过程将不稳定的多壁碳纳米管悬浮液转化为均匀、高导电性的分散体。通过集成磁性氧化石墨烯和海藻酸钠来生产用于高保真 3D 打印和沉积后交联的流变可调油墨，从而实现室温干燥、致密且灵活的结构，从而实现特定应用的功能。由此产生的混合体表现出多功能性能，包括以吸收为主的电磁干扰屏蔽，1毫米处的总屏蔽效能为42 dB，吸收反射系数比（A/R）为1.27，响应时间约为111毫秒的快速压阻传感，以及在0.5 V时达到40 °C和在9 V时达到100 °C以上的高效焦耳加热。
043b9f420902d4d3,构建半相干TiO 2 异质界面以实现快速稳定的双波段电致变色,双波段电致变色智能窗能够独立调节可见光 (VIS) 和近红外 (NIR) 光，为降低建筑能耗和提高居住舒适度提供了巨大潜力。然而，它们的实际应用往往受到光调制不足、开关速度慢和循环稳定性差的限制。在这项研究中，我们通过两步原位定向生长策略设计并制造了分级二氧化钛纳米棒/纳米片（TNR/TNS）异质结构薄膜。金红石相 TiO2 纳米棒首先在 FTO 基底上水热生​​长，利用高晶格相容性形成单晶电子通道和机械支架。随后，锐钛矿相 TiO2 纳米片外延生长到纳米棒上，形成具有半共格界面（晶格失配~0.1）的互穿多孔结构，有利于有效的电荷转移和离子扩散。由此产生的 TNR/TNS 复合薄膜表现出显着的双波段调制能力，在 1300 nm（“亮冷”状态）下光学调制为 60.2%，在 700 nm（“隐私-绝缘”状态）下光学调制为 65.1%，同时具有快速切换动力学。此外，由于结构缓冲、强界面粘附和高效离子/电子传输的协同效应，它表现出显着的循环稳定性，在2000次循环后仍保持其原始光学调制的92%。该工作为构建高性能电致变色材料提供了基于晶相和界面工程的有效策略
fd08fb602f15c9ac,精确控制手性 COF 中吡咯烷催化中心的数量以增强不对称催化,手性共价有机骨架（COF）在不对称催化领域具有巨大的潜力。然而，目前报道的手性COF催化剂通常含有有限的手性催化位点，导致反应时间延长和催化产物的对映体过量（ee）值较低。因此，精确调节手性COF框架中手性催化中心的数量以增强不对称催化性能仍然具有挑战性。本研究通过手性单体的对称性控制，精确构建了三种具有不同数量吡咯烷催化中心的手性COF，并研究了它们在多相不对称催化中的应用。值得注意的是，手性COF的不对称催化性能与孔内吡咯烷催化中心的数量密切相关。高密度的催化位点显着提高了催化反应的活性和对映选择性。值得注意的是，每个孔道含有6个吡咯烷催化中心的L-DATDP-Tz COF在环己酮和对硝基苯甲醛的反应中表现出优异的催化性能，仅一天内就实现了91%的产率和88%的ee。这一性能远远超过了每个孔道仅具有 3 或 4.5 个吡咯烷催化中心的对应物以及大多数其他报道的手性 COF。该研究为手性COF催化位点密度的精确调控提供了重要见解，为设计具有高效不对称催化性能的COF催化剂提供了新的视角。
cbfeafd006c8be00,植物氮获取策略的全球变化及其对氮可用性下降的反应,"植物采用三种氮获取策略来支持生产力：根部从土壤中吸收、共生固定以及衰老叶子的再吸收。然而，它们的全球变化和协调仍然知之甚少。在这里，我们汇总了 3,193 个现场观察结果，并使用机器学习来绘制这三种策略并量化它们的相对贡献。我们估计全球氮吸收、固定和再吸收分别为 559.2 ± 56.5（平均值 ± 标准差）、125.5 ± 7.2 和 279.3 ± 5.0 Tg N yr−1，分别占植物总氮获取的 58%、13% 和 29%。它们的全球变化主要由温度和水条件决定。氮的吸收在全球范围内占主导地位，特别是在温暖、潮湿的低纬度地区，而吸收在干旱和寒冷的环境中更为普遍。相比之下，固定的贡献相对较小，一些热点地区位于热带地区和北部高纬度地区。值得注意的是，我们发现氮获取策略发生了显着变化——从吸收到固定和再吸收——沿着氮可用性下降的梯度。这些结果表明植物氮获取策略在空间上协调调整以响应不断变化的氮条件，并为协调氮策略如何塑造陆地氮循环及其与碳汇的耦合提供了见解。"
864cfecf59d3033b,微生物硫氧化途径的进化轨迹概括了地球的氧化历史,由微生物硫氧化（Sox）多酶复合物介导的异化硫氧化在地球的氧化硫循环中发挥着核心作用。然而，导致其当前复杂性的进化轨迹仍然知之甚少。在这里，我们将扩展的基因组记录与地球化学证据相结合，以沿着地质时间线重建 Sox 系统的自然历史。我们的分析追踪了大氧化事件 (GOE) 之前截断的 Sox 系统 (SoxABXYZ) 的起源。这种早期形式后来与逆异化亚硫酸盐还原酶（rDsr）组装在一起，促进了缺氧太古宙期间硫酸盐形成的原始途径。随着 GOE 后大气中氧气的上升，截短的系统纳入了 SoxCD 组件，与 rDsr 耦合替代方案相比，演变成一种更微调、更适应氧气的途径。这些 Sox 途径变体随后的传播受到原核宿主的氧气需求和系统发育背景的限制，塑造了微生物硫氧化的现代生态景观。辅助 Sox 成分的病毒招募标志着最新的进化事件，使得能够在数百年至数千年的时间尺度上直接操纵硫循环。总的来说，重建的分子时间线为全球氧化硫循环的进化动力学及其与地球不断变化的环境数十亿年的相互作用提供了更深入的见解。
b71d11bd66a0757a,通过多层涂层工程增强钨青铜基铁电体和 MLCC 的能量存储,高功率脉冲系统需要具有高能量密度和效率的介电电容器。尽管钙钛矿陶瓷在该领域占据主导地位，但同时实现高性能和耐疲劳性仍然是一个重大挑战。我们的研究通过将 Ba1-xSrxTiO3 第二相纳入钨青铜型 Ba1-xSrxNb2-yTayO6 基体中，然后用 SiO2 层进行化学涂层来实现这一目标。所制备的陶瓷的能量密度为21.1 J/cm3，效率为84.5%。此外，通过将合理的多层陶瓷电容器设计与厚度效应相结合，获得了23.2±1.2J/cm3的能量密度和92.8±0.4%的改进效率，创下了钨青铜基陶瓷和电容器的能量密度记录。双核壳结构和成分梯度会引起晶格失配，从而提高极化和击穿强度。制造的器件在不同的频率、温度和疲劳循环条件下也表现出卓越的稳定性。
907ef4a18f03484f,胺连接的异孔共价有机框架用于协同抗感染治疗创伤后骨髓炎,酸性病变中的细菌生物膜和药物输送系统的破坏阻碍了创伤后骨髓炎（PTO）的治疗。在这里，我们使用还原胺化策略开发了一种耐酸胺连接的异孔共价有机框架（ARCOF）。这种方法克服了传统COF由于高键合强度和结晶可逆性之间的权衡而导致的化学稳定性和药物输送能力不足的问题。 ARCOF 预先设计的异环境通道能够协同负载万古霉素和抗生物膜剂非洛地平。当与磷酸钙骨水泥结合时，两种药物在炎症条件下均表现出持续释放超过 240 小时。在大鼠 PTO 模型中评估治疗效果，其中共传递系统通过破坏生物膜完整性来显着增强抗菌功效，同时调节局部炎症微环境以支持骨组织恢复。该策略提供了一种综合的局部递送方法，以克服骨髓炎治疗中的药代动力学障碍和生物膜耐药性。
52e4570ff297935c,组蛋白乙酰化差异调节 CTCF-CTCF 环和 TAD 内相互作用,粘连蛋白复合物通过挤压环和组织拓扑关联域（TAD）来构建人类细胞的间期基因组，但染色质状态如何调节粘连蛋白-染色质相互作用仍不清楚。在这里，我们发现曲古抑菌素 A (TSA) 诱导的组蛋白高度乙酰化选择性地破坏短程 TAD 内相互作用，同时在很大程度上保留 CTCF 锚定环。这些不同的反应定义了两个功能性粘连蛋白群：与动态环挤出相关的 TSA 敏感池，以及通过拓扑捕获维持的 CTCF 位点的 TSA 抗性池。使用具有 TEV 可裂解 RAD21 的半体外系统，我们证明超乙酰化增加了 CTCF 锚定环对粘连蛋白环裂解的敏感性，支持其稳定性的拓扑基础。我们进一步在 CTCF 位点鉴定了 TSA 敏感的粘连蛋白部分，表明存在短暂的、非环绕的中间体。总之，我们的结果表明，粘连蛋白以不同的生化状态存在，可以差异调节染色质环的稳定性和对表观基因组扰动的反应性。
066b9addcda14c7c,病毒合胞体进化以抵抗干扰素,与许多病毒一样，SARS-CoV-2 会产生合胞体，但合胞体形成在病毒进化中的作用仍不清楚。使用 SARS-CoV-2 和 SARS-CoV-2 Spike (S) 替代性水泡性口炎 (VSV)，我们发现 S 介导的合胞体会损害培养细胞、人肺细胞培养物和 hACE2 转基因小鼠中干扰素的抗病毒作用。调节 Delta 和 Omicron 编码的 S 中合胞体形成的氨基酸取代对病毒干扰素抗性具有平行作用。 S介导的合胞体损害培养细胞中抗体介导的病毒中和作用。我们概括了 VSV、流感病毒和季节性冠状病毒 OC43 感染中正呼肠孤病毒 p14 融合相关小跨膜 (FAST) 蛋白产生的合胞体中的干扰素和中和抗体抗性。这些发现解释了人类中 SARS-CoV-2 融合变异的选择，以及更普遍的解释了由适应性和先天免疫驱动的融合病毒的进化。
497379ca0a8a9929,用于可持续钠离子全电池的具有阴离子增强溶剂化化学的无氟乙腈基电解质,乙腈基电解质由于其高离子电导率和良好的抗氧化性而在钠离子电池中引起了广泛关注。然而，它们的实际应用受到不令人满意的抗还原能力的阻碍，导致与硬碳阳极的兼容性差，从而导致容量快速下降。在这里，我们采用广泛使用的商业碳酸酯溶剂（碳酸甲乙酯）来调节无氟乙腈基电解质中的离子偶极相互作用。碳酸甲乙酯相对较弱的溶剂化能力有利于更多的阴离子参与内部溶剂化鞘层，从而促进在较宽的温度范围内形成坚固的电极-电解质界面。这种稳定的界面有效地抑制了电解液的连续分解，显着提高了无氟乙腈基电解液与硬碳阳极之间的相容性。因此，优化后的电解液使硬碳||普鲁士蓝全电池能够在较宽的温度范围（25-100℃）内稳定运行，在55℃和1.0℃下循环600次后容量保持率为62.5%。值得注意的是，安时级硬碳||普鲁士蓝软包电池在25℃和55℃下均提供一致的电化学性能。这项研究阐明了共溶剂工程在增强无氟乙腈基电解质的还原稳定性方面的机制作用，并为其实际应用提供了可行的电解质设计策略
1b6592a48293da70,通过共价有机骨架增强聚合物电解质工程离子迁移和界面化学用于快速充电钠固态电池,"固态钠电池为安全且经济有效的能量存储提供了一条有前途的途径，但其实际实施仍然受到将快速离子传输与稳定的电极-电解质界面耦合的困难的限制，特别是在快速充电和长循环条件下。在此，我们报道了一种通过协同结构和化学调控开发的共价有机框架/聚（丙烯酸钠-共氟化乙烯）（COF/PNSE）复合电解质。对齐的纳米多孔 COF 提供连续的 Na⁺ 传输路径，同时机械增强 PNSE 基质，在 30 °C 下提供 1.2 mS cm−1 的离子电导率。这种集成电解质可实现强大的钠金属兼容性，如对称钠电池在 85 mV 低极化和 1.9 mA cm−2 临界电流密度下运行 6,750 小时所证明的那样。娜 | |Na2/3Ni1/3Mn2/3O2 电池在 1 A g−1 下提供 82.5 mAh g−1，并在 100 mA g−1 下循环 1,000 次后保留 77.2% 的容量，同时在 4.2 V 下 180 次循环中保持 92.7% 的保留率，在 1 A g−1 下 2,000 次循环中保持 83.5% 的保留率。 Ah 级软包电池在 1 A 电流下循环 488 次后仍保留 87.3% 的容量。机理分析表明，COF 框架引导均匀的 Na 沉积并促进双梯度 NaF/Na2O 富集界面相，抑制枝晶生长并稳定两个电极。这些发现为未来固态钠电池的复合电解质设计提供了信息。"
0578c0c4a8087195,全市范围的宏基因组学揭示了城市废水中的微生物群落和抗性组动态,城市废水系统连接医院、住宅社区、交通枢纽和废水处理厂，为微生物和抗生素抗性基因（ARG）的传播创造了机会。在此，我们对中国厦门市的废水进行了为期三个月的全市宏基因组调查，包括来自 7 个医院场所 (n = 16)、27 个住宅场所 (n = 55)、16 个废水处理厂场所 (n = 159) 和个别国际航班 (n = 22) 的 252 个样本。基因组解析分析揭示了废水源中特定来源的微生物群落结构、抗性组谱、谱系共享模式以及 ARG 和移动遗传元件之间的关联。医院废水含有最多样化的耐药组，而国际航班废水则引入了当地废水网络中不存在的微生物类群和抗耐药基因。废水处理厂从多个上游来源积累 ARG，表现出频繁的谱系共享和潜在水平基因转移的信号。与环境内共享相比，跨环境谱系共享与较低的核苷酸多样性相关，这与可能的遗传瓶颈一致。在潜在的相关因素中，pH 值与微生物多样性和抗药性组成具有很强的非线性关联。这些发现表明，城市废水系统作为微生物和抗逆转录病毒传播的互连网络发挥着作用，并确定了有针对性的抗菌药物耐药性监测的潜在热点。
848763b4f5c39b6b,致密光热膜中的承压水选择性高速公路可实现复杂废水的超快速净化,太阳能驱动界面蒸发（SDIE）是一种可持续的、碳中和的淡水生产方法。然而，同时实现高蒸发率和高效去除仍然具有挑战性，特别是对于化学和电子制造过程中富含浓离子和强极性挥发性有机化合物 (VOC) 的废水。在这里，我们报告了致密光热膜（DPM）内的受限水选择性高速公路，用于超快速净化此类复杂废水。通过机械压缩和亲水聚合物的合理选择，DPM 的层间纳米结构和化学环境以分子精度进行设计。由于空间位阻和化学选择性的协同作用，这种结构能够优先水传输，同时有效排除高浓度离子和强极性VOC。 DPM 在 1 kW m−2 下表现出 2.58 kg m−2 h−1 的高水蒸发率。 DPM 在各种接近饱和的高盐溶液（20 wt% 盐度）中保持稳定的性能超过 200 小时，即使在非常高的浓度下，也能够从常见（例如苯、甲苯、苯酚）和强极性 VOC（例如乙醇、异丙醇、正丁醇）中收集清洁水。设备集成进一步证明了其处理复杂废水的可扩展性，凸显了分子工程界面结构对于在挑战性条件下高效 SDIE 的重要性。
c32b84debd2bfaeb,配体中继催化能够实现 N-杂芳烃的不对称迁移脱芳环化,"手性 N-螺杂环是配体、功能材料和药物发现的独特但具有合成挑战性的支架。在这里，我们展示了钴催化的缺电子 N-杂芳烃的不对称迁移脱芳香环化反应的构建。这种转化的成功取决于动态配体中继催化策略，其中两个不同的配体协同工作：一个促进1,4-钴/氢化物转变，另一个控制对映选择性脱芳环化，以高效率和选择性传递手性N-螺杂环。"
c94214c89fe7eb6a,通过金属泡沫集成提高分段热电装置的抗热震性,热冲击失效限制了高性能分段热电器件在太空探索等极端环境下的长期可靠运行。以方钴矿-Bi2Te3分段热电腿为例，我们表明热冲击失效源于焊料和热电材料之间的热膨胀不匹配引起的热应力集中。为了解决这个问题，我们设计了镍泡沫复合焊料层，其网络约束焊料基体，减少其有效热膨胀，同时通过热冲击期间的塑性变形吸收应变能。具有镍泡沫复合焊料层的支腿可承受七次热冲击，且界面完好，预计使用寿命约为 133 次冷启动循环，比具有传统焊料层的支腿高约 6 倍。金属泡沫复合材料焊接策略为提高热电器件在极端热条件下的稳定性提供了一条实用途径，并支持其未来的应用驱动开发。
ab93b1235e6ef080,无定形分子固体中的类弛豫铁电响应和非手性-手性转换,有机铁电体提供了一个分子平台，可将极化动力学与分子设计、光响应性和手性光学功能（包括光触发的非手性到手性转变）相结合，但这些响应仍然受到固态晶体堆积的强烈影响。在这里，我们玻璃化了一种水杨基苯胺衍生物，该衍生物经历了紫外线触发的非手性到手性的转化，并表明结构无序能够在非晶态分子固体中耦合手性光学和铁电响应。玻璃化状态失去长程有序，同时保留空间异质局部极性响应，给出约 5.7 kV cm-1 的矫顽场和约 26 μC cm-2 的最大可切换极化。它还表现出比晶体对应物从手性光活化态恢复快一个数量级。此外，圆偏振光会产生螺旋度相关的介电和热响应，并且 (S)- 和 (R)- 对映体之间具有镜像对称行为。这些结果将单组分非晶分子铁电体中的光致对称切换与类弛豫偶极动力学联系起来。
dec6a3234ee63a7f,炔烃迁移插入实现了未活化外消旋联芳基的动态动力学不对称脱芳构化,催化不对称脱芳构化已成为将平面芳香族化合物转化为有价值的三维手性结构的有效方法。在此，我们报道了通过炔迁移插入非活化萘衍生物的钯催化对映会聚脱芳构化。与将外消旋联芳基底物转化为对映体纯化合物的现有方法不同，这项工作代表了外消旋未活化联芳基系统的动态动力学不对称脱芳构化的罕见策略。定制设计的不对称多氟亚磷酰胺配体可实现高反应性和立体控制。机理研究证实了对映体收敛途径，将构型不稳定的联芳基底物转化为对映体富集的螺骨架。产物和配体对映纯度之间的线性相关性支持活性催化物质中 Pd/配体的比例为 1:1，密度泛函理论计算提供了进一步的机理见解。通过放大反应和下游衍生化，包括中心到轴的手性转移过程，进一步证明了合成效用。
d10367b97b416e09,他汀类药物诱导的脂质载体应激揭示了β-内酰胺耐药革兰氏阳性菌的保守脆弱性,耐甲氧西林金黄色葡萄球菌通过变构转肽酶青霉素结合蛋白 2a 抵抗 β-内酰胺抗生素，该蛋白在富含葡萄球菌黄素的膜微域内发挥作用。他汀类药物通过破坏这些微结构域并削弱青霉素结合蛋白 2a 寡聚化来恢复敏感性，但抵抗这种再敏化的机制仍不清楚。在这里，我们通过在缺乏功能性葡萄球菌黄素途径的菌株中进行进化实验表明，gdpP（环二腺苷单磷酸信号传导的调节剂）的突变是在膜微区破坏期间恢复苯唑西林抗性的主要途径。这种适应被辛伐他汀阻断，揭示了一种合成的致死相互作用。从机制上讲，辛伐他汀抑制甲羟戊酸途径，耗尽必需的脂质载体磷酸十一异戊二烯酯并加剧肽聚糖前体失衡，这种效应与杆菌肽等脂质载体靶向抗生素相似。尽管补偿性突变可以恢复抵抗力，但它们会在体内造成适应性成本。重要的是，这种脆弱性延伸到了肺炎链球菌，揭示了克服革兰氏阳性病原体中β-内酰胺耐药性的保守策略。
beeedc4acbf43ee2,酯酶响应自组装 Torkinib 前药纳米颗粒通过巨噬细胞 mTOR 抑制减轻动脉粥样硬化,由于未解决的斑块炎症和巨噬细胞功能障碍，动脉粥样硬化仍然是对人类健康的主要威胁。尽管刺激响应纳米载体（例如 pH 或 ROS 敏感系统）已被用于靶向药物输送，但它们在动脉粥样硬化病变中存在信号梯度适中、空间异质性或不可预测的释放等问题。在此，我们报道了一种酯酶响应性、无载体自组装前药纳米平台（LPNP），该平台利用动脉粥样硬化斑块独特的病理微环境来靶向抑制病变巨噬细胞中的 mTOR。 mTORC1/2 双重抑制剂 Torkinib (PP242) 通过不稳定的酯键与亚油酸 (LA) 共价结合，无需外源载体即可自发形成纳米颗粒。这种酯键在体循环期间保持稳定，但可以被细胞内酯酶有效裂解（在巨噬细胞衍生的泡沫细胞中高度活跃），从而实现病变特异性药物释放。在体外，LPNP很容易被巨噬细胞内化，抑制S6K磷酸化，激活自噬，降低ROS水平，上调ABCA1/ABCG1介导的胆固醇流出，从而减少脂滴积累并促进M1到M2复极化。在 ApoE-/- 小鼠模型中，LPNP 给药可显着减少斑块负荷、增加胶原蛋白沉积并增强斑块稳定性，而不会改变全身脂质分布或引起明显的毒性。总的来说，这种酯酶响应性前药策略将无载体自组装与巨噬细胞关联结合起来
85d4b47d5dd58089,固态核磁共振观察 LaAlO 3 钙钛矿纳米粒子的表面终止,纳米晶体表面通常会经历重建，通常以非平凡的方式将其与块体结构区分开来。了解这些终止对于不同领域至关重要，从多相催化到拓扑态的形成和半导体纳米材料的合成。确定表面结构目前是一项跨学科任务，通常涉及高分辨率电子显微镜和表面电子衍射。然而，这些方法并没有提供样本中存在的结构整体的全局视图。在这里，我们展示了表面敏感固态核磁共振（SSNMR）光谱方法如何弥补这一差距。在此背景下，我们研究了铝酸镧（LaAlO3）钙钛矿纳米粒子的表面结构。之前已经观察到这种材料的四个不同的表面终端，但它们的相对丰度未知。使用一系列双共振和三共振 SSNMR 方法探测表面 1H、27Al、17O 和 139La 核的相对接近度，我们得出结论，表面大部分由 AlOx 终止（80%），并具有大量（20%）LaOx 终止区域。
f14815adae604754,可交换质子化学位移的定量预测,由于溶质-溶剂相互作用和分子动力学的综合影响，准确预测溶液中可交换质子的核磁共振化学位移仍然具有挑战性。我们引入了一个将机器学习分子动力学 (ML-MD) 与 ShiftML3 机器学习屏蔽模型集成的框架，用于快速准确地预测溶剂化分子中的 NMR 谱。虽然 ShiftML3 最初是为固体开发的，但它可以有效地捕获溶液中分子间对屏蔽的贡献。我们在一系列化学多样化的系统中验证了该方法，包括有机溶剂中的水、溶剂化醇、氢键核碱基、葡萄糖端基异构体和烷基化乙酰胺。 ML-MD + ShiftML3 框架以接近定量的精度再现了实验观察到的可交换质子的化学位移，解决了隐式溶剂 DFT 无法捕获的微妙氢键和构象效应。这些结果表明 ML-MD + ShiftML3 是一种可转移且计算高效的方法，可将溶剂化和动力学纳入 NMR 光谱中，从而能够对灵活、氢键和复杂的分子系统进行真实的化学位移预测。
d4d1cacdaa2726c4,使用 2-碘辛烷电解质添加剂回收非活性锂，实现两年使用寿命内的超稳定锂金属电池,单击复制部分链接 部分链接已复制！高能量密度锂金属电池能量衰减的主要原因是非活性锂的积累，包括锂枝晶生长引起的非活性金属锂和副反应产生的锂化合物，这降低了阳极利用率并阻碍了锂离子传输。因此，开发能够抑制锂枝晶生长并稳定界面结构的电解质添加剂至关重要。在这里，我们将2-碘辛烷引入电解质中，其在阳极发生反应并在阴极被氧化，生成I 3−/I− 氧化还原介质，将不活泼的Li 转化为Li 2 O 并回收Li 离子。由于回收了不活泼的锂，半电池表现出高达 99.03% 的库仑效率，同时抑制了锂枝晶的生长。因此，对称电池在2 mA cm−2下表现出三倍的稳定性，具有730天的超长寿命，而软包电池在100次循环后仍保留超过88%的容量，展现出巨大的商业应用潜力。 ACS 出版物 © 2026 美国化学会
787f8710f87d3dfb,空位工程使镁金属电池 NASICON 阴极具有超低电压迟滞,单击复制部分链接 部分链接已复制！可充电镁金属电池由于其高容量、安全性和资源丰富而具有吸引力，但其发展受到严重极化和缓慢的阴极动力学的限制。在此，通过NASICON型NaTi 2(PO 4) 3 中的Mg取代实现了阳离子空位工程策略。优化的 Mg 0.25 Na 0.5 Ti 2(PO 4)3 正极表现出低电压滞后 (0.05 V)、高倍率性能（500 mA g−1 时容量保持率为 87%）和长期循环稳定性（500 次循环后容量保持率为 81%）。概念验证软包电池可提供 0.067 V 的低极化电压。机理研究揭示了 Mg−Na 混合离子存储机制，其中 Na+ 主要控制可逆阴极反应，而 Mg 金属在阳极经历可逆剥离/电镀。空位工程有效调节离子传输和结构可逆性，实现高度稳定的电化学操作。这项工作证明了空位工程是开发用于镁金属电池系统的高性能 NASICON 阴极的有效策略。 ACS 出版物 © 2026 美国化学会
0a1f9744ec5ef733,认识海洋热浪对人类健康的影响,尽管海洋热浪的物理和生态影响已广为人知，但其对人类健康的连锁后果仍知之甚少。我们认为，海洋热浪造成的身心健康风险日益增加，必须将其视为一个独特的核心气候问题，需要采取预防性行动。
c8d9a12ed46e9a13,用于可持续液流电池的高性能超薄膜,Superphane笼在膜中构建了精密设计的亚纳米通道，实现了Grotthuss驱动的快速质子传导和尺寸排阻选择性。该设计同时通过有限的超分子相互作用抑制水迁移，从而使酸性液流电池的每次循环容量衰减达到创纪录的低水平，仅为 0.008%。
67277b5da63bef7a,欧洲湿地的详细地图揭示了被忽视的生态系统斑块,卫星图像已通过机器学习算法进行分析，以生成湿地环境的高分辨率地图，这对保护工作来说是一个福音。
f8ffb4260d1151e6,每日简报：如何进行行业采访,职业教练对行业职位的多阶段面试进行了一些阐述。此外，睾丸组织移植和“建筑环境疾病”造成的致命损失已经恢复了男性产生精子的能力。
6523141baf318a32,美国国立卫生研究院病毒学家走私指控引发政治轩然大波,其他研究人员表示，行李中的非传染性病毒样本不会构成风险，但可能违反了进口规定。
58f94b98a38fefe1,预见科学：如何让您的研究面向未来,从一开始就预测研究项目可能成功或失败的各种方式可以避免以后出现问题。以下是具体操作方法。
b1cc78284e14499f,大规模研究首次发现边缘型人格障碍的遗传线索,迄今为止对这种疾病进行的最大规模的遗传分析发现了人类基因组中的 11 个相关位置。
fa76dd9bb22e01f8,我的行业职位面试毫无进展。我如何让自己脱颖而出？,一名试图进入行业职位的博士后研究员希望获得帮助来获得吸引力并通过第一个面试阶段。
ed80f16168bb6585,工程竹子作为负碳材料的多尺度平台,竹子是一种快速生长的木质纤维素资源，它结合了高生物质生产力和在长寿命材料中封存大气碳的能力。本综述将竹子视为碳意识材料设计的多尺度平台，将分层结构、键选择性化学、加工、耐用性和生命周期核算联系起来，以确定竹子衍生产品何时可以大规模储存碳、取代排放并提供可靠的气候效益。
d1c1a19da6c22077,卫星测绘揭示了全球 145 个国家湖泊水质的不平等,"首次可以对各国的全球湖泊水质进行一致评估。对 145 个国家 16,409 个湖泊的卫星机器学习评估显示，只有三分之二的湖泊达到可持续发展目标水质标准，暴露了影响数十亿人的淡水安全方面的严重不平等。"
0db56e81037ac56e,逐步协调的聚合物纳米平台可实现无痕胞质蛋白递送和自噬阻断，从而增强肿瘤治疗,细胞内化和内体逃逸后蛋白质的自噬降解对细胞内蛋白质递送提出了重大但尚未充分研究的挑战。这凸显了对能够同时实现胞质递送和自噬抑制的递送载体的需求。在这里，我们报告了一种基于定制的两亲性三嵌段共聚物（mPEG-b
d471882332146df0,吩嗪酮支架中的多个异质氧化还原中心，用于高能量密度水流电池，实现持久的能量存储,在碱性介质中运行的有机氧化还原液流电池（RFB）因其固有的安全性和环境兼容性而引起了广泛关注。然而，传统的醌基和酮基阳极电解液存在电子转移数低（每个分子≤2 e-）、不可逆异构化和浓度依赖性副反应的问题，最终限制了它们的能量密度和长期循环稳定性。在这里，我们引入了一种分子工程策略，利用异质氧化还原中心的共轭来融合不同的氧化还原活性基序，从而创建一种能够进行 6 电子转移过程的新型复合吩嗪酮分子。这种多异质氧化还原中心融合支架不仅克服了传统结构的固有局限性，而且在碱性电解质中表现出强大的动力学和化学稳定性。由此产生的化合物提供了创纪录的 79.3 Ah L-1 容量，并可维持超过 3500 个周期（198.5 天）的稳定运行，为下一代高能量密度、耐用和可持续的储能技术提供了可行的途径。
849223e946e8774f,金属有机框架玻璃的改良触感,无机玻璃的结构和性能可以使用简单的化学添加剂来调节，这有助于其广泛使用。现在，金属有机骨架玻璃已通过添加碱性苯并咪唑盐进行改性，从而能够调节其性能。
44fd0bec70bac31c,适合大众的梯形分子,双环（2.2.0）己烷（“梯烷”）的应变释放转化尚未得到充分研究，因为它们难以合成。现在，一种方法可以更容易地获取此类分子，并证明它们在环加成反应中的实用性，以产生药物化学有用的结构。
52a6a4c8444392d9,可持续反应的催化剂设计：知识驱动创新入门,当旨在为现有或新型（可持续）反应设计高性能催化剂时，可以采用多种方法，将催化剂设计本身变成一门科学。然而，缺乏应用这些催化剂创新方法的基础知识和明确的指导方针，阻碍了真正有效和充分的催化剂设计，而偶然性仍然发挥着非常重要的作用。本综述通过系统地分类和回顾最相关的方法并提供其基础知识来填补这一空白。尽管从数字实验室系统收集的数据有很大好处，但主要的共同缺点仍然是如何设计真正“开箱即用”的催化剂？虽然各种方法可以服务于更不起眼的目的（例如微调催化剂组成），但真正创新的催化剂设计只能通过知识驱动的方法来实现，并得到动力学模型与合适的催化信息学工具相结合的大力支持。
868e9d1a432870df,蛋白质纳米孔的从头设计：从最小肽到人工智能驱动的设计,蛋白质纳米孔通过直接将化学性质转换为信息丰富的单分子电读数，为分析应用提供了强大的平台。然而，由于可用支架的数量有限以及其几何形状和化学性质的进化限制，用于传感的天然纳米孔工程仍然具有挑战性。人工智能和数据驱动的蛋白质设计的最新进展使日益复杂的膜蛋白质结构成为可能，为设计具有定制折叠和功能的合成纳米孔开辟了新的可能性。这篇综述调查了从头纳米孔设计的演变，从最小序列到人工智能支持的方法，强调了新兴策略，并概述了必须解决的关键挑战，包括数据稀缺、膜建模和实验表征，以实现下一代传感技术的稳健、可编程纳米孔。
047c3331d9139ac1,社会科学领域的性别薪酬差距,我们对学术界的性别薪酬差距进行了纵向、多领域的分析，将个人工资与学术生产力的衡量标准直接联系起来。我们利用构成加州大学系统的十个校区的管理数据，将详细的薪资记录与五个主要社会科学领域教师的出版物和引用的文献计量数据结合起来。我们发现原始性别薪酬差距为 23%，在控制现场、校园和队列后，该差距降至 4.3%。包括对职称和学术生产力的控制对估计的差距影响不大，尽管它们大大增加了解释力。分解表明，17% 的差距是无法解释的，在初级和高级教师中都存在。我们还发现出版物中存在巨大且持续的性别差距，但一旦考虑到产出和职业长度，就不存在引用差距。领域层面的分析表明，薪酬差距并不普遍：它们在商业、社会学和人类学中持续存在，但在经济学、政治学和较小的社会科学领域中不存在。我们的结果表明，薪酬透明度不足以消除薪酬差距，并且该领域内更平等的代表性并不是薪酬公平的先决条件。我们的研究隔离了生产力或资历无法解释的剩余差距，挑战了这些因素完全解释性别薪酬差异的观点。总而言之，我们的研究结果强调了特定领域规范和制度结构的作用，为促进公平补偿提供了方向。
107d134fbb8f7723,变革性人工智能治理的法律基础设施,我们的大多数人工智能治理工作都集中在实质内容上：我们想要制定什么规则？我们希望对人工智能的开发和部署施加哪些限制或检查？但法律的关键作用不仅是建立实质性规则，而且是建立法律和监管基础设施来制定和实施规则。人工智能的变革性质尤其需要关注建立法律和监管框架。在本视角中，我回顾了三个例子：建立前沿模型的注册制度；建立自主代理人的注册和身份识别制度；监管市场的设计，以促进私营公司创新和提供人工智能监管服务的作用。
e7c21026c4a67135,没有免费的基准：合法人工智能基准的机构观点,尽管人们对人工智能在法律中的使用感到非常兴奋，但有关该领域广泛销售的工具的性能和相关风险的信息却很少。例如，最近的工作证明了“幻觉”的巨大潜力——其中模型构成了事实、法律和先例——导致首席大法官罗伯茨在他的司法年度报告中强调了这一风险。我们认为有必要在法律上对公共人工智能进行基准测试。首先，相对于其他人工智能应用领域，法律人工智能生态系统缺乏易读性——许多商业法律人工智能系统的设计和性能信息很少。法律人工智能并没有从其他领域的基准测试类型中受益，而基准测试类型已经催化、衡量和通知了人工智能创新和负责任的使用。其次，我们阐明了标杆管理制度设计的挑战。我们说明了如何获取、淡化和滥用基准。围绕基准测试的原因、对象、内容和方式进行仔细的制度设计对于解决透明度、客观性、专业知识和资源之间的困难权衡至关重要。第三，解决法律人工智能的模糊性需要将制度模式与可用资源和约束相匹配。我们不是提倡单一的“最佳”基准测试方法，而是展示基准测试策略如何依赖于可用资源。
743361289c2a533d,美国法律传统的连续性和变化：来自司法引文社区的证据,"法律原则通常被描述为在保持连贯的法律传统的同时，逐案发展。我们引入了一种识别和追踪此类传统的方法，将 Louvain 社区检测算法应用于完整的美国联邦司法引用图（1790-2024 年；830 万次引用关联到 760,000 条意见）。由此产生的引文社区是不受监督的，对法院标签和主题分类法视而不见，但它们形成了有意义的经验分组：在验证练习中，它们恢复了已知的制度结构并捕获了连贯的实体和程序性法律方法。我们以这些社区为实证单位，研究法律传统如何演变以及如何应对立法变革。我们表明，关键联邦法规的引入将引用模式转向更新的先例，这表明立法可以破坏既定的传统并重新引导判例法的发展。"
3da6e7b68b9406a4,具有种族意识的招生算法和法律,"近年来，学院和大学已开始使用机器学习 (ML) 系统来为招生决策提供信息。同时，在 2023 年的情况下
                    学生公平招生公司诉哈佛大学校长和院士
                    最高法院认为，学院和大学不得“根据种族”做出招生决定。这些并行发展——机器学习在招生中的兴起和基于种族的平权行动的衰落——将迫使教育机构，最终是法院，面对这样一个难题：机器学习系统“基于种族”进行区分意味着什么。我们首先绘制
                    公平招生的学生
                    决定种族在预测人工智能中的不同用途。我们在机器学习的训练和预测阶段区分了“一阶”和“二阶”种族意识，并且我们认为每一类种族意识都会引发不同的法律和规范问题。我们继续证明
                    公平招生的学生
                    决策可能允许——甚至认可——某些形式的种族意识。我们的分析基于这样的观察：开发基于机器学习的系统的过程使政策制定者能够更精确、更明确地校准决策算法，以应对对种族意识平权行动的具体批评。"
365893fe4991ffd7,使用动态景观模型定量指导发育细胞命运模式,"在发育过程中，细胞通过数千个基因转录动态的变化逐渐呈现出特殊的命运。景观建模方法从底层基因调控网络中抽象出来，并在低维表型空间中进行推理，在解释最终命运结果方面非常成功。这些模型的成功还促使它们应用于推断多细胞模式的动态扰动，从而以可预测的方式改变细胞命运结果，而由于潜在基因回路的复杂动态，这项任务本来就极具挑战性。在这里，我们通过结合景观模型来完成这项任务
                    秀丽隐杆线虫
                    使用温度敏感突变等位基因在体内暂时控制 EGF 和 Notch 信号传导的外阴命运模式。我们发现，模型可以正确预测静态温度条件下这些等位基因组合通过途径上位性出现的非直观命运结果。然后，我们证明，通过温度变化传递的这些遗传背景中的短信号信号脉冲可用于指导诱导前体细胞的比例以及它们以定量精确度采取的特定命运。对底层细胞景观的分析表明，通过信号脉冲进行细胞命运引导有效地将决策结构重新设计为正常发育中没有的等效结构，即将三路细胞命运决策拓扑转换为两个连续的双向结构。"
3b91a9058aa25f80,评估版权作品集体许可作为生成人工智能系统训练数据的可行性,版权所有者已起诉几家大规模生成人工智能系统的开发商侵犯版权，因为他们使用大量版权作品作为构建人工智能模型的训练数据。合理使用将是针对这些指控的主要辩护理由。如果合理使用防御成功，开发人员将可以自由地继续对基于受版权保护的数据构建的模型进行商业利用，并使用这些数据来训练新模型或微调现有模型。如果版权所有者获胜，开发商可能需要承担数十亿美元的损失。开发者还可能被禁止对版权内的作品进行进一步的模型开发，甚至被勒令销毁使用侵权作品训练的模型。许多评论家提出集体许可作为解决版权-训练-数据困境的折衷解决方案。其他评论家质疑这种妥协的可行性。本文讨论了集体许可的几项提议，以促进生成式人工智能系统的开发，同时向版权所有者提供一些补偿。它评估了如果这样的制度变得可行就必须解决的复杂的规范、经济和实际问题。它讨论了许可授权的影响，不仅对模型如今被广泛使用的大公司，而且对初创企业、研究中心和生成人工智能系统的高等教育开发商以及公众都有影响。
2384003cf5a172a5,人工智能安全监管薄弱的适得其反效应,最近的政策提案旨在提高通用人工智能的安全性，但对不同监管方法的有效性知之甚少。我们提出了一个战略模型，探索安全监管、通用人工智能技术创造者和领域专家（那些使技术适应特定应用的人）之间的相互作用。我们的分析探讨了针对人工智能开发链不同部分的监管措施如何影响这场游戏的结果。我们的模型假设人工智能技术具有两个关键属性：安全性和性能。监管机构首先设定适用于一名或两名玩家的最低安全要求。然后，通用创建者投资该技术，建立其初始安全和性能水平。接下来，领域专家针对其用例完善人工智能，更新安全和性能级别并将产品推向市场。由此产生的收入由专家和通才共享。我们的分析揭示了两个见解：首先，主要针对领域专家的薄弱安全监管可能会适得其反。虽然监管人工智能用例似乎合乎逻辑，但我们的分析表明，仅针对领域专家的薄弱监管可能会降低一大类参数化的安全性。其次，与之前的发现相反，我们观察到更强有力、适当的监管可以使所有参与者互惠互利。当监管机构对通用人工智能创建者和领域专家施加适当的安全标准时，该监管可以充当承诺开发者
37e890e9896a6426,液压应力下活性上皮圆顶的形状不稳定性：生长、塌陷和振荡,充满液体的上皮腔出现在广泛的生物环境中，从发育腔和胚胎腔到单层分层形成的上皮圆顶。然而，人们对液压和粘合剂破裂如何协调其动态形状变化仍知之甚少。在这里，我们使用 Madin-Darby 犬肾 (MDCK) 上皮穹顶作为模型系统，将实时成像与最小理论模型相结合，以阐明控制液体穹顶形状动力学的机制。我们的模型集成了主动离子传输、应变硬化组织力学和细胞间粘附破裂愈合动力学。我们确定了五个不同的动态阶段：崩溃、稳定增长、增长崩溃、振荡和无限增长。这些阶段是由离子泵引起的液压与细胞-基质断裂和细胞-细胞粘附之间的竞争产生的。至关重要的是，渗透流入和破裂介导的渗漏之间的水力反馈会产生类似于断裂力学中粘滑不稳定性的自持振荡。药理学实验进一步验证了模型的预测，即活性离子泵送和粘附强度控制观察到的相变和振荡相的特征。与模型预测一致，通过 3D 牵引力显微镜测量静水压表明，压力随着离子传输和细胞-基质粘附力的增强而增加，但随着细胞-细胞粘附力的减少而降低。这些发现确立了水力断裂作为上皮d的中央调节器
f417fa7e9804ad91,少突胶质细胞前体细胞中的糖皮质激素受体调节小鼠海马网络可塑性和应激诱导的行为,糖皮质激素受体（GR）是应激激素糖皮质激素（GC）影响出生后大脑发育和适应性可塑性的关键介质。由于 GC 信号在此期间至关重要，因此出生后 GC 浓度在大脑中受到严格调节，而循环中 GC 水平过高会扰乱发育轨迹，并增加日后患精神疾病的风险。 GR 功能影响多种神经细胞类型，但其细胞特异性作用，特别是在发育早期，仍知之甚少。少突胶质细胞前体细胞 (OPC) 产生髓鞘少突胶质细胞并主动调节神经元网络，表达 GR，因此可以对 GC 水平的波动做出反应。尽管早年逆境期间过度接触 GC 与 OPC 发育的变化有关，但 GR 信号在 OPC 内的生理作用仍不清楚。为了解决这个问题，我们有条件地删除了小鼠出生后 OPC 中的 GR，以研究生理 GC 信号传导在 OPC 增殖和成熟以及神经元网络活动和行为中的作用。这种缺失导致海马少突胶质细胞和有髓轴突密度减少、海马活动的性别特异性改变和急性挑战后的长期增强，以及成年期记忆形成的损害。我们的研究结果揭示了 GR 的 OPC 特异性作用，并表明少突胶质细胞谱系中的生理 GR 活性有助于正常的海马可塑性、学习和记忆。
6b6ede87392b8d9e,严重洪水增加长期阿片类药物过量死亡率,气候灾害与物质使用相关危害之间的关系尚未得到充分研究。本研究采用混合方法研究设计来评估严重洪水对阿片类药物过量死亡率的影响，并确定驱动这种关系的机制。根据 NCHS 的阿片类药物过量死亡数据、FEMA 的总统灾难声明以及 NOAA 的严重风暴事件数据，我们发现阿巴拉契亚农村地区的严重洪水导致县级药物过量死亡率大幅上升，这种情况在洪水后持续了十年。然后，我们收集了 17 个利益相关者关于 2022 年 7 月肯塔基州东部发生的洪水的回顾性定性数据。采访表明，服药过量死亡率的上升是由于获得治疗、康复和减少伤害服务的机会减少而导致的；增加创伤；不稳定性增加；以及寻求帮助方面持续存在的耻辱。由于预计这些灾难将持续发生，了解其对药物使用相关危害的影响对于减轻未来的损害至关重要。
a9e97830320d6523,城市废水中的膳食 DNA 揭示了财富、移民和邻近沿海地区的特征,"公共卫生营养缺乏可扩展、客观的实时饮食监测工具。我们开发了 FoodSeq-FLOW（废水中的食物景观观察），这是一个对叶绿体进行测序的基因组平台
                    tnL
                    以及城市废水中的线粒体 12SV5 DNA。我们从北卡罗来纳州 21 个废水处理厂（为 210 万人提供服务）的 183 个样本中检测到了 184 种植物和 116 种动物食品类群，每人成本不到 0.01 美元。废水衍生的饮食概况与配对的个体粪便饮食数据相关（Spearman ρ = 0.64），并且 98% 的动物衍生序列映射到已知的食物分类群。时间采样揭示了食品分类群的季节性变化与区域食品供应模式一致。空间分析揭示了社区层面的饮食特征与人均收入和教育的关系、啤酒原料丰富度与可自由支配收入的关系、热带水果和豆类与外国出生人口规模的关系、以及当地海鲜与沿海地理的关系。 FoodSeq-FLOW 将基于废水的流行病学从病原体扩展到饮食，提供了一个可扩展的平台，现有的全球废水监测网络可以部署该平台，为营养政策和市场分析提供信息。"
a4a878838e93d00d,"当孩子塑造他们的家庭时：挪威母亲、父亲和儿童队列研究中 40,000 名三人组的唤起效应分析","家庭人口行为通常被研究为对结构条件或父母特征的反应，但儿童本身可能通过令人回味的基因-环境相关性塑造关键的家庭轨迹。这项研究基于挪威母亲、父亲和儿童队列研究 (MoBa)。通过分析约 40,000 个经过基因分型的母父子三人组，我们测试了儿童的多基因指数 (PGI) 是否可以预测父母随后的生育能力、伴侣关系解除和婚姻过渡。考虑到父母的 PGI，我们发现大多数特征的唤起效应的证据有限。例外情况是，较高的儿童 ADHD PGI 预示着父母关系破裂会增加（每个 SD 为 7% [CI = 2.9 至 11.8%]），特别是在有女儿的家庭中（每个 SD 为 11% [CI = 4.9 到 18%]）、更高的社会经济地位（每个 SD 为 15% [CI = 7.7 到 23.2%]）以及母亲第一胎年龄较高（每个 SD 为 10% [CI = 3 到 17%]）。标准差）。差异的主要来源是社会经济维度，其中儿童驱动的影响在社会经济地位较高的家庭中更为强烈。该研究为家庭人口统计学中令人回味的基因-环境相关性提供了证据，证明了孩子对父母的影响在塑造家庭轨迹方面的重要性。"
b5b3b24f54b94c9c,人类和猴子之间几何直觉的连续性,几何直觉被认为是人类智力的标志。人类在识别具有欧几里得特征（例如平行性、对称性）的几何形状方面拥有独特的优势，并且比非人类灵长类动物拥有更复杂的几何概念。对人类这种独特性的一个流行解释是，人类依靠离散的象征性特征来编码几何形状，而其他灵长类动物仅依赖于连续的感知特征。目前的研究挑战了这一观点。我们使用样本匹配任务来测试猴子是否与人类共享几何表示。我们发现猴子将高级感知表征与人类一样的抽象符号表征结合起来，这表明跨物种的几何直觉存在分级的、定量的连续性，而不是分类的、定性的鸿沟。重要的是，与学龄前儿童处理未旋转的形状相比，猴子在处理旋转的几何形状时表现出对符号特征的更强依赖，这表明看似符号表示的东西可能很大程度上来自旋转不变的编码。这些结果挑战了人类在几何直觉方面具有独特性的假设，并表明其起源于人类，植根于与灵长类动物共有的抽象概念。
a19474b4025c6e54,插管膀胱环境中独特的 Efg1 真菌毒力调节子,"导尿管是医院、疗养院和其他医疗机构的常见手术，是医院感染的主要驱动因素。其中最常见的是导管相关尿路感染（CAUTI），通常会进展为严重并发症、败血症，并最终导致死亡。真菌
                    白色念珠菌
                    是 CAUTI 的主要病原体；然而，其组织特异性发病机制仍知之甚少，这使得有效治疗的开发变得复杂。虽然 Efg1 是 CAUTI 中已知的毒力驱动因素，但其在独特膀胱环境中的具体下游目标尚未确定。在这里，我们识别并验证
                    EFG1
                    调节子在模拟人类插管膀胱的条件下处于活跃状态，此外，通过从患者体内取出的导管的转录谱来确认调节子
                    白色念珠菌
                    感染。我们发现这种尿液特异性特征在临床样本中高度保守，Efg1 依赖性基因是人类活跃感染期间最强烈诱导的转录本之一。此外，我们还描述了其中两个关键因素，
                    欧洲经济委员会1
                    和
                    EED1
                    ，使用 CAUTI 小鼠模型验证它们在体外人尿感染和体内感染中的作用。阐明这种组织特异性调节子为开发靶向疗法以减轻这些不断发生的问题提供了战略路线图。"
900985e715883ab8,α-氟-β-丙氨酸作为 S1PR2 的 β-arrestin1 偏向配体发挥作用，上调癌细胞中的 DPD 表达,"α-氟-β-丙氨酸（FBAL）是化疗药物5-氟尿嘧啶（5-FU）的分解代谢物，由于其心脏毒性和神经毒性而引起了广泛关注。然而，其与 5-FU 耐药性（癌症治疗的主要障碍）之间的关系却鲜有报道。在这项研究中，FBAL 被确定为 1-磷酸鞘氨醇受体 2 (S1PR2) 的 β-arrestin1 偏向配体，可上调二氢嘧啶脱氢酶 (DPD) 表达并驱动结直肠癌中的 5-FU 耐药。从机制上讲，接触 FBAL 后，S1PR2（一种 G 蛋白偶联受体 (GPCR)）通过募集 G 蛋白偶联受体激酶 6 (GRK6) 而被磷酸化。磷酸化的 S1PR2 与 β-arrestin1（而非 G 蛋白）偶联，激活 MEK/ERK/AP-1 通路并促进
                    DPYD
                    转录。通过 IP-MS 分析，Ser343 被确定为 S1PR2 的关键磷酸化位点。 C 末端结构域内的该残基介导受体与 β-arrestin-1 的相互作用，从而激活 β-arrestin-1 依赖性 ERK 通路，这一点在 HCT116 中得到证实
                    S1PR2KO-ΔC
                    细胞和HCT116
                    S1PR2KO-S343A
                    细胞。
                    体内
                    , 携带 HCT116 原位异种移植物的小鼠
                    S1PR2KO-S343A
                    与 HCT116 相比，细胞对 5-FU 治疗的敏感性显着增强
                    S1PR2KO-WT
                    FBAL 后的细胞。综上所述，这项研究表明"
2edff02b324a3066,野鸭、印度跑鸭及其杂交后代向不会飞的转变,"许多研究探索了飞行鸟类的翅膀功能，以及如何通过个体发育和进化获得飞行能力。然而，飞行能力往往会随之减少或丧失，并且鸟类如何从依赖翅膀过渡到依赖腿尚不清楚。大多数损失发生在很久以前，因此从未对机翼缩小的阶段进行过功能评估，甚至从未观察到。在这里，我们评估了一个独特的群体：会飞的野鸭（会飞的野鸭）的解剖学变化和运动后果。
                    绿头鸭
                    ）、不会飞的印度跑鸭（野鸭衍生品），以及它们通过实验产生的杂交后代。基于野生鸟类，我们假设发育的变化会导致杂交鸟类，尤其是奔跑鸟类的翅膀缩小，同时补偿性地增加腿部尺寸和性能。我们的结果表明，奔跑鸟确实与野生不会飞的鸟类有许多共同特征，而杂交鸟则处于中间状态。然而，这些功能的组合却令人惊讶。翅膀变得相对较小，是由于身体尺寸的增加，而不是由于保留的翅膀面积或肌肉的减少。相比之下，腿部是不稳定的：与绿头鸭相比，跑步者在青少年时期对腿部肌肉的投入较少，但在成年后则较多。翅膀保护与身体和腿部变形之间的对比表明，至少在某些飞行损失中，身体和腿部先于翅膀发生变化，而翅膀在缩小之前按比例变小。考虑到刚开始飞行的青少年和飞行能力减弱的成年人都使用了翅膀和腿"
082843aab9f52567,艾可病毒 18 的颗粒在体内开放并释放其基因组,肠道病毒引起多种人类疾病，从轻微的呼吸道或胃肠道感染到严重的神经系统疾病，如无菌性脑膜炎和脑炎。肠道病毒进入细胞涉及受体介导的内吞作用，然后是病毒衣壳的不稳定重排，从而使基因组释放。然而，肠道病毒基因组释放的机制尚未在受感染的细胞中显现出来。在这里，我们使用冷冻电子断层扫描和显微镜对埃可病毒 18 (E18) 进入宿主细胞及其与新生儿 Fc 受体 (FcRn) 的相互作用进行成像。感染后30分钟，内体和细胞质含有空衣壳，缺少衣壳蛋白的一个或多个五聚体，这提供了体内E18通过衣壳开放释放其基因组的证据。在体外，FcRn 结合诱导口袋因子从 VP1 的疏水口袋中排出，启动病毒脱壳。对受感染细胞内含有 E18 基因组的颗粒进行冷冻电镜重建，没有发现口袋因子，这表明受体结合在感染过程中触发了相同的启动过程。我们没有在受感染的细胞中检测到激活的颗粒，这表明这些中间体的寿命很短，并且会在体内迅速释放其基因组。我们的结果确定衣壳打开是埃可病毒18基因组释放的体内机制，为以前仅从体外实验推断的过程提供了结构证据。
7baa88d80eed2a0c,预制 EGFR 二聚体的配体调控和功能,"受体酪氨酸激酶 (RTK) 是癌症、糖尿病和其他疾病的关键治疗靶点。 RTK 只有一个跨膜 α 螺旋，而 G 蛋白偶联受体有 7 个，RTK 被认为是通过配体诱导的二聚化来激活的。然而，使这一观点变得复杂的是，研究最深入的 RTK 之一——胰岛素受体 (IR)——形成了变构调节的共价二聚体。此外，经常报道与序列相关的表皮生长因子受体（EGFR）非共价“预形成”二聚体，这是第一个描述配体诱导二聚化的 RTK 之一。在这里，我们描述了预制 EGFR 二聚体的详细结构视图。使用冷冻电镜，我们描述了如何
                    秀丽隐杆线虫
                    EGFR (LET-23) 在没有配体的情况下二聚化。我们表明，预先形成的二聚体可以调节体内配体敏感性，但信号本身并不是必需的。我们还阐明了信号传导所需的 LET-23 中配体诱导的实质性构象变化。我们的结构揭示了 LET-23 和 IR 调节之间意想不到的相似性，表明 LET-23 可能代表 IR 和 EGFR 家族之间进化上的“缺失环节”。在没有配体的情况下，预先形成的受体二聚体内的分子间相互作用使细胞外近膜区域相距很远，以分隔细胞内激酶结构域，从而使它们保持非活性。配体结合破坏这些相互作用，以消除对激酶结构域的限制，然后激酶结构域可以结合并被激活。我们的分析进一步"
2303481edec04ab0,涉及 ZmSnRK2.10–ZmRIPK2–ZmWRKY38 的磷酸化级联通过解除玉米中 ZmSUS2 的抑制来减弱干旱反应,"干旱胁迫严重限制了作物生产力，而转录因子（TF）在植物适应中发挥着关键作用。在这里，我们将玉米 TF ZmWRKY38 确定为耐旱性的正调节因子。 CRISPR/Cas9 介导的基因敲除
                    ZmWRKY38
                    与野生型相比，植物对干旱的敏感性增加。我们证明 ZmWRKY38 与蔗糖合酶基因的启动子结合
                    不锈钢SUS2
                    并抑制其转录。相反，ZmSUS2 作为耐旱性的负调节因子发挥作用，因为
                    泽姆斯苏2
                    突变体表现出增强的抗旱性。此外，我们还发现了 ZmRIPK2（RPM1 诱导蛋白激酶 2），一种质膜定位的受体样细胞质激酶，也能负调节干旱反应。在脱落酸 (ABA) 或干旱胁迫下，ZmSnRK2.10 磷酸化并激活 ZmRIPK2，触发其部分易位到细胞核中。在细胞核内，ZmRIPK2 与 ZmWRKY38 相互作用并使其磷酸化，损害其 DNA 结合能力，从而减轻 ZmWRKY38 的转录抑制
                    不锈钢SUS2
                    。总之，我们的结果揭示了一个负反馈循环，其中 ZmRIPK2 介导的 ZmWRKY38 磷酸化通过调节
                    不锈钢SUS2
                    表达。这一机制说明了 ABA 信号传导如何减弱干旱反应，以平衡胁迫适应与正常生长。"
a4ba1d0bb6edb2ba,通过叙述进行主动链接有助于联想推理,在日常生活中，我们经常从以前的经历中得出新的联想。这种能力，即联想推理，被认为是记忆引导未来行为的关键过程。先前的研究通常指示参与者使用叙述或心理意象来帮助记忆物体关联。然而，这些研究并没有明确检验叙事的作用，留下了一个重要的问题：叙事在联想推理中有多重要，它们可能扮演什么角色？我们使用修改后的联想推理范式来回答这些问题。我们的设计在关联编码过程中结合了两个因素：叙述的使用，以及明确地链接两个对象。参与者使用四组指令分别学习 ABC 三元组中的 AB 和 BC 对象对：i）生成将对象链接在一起的叙述，ii）分别生成对象的叙述，iii）比较两个对象的感知属性，以及 iv）单独描述对象的感知属性。我们测试了参与者根据编码策略推断 AC 关联的能力。在两项实验中，使用叙事主动链接对象产生了强大的联想记忆优势，这种优势在 1 天的延迟中持续存在，并且在更严格的检索条件下仍然很重要。这种好处不能归因于简单的链接效应或故事之间表面语言的相似性。后续实验表明，这种好处并没有推广到单个物体的感知记忆。相反，感知
289361f81ebcd526,具有 ELISA 水平性能的电化学侧流测定法用于检测东非的植物病害,木薯褐条病 (CBSD) 威胁着东非数百万人的粮食安全，但由于缺乏可现场部署的分子诊断技术，其控制仍然受到限制。在这里，我们介绍 ELLA（带 Linked Analytics 的电化学侧流分析），这是一种无需电池、由智能手机供电的电化学侧流分析，可直接在现场提供酶联免疫吸附分析 (ELISA) 级蛋白质检测。 ELLA 将近场通信、单芯片恒电位仪、金属针电极和二茂铁标记的纳米颗粒集成到一个完全一次性的盒中，无需光学仪器或集中实验室基础设施即可实现定量免疫测定。经过坦桑尼亚的实验室研究和广泛的现场试验验证，ELLA 与 ELISA 的一致性达到 95%，与 RT-qPCR 的一致性达到 89%，超越了 ELISA 的检测限，同时将材料成本保持在 1 美元以下。通过将分子测试结果与云连接分析相结合，我们进一步训练了 DeepELLA，这是一种基于智能手机的图像分类模型，可以对现场采集的叶子图像进行可扩展的监视。这些进步将电化学传感、数字连接和人工智能辅助解释统一起来，为资源有限地区的植物、环境和健康监测提供便携式、ELISA 级诊断。
575bea4caed60117,鉴定在利什曼原虫寄生虫-昆虫载体粘附中起重要作用的保守基因家族,"病原体利用对组织和表面的粘附来避免清除、维持感染并促进传播。一个重要的例子是
                    利什曼原虫
                    寄生在其昆虫载体白蛉的口瓣上，白蛉对生命周期的进展很重要，并通过细胞骨架粘附复合物通过其鞭毛发生。虽然已知三种必需的动质体-昆虫粘附蛋白（KIAP），但粘附复合物的整体蛋白质组尚不清楚。使用 TurboID 标记的 KIAP3 结合蛋白质组学和光学显微镜，我们鉴定了与粘附鞭毛相关的其他蛋白质，包括粘附相关 NTP 酶样结构域 (ARND) 家族的多个成员，其中典型成员是 KIAP4，如下所述。 ARND 家族的系统发育分析表明它在动质体中是保守的，我们证明
                    刚果锥虫
                    旁系同源物定位于该寄生虫的粘附鞭毛。 KIAP4 的缺失严重损害了结合单胞菌的粘附，突变的寄生虫无法在白蛉食道瓣上定殖。我们的工作提供了载体定植所必需的分子机制的细节，并表明这些蛋白质在其他动质体寄生虫中具有保守的功能。"
68cbe6398ad42589,不同分子机制的协同作用导致疟疾媒介冈比亚按蚊具有惊人的杀虫剂抗药性,"疟疾媒介中杀虫剂耐药性的增强
                    冈比亚按蚊
                    对非洲过去几十年在减少疟疾死亡方面取得的进展构成严重威胁。杀虫剂抗性的遗传基础通常很复杂，涉及多个基因和突变。然而，我们仍然缺乏对每种机制如何导致总体耐药性以及高耐药性表型如何产生的清晰了解。在这项研究中，我们产生了一套转基因
                    安.冈比亚
                    携带单独机制或在自然界中经常同时出现的组合的菌株。我们发现，不同解毒酶（CYP6P3、CYP6M2、CYP9K1、ABCH2、GSTE2 和 COEAE6G）的共过表达，以及在靶位点抗性突变存在的情况下解毒酶的过表达，可以导致显着更高水平的抗性。我们的研究结果表明，增加的耐药强度是选择多机制耐药性的主要驱动力，并且对于设计强大的分子诊断以在现场进行及时可靠的耐药性检测所需的科学见解具有变革性。我们进一步表明，基于 P450 的耐药性可能构成高耐药性蚊子的致命弱点，使它们更容易受到杀虫剂前体的攻击；通常需要 P450 激活的化合物。我们的研究结果增进了我们对杀虫剂抗药性机制基础的理解，并对有效杀虫剂的设计和实施具有重要意义。"
14a7c5ff14a45573,回声定位蝙蝠在高速觅食期间牺牲双耳定位线索以实现目标聚焦听力,准确的声音定位对于回声定位动物的导航和觅食至关重要。在被动聆听和主动回声定位过程中，蝙蝠被认为仅依赖两耳之间的耳间电平差（ILD），通过将外耳分开来获得非常大的ILD。然而，在高速觅食期间检测微弱的猎物回波应该有利于以目标为中心的耳廓，从而最大化声纳范围并减少杂波干扰。因此，我们建议飞行蝙蝠将其耳廓朝向猎物。我们使用独特的风洞并采用深度学习促进的高速立体摄影测量来测试这一假设，并表明自由飞行的蝙蝠确实将其耳廓向前定向，直接瞄准目标。这会在每只耳朵的接收波束之间产生较大的空间重叠，从而显着减少 ILD，并驳斥了蝙蝠在飞行中仅依赖 ILD 进行定位的假设。相反，蝙蝠通过协调对准发射和接收的声纳束来实现高度定向的声场，从而放大中心声轴并减弱离轴回声。与视觉目标跟踪并行，飞行蝙蝠可能会优先考虑信噪比，用大型 ILD 来换取杂波过滤和声纳范围，这使它们能够使用非常微弱的回声并简化其自身生成的听觉场景。我们假设，在没有大 ILD 的情况下，这种高度定向的声学视野有助于定位，可能与耳间时间差相结合。这设想了一个本质上
bb04093581e6f49b,公众对暴行的反应取决于党派和背景，而不是法律标签,"种族灭绝和反人类罪等法律标签在精英和机构领域具有重大的法律和外交影响力，在这些领域，分类决定了条约义务、国际刑事法院管辖权以及不作为的感知风险。倡导和政策讨论中的一个常见假设是，这些标签也会影响大众的公众判断。直接证据有限且模糊。我们在预先注册的、具有全国代表性的调查实验中测试了这一假设
                    
                      
                        
                          （
                          氮
                          =
                          2
                          ,
                          000
                          ）
                        
                      
                    
                    将四个法律上突出的暴行术语（种族灭绝、战争罪、危害人类罪和种族清洗）与五种现实世界冲突背景下的非法控制进行比较，衡量对惩罚性和人道主义政策的支持以及责任的道德归属。就结果而言，估计的标签效应很小，而且很难与零区分开来。至关重要的是，即使在特定的党派和国家背景下，交换法律标签产生的变化也比党派和地缘政治背景之间的基线差距要小——这表明你的立场和你是谁比使用什么词更重要。任何与零的偏离都是狭窄的，并且不会累积成跨结果或冲突的一致模式。这些结果"
a447554d6298a6de,胍促进沙漠蓝藻的快速复活,"在沙漠生态系统中，微生物活动由短暂的水合脉冲驱动，但受到持续营养缺乏的严重限制。蓝藻是重要的光自养生物先锋，维持这些干旱地区的生物地球化学循环和生态系统稳定性。然而，它们在再水化后快速重新激活的能力受到氮可用性的严重限制。虽然后期可以通过生物固氮来满足氮需求，但由于能量成本高和固氮酶的延迟激活，在早期补液过程中，生物固氮是无效且无关紧要的，造成了关键的代谢瓶颈。在这里我们证明沙漠蓝藻
                    发菜
                    通过激活以前被忽视的胍羧化酶途径克服了这一限制，该途径在再水合时维持内部氮储备的快速再动员。使用荧光素酶报告系统的转录分析表明，途径活性与水合和氮状态紧密相关。胍特异性核糖开关的破坏消除了胍羧化酶途径的诱导，强调了其在干燥恢复中的重要作用。此外，比较基因组学揭示，编码该途径的基因及其同源核糖开关在陆地蓝细菌中广泛存在。系统发育分析表明它们是通过非光合细菌的水平基因转移获得的。我们的研究结果确立了胍在沙漠生态系统中的生态作用"
cbb25a52c598b39d,厌氧纤毛虫通过三方共养的趋磁性,"细菌的趋磁性已经独立进化了多次，纳米晶磁体的基因控制生物矿化导致细菌沿着地球磁场线游泳。与趋磁细菌（MTB）相比，趋磁性作为真核生物特征的进化机制仍然知之甚少。在这里，我们报告了一种趋磁纤毛虫，
                    趋磁热带鱼
                    sp。 11 月，通过共养获得趋磁性。
                    趋磁线虫
                    由于内部亚铁磁性磁铁矿（Fe
                    3
                    氧
                    4
                    ）纳米颗粒形成椭圆形“项链形”平行链。电子显微镜揭示
                    趋磁线虫
                    寄生着许多含有这些磁小体链的内部杆状细菌。与此一致的是，MTB（Thermodesulfobacteriota）的基因组群体在磁力分选中
                    趋磁线虫
                    发现细胞编码并表达负责磁小体 Fe 的磁小体基因簇
                    3
                    氧
                    4
                    生物矿化与外共生体的生物矿化密切相关“
                    候选人
                    脱硫剂表磁。”
                    趋磁线虫
                    还容纳了与内共生甲烷相关的第二个基因组群体"
bf1bddf31881ca19,光合放氧复合物中脂肪族侧链翻译后生成羧酸配体,"光合放氧是由Mn催化的
                    4
                    氧化钙
                    5
                    光系统 II (PSII) 的释氧复合物 (OEC) 内的簇。尽管含氧光合作用很可能在大氧化事件（约 24 亿年前）之前就出现了，但 OEC 在祖先 PSII 中是如何出现的仍然悬而未决。我们之前表明，蓝藻突变体中 Mn 的 Asp 或 Glu 配体
                    4
                    氧化钙
                    5
                    簇被 His 或 Asn/Gln 取代，并经过翻译后转化回原始的羧酸残基。在这里，我们检查了缺乏反应性侧链的脂肪族氨基酸是否也可以经历类似的转化，从而测试了这种现象的普遍性。 D1-Asp170 突变为 Val/Leu/Ile 以及 D1-Glu189 突变为 Leu/Ile 导致翻译后生成 Asp/Glu 或其衍生物，部分恢复 O
                    2
                    -不断发展的活动。值得注意的是，非标准 Asp/Glu 衍生物似乎也能够充当 Mn 的羧酸配体
                    4
                    氧化钙
                    5
                    集群。脂肪族残基的这种转化代表了一种独特类型的翻译后修饰。总之，这些发现表明，从不同的氨基酸残基（包括脂肪族侧链）翻译后生成羧酸配体是 OEC 的一般特征。这种内在的化学性质"
6f2c2b6032529bc3,用于 L-赖氨酸衍生生物碱可编程生物合成的双重自我调节平台,"L-赖氨酸衍生的生物碱代表了一类结构多样且具有药理学意义的含氮天然产物，具有广泛的用途，可作为药剂和工业平台化学品。然而，它们的微生物生物合成一直受到前体不平衡和天然代谢途径严格调节结构的阻碍。在这里，我们报告了一个可编程生物合成平台，用于直接从葡萄糖中从头生产 L-赖氨酸衍生的生物碱。
                    谷氨酸棒杆菌
                    。通过系统的代谢重新布线，我们开发了一种高通量尸胺生产底盘，可实现下游生物碱组装所需的中心含氮前体的强劲积累。利用这个底盘，我们设计了一个双重代谢物响应调节电路，无需外部诱导剂即可自主协调丙二酸同化、丙二酰辅酶A供应和生物碱形成。这种自我调节策略使得在补料分批发酵中能够以 6.11 ± 0.06 g/L 的浓度生产小球粒碱，这是迄今为止报道的最高微生物滴度。通过选择性短链脱氢酶/还原酶催化扩展该平台，我们进一步实现了1-哌啶和ppellierine分别立体选择性转化为哌啶（8.60±0.16g/L）和sedridine（3.71±0.19g/L）——构成了任一化合物的异源微生物生产。总的来说，这项工作为 L 建立了一个多功能、可编程且工业上易于处理的平台"
5124a00c5f4d59eb,由于气候变化， 2026年美国西部降雪干旱的可能性增加了约四倍,"2026 年春天，美国西部异常低雪状况威胁到冬季娱乐和供水。在这里，我们调查一下：这场雪旱在多大程度上归因于前工业化时期以来发生的气候变化？我们发现，在当前气候下，美国西部发生如此严重的雪旱的可能性比工业化前时期高出约 4.4 [95% CI：2.6, 9.4] 倍。在科罗拉多河流域上游，雪旱的可能性大约是原来的 14 倍 [0.09, 4,300]。考虑到在适度高排放变暖的情况下，雪旱频率预计会增加，至少会达到如此严重的程度，这一事件的亲身经历可能会帮助科学家、资源管理者和公众考虑，如果不积极减少温室气体排放，美国西部的雪会是什么样子。"
b8c838ed5ab3473c,2025年和2026年创纪录的低冰量恢复北极冬季海冰减少,最近的分析表明，北极冬季海冰范围下降的十年率在 2020 年代初期减弱，20 年趋势在统计上变得微不足道。在这里，我们根据最新的观测结果显示，2025 年和 2026 年冰范围极低的冬季扭转了这一局面，海冰范围在增长和峰值阶段恢复到历史最低水平，而 20 年下降趋势再次变得显着。对 CMIP6 模型类似物的进一步分析表明，观察到的 2025 年下降是不寻常的，但在可比的北极变暖的情况下物理上是合理的，并且与持续的冬季海冰减少比与 2020 年代初看到的值的恢复更一致。
0b82ad3935bf1c69,人工智能的法定解释和解释,"人工智能系统越来越多地受到自然语言规则的约束，但由于依赖语言而产生的一个关键挑战仍未得到充分探索：解释歧义。与法律体系一样，这些规则的编写方式和应用方式都产生了模糊性。但是，尽管法律体系使用制度保障措施来管理这种模糊性，例如透明的上诉审查监管解释性限制，但基于规则的人工智能协调管道缺乏类似的保护。对同一规则的不同解释可能会导致模型行为不一致。借鉴美国法律理论，我们通过研究法律体系如何限制规则创建和规则应用步骤中的模糊性，确定当前基于规则的协调流程中的关键差距。然后，我们提出了一个计算框架，将解释歧义形式化为约束熵最小化，并引入两种受法律启发的机制：1）规则细化管道，通过修改模糊规则（类似于机构规则制定或迭代立法行动）来最大限度地减少解释分歧，2）基于提示的解释约束，减少规则应用过程中的分歧（类似于指导司法自由裁量权的法律规范）。我们在 WildChat 数据集的 5,000 个场景子集上评估我们的框架，并表明这两种干预措施都显着提高了一组合理解释者的判断一致性。我们的方法为系统地管理解释歧义迈出了一步，这是构建更强大、更守法的人工智能系统的重要一步。"
9edc994c93cb8b62,衡量对人和机器决策的不同影响,随着有关个人和决策的详细数据越来越多，实证分析在歧视诉讼中变得越来越重要。一种流行的分析策略是在调整观察到的协变量后估计差异，通常使用回归模型，以期找出歧视意图。然而，这种方法不适合现在常用来辅助决策的审核算法，这些算法通常不包括种族或其他受法律保护的因素作为输入。在对不同影响的法律理解的推动下，我们引入了一种方法，旨在衡量人类和机器决策中“不合理”的差异。我们的方法称为风险调整回归，分三个步骤进行。第一步，我们将机器学习模型中的所有可用信息结合起来，以估计采取某种行动（例如批准贷款申请或雇用求职者）的价值或相反的风险。其次，我们在单独调整这些风险估计后衡量决策的差异。最后，在第三步中，我们评估结果对潜在风险误测的敏感性。我们在纽约市 220 万次警察拦截行人的详细数据集上展示了这种方法，并表明传统的歧视统计测试可以大大低估（风险调整后）种族差异的程度。
14f4307f2c148064,Sr/Pb合金稳定宽带隙钙钛矿，用于耐用的全纹理钙钛矿/硅串联太阳能电池,"摘要
                  
                    双面全纹理（3-5 µm）钙钛矿/硅串联太阳能电池（PS-TSC）因其出色的光学管理和较低的制造成本而成为串联光伏发电的一种有前途的途径。然而，它们的商业化受到操作不稳定的阻碍，这很大程度上归因于宽带隙钙钛矿顶部电池内的离子迁移。在这里，我们报告了一种使用锶（Sr
                    2+
                    ）通过局部晶格工程增强宽带隙钙钛矿的稳定性。由于其相对于铅（Pb
                    2+
                    ), 锶
                    2+
                    掺入增强了金属卤化物键合网络，从而形成更加刚性和有序的八面体框架，削弱了电子声子耦合。 Sr/Pb合金钙钛矿薄膜在光照和/或热应力下表现出显着增强的稳定性。采用该策略的全纹理 PS-TSC 实现了 31.66% 的功率转换效率。重要的是，封装器件在最大功率点跟踪超过 1391 小时后表现出不到 7% 的性能损失，对应于预计的
                    时间
                    80
                    在连续 1 太阳光照下，寿命约为 6785 小时。在 65°C 的热老化下，器件进一步表现出
                    时间
                    90
                    寿命超过"
8aaa9277d4c19a4a,纳米卷结构显著提高二维材料的热电性能,"摘要
                  
                    要在下一代纳米系统中实现自主运行，需要在无需外部电源的情况下进行高效的片上能量收集。纳米级热电发电机因其环境能量收集和可扩展性而成为实现这一目标的理想平台。然而，低维材料的热电性能从根本上受到电和热传输的复杂耦合的限制。这项工作提出了一种简单的几何拓扑策略，利用毛细管力来变换单层 WS
                    2
                    将纳米带转化为纳米卷，从而显着提高热电性能。这种独特的结构将全局曲率与局部多层相结合，同时激活了两种协同物理机制：（1）局部多层同质结的形成显着缩小了带隙并降低了热激活能，从而将电导率提高了1-2个数量级；（2）曲率引起的不均匀应力场有效增强了声子散射，导致晶格热导率降低了近50%。因此，这种协同调制提高了品质因数（
                    ZT
                    ）在 273 K 下达到原始纳米带的 182 倍，成功打破了传统的性能权衡。这项研究验证了几何拓扑工程作为释放二维纳米材料潜力的通用设计范式"
9001f4828b108083,用于多功能和超灵敏生物标志物检测的超材料屈曲辅助表面声波传感器（ mBASES ）,"摘要
                  具有可编程微架构的水凝胶超材料为将分子识别转化为机械响应提供了一条有前途的途径。然而，在不依赖分子放大的情况下有效地将微弱的生物分子扰动转变成可检测的信号仍然是一个基本挑战。在这里，我们报告了一种超材料屈曲辅助表面声波传感器（mBASES），它通过将生物交联水凝胶超材料与表面声波（SAW）设备集成，引入了结构触发物理放大机制。通过竞争性生物分子识别，目标结合诱导水凝胶膨胀，该膨胀被设计为匹配超材料的临界屈曲阈值。这种不稳定的模式转换充当内在的机械增益元件，通过声子传输和水凝胶-声表面波相互作用的耦合调制，将弱分子扰动转化为放大的声响应。因此，mBASES 建立了一条连接分子识别、水凝胶变形、结构放大和最终声学读数的转导途径。该平台能够快速、无标记地检测多种生物分子类别，包括蛋白质、核酸和代谢物。临床验证进一步证明，使用一步法可在 5-15 分钟内对人血清中的单纯疱疹病毒 (HSV) IgG 和未扩增 DNA 进行飞摩尔水平检测。通过放大转导过程而不是目标分子，mBASES 建立了"
be8b40b4affc7a29,基于Sn─ Pb钙钛矿的940 Nm近红外光突触，实现高效人脸识别,"摘要
                  
                    锡铅钙钛矿由于其窄带隙和强大的近红外（NIR）吸收能力，为神经形态光电子学提供了巨大的潜力。然而，由于形成高质量半导体薄膜的挑战，基于这些材料的高性能三端人工突触仍然稀缺。在这里，我们展示了一种钙钛矿突触场效应晶体管 (FET)，它能够通过均匀、高结晶度的 FASn 实现高效的 940 nm 传感和神经形态调制
                    0.8
                    铅
                    0.2
                    我
                    3
                    薄膜。分子添加剂 1-溴-4-(甲基亚磺酰基)苯 (BMSB) 可精确调节结晶、增大晶粒并抑制陷阱形成，从而减少离子迁移并增强电荷传输。经过优化的器件可实现高空穴迁移率和 231 A W 的卓越响应度
                    −1
                    在 940 nm 处，标志着三端钙钛矿人工突触中高效 940 nm 红外光响应的首次演示。受益于平衡的离子电子耦合，这些装置表现出可靠的突触行为，包括兴奋性突触后电流、成对脉冲促进和学习-遗忘循环。突触 FET 集成到储层计算框架中，可实现精确的 NIR 面部识别，突显了它们在传感器内计算方面的潜力。这项工作建立了一种分子水平的策略来协调离子"
45e68a2141ebde5e,电荷编码侧链在有机电化学突触晶体管中实现确定性的离子入口和记忆保持,"摘要
                  
                    有机电化学突触晶体管（OEST）是神经形态计算的有前景的构建模块，因为它们利用体积离子-电子耦合来模拟突触可塑性。在这里，我们设计了基于环戊基-[2,1-b;3,4-b]-二噻吩-alt-4,7-(2,1,3-苯并噻二唑)（CPDT-BT）供体-受体主链的侧链工程共轭聚电解质（CPE-K、CPE-Br和CPE-Zw），并将它们用作固体电解质门控OEST中的通道材料。光谱电化学测量表明，由于电解质离子在整个聚合物本体中的有效扩散，阳离子 CPE-Br 比阴离子 CPE-K 和两性离子 CPE-Zw 实现了更高、更密集的掺杂水平。在 1200 nm 处监测的时间极化子瞬态表明，阳离子侧链促进电解质阴离子的体积渗透，从而在电化学掺杂过程中对正掺杂主链进行电荷中和。相比之下，阴离子侧链有利于通过侧链重组进行快速局部自我补偿，同时外部阴离子的吸收有限。因此，基于 CPE-Br 的 OEST 表现出最高的跨导，
                    微克
                    *
                    品质因数、明显的滞后和长期突触保留以及延长的长期增强衰减时间。总的来说，这些结果确立了离子侧链工程作为 OEST 中离子进入、极化子记忆和保留特性编程的有效策略，提供了一个多功能平台"
edd4062c61509b50,一种用于慢性伤口修复的自氧伤口自适应干细胞封装平台,"摘要
                  
                    基于干细胞的疗法为治疗慢性伤口带来了巨大的希望。然而，有限的临床疗效常常不是由于细胞效力不足而引起，而是由于当前的递送模式未能在敌对宿主微环境中维持细胞存活和功能。在这里，我们报告了一种伤口适应性、自充氧干细胞封装平台，旨在克服这种输送模式的失败。该装置将活干细胞嵌入免疫隔离水凝胶基质中，其形状与个体伤口几何形状一致，并转化局部积累的二氧化碳
                    2
                    转化为分子O
                    2
                    ，从而提供氧气供应，保持原位细胞代谢活动。重要的是，该系统中的氧合主要用于维持细胞活力，而不是直接给宿主组织供氧。与传统的局部或全身递送策略相比，封装细胞表现出显着增强的存活率、持久性和治疗功能。对糖尿病大鼠和猪伤口模型的评估表明，炎症消退速度加快，血管成熟度改善，组织再生能力强。通过将细胞治疗重新定义为环境与细胞相容性问题，该平台为慢性伤口修复中的精准干细胞治疗建立了临床可转化的递送范例。"
03072c6bf3af12b3,受PCET启发的纳米颗粒使配对质子电子递送能够在衰老过程中恢复线粒体电子转运并再生骨骼,"摘要
                  线粒体电子传递链（ETC）功能障碍会导致受损线粒体的积累和生物能不足，从而导致细胞衰老和衰老过程中组织修复受损。然而，原位重建 ETC 相关线粒体生物能学以克服这种能量限制仍然具有挑战性。在这项研究中，开发了一种线粒体供氢系统（EMHS），该系统可以减弱衰老骨再生生态位中与衰老相关的表型，并通过质子耦合电子转移（PCET）促进衰老过程中的骨骼愈合。已经证明，EMHS 产生的活性氢可以渗透到衰老细胞的线粒体中，从而实现质子-电子等价物的配对传递，从而恢复 ETC 功能。这种线粒体功能恢复伴随着线粒体活性氧（ROS）的减少和氧化磷酸化（OXPHOS）能力的提高，从而扩大了功能性线粒体池。 EMHS 恢复骨髓间充质干细胞 (BMSC) 的成骨潜力，增强内皮血管生成能力，并使中性粒细胞偏向促修复表型。值得注意的是，全身给药后，EMHS 优先在骨中积累，并促进骨缺损老年小鼠的骨血管耦合再生。总体而言，我们的研究结果引入了一种小分子无药纳米治疗策略，该策略可维持功能性线粒体库，有可能减轻细胞衰老和年龄相关疾病。"
e71cce3598496b20,几何‐用于空间控制先天免疫信号传导的可编程活体免疫材料,"摘要
                  
                    免疫配体的空间组织通过控制驱动协同 cGAS 组装和催化活性的纳米级几何结构来严格调节 cGAS-STING 信号传导。在这里，我们设计了几何可编程的 DNA 折纸，精确编码双链 DNA (dsDNA) 价和间距，以促进协同 cGAS 聚类和 STING 激活。系统结构调制确定了测试范围内的最佳配置，其中以~16.3 nm周期性排列的60 bp dsDNA配体诱导的STING信号比游离dsDNA对应物强大约两倍。我们进一步将这些折纸与益生菌结合起来
                    大肠杆菌
                    Nissle 1917 通过转运蛋白介导的表面锚定，形成活的免疫材料界面，用于结直肠肿瘤中局部配体的呈现。在微卫星稳定结直肠癌模型中，这种生物混合系统驱动肿瘤内 STING 的强大激活，促进 T 细胞炎症免疫重塑，并相对于对照组抑制肿瘤生长约 83.5%。这项工作建立了一种几何可编程活体免疫材料，将纳米级建筑设计转化为空间受限的先天免疫信号。"
09e7bbe6cd8a5106,抗性合规性：鱼膀胱固有的非凡各向同性抗疲劳性能,"摘要
                  
                    对于生物医学植入物和软机器人技术中使用的软材料来说，疲劳失效仍然是一个严峻的挑战。现有的策略，包括刚性加固和微观结构对齐，可以抑制裂纹扩展，但通常会引入各向异性，并且对多向载荷的抵抗力较差。此外，合成软材料的断裂韧性和疲劳阈值之间仍然存在持续的数量级差异。在这里，鲢鱼的鱼鳔具有多层分级纤维结构，表现出非凡的各向同性疲劳抗力（∼6000 J·m
                    -
                    2
                    ）接近其断裂韧性。这种行为源于“阻力顺从”机制，该机制将动态纤维拉直和旋转、牺牲键断裂和重新结合、层特定纤维重新定向与由此产生的界面滑动相结合，以耗散循环载荷下的能量。在这些原则的指导下，生物混合水凝胶被设计来重现这种多尺度抗疲劳机制，实现高疲劳阈值（>3000 J·m
                    -
                    2
                    ）以及强大的防污性能。这些结果揭示了抗疲劳生物软组织的基本设计原理，并为工程耐用软材料提供了总体策略。"
7dc7c0773ab2fc04,使用O2-O3共生对使用过的LiCoO2进行升级循环，以增强高电压稳定性和循环性能,"摘要
                  
                    由于元素回收率高、能耗低，直接再生被认为是废旧锂离子电池（LIB）的下一代回收策略。然而，受限于5-8年前的原始设计，废LiCoO的简单回收
                    2
                    （LCO）很难诱导出适合现代储能系统的电化学能力。此外，采用传统 O3 相的商用 LCO 本身就存在高压稳定性差的问题。在此，利用废 LCO 的褪色特性作为升级循环的跳板，通过晶格重建和离子交换诱导的相变，它们成功再生为具有 O2-O3 共生结构的新鲜 LCO。通过定制 SLCO 的缺锂水平来精确控制 O2 相含量。在相互缠绕的晶格位错的帮助下，O2 和 O3 相紧密相连，有效缓解晶格膨胀和氧释放。同时，降低的能带（1.359 eV）和扩散能垒（0.375 eV）对能量存储能力起着重要作用。优化后的材料容量为 223.3 mAh g
                    −1
                    在 0.1 C 下，在 1.0 C 下循环 100 次后保留率达 90.6%，优于商用 LCO。使用改进的电解质，在 5C 下循环 500 次后，容量保持率为 73.6%。这项工作凸显了 O2-O3 共生 LCO 的优势，并为高性能阴极提供了一条有前景的升级回收途径。"
6447148c7039bee6,云母上速度无关的干摩擦：理想Amontons-Coulomb摩擦的实现,"作者：Hiroshi Sakuma、Diane E. Moore、David A. Lockner 和 Toshihiro Kogure 阿蒙顿-库仑摩擦定律假设材料之间的摩擦力与滑动速度无关。然而，正如库仑指出的那样，这是一个粗略的近似，摩擦力对滑动速度对数的二阶依赖性被纳入常用的“速率-…[Phys. Rev. Lett. 137, 046201] 于 2026 年 7 月 20 日星期一发布"
a8374f5271c1bd24,石墨上$ ^ {4}\ mathrm {He} $第二层的超流动性,"作者：Jun Usami 和 Hiroshi Fukuyama 通过同时测量同一样品上低至 30 mK 的扭转振荡器响应和热容量，获得了石墨上第二层 $^{4}\mathrm{He}$ 中新型超流体相的证据，这解决了先前研究中与基底相关的不确定性……[Phys.莱特牧师。 137, 046001] 2026 年 7 月 20 日星期一发布"
9a10bb312a5f91c7,湍流耗散中的动态滞后,"作者：M. Ahmad、P. D. Mininni、M. Obligado 和 J. A. Farnsworth 我们提出了非定常湍流中耗散的动力学滞后性质的证据。风洞实验和振荡流的直接数值模拟表明，在平均雷诺数平稳时，减速流的耗散常数较大。因此，p…[物理。莱特牧师。 137, 044001] 2026 年 7 月 20 日星期一发布"
54278f36b0a7a5e7,超出交钥匙限制的集成Soliton Microcombs,"作者：Ze Wang、Tianyu Xu、Yuanlei Wang、Kaixuan Zhu、Xinrui Luo、Haoyang Luo、Junqi Wang、Bo Ni、Yiwen Yang、Qi Huang Kong、Yun-Feng Shaw、Bei-Bei Li和Qi-Fan Yang自注入锁定使集成孤子微梳具有交钥匙启动和改进的相干性，但它也将泵固定在谐振附近，限制了更宽梳的大失谐。在这里，我们使用辅助谐振器来动态混合泵浦模式，从而使adi…[Phys。莱特牧师。 137, 043802] 2026 年 7 月 20 日星期一发布"
c2252bb3d8e1a00f,$ ^ {180}\ mathrm {Hg} $区域的裂变模式识别：导数分析方法,"作者：D. T. Kattikat Melcom、I. Tsekhanovich、F. Guezet、A. Andreyev 和 K. Nishio 背景：通常用于研究奇异中子缺乏 $^{180}\mathrm{Hg}$ 区域中原子核裂变特性的实验装置基于用于裂变产物识别的飞行时间技术。在最好的情况下，获得的碎片质量（FFMD）和总动能......[Phys。 Rev. C 114, 014627] 2026 年 7 月 20 日星期一发布"
de7cb1f0250e89b6,通用单元运算符的程序合成驱动自动设计,"作者：张一飞、陈东、王帆、张文瑞、陈彦、韩丁丁、袁建民、孔向金和马玉刚我们证明，人工智能驱动的程序综合可以自主发现分解光子网络中酉矩阵的基本策略。通过将 DreamCoder 扩展到复值线性代数，系统生成分解程序，实现最小 $N(N−1)/2$ Mach-Zehnder ...[Phys.莱特牧师。 137, 043801] 2026 年 7 月 20 日星期一发布"
fd7960419c2cbd18,限制字符串的渐近自由的印记,"作者：Jan Albert 和 Alexandre Homrich 我们在三维和四维的大 $N$ Yang-Mills 理论的限制相中考虑 Polyakov 环相关器。它可以通过对缠绕在热循环周围的闭合通量管的交换求和来计算。在短距离时，主导发散由微扰控制……[物理。莱特牧师。 137, 041601] 2026 年 7 月 20 日星期一发布"
9ec852cb14e0c199,Sachdev-Ye-Kitaev模型中来自热纯状态的婴儿宇宙,"作者：Martin Sasieta、Brian Swingle 和 Alejandro Vilar López 我们构建了一个封闭“婴儿”宇宙的简单二维全息模型。婴儿宇宙时空起源于黑洞内部的杰克-泰特尔博伊姆引力。全息描述是两个 Sachdev-Ye-Kitaev (SYK) 模型的低温热纯态。构造...[物理。莱特牧师。 137, 041501] 2026 年 7 月 20 日星期一发布"
f1d2c81e18706156,噪声自适应量子计量中基于无序相关器的最优探针在线学习,"作者：Xinyue Long、Xiaodong Yang、Xiangyu Wang、Yufang Feng、Carlos H. S. Vieira、Ran Liu、Xinfang Nie、Jun Li 和 Dawei Lu 量子计量有望通过利用纠缠等量子资源来超越经典精度极限。最大纠缠格林伯格-霍恩-蔡林格 (GHZ) 态理论上是量子计量学的最佳探针。然而，它们对环境噪音很脆弱，严重限制了……[物理。莱特牧师。 137, 040801] 2026 年 7 月 20 日星期一发布"
913b3ef176014d86,文章：将高能量密度科学的前沿推向未探索的物质状态,"作者：Federica Coppari 在这篇前瞻性的 PRL 论文中，Federica Coppari 提出了关于高能量密度科学的令人信服的观点，重点关注极端条件下物质的显着行为（例如非常高的压力和广泛的温度范围），例如在行星、恒星和聚变反应深处发现的情况。莱特牧师。 137, 040001] 2026 年 7 月 20 日星期一发布"
22bdee4919fa4916,"勘误：带电流的中微子-核散射均匀-甚至Xe同位素，包括介子交换贡献[Phys.修订版C 111, 014601 (2025)]","作者：Joona Kasurinen、Pekka Pirinen 和 Jouni Suhonen[物理学。 Rev. C 114, 019901] 2026 年 7 月 20 日星期一发布"
af9e73f047695c3e,真实空间中的深度学习密度函数理论Hamiltonian,"作者：袁子龙、唐泽辰、陶洪庚、龚晓勋、陈泽洲、王宇翔、李鹤、李阳、徐志明、孙明辉、赵伯衡、陈思、王冲、段文辉、徐勇 将重要的物理先验融入深度学习第一性原理方法中是一个关键的基本问题。在这里，我们证明了深度学习密度泛函理论哈密顿（DeepH）方法可以通过将学习目标更改为旋转不变性来大幅改进......[Phys。莱特牧师。 137, 046401] 2026 年 7 月 20 日星期一发布"
50dfdc393492df80,通过耦合到马尔可夫浴场，放松身心，打造理想的琴乐队,"作者：Bruno Mera 和 Tomoki Ozawa 我们提出了一种微观的弱耦合机制，通过该机制，通用陈能带渐近弛豫到理想能带。我们考虑将相互作用的电子耦合到类似 Caldeira-Leggett 的欧姆玻色浴。使用玻恩-马尔可夫近似，我们分析表明，在采取领先或……[物理。莱特牧师。 137, 046601] 2026 年 7 月 20 日星期一发布"
062b38bceb69cb35,模拟具有无限投影纠缠对态的费米子分数Chern绝缘体,"作者：Hao Chen、Titus Neupert 和 Juraj Hasik 无限投影纠缠对态 (iPEPS) 为二维量子物质提供了强大的变分框架，并已广泛用于捕获玻色子拓扑序，包括手性自旋液体。在这里，我们通过变分……[物理。莱特牧师。 137, 046502] 2026 年 7 月 20 日星期一发布"
4f953fa6f81ee382,用于计算哈伯德参数的桥接约束随机相位近似和线性响应理论,"作者：Alberto Carta、Iurii Timrov、Sophie Beck 和 Claude Ederer密度泛函理论 (DFT) 的流行扩展（例如 $\mathrm{DFT}+U$ 和 DFT 加动态平均场理论 ($\mathrm{DFT}+\mathrm{DMFT}$) 的预测准确性取决于对筛选库仑相互作用 $U$ 使用实际值。在这里，我们对……[物理。莱特牧师。 137, 046503] 2026 年 7 月 20 日星期一发布"
299d06abd57cd167,$ ^ {54}\ mathrm {Cr} + ^ {243}\ mathrm {Am} $反应的微观准分裂动力学,"作者：李良和郭璐背景：Oganesson 之外的超重元素（SHE）的合成，例如 $Z=119$，仍然是一个艰巨的挑战，主要是因为占主导地位的准裂变（QF）通道严重阻碍了复合核的形成。因此，对 QF 动力学的微观理解至关重要……[物理。 Rev. C 114, 014626] 2026 年 7 月 20 日星期一发布"
7e13ec8a91f3001c,扩展自旋-1 Kitaev链中的精确分数化基态,"作者：Alwyn Jose Raja 和 R. Ganesh 受 Affleck-Kennedy-Lieb-Tasaki (AKLT) 模型的启发，我们提出了具有类似 Kitaev 耦合的 spin-1 链的精确解决方案。我们考虑具有双线性和双二次项的扩展 Kitaev 模型。在精确可解的点上，哈密顿量可以重新表示为投影运算之和……[物理。莱特牧师。 137, 046701] 2026 年 7 月 20 日星期一发布"
77b6d77fb023ba01,在共线亚铁磁体中通过对称断裂进行手性Magnon混合,"作者：Dhurba R. Jaishi、Tyler J. Slade、S. X. M. Riberrolles、Bing Li、Tianxiong Han、D. M. Pajerowski、D. L. Abernathy、Barry Winn、Melissa Graves-Brook、B. G. Ueland 和 R. J. McQueeney 铁磁体中的磁振子具有由绕磁化力矩的右手进动定义的自旋角动量方向。在没有净磁化强度的反铁磁体中，左手和右手磁振子在没有外加磁场的情况下会简并。亚铁磁体具有无补偿性……[物理。莱特牧师。 137, 046702] 2026 年 7 月 20 日星期一发布"
c2bc84d99fe7fd83,$\ mathrm {AlGaN}/\ mathrm {GaN} $等离子体晶体中槽等离子体的异常反射相,"作者：A. R. Khisameeva、D. A. Khudaiberdiev、I. M. Moiseenko、P. A. Gusikhin、A. S. Astrakhantseva、A. Shuvaev、A. Pimenov、D. A. Svintsov、I. V. Kukushkin 和 V. M. Muravev 我们通过实验研究了等离子体晶体中等离子体激发的太赫兹光谱AlGaN/GaN 二维电子系统 (2DES)。虽然在这种结构中很容易观察到具有线性色散的屏蔽等离子体激元模式，但未屏蔽的模式集中在…[物理。莱特牧师。 137, 046901] 2026 年 7 月 20 日星期一发布"
b51b817b8471d644,中子对超导中子星物质中质子涡旋作用力的贡献,"作者：Oleg A. Goglichidze 和 Mikhail E. Gusakov 我们研究了作用在由中子、质子和电子组成的超导中子星物质中的质子涡旋上的力，解释了中子-质子子系统中的费米-液体相互作用。虽然涡旋磁场引起的电子散射所产生的力是众所周知的……[物理。 Rev. C 114, 015807] 2026 年 7 月 20 日星期一发布"
be0699eb31cd2b8b,在阴道镜检查和聚结中对平滑度和壳上近似值的校正,"作者：Isaac G. Smith 和 Kfir Blum 相对论性重离子碰撞产生飞米尺度的源，其时空结构可以使用双粒子飞米观相关性进行约束。标准实现依赖于平滑度和壳上近似，这有效地消除了…[Phys. Rev. C 114, 014908] 2026 年 7 月 20 日星期一发布"
de2c63c9e5bc8e25,自旋-1/2相关函数的扩展变相位法,"作者：邹仁杰、肖盛、秦志和肖志刚我们开发了一种系统方法来计算自旋 1/2 粒子的相关函数，结合了粒子间相互作用的中心和非中心分量。这是通过扩展可变相位方法以适应非中心势来实现的，并且在数值上......[物理。 Rev. C 114, 014003] 2026 年 7 月 20 日星期一发布"
f521ebb2da89a927,三轴柔软度对摆动运动的影响,"作者：Yeruoxi Chen、Q. B. Chen、S. Frauendorf 和 R. V. Jolos 在核心-准粒子耦合模型的框架内研究了三轴柔软度对摆动运动的影响。通过将位于低壳层或中壳层的高 $j$ 价核子与 $γ$-刚性核和 $γ$-软核耦合，我们比较了能谱和电磁跃迁……[Phys. Rev. C 114, 014324] 2026 年 7 月 20 日星期一发布"
dd0ea84441752501,"转换电子能谱揭示了中子缺陷核中异构体的内部转变途径$ ^ {179,181}\ mathrm {Hg} $和$ ^ {179}\ mathrm {Tl} $","作者：S. Y. 张等人。非常缺中子的同位素 $^{179m,181m}\mathrm{Hg}$ 和 $^{179m}\mathrm{Tl}$ 中的异构体是通过聚变蒸发反应填充的$^{78}\mathrm{Kr}+^{107}\mathrm{Ag}\phantom{\rule{0.16em}{0ex}}→\phantom{\rule{0.16em}{0ex}}^{185}\mathrm{Bi}^{*}$。使用充气反冲分离器......[物理。 Rev. C 114, 014325] 2026 年 7 月 20 日星期一发布"
76d257829d95b2f7,测量血浆中硬探针的不变动量展宽,"作者：Margaret E. Carrington、Bryce T. Friesen 和 Stanisław Mrówczyński 我们计算了输运系数 $\stackrel{̂}{q}$，它量化了从相对论重离子碰撞的最早阶段穿过不断演化的等离子体的硬探针的横向动量展宽。我们使用原时展开方法，旨在研究 v 处的等离子体……[物理。 Rev. C 114, 014906] 2026 年 7 月 20 日星期一发布"
7ba4ea8872d1af85,URhSn中自发电子手性顺序的核磁共振证据,"作者：Y. Tokunaga、T. Ishitobi、H. Sakai、S. Kambe、H. Harima、A. Nakamura、A. Maurya、D. Li、Y. Homma、F. Honda、D. Aoki 和 Y. Shimizu URhSn（一种没有固有手性晶格结构的强相关材料）中自发电子手性顺序的第一个直接证据，从根本上挑战了电子手性需要的普遍观念手性晶体骨架。[物理。莱特牧师。 137, 046501] 2026 年 7 月 20 日星期一发布"
b8e1d1059acdaac1,来自重组模型的$ {\ mathrm {Ω}}_{c} ^ {+} $重子在$\ mathrm {Pb} +\ mathrm {Pb} $ CERN大型强子对撞机能量处的强子化,"作者：张景宗、郑华、朱立林在夸克重组框架内研究了 $\mathrm{Λ}}_{c}^{+}$ 在 $\mathrm{Pb}+\mathrm{Pb}$ 碰撞 $\sqrt{{s}_{NN}}=5.02$ TeV 中重子的产生，包括光和粲夸克在热致密内部的能量损失中等。该模型同时描述了……[物理。 Rev. C 114, 014907] 2026 年 7 月 20 日星期一发布"
7a8b820d39ca833f,魔角扭曲三层石墨烯中的重费米子相图,"作者：张乐、周文强、方新杰、詹震、渡边健二、谷口隆、杨一峰和徐水刚定域磁矩与流动电子之间的相互作用在凝聚态物质系统中产生了奇异的量子态。在这里，我们展示了魔角扭曲三层石墨烯中的电可调重费米子相图，这是通过控制近藤杂化来实现的……[物理。莱特牧师。 137, 046301] 2026 年 7 月 20 日星期一发布"
33d062f727ebf52c,利用轨道霍尔效应在室温范德华铁磁体Fe3GaTe2中实现节能磁化开关,"摘要
                  
                    二维范德华 (vdW) 磁体由于其独特的特性，为自旋轨道扭矩磁阻随机存取存储器 (SOT-MRAM) 提供了新的机会。对 vdW 磁体的磁化进行电操控是实现 2D SOT-MRAM 的关键，而重金属和拓扑绝缘体等传统自旋霍尔材料在扭矩效率和能耗方面受到限制。尽管最近的研究表明轻金属中的轨道霍尔电导率大大超过了自旋霍尔电导率，但轨道霍尔效应（OHE）可以比 vdW 磁体中的自旋霍尔效应诱导更节能的 SOT 开关的直接实验证明仍然很少。在这里，我们利用 Cr 作为轨道电流源来有效地控制 vdW 铁磁体 Fe 的磁化强度
                    3
                    栅极
                    2
                    在室温下。在铁
                    3
                    栅极
                    2
                    /Pt (1.5 nm)/Cr (4.5 nm) 三层结构，源自 Cr 的轨道电流通过 Pt 转换为自旋电流，然后对 Fe 施加扭矩
                    3
                    栅极
                    2
                    。与使用 6 nm Pt 作为自旋电流源的对照样品相比，基于 OHE 的器件中的开关电流密度降低了约 3.9 倍，从而使功耗降低了约 52%。这项工作展现了利用 Orbita 的巨大潜力"
830a739b74f02f4a,光催化将有毒草甘膦废料转化为复合肥料用于玉米生长,"摘要
                  
                    草甘膦（GP）是全球使用最广泛的除草剂，由于其持久性和有毒的降解中间体而造成严重的生态和健康风险。尽管半导体光催化提供了一种有前景的修复途径，但降解选择性、产品二次利用和环境可持续性之间的相互作用仍然知之甚少。在这里，我们提出了使用具有主要（001）、（010）和（102）面的溴氧化铋（BiOBr）纳米片对GP进行面依赖性光催化降解。光谱和理论分析表明，BiOBr-(010) 和 BiOBr-(102) 通过增强电荷分离以及羧基和磷酸基团的双重吸附实现更快的 GP 降解。然而，它们主要产生并积累氨甲基膦酸（AMPA），这是一种有毒且顽固的中间体。相比之下，(001)面通过更强的空穴积累和更高的AMPA亲和力选择性地裂解GP中的C─N键，产生NH
                    4
                    +
                    , 否
                    3
                    -
                    , PO
                    4
                    3−
                    ，和CH
                    3
                    噗。重要的是，最终产品作为复合肥料可以直接促进玉米生长。这些发现强调，在设计光催化剂时，需要考虑的不仅仅是降解效率，还需要建立一个优先考虑动力学性能的结构-功能框架。"
ad2e46d6e220b2e6,自适应氧化还原电阻式记忆编程，实现高效稳健的课堂增量学习,"摘要
                  基于电阻存储器 (RM) 的内存计算 (CiM) 加速器为低功耗边缘智能提供了一个有前景的平台。然而，实用的边缘人工智能不仅需要高效的推理，还需要通过类增量学习（CiL）进行重复的模型更新。在 RM 基板上实现 CiL 暴露了一个关键的材料算法不匹配：CiL 所需的写入密集型更新受到丝状 RM 设备随机编程的强烈影响。传统的完全编程 (FP) 通过重复编程和验证每个单元以达到精确的目标电导来减轻这种随机性，但这种详尽的过程会在连续的 CiL 阶段产生大量的能耗、延迟和设备磨损。在此，我们提出了一种硬件感知自适应编程 (AP) 策略，使 CiL 部署与 RM 设备物理保持一致。微观结构和电学分析表明，氧空位的随机空间分布导致了不可避免的编程变异。在这一见解的指导下，美联社并不试图通过昂贵的补偿来消除内在的随机性。相反，它仅更新最有影响力的权重，以抑制总体映射错误导致的准确性损失，同时保持低影响力的权重不变。这将大规模写入验证操作转换为最小单元子集的有针对性的更新，从而减少编程开销，而无需设备或材料优化。 AP 在具有 40 nm、256 k RM 的 CiM 内核的混合模拟数字系统上进行了验证，减少了程序"
52312d6ffafd6dc2,在锂金属固态电池中桥接大规模可制造性和纳米级界面化学,"摘要
                  
                    为了解决锂金属全固态电池的界面不稳定性，人们采用了保护性中间层，但大多数都依赖于与可扩展制造不兼容的涂层或贵金属添加剂。在这里，我们报告了一种基于纳米红磷的界面设计，该设计能够在与Li接触时实现自生化学润湿，自发形成Li
                    3
                    富磷中间相，称为自生化学湿中间层。该反应层通过原位化学转化来自我调节离子传输和界面粘附，产生均匀的锂离子通量和分布均匀的界面电流，从而实现高电流密度下稳定的电镀和剥离以及可靠的高速率固态循环。化学润湿机制本质上与卷对卷转移印刷兼容，并且能够在大面积电极上实现无缺陷层压。这种耦合的机械-电化学调节支持固态电极的可扩展制造，如 6 Ah 级软包电池所证明的那样。这些发现将纳米级界面反应性与宏观可加工性联系起来，并为高能、大型固态锂金属电池的实际实施迈出了一步。"
cc594aabbe51f8f6,分立式微畴键合粘合剂可在锂离子电池中实现机械坚固的微米硅阳极,"摘要
                  
                    微米硅（μSi）由于其生产成本低、振实密度高和卓越的理论比容量，是一种很有前途的锂离子电池（LIB）负极材料。然而，其实际应用受到循环过程中超过300%的体积膨胀的严重限制。因此，开发先进的功能粘合剂对于克服这一瓶颈至关重要，几乎所有策略都依赖于通过聚合物或原位交联/聚合粘合剂构建连续的内部键合网络。在此，提出了一种新颖的键合范例，即离散微域键合（DMB），以解决μSi阳极的巨大体积膨胀问题。在该系统中，离散分布的短链粘合剂分子能够通过界面氢键在微域水平上精确锚定μSi颗粒。通过利用微域介导的动态适应机制来适应巨大的体积变化，μSi 颗粒在整个循环过程中保持良好的电接触，确保强大的机械耐受性和延长的使用寿命。因此，与 DMB 粘合剂集成的 µSi 负极表现出高达 92.5% 的初始库仑效率 (ICE) 和 2517.4 mAh g 的非凡容量
                    −1
                    0.5 A g 下 100 次循环后保留率为 98.2%
                    −1
                    。这项工作将DMB范式确立为稳定高容量μSi阳极的有效策略，为开发耐用和高性能LIB技术提供了途径"
01a4ff84df65032f,用于增强抗菌和加速糖尿病伤口愈合的吲哚苷装饰光敏剂,"摘要
                  
                    由于多重耐药细菌引起的感染，糖尿病伤口难以愈合。尽管光动力疗法 (PDT) 和抗菌肽 (AMP) 已成为有前途的替代方案，但它们都面临着固有的局限性：PDT 产生的活性氧 (ROS) 寿命极短 (10-320 ns) 且扩散有限 (10-55 nm)，而 AMP 结构不稳定，高剂量时可能具有细胞毒性，甚至会诱导细菌耐药性。为了克服这些缺点，我们通过将 AMP Indolicidin 与光敏剂 PTBT 集成，进一步封装在热敏 F127 水凝胶 (PTBT/I@F127) 中，开发了一种协同纳米平台。该系统形成均匀、高度光敏的纳米颗粒，其中位于外表面的 Indolicidin 首先破坏细菌膜，促进 PTBT 与细菌的接触。随后，在808 nm激光照射下产生丰富的ROS，快速杀死细菌，有效补偿了ROS有限的扩散，增强了Indolicidin降解前的抗菌效果。在体外，PTBT/I@F127 有效杀灭甲氧西林耐药菌
                    金黄色葡萄球菌
                    （耐甲氧西林金黄色葡萄球菌）和
                    大肠杆菌
                    具有显着的协同作用。在糖尿病小鼠和猪模型中，接受PTBT/I@F127后，伤口愈合率分别达到98%和83%，并有显着的血管生成和胶原沉积。转录组分析表明"
b5594aa873638202,具有三重大气窗口选择性的多光谱协同电致变色调节器，促进全球建筑节能,"摘要
                  
                    作为全球能源需求的一个日益增长的贡献者，建筑能源消耗受到传统不透明建筑围护结构被动性质的强烈限制。在这里，我们设计了一种基于 ITO/WO 的可调谐多光谱调节器
                    3
                    /铌酸锂
                    3
                    /NiO/ITO电致变色全薄膜叠层。通过非对称法布里-珀罗腔（F-P腔）的巧妙器件架构，调节器实现了多光谱正协同调制：在冷却模式下，它同时反射阳光并在大气窗口内表现出选择性高发射率；在加热模式下，它吸收阳光，同时保持较低的红外发射率。该设计还将有效调制扩展到第三个大气窗口（16–25 µm）。因此，该器件可在太阳光 (0.3–2.5 µm) 和中远红外 (2.5–25 µm) 波段提供协同和宽调制，调制值分别为 0.52 和 0.64，从而实现夏季制冷和冬季供暖。在干旱沙漠气候下的户外测试验证了有效的热调节，实现了约 5.5°C 的昼夜温差。该装置具有自适应调节能力，非常适合全年建筑节能。 EnergyPlus 模拟进一步揭示了每年可节省的能源，特别是寒冷地区的供暖（22.2 MJ/m
                    2
                    ）。这项工作为同步多光谱提供了一个整体可调平台"
3e072aebea26eb2a,用于太阳能驱动的燃料和化学品生产的废物原料的光重整和光电重整,"摘要
                  光重整和光电重整已成为太阳能驱动的废物原料增值的有前途的策略，为燃料和商品化学品提供了可持续的途径。与传统的热化学和生物过程不同，这些光催化和光电催化方法在温和的条件下运行，利用太阳能来激活复杂的有机底物。人工光合作用的最新进展，包括催化剂设计、反应工程和界面电荷动力学，在提高选择性和效率方面显示出了希望，但基本挑战仍然存在。由于复杂的电荷转移动力学、竞争性表面反应以及操作条件下有限的稳定性，精确控制反应路径和抑制不良副反应仍然很困难。应对这些挑战需要合理的催化剂设计以优化电荷传输，调节氧化还原环境以提高选择性，以及开发最大化光子利用率和传质效率的反应器架构。本综述批判性地研究了光催化和光电催化废物增值的机械原理，并讨论了主要的催化挑战。最后，评估了工艺集成和放大过程中的关键挑战，并概述了循环碳和氢系统中光重整实际实施的未来方向。"
d4de33ed6ca14711,π共轭对齐极性[CO3]三角形协同羟基化使氢压电演化的应力增强几何电子不对称性成为可能,"摘要
                  
                    压电催化水分解为析氢提供了可持续的途径，但受到弱极性和应力下缓慢的电荷分离动力学的挑战。在此，我们报道了强极性羟基化Bi
                    2
                    氧
                    2
                    一氧化碳
                    3
                    （BOC）可扩展合成，其特征为非中心对称（NCS）平面三角形[CO
                    3
                    ]基团和表面羟基，可用作析氢的强大压电催化剂。对齐的 NCS 平面 [CO
                    3
                    ] BOC中的三角形能够定向积累偶极矩以产生强自发极化，并且固有的离域
                    π
                    ‐这些结构单元内的电子构建了一条共轭高速公路，最大限度地减少了电荷迁移阻力。进一步的外部机械应力会引发高度各向异性的晶格响应；具体来说，沿着
                    乙
                    ‐轴引起极端的几何和电子不对称性，从而放大层间内部电场（IEF）以进行电荷分离。当与表面羟基化协同作用时，这种应力引起的结构变形显着降低了电子逃逸的功函数和界面动力学势垒。因此，羟基化的BOC催化剂实现了超高压电催化H
                    2"
54e048a571fd1ba1,偏滤器托卡马克测试设施研究计划,偏滤器托卡马克测试设施 (DTT) 是目前在意大利弗拉斯卡蒂 ENEA 基地在公私联合合作框架下建设的设备。它被设计为具有盈亏平衡级性能的超导托卡马克，其主要目标是开发可靠的热量和粒子排放解决方案，这是未来聚变反应堆面临的一个关键挑战。这需要通过堆芯边缘集成方法来解决，以评估排气解决方案与反应堆相关堆芯性能的兼容性。本文概述了国际团队最近制定的 DTT 研究计划。它涵盖了与器件特性相关的DTT规划目标、研究策略和预期科学贡献，不仅涉及排热和边缘等离子体物理的关键领域，还涉及其他与聚变高度相关的主题，例如高性能场景中的MHD稳定性、输运和湍流、高能粒子物理、先进理论发展的验证以及反应堆相关组件的技术解决方案的测试。
1fe76c7f06f5429e,欧洲体积中子源 (EU-VNS) 的排气操作空间评估,SOLPS-ITER 边缘等离子体数值模型用于预测目前正在研究的小型托卡马克装置的排气操作空间，该装置是拟议的欧洲体积中子源（EU-VNS），其功率尺寸比为 。之前的工作通过允许氪晶种代替氩气来消散和重新分配热量而得以扩展。所发现的有限操作空间受到以下两个因素的限制：偏滤器等离子体面向组件处预期的峰值热通量的工程限制，同时需要核心区域中足够低的有效电荷和高电子温度以保持束靶聚变的中子壁负载。使用氪晶种的操作空间似乎比使用氩气的要大，同时与之前的研究相比，氚的吞吐量可以减少一半。所需的总 T 吞吐量是一个数量级，并且观察到，颗粒燃料供给（忽略烧蚀阶段涉及的任何动态）被认为是有效的，并且需要同时为核心密度和分离体密度提供燃料。偏滤器中的氪富集度与由颗粒有效推动的上游密度的增加之间存在正相关关系。低水平的 以及实现这一目标所需格林沃尔德分数为 50% 的观察结果与 ASTRA/METIS 对当前 EU-VNS 设计点的核心等离子体条件的预测一致。在 SOLPS-ITER 中所做的模型假设内，观察到核心电子温度下降
316ae5edf593de77,JET He 和 D 等离子体中质子-铍聚变的实验观察和集成建模,"提出了经过验证的类 JET ITER 壁实验的集成模型，其中聚变性能由快离子和固有存在的金属壁杂质之间的反应驱动。通过对 H 少数进行射频加热，在 He 和 D 中形成了一种稳态 L 模式等离子体，其主要是质子-铍聚变，中子产额高达 6·10。中性粒子分析仪、快速离子损失探测器和γ射线诊断明确地证实了聚变驱动。通过集成建模框架对实验进行分析，该框架旨在对两级质子铍聚变链进行建模并产生高保真聚变产物源项。建模链包括用于等离子体核心建模的 TRANSP 和 JETTO、用于全轨道产物跟踪和碰撞减速的 LOCUST、用于解析两体和三体聚变运动学的 DRESS 以及用于中子输运计算的 MCNP。建模表明，在这些实验中，在自然存在的铍浓度下，主要的 Be(p,n) B 反应是主要的中子发射体。聚变产物和铍、Be(d,n) B 和 Be(·,n) C 之间的二次反应对产率的贡献可以忽略不计。对 D 等离子体中的质子-氘核碰撞效应进行了建模，计算出其对总中子产额的贡献为 25%。对于 He 和 D 放电，计算出的总中子速率与实验和计算不确定性相结合的裂变室 (FC) 测量值相匹配，平均差异为 20%。现实的质子铍中子源通过"
ee4380b2988acc72,KSTAR 边缘谐振的时空结构及其在无 ELM QH 模式中的作用,在静态 H 模式（QH 模式）中，边缘局域模式 (ELM) 自然地被低边缘谐波振荡 (EHO) 取代，但 EHO 驱动的自调节传输机制仍然没有得到充分的了解。利用 KSTAR 的高时空分辨率成像诊断（电子回旋发射成像和宽带电子回旋发射成像），我们解析了 EHO 的本征模式结构，并阐明了其在边缘传输中的调节作用。 EHO 位于最大压力梯度附近的基座内，沿离子抗磁方向传播，其径向包络随着剪切力的增加而膨胀，表明旋转剪切与 EHO 的结构演化密切相关。信息论传递熵分析确定了一种独特的“双稳定”调节相互作用模式：EHO 与增强的向外能量传输以限制压力梯度相关，而背景剪切流与对 EHO 饱和幅度和能量通量的优先调节影响相关。这些结果表明，QH 模式基座由剪切相关调节机制维持，其中旋转剪切和模式结构之间的耦合似乎与持续的 ELM 无状态密切相关。
c7edcd1ff95cbf41,EAST 中锂颗粒诱导 ELM 电磁扰动下 W 输运的粒子追踪模拟,采用粒子追踪方法来研究受 EAST 中锂颗粒诱导 ELM 产生的电磁扰动影响的 W 离子的输运动力学。从 BOUT++ 三场模拟中获得的 ELM 的电磁扰动，通过粒子追踪代码插值到网格上，作为 W 离子全轨道模拟的输入。研究发现，离子的分布可以很好地代表具有多个但接近的电荷态的W离子的分布。结果表明，漂移是 ELM 期间 W 离子输运的主要驱动力，而扰动电场是主要决定因素。对颗粒沉积位置影响的进一步研究表明，沉积在基座顶部的颗粒在从核心等离子体区域驱逐 W 离子和筛选 W 离子流入方面更有效。径向速度分析表明，ELM 扰动往往会增加 W 离子的平均速度幅度和扩散系数。还观察到，当 W 离子接近分界线时，它们具有更高的径向速度大小，这有利于它们从边界区域排出。对 W 离子分布在不同初始极向位置的放电情况的模拟表明，最初沉积在低场侧的那些最容易损失 W 离子。
40908a76b0c7cd10,KSTAR实验概述和未来计划,韩国超导托卡马克先进研究（KSTAR）装置在安装钨整体偏滤器后最近进入了一个新的运行阶段，为研究未来反应堆的高性能、长脉冲等离子体场景提供了一个独特的平台。 2023-2024 年的实验活动表明，在调试钨偏滤器、开发等离子体操作场景和实现实时控制方面取得了重大进展。比较研究表明，相对于碳滤除器环境，核心辐射损失增加，相关性能下降。优化的中性束注入时间、硼粉晶种和通过充气控制杂质等缓解策略已被证明可以减少钨的积累并延长高性能阶段，包括创纪录的超过 100 秒的 H 模式运行。国际合作首次在 KSTAR 上演示了具有内部传输障碍的高极向β场景。控制方面的进步包括升级的实时谐振磁扰方案和干扰预测。此外，使用基于替代模型的新方法和实时辐射成像的偏滤器脱离控制证明了主动杂质和热通量管理。在增强的加热、电流驱动和诊断系统的支持下，这些成就为包括 ITER 在内的未来反应堆的钨杂质行为、传输物理和控制策略提供了宝贵的见解。计划升级为全钨墙和符合 ITER 的实时标准
8b11346f1d5fcec6,低温泵和燃料加注位置对 MAST-Upgrade 上游密度和脱离的影响,在第四次科学活动 (MU04) 开始时，在 MAST 升级 (MAST-U) 下部偏滤器中安装了低温泵，以增强密度控制、分离前沿管理和杂质去除，同时将操作空间扩展到较低密度区域。紧密挡板的偏滤器室将偏滤器中性环境与主室准隔离，通过偏滤器燃料加注和低温泵操作实现局部中性压力 ( ) 调节，对上游等离子体密度的影响最小。 MU04 实验和 SOLPS-ITER 模拟均证实，激活低温泵可减少外部下部偏滤器 ，同时保持线平均密度 ( ) 和中平面 。低温泵有助于降低偏滤器，帮助等离子体附着并将分离前沿拉近目标。建模表明，在传统偏滤器 (CD) 和超级 X 偏滤器 (SXD) 配置中，翻转开始所需的上游密度有所增加，从而能够实现从附着条件到分离到辐射塌陷的更广泛的操作扫描。偏滤器加料表现出较低的加料效率（注入的中性物质到达分界线），导致上游分界线密度和偏滤器中性压力之间的微弱缩放（ ），与其他设备上的观察结果一致。相比之下，主室燃料加注实现了更高的效率（对于 LFS 和高场侧 (HFS) 燃料加注），并产生更强的密度缩放（指数 ），反映了与燃料加注位置相关的不同等离子体-中性耦合路径。
c297bbb8a217be0c,负离子 NBI 光束通过漂移部分传输时的空间电荷补偿和残余场效应,束流传输过程在用于热核聚变的负离子中性束注入（N-NBI）系统的设计和实现中起着至关重要的作用。特别是，空间电荷补偿（SCC），即负离子与背景气体碰撞产生的正离子减轻空间电荷效应，是影响光束发散和包络演化的关键机制。在这项工作中，使用基于 Vlasov 光束追踪算法的 3D 仿真模型研究了 N-NBI 系统中的 SCC 过程及其对光束传输的影响。系统模拟表明，SCC 演化和下游光束光学器件由背景气压和光束能量共同控制，较高的压力和较高的能量会增强 SCC，并减轻提取系统下游的发散和包络增长。一个关键的物理观察是，无碰撞相混合将二次离子的横向速度分布推向麦克斯韦分布，从而实现与 SCC 程度定量相关的有效横向离子温度。提取系统下游泄漏的残余电场在有限范围内局部削弱 SCC，在 和 压力下对 ITER 相关情况产生可忽略不计的光束光学影响，但在相同压力范围下产生不可忽略的输运灵敏度。这些结果为 SCC、二次离子动力学和束流传输之间的相互作用提供了新的见解，与高能 NBI 束线的建模和优化直接相关。
16f7b1ffaaedfcbf,J-TEXT 托卡马克上 3D 磁场的物理学和应用的最新进展,本文总结了过去两年 J-TEXT 托卡马克装置取得的最新实验和理论进展，重点是三维（3D）磁场的物理和应用。关键硬件升级包括新的 ICRF 系统和先进的 3D 磁线圈系统，由谐振磁扰 (RMP) 线圈、岛偏滤器 (ID) 线圈和外部旋转变换 (ERT) 线圈组成。这些升级可以对 MHD 不稳定性、中断、传输和偏滤器解决方案进行新颖的研究。一项重大发现是新古典撕裂模式（NTM）触发了电子内部传输势垒的形成，其中磁岛与湍流非线性相互作用以抑制传输并使核心温度梯度变陡，并揭示了一种改善限制的新机制。此外，内部扭结模式驱动的新古典环形粘度扭矩被认为是控制固有旋转的关键机制。 ERT线圈的应用成功地创建了托卡马克-仿星器混合配置，证明了NTM的完全抑制以及稳定等离子体电流增加了20%。为了进行边界控制，建立了 ID 配置，将峰值热负荷减少约 50%，并通过超音速分子束注入燃料实现分离。在破坏物理学中，使用 RMP 和 O 点对齐电子回旋加速器共振加热的协同控制可有效抑制锁定模式和破坏，而低 n 磁扰动能够抑制失控电子。瑟玛
5d2d7d98f1606c58,CO 2 耦合加氢常压合成氨,哈伯-博世氨合成是全球农业和化学工业的基石，但它从根本上受到内在规模关系的限制，需要与大量碳足迹相关的能源密集型条件。在此，我们报告了一种表面氧化还原介导的化学循环策略，该策略利用二氧化碳氢化反应作为化学触发器，在大气压下驱动钴钼双金属氮化物（Co3Mo3N）氮载体上的氨合成。机理研究表明，CO2 会引发动态表面氧化，从而削弱固有的 Mo-N 键并促进晶格氮的氢化和释放为 NH3。该循环通过随后的氮化步骤结束，该步骤去除表面氧并再生氮化物晶格。这种氧化还原介导的机制使得NH3峰值浓度达到前所未有的~2.3%，在500°C大气压下释放速率达到12.4 mmol·gcat-1·h-1，克服了历史上阻碍低压氨合成的热力学限制。我们的研究结果证明了动态表面工程如何将动力学限制与热力学约束解耦，为可持续固氮与碳利用提供了一种新的范例。
8b67c0cf90825a2b,多重非共价组装二聚体受体的演示使有机太阳能电池效率接近 21%,有机太阳能电池（OSC）的电能转换效率已超过20%；然而，有限的分子有序性和高激子结合能阻碍了进一步的进展。在这里，通过调整小分子受体（SMA）内硫原子的数量，我们设计并合成了四种受体CHSMe、CHSPh、CH2SPh和CHDF，其中强的分子间C-H·S和C=S·S非共价相互作用导致清晰的双分子结构单元。 CHDF 的单晶 X 射线衍射分析表明，其 DTF 单元内的硫原子参与与邻近分子的分子间非共价相互作用。这些包括与苯环的双氢键相互作用（C-H…S）和与噻吩单元的双C=S…S相互作用。总的来说，这些多重相互作用推动了两个相邻 CHDF 分子之间几乎共面的二聚体的形成，这是首次在 SMA 单晶中观察到这种双分子自组装现象。这种行为在一系列具有不同侧链和端基的衍生物中得到了进一步证实。因此，所得的 CHDF 表现出增强的结晶度、广泛的 π-π 堆积以及显着降低的 150 meV 激子结合能。当与 PM6 配合使用时，基于 CHDF 的器件实现了 20.69% 的冠军效率，在二进制 OSC 中名列前茅。
b8001b4a39b16e72,使用负载型钴单原子催化剂通过末端烯烃双官能化合成 γ-芳基氨基醇,"尽管γ-氨基醇具有广泛的用途，但从廉价、丰富的原料中直接、多样化地合成它们仍然具有挑战性。在这里，通过开发一种负载在分级有序多孔碳基质（Co-N4/HPC）上的双功能单原子钴催化剂，它能够使用 HCOOH 还原剂将未活化的末端烯烃与硝基芳烃和甲醛进行羟氨甲基化。该双官能化反应具有操作简单、原子/步骤经济性高、底物范围广、优异的官能度耐受性、高选择性和催化剂可重复使用性等特点，为大宗化学品合成γ-芳基氨基醇提供了实用的平台。值得注意的是，Co-N4位点介导轻度还原，而介孔N掺杂碳载体通过物理吸附富集甲醛，促进捕获硝基芳烃还原原位形成的羟胺。随后所得硝酮与烯烃进行 1,3-偶极环加成，然后还原环加合物，得到所需的产物。利用金属-载体协同作用进行温和还原和高效中间体转化的概念将为通过合理的催化剂设计进一步开发有用的串联反应打开一扇大门。"
497be4eb6809fa1e,使用量子点-维氏固氮菌杂交体进行光驱动氨生产的碳介导可充电操作,将固氮微生物与半导体纳米材料相结合，可以在环境条件下将氮 (N2) 转化为氨 (NH3)，但大多数研究都是使用无碳缓冲液中的洗涤细胞进行评估，从而模糊了可扩展操作的代谢控制。在这里，我们报道了在量子点（QD）-维氏固氮菌杂交体中，中等碳状态控制着光驱动的细胞外 NH4+ 积累和长期生产。该杂交体在光照下表现出增加的膜极化，伴随着细胞内 NADH/NAD+ 和 ATP 的升高，并且 NH4+ 的产生受到质子载体的强烈抑制，该质子载体消散膜电化学梯度并阻断 ATP 合成，表明 ATP 依赖性固氮酶催化。在富含蔗糖的培养基中，细胞外 NH4+ 积累仍然较低，因为固定氮优先被同化为生物质，而过量的碳则以聚羟基丁酸酯 (PHB) 的形式储存。蔗糖耗尽后，PHB 被动员，细胞外 NH4+ 积累变得明显。使用这种碳开关，在 12 小时黑暗间隔期间间歇性添加蔗糖（1 g L-1）可实现可充电循环，并在 108 小时内将累计 NH4+ 产量增加约 2.4 倍。这些结果将量子点光氧化还原输入与介体辅助电子转移、细胞生物能学、碳储备代谢和固定氮分配联系起来，为半导体固氮菌平台提供了设计原理。
b0f3e2086c6eb936,拓扑门控 λ 核酸外切酶可实现无扩增信号增强,无扩增检测仍然是基于 CRISPR 的 RNA 诊断的基本挑战。在这里，我们发现了 λ 外切核酸酶以前未被认识的拓扑特性，即两端带有 5' 磷酸盐的双链体底物经历自我持续的循环切割重整过程。这种拓扑门控行为无需外部放大即可实现信号更新。通过系统的生化和结构分析，我们阐明了潜在的机制，并将 λ 核酸外切酶建立为拓扑驱动的信号放大器。然后，我们设计了一种拓扑门控哑铃探针，将 5' 磷酸盐隔离在双 RNA 发夹环内。目标识别后，CRISPR/Cas13 特异性切割环，暴露隐藏的磷酸盐，从而激活 λ 核酸外切酶介导的循环反应。由此产生的级联被称为 Topo-CRISPR（拓扑门控 λ 核酸外切酶，无需预扩增即可实现 CRISPR 扩增），无需预扩增即可在 25 分钟内实现阿托摩尔级灵敏度。应用于临床样本时，Topo-CRISPR 能够对肠道病毒 RNA、miR-21 和 ciR1445 进行稳定且特异性的检测，表现出与 RT-qPCR 相当的性能。我们通过适体介导的构象门控进一步将 Topo-CRISPR 扩展到非核酸靶标。这项工作揭示了以前被忽视的酶拓扑结构，将 λ 核酸外切酶定位为循环信号传感器，并为超灵敏分子传感提供了通用框架。
b50f669c2784aa67,离子对介导使微滴中的 CO 2 和 NH 3 形成环境尿素,在环境条件下，尿素可以在水性微滴界面处由 CO2 和 NH3 自发形成，无需催化剂或外部能量输入。然而，这种高效转化背后的分子机制仍不清楚，这主要是由于关键中间体的瞬态性质。使用具有显式空气-水界面的大规模量子力学/分子力学（QM/MM）元动力学模拟，我们确定了一种离子对介导的途径，其特征是低激活势垒，使观察到的反应性合理化。 CO2 与两个 NH3 分子反应形成稳定的 H2NCOO-⋯NH4+ 离子对（最近在微滴实验中检测到的一种物质），其激活势垒仅为 ∼ 9.4 kcal/mol。固有界面电场 (∼0.1 V/Å) 进一步将该势垒降低至∼ 4.4 kcal/mol。随后，第三个 NH3 对离子对进行亲核攻击，通过协调的质子转移过程产生尿素，其势垒非常低，约为 8.1 kcal/mol。相比之下，通过中性氨基甲酸 (H2NCOOH) 进行的途径表现出超过 18.0 kcal/mol 的势垒，并且质子化氨基甲酸本身的初始形成需要 22.9 kcal/mol 的势垒，使得两条路径在动力学上不具有竞争性。这项工作提供了微滴中自发尿素形成的关键原子学见解，并强调了界面微环境的独特物理化学特征在实现生命前相关化学方面的重要性。
a2ac81db9964d738,氨处于净零十字路口,氨对于食品生产和新兴的无碳能源载体是不可或缺的，但它通过化石燃料哈伯-博世工艺合成，使其成为二氧化碳的主要来源。我们介绍了氨彩虹，这是一个结合了基于物理的建模、学习曲线分析和生命周期可持续性评估的分类框架，用于评估八种氨生产技术的净零转型。在这里，我们表明，假设全球氨需求量增加一倍以满足预计的粮食和能源需求，那么在任何当前政策或技术情景下，到 2050 年都无法实现净零氨。即使是乐观的绿色路线部署也需要广泛的基础设施，消耗超过 40% 的可用绿色氢以及大量碳捕获和可再生能源容量。电化学路线具有长期前景，但如果没有颠覆性创新，不太可能在 2070 年之前实现商业可行性。通过揭露这些隐藏的系统级负担，我们挑战了需求增长不受限制的普遍假设，并主张采取需求方措施、提高效率和替代脱碳策略。
aa8f4dd1041b505f,晚古生代冰河时期广泛的热带气旋活动,由于沉积证据的缺乏和模糊性，热带气旋（TC）活动是否盛行于晚古生代冰河期（LPIA）——显生宙最长的冰库——仍然存在争议。为了帮助解决这一冲突，我们将跨越 LPIA（约 360–260 Ma）的 126 个风暴记录的全球汇编与高分辨率（约 25 公里）TC 解析模拟相结合。我们揭示了LPIA期间热带地区TC发生的准对称经向分布，TC轨迹延伸至高纬度地区（>60°N/°S）。这种模式与亚热带和热带地区广泛分布的风暴沉积物一致。在二氧化碳驱动的LPIA内冰期-间冰期转变期间，我们观察到全球热带气旋频率降低和强度增强，这与热带气旋活动向极地移动相一致。这些变化与空间异质变暖模式和大气环流的相关变化有关。我们的研究结果有助于调和有关冰室热带气旋行为的争议，并强调变暖引起的热带气旋活动向极地迁移可能是地球系统与气候状态无关的特征。
7436ce3081d1c6e9,量化未来海平面上升至 2300°C 时英国沿海洪水风险,最新的政府间气候变化专门委员会评估报告强调，到 2300 年，全球海平面可能上升超过 15 m。在这项研究中，我们通过将国家规模的洪水模型与英国海平面上升的基于物理的故事情节相结合，探讨了对英国沿海洪水暴露的影响。到 2100 年，所有故事情节都显示出大致相似的结果，至少有 50 万人遭受了 200 年一遇的不设防洪水的影响，这比现在增加了 25%。根据最悲观的情况，到 2300 年，冰盖将出现严重不稳定，另外 1300 万人可能会遭受 200 年一遇的无防备洪水事件的影响。这意味着未来几个世纪可能需要大规模人口和定居点远离海岸。鉴于目前的全球排放承诺，到 2300 年，接触风险的人数将增加 170 万人，但如果实现《巴黎协定》的温室气体排放目标，则可避免多达 100 万人的接触。
4979b4c0fb6cce4f,用于氮原子转移化学的金氮宾,通过光化学从叠氮化金络合物中挤出 N2，在晶体中捕获了难以捉摸的光环氮烯。计算研究证实了三线态基态及其与 O2、CO、醛和炔的反应性，使金成为氮烯原子转移化学的可行平台。
1f8724d3311692eb,“AND”逻辑门控近红外荧光探针同时感应超氧阴离子和粘度，可实现早期动脉粥样硬化监测,动脉粥样硬化 (AS) 的早期阶段涉及巨噬细胞脂质摄取和氧化应激，创造了一个驱动斑块形成的动态微环境。监测病变中复杂的化学和物理变化对于了解疾病和制定早期诊断策略至关重要。然而，对关键分子事件的实时和特异性监测仍然具有挑战性。在这里，我们构建了一种近红外 (NIR) 双锁荧光探针 PLAQ-SCAN（通过超氧化物和粘度共激活分析进行斑块定位和鉴定）。荧光的开启依赖于两种刺激的共存，精确匹配早期AS的“双重失调”微环境，有效避免单一刺激诱发的假阳性信号。结果表明，PLAQ-SCAN 仅在两种信号存在的情况下才表现出强荧光，并成功监测巨噬细胞泡沫形成过程中超氧阴离子 (O2•-) 和粘度的失调。值得注意的是，PLAQ-SCAN 能够追踪主动脉斑块的 AS 进展，并在第 8 周检测血清信号变化，先于传统的组织病理学证据。总之，PLAQ-SCAN 提供了一个强大的平台来实时监测发病过程中的 O2•- 和粘度，从而实现早期 AS 监测和协同机制探索。
756eddf26282e994,手性量子切割,近红外圆偏振发光（NIR-CPL）为先进光子应用带来了巨大的希望，然而，由于能隙定律，在近红外区域同时实现高光致发光量子产率（PLQY）和大不对称因子（glum）仍然具有挑战性。在此，我们提出了一种基于稀土离子掺杂手性钙钛矿量子点（PeQD）的手性量子切割策略。具体来说，所获得的手性PeQD在985 nm处表现出很强的NIR-CPL，具有0.092的大glum和157.2%的高PLQY，导致优异的品质因数（FM = |glum| × PLQY）为0.145，代表了已报道的手性钙钛矿中的最高值。飞秒瞬态吸收光谱证实，由于手性诱导自旋选择性（CISS）效应，超快的能量转移伴随着有效的自旋保存，从而导致 Yb3+ 离子的不平衡自旋群体，从而实现高效的 NIR-CPL。因此，我们首次提出并论证了手性量子切割效应的概念，并基于CISS效应揭示了能量和手性转移过程中自旋翻转和保存的机制。我们的工作为设计具有大glum和高PLQY的高效NIR-CPL材料提供了一种新颖的策略，为在NIR区域开发高性能手性光电和自旋电子器件开辟了新途径。
f6d1ef009f54ffbc,难以捉摸的块状碘化物双钙钛矿半导体 Cs 2 AgBiI 6 的合成：微晶和光电导薄膜,单击复制部分链接 部分链接已复制！三维（3D）碘化物双钙钛矿（钾硅石）半导体作为太阳能应用中潜在的无铅金属卤化物吸收层引起了人们的兴趣。尽管通过计算方法进行了广泛的研究，但它们在很大程度上仍然无法合成，这与它们预测的热力学不稳定性是一致的。在这里，我们报告了块状 Cs 2 AgBiI 6 的首次合成，展示了微晶和薄膜形式。通过阴离子交换从相纯Cs 2 AgBiBr 6 微晶制备Cs 2 AgBiBr 6 微晶粉末。所得的碘化钾冰晶石在可见光范围内表现出广泛的吸收，光学带隙为 1.70 ± 0.05 eV，近红外光致发光集中在 1.03 eV。我们认为消除散装 Cs 2 AgBiBr 6 中的痕量水分是实现完全卤化物交换和分离具有相纯度的散装 Cs 2 AgBiI 6 的关键因素。在惰性气氛中，微晶Cs 2 AgBiI 6 在室温下储存数月或加热至~70 °C 时不会分解，并且在干燥空气中表现出同样稳定。基于这些见解，我们随后演示了通过 Cs 2 AgBiBr 6 闪蒸热蒸发然后进行阴离子交换来制备相纯 Cs 2 AgBiI 6 薄膜。对此类 Cs 2 AgBiI 6 薄膜的光电导测量证明了光载流子的生成和传输，这标志着对这种难以捉摸的 3D 碘化物双钙钛矿的首次光电测量。 ACS 出版物 © 2026 作者。美国化学公司出版
b37214106a933f6d,摩擦学需要一个“自我进化”的研究平台,
8f7cd6bb24df828b,丙烯醛多步/多通道光异构化和解离的实时探测,丙烯醛（最简单的不饱和有机羰基）的光引发单分子分解在我们的大气层和星际介质中具有潜在意义。协同实验和理论研究揭示了复杂的多步动力学，涉及异构化为甲基乙烯酮，随后消除 CO 形成乙叉基 CH3CH，即难以捉摸的乙烯高能卡宾异构体 CH2CH2。甲基乙烯酮反应中间体的能量分辨实时监测产生的衰变常数非常符合最先进的第一原理 RRKM 计算，适用于相对较长时间范围内发生的一系列反应步骤。异构化主要涉及通过甲基甲酰卡宾的两个连续的 α-H 原子迁移，而不是直接的 3 中心 H 原子转移。由于形成三线态亚乙基的势垒高度和形成电子激发的单线态亚乙基的吸能性几乎一致，两个通道在宽范围的能量上竞争，对应于340和370 nm之间的激发波长。
2e024f0c021f8f17,玻色对称保护拓扑相的非阿贝尔统计,对称保护的非阿贝尔（SPNA）统计开辟了量子统计的新领域，并丰富了拓扑量子计算的方案。在这项工作中，我们在一维相关玻色对称保护拓扑（SPT）相中提出了 SPNA 统计的新范式，并通过系统研究揭示了奇异的普遍特征。特别是，我们表明，对于真实哈密顿量描述的通用玻色子 SPT 相，拓扑零模式的 SPNA 统计分为两个不同的类别。第一类展示了硬核玻色子零模式的传统编织。此外，我们发现了第二类非常规编织统计，其特征是非线性变换，其特征是第一类的分数化，让人想起对称保护马约拉纳对的非阿贝尔统计。这两类不同的统计数据在对实哈密尔顿系统的编织过程的非阿贝尔贝里相进行分类方面具有拓扑起源，通过完整学是否涉及反射运算来区分。为了说明这一点，我们重点关注具有粒子孔对称性的特定玻色子 SPT 相，并证明两类编织统计数据都可以分别在有或没有受控缺陷的帮助下在三结中实现。给出了分析和数值结果。我们演示了如何使用两类 SPNA 统计数据对逻辑量子位进行编码并实现单量子位门和双量子位门。最后，我们提出了可行的实验方案来观察这些预测，并且我
8b7051e42b349815,2-烷基呋喃经历放射分解氧化蛋白质交联,诱导共价键形成或交联是询问和调节生物系统的强大策略。目前的策略主要依赖于光化学过程，这通常限制其在细胞或其他光学可访问环境中的使用。拓宽交联引发事件的化学基础可以将这些方法扩展到更复杂的生物系统。电离辐射——癌症治疗的基石——是共价化学的一个有吸引力但未经探索的触发因素。在这里，我们详细介绍了一系列合理设计的放射解交联候选物的系统比较。这些研究表明，2-烷基呋喃以辐射剂量依赖性方式有效地标记代表性蛋白质。机理分析表明，辐射分解诱导羟基自由基介导的呋喃氧化，产生亲电二羰基中间体，该中间体与赖氨酸残基反应形成稳定的加合物。我们应用这种策略来强制共价捕获细胞中原本可逆的小分子-蛋白质相互作用。总之，这些发现确立了电离辐射作为共价化学的有效触发因素，扩大了放射分解化学的范围，包括键的形成。这项工作为未来利用空间靶向辐射进行目标识别或开发下一代治疗策略的应用奠定了基础。
38a56180e09a3653,使用吸附剂实现下一代直接空气捕获的途径,随着极端天气事件的日益频繁，除碳技术的紧迫性显而易见。尽管直接空气捕获（DAC）最有希望实现大规模碳去除，但其部署面临着重大的工程障碍。本综述总结了 DAC 放大的四个关键瓶颈，涵盖接触器设计、热管理、水管理和系统耦合。这些最终通过技术经济分析相互联系起来，这有助于确定加速 DAC 实现其碳捕获目标的关键途径。
040bc77571dce13e,神经丝光尾部无序突变重塑其自组装网络结构,具有本质无序区域（IDR）的蛋白质尽管缺乏稳定的结构，但仍能发挥重要的细胞功能，这挑战了传统的结构-功能范式。神经丝轻 (NFL) 蛋白自组装成洗瓶刷丝，其紊乱的尾部结构域介导向列型水凝胶的形成，这对于神经元的完整性至关重要。 NFL 的突变与腓骨肌萎缩症 (CMT) 相关，但其分子效应仍不清楚。在这里，为了深入了解这些分子机制，我们结合小角度 X 射线散射、显微镜和深度学习构象分析来研究 CMT 相关的 NFL 尾部突变。我们发现这些突变压缩了水凝胶，通过产生微域来破坏细丝向列顺序，并通过改变序列依赖性构象整体来改变保水动力学，从而导致宏观网络重排。这些发现证明了 IDR 中微妙的序列变化如何调节蛋白质网络组织和功能，为 IDR 相关病理学提供了结构见解。
9858b830928d2004,计算引导设计生物活性纳米结构，用于靶向清除阿尔茨海默病中的淀粉样蛋白-β聚集体,金纳米片装饰的铁蛋白纳米笼在全身给药后，可以选择性地分解纤维状β-淀粉样蛋白斑块，从而减少阿尔茨海默病小鼠模型中的淀粉样蛋白负担并改善突触和认知功能。
06230a022dbd9ec1,细胞外囊泡的催化谱图改变了癌症代谢,通过在空间和能量上排列氧化还原中心，代谢物响应纳米杂化物可以量化细胞外囊泡的动态生物能特征，并绘制肿瘤微环境中的代谢变化图。
9b77e13d7a4778e3,迈向技术智能型绿色产业政策,随着政府制定绿色产业政策，确定未来获胜的能源技术变得越来越重要。通过评估技术特征，政策制定者可以战略性地选择既能带来全球成本竞争力又能带来国内经济回报的制胜技术。
d80ef821f9254402,通过感应效应调节钠层氧化物阴极的晶格稳定性,单击复制部分链接 部分链接已复制！钠层氧化物阴极相对于锂类似物的稳定性和安全性仍然是一个关键问题，但其基本起源仍然知之甚少。在这里，我们通过将 5% 锂 (Li)、钾 (K) 或两者引入层状 NaNiO 2 (NNO) 中，产生 Na 0.95 Li 0.05 NiO 2、Na 0.95 K 0.05 NiO 2 和 Na 0.90 Li 0.05 K 0.05 NiO 2，研究钠-氧键离子性在控制放气中的作用。在线电化学质谱法在 4.3 V 电压下显示，K 替代增加了气体逸出，但充电容量相似，而 Li 替代则使气体逸出减少了近 80%，而容量仅降低了 16%。容量控制实验表明，NNO 仅需充电至 3.8 V (144 mA h g−1) 即可实现与充电至 4.3 V (175 mA h g−1) 的 Na 0.95 Li 0.05 NiO 2 相当的气体逸出。这些结果表明，通过感应效应调节碱金属-氧键离子性可以调节Ni-O共价、晶格氧稳定性和界面反应性，为更安全的钠层氧化物阴极提供设计指导。 ACS 出版物 © 2026 作者。美国化学会出版
be63041135639e2b,反芳香性作为磁增强手性光学各向异性的设计原理,增强低激发能下的手性光学响应仍然是小有机分子的主要挑战，因为它们的最低激发态通常由电偶极子特征主导。在这里，我们证明了反芳香性可以作为分子设计原理来利用，以获得具有增强磁性贡献的低能量激发。通过将平面对位 s-indacene (4nπ) 核心与 [5]helicene 支架融合，我们构建了一个螺旋手性反芳香系统，该系统在短波近红外区域表现出明显的不对称因子达到 10-2。结合 GIMIC/NICS 分析和多级电子结构计算表明，顺向环电流使前沿激发态流形偏向增强的磁贡献，而热感应对称性破缺使这些状态可以光学观测。这些发现支持将反芳香核与合适的手性融合拓扑相结合作为工程手性光学各向异性的可行策略。
cc3e70f1f37ab943,由 2-卤代苯并呋喃和吲哚氧化剂实现的跨宽 p K a 谱的碱促进的苄基 C–H 胺化反应,我们公开了一种碱促进的方法，使用2-卤代苯并呋喃和吲哚作为新型卤素氧化剂，将烷基（杂）芳烃的苄基C-H键与苯胺亲核试剂直接偶联。我们还将这种反应性扩展到双重使用六甲基二硅氮烷 (HMDS) 试剂作为碱和亲核氨替代物，通过简单的脱保护和分离方案获得伯苄胺。该方法利用卤素转移（X 转移）反应性将去质子化、卤化和亲核取代合并为一个协同过程，这对于反应成功至关重要。在这里，热力学上的去质子化事件产生瞬时的苄基碳负离子和卤化物中间体，从而避免了众所周知的金属化-卤化序列中的二聚化和苄基卤取代导致的胺过度烷基化的复杂性。与传统的 C-H 金属化化学和已建立的基于自由基或氮烯的 C-H 胺化策略相比，这些特性提供了新颖的范围和选择性机会。该方案的反应性以 C-H 酸度趋势为指导，对于聚烷基芳烃、难以氧化的烷基（杂）芳烃以及具有易氧化官能团的底物（这些官能团在替代机械方法中不适合或没有选择性）有效。新型苯并呋喃和吲哚 X 转移试剂 (XTR) 与胺亲核试剂和碱相容，可将 X 转移氧化偶联扩展到比以前更宽的 pKa 范围。这些易于制备的试剂的结构研究解释了
c8ede9bc64397e54,建筑环境的真实影响,水泥和混凝土是现代社会的基础，但人们对它们真正的资源需求以及控制其有效利用的动力仍然知之甚少。最近的两项研究表明，最有力的变革杠杆可能根本不在水泥厂内部。
beedeea5d2e2af44,非洲水研究超越冲突和稀缺的叙述,可重复、可复制和强大的非洲水研究在引人注目的科学期刊中仍然代表性不足，导致区域政策制定者转向咨询公司和利益集团。我们呼吁加强编辑对非洲水研究的参与，以利用其对解决跨境冲突的贡献。
4084af5cf24531b3,异质人工光系统 I：Zr-金属-有机框架中的光诱导质子耦合电子转移,光系统 I 通过质子耦合电子转移 (PCET) 生成 NADH 作为主要光产物，弥补了超快能量转换和慢得多的化学键形成之间的差距； NADH 随后充当下游多电子反应的氧化还原梭。在人工系统中复制这样一个优雅的蓝图或其功能和机制仍然具有挑战性。本研究展示了基于芘的锆氧金属有机框架 (MOF) NU-1000 中的光诱导 PCET 过程，在单重态流形中运行，直接产生 NADH 模型类似物 (HNH-H) 以及 2[芘•+]─[Zr-氧节点-O-] 对，无需任何助催化剂。光谱分析（包括稳态、时间分辨和瞬态方法）表明，在逐步的两个 1e- 还原过程中，极性二甲基甲酰胺溶剂中节点结合羟基和水配体的质子转移并不直接参与速率决定步骤，这一点可以通过在非常低的 [HNH+] 下 1 的动力学同位素效应 (KIE) 来证明。然而，随着从阴离子节点连续去质子化的难度越来越大，在较高的 [HNH+] 下观察到逆 KIE (0.75)。基于密度泛函理论的计算支持预平衡质子转移到第一个1e-还原自由基中间体HNH·，然后是第二次电子转移，这与该吸能过程的总体ET-PTET机制一致。在不支持质子转移的非极性溶剂中，HNH•中间体反而会发生不可逆的二聚化。减少的 HNH-H 航天飞机是前
177d1d63a781ac67,美国气候变化新闻的时间范围,新闻将气候变化描述为现在或将来发生的事情都会影响公众的风险认知和气候行动。最近的一项研究表明，在美国新闻中，预期气候影响的时间已经越来越近，但协调一致的气候行动始终推迟到未来。
59af161f79753669,UNFCCC进程中主要参与者的改革偏好,"摘要
                  改革联合国缔约方会议（COP）气候谈判的呼声日益高涨，但有关主要参与者改革偏好的系统经验证据仍然有限。在这里，通过一项涉及国家和非国家精英受访者的联合调查实验，对假设的改革提案进行比较，我们发现了对提高透明度并为推动气候行动提供更强有力的实施重点的改革的广泛支持。我们看到，非国家行为者更支持限制化石燃料公司参与并扩大观察员参与机会的改革。此外，大多数其他机构改革提案并未得到实质性支持。这些结果确定了两种可能的改革路径：加强透明度和问责制，或调整缔约方会议以加强现有承诺的实施。更具争议性的改革，包括改变共识规则、缔约方会议主席和利益相关者代表，成功的可能性较小。"
df7a728f4de5623c,使用扫描隧道显微镜对胶体合成金纳米立方体进行原子尺度成像和表征,配体介导的胶体合成能够控制金属纳米粒子的生长，其特性不同于其本体对应物，但直接获取其原子级表面结构仍然有限。在这里，我们使用超高真空扫描隧道显微镜和光谱学实现了单个湿法合成金纳米立方体的原子分辨成像和光谱学。去除溶液相配体后，原子分辨的形貌揭示了超高真空中顶部立方面上未重构的 Au(100)-(1 × 1) 表面。退火后，出现准六方重构域，与 (1 × 1) 相共存。除了结构转变之外，扫描隧道光谱还揭示了未重构 Au(100) 表面 +1.2 eV 附近的未占据表面态共振，该共振通过重构、缺陷和配体残留物进行了局部修改，从而将局部电子态密度与异质原子结构相关联。场发射光谱揭示了配体覆盖区域中功函数的系统降低。互补振动作用光谱进一步揭示了残余配体的C-H伸缩模式。这些结果共同建立了一个原子级精确的平台，将胶体合成与纳米材料的纳米级结构、电子和振动表征直接联系起来。
90e40f9d294f46bd,后顶叶皮层介导稀有性引起的决策偏差,不确定性下的最优决策对于生存至关重要，但现实世界的决策常常偏离最优性。在这里，我们报告了人类和小鼠中稀有性引起的偏见，其中稀有事件比常见事件对后续决策产生更强、更持久的影响。光遗传学操作揭示了后顶叶皮层 (PPC) 的独特的、学习阶段特定的作用：在幼稚阶段，PPC 会驱动稀有性引起的偏差并干扰最佳决策；在专家阶段，PPC 对于基于刺激的决策至关重要。体内
57aa15b6ebdab46e,大胆和好战有关系吗？,本周从《自然》档案中挑选的文章中，展示了刺鱼的不同类型的攻击行为，以及日落时看到的光柱。
41fbc23b618d5641,移动地板可防止建筑物随风摇晃,受日本传统宝塔启发的建筑设计有助于确保现代塔的安全。
e9b19b4d618261d7,"通过多重参考方法解析AlM 2 O 4 + (M = Fe, Co)的结构",多中心过渡金属簇通常表现出由配体场分裂和自旋耦合的相互作用产生的密集的低位电子态。加上结构和价态异构性，这些因素使得振动光谱分配具有挑战性。 AlM2O4+（M = Fe、Co）的红外光解 (IRPD) 光谱无法解释，因为预测的光谱对异构体及其电子态敏感。在这里，我们通过在局部主动空间框架中采用多参考方法来识别低能结构及其基态电子配置，然后使用 Kohn-Sham 密度泛函理论进行振动分析来解决分配问题。我们表明，实验 IRPD 光谱源自两种结构异构体的共存，每种异构体均处于低自旋基态。针对已识别基态计算的振动光谱再现了实验 IRPD 特征，而替代态的振动光谱则不然。该分配与报告的实验观察结果一致，即 IRPD 光谱、离子迁移率分布和不存在甲烷反应性。电子结构的分析表明，在塑造这些团簇的能量学和振动光谱方面，配体场效应比自旋耦合占主导地位。这些结果显示了多参考方法能够处理双核复合物通常需要的大活性空间的能力。
66a9e7f99ae92781,石油和天然气钻探正在转向深海——这就是利害攸关的地方,技术正在将化石燃料的搜寻带入海洋最深处。工程师必须保持生态风险可控。
37993847fa113ad4,对抗恶病质的新希望——癌症的致命同谋,科学家们越来越了解癌症常常伴随的消瘦和疲劳。治疗方法可能即将出现。
649ddebe0bd1a777,十年来绘制组织中的基因表达图谱,空间解析转录组技术通过学术界和工业界的反馈循环继续增强对发育和疾病的理解。
24acbb6381667cc0,耐力运动教会我成为一名更好的研究员的七种方式,“24 小时规则”和其他运动技巧可以改善实验室生活。
14d84fbf710e6645,中国最新的人工智能模型最终能与美国竞争对手相媲美吗？科学家的想法,Moonshot AI 表示，“Kimi K3”可以匹配或超越尖端模型。但它的大尺寸可能会限制其吸收。
1038bff89972a86d,不要让人工智能偷走所有的快乐：科学家不会放弃聊天机器人,《自然》杂志询问《自然简报》的读者他们喜欢自己的工作哪些方面不想放弃。
5c6bdc22d8461aa4,揭示镰刀菌细胞分裂素生物合成和失活的化学和酶学逻辑,"作为调节植物生长发育的核心激素家族，细胞分裂素（CK）的生物合成和失活机制在植物中已得到深入研究。然而，这些过程在其他生物体中仍然基本上没有特征，特别是真菌植物病原体。在这里，我们确定了来自镰刀菌的CK的独特途径，并揭示了生物合成和失活的化学和酶学逻辑，主要包括：（1）IPT-LOG融合酶FexA催化AMP的N6-二甲基烯丙基化和C1''-N9键裂解形成iP（1）； (2) CYP450 FexB 不仅羟基化 1 生成典型的植物型 CKs 反式玉米素 (tZ, 2) 和顺式玉米素 (cZ, 3)，而且还依次催化 C4'-N6 环化生成吡咯衍生物 (6)； (3) BBE 样氧化酶 FexC 独立介导化合物 1-3 的氧化裂解，并意外地将 1 转化为 C1'-keto-iP (16)； (4) FexC 和 NmrA 样 SDR FexD 协同催化双键异构化，产生两种新型 CK（17 和 19），其中 FexD 充当罕见的 NADPH 依赖性 1,4-还原酶。生物活性测定表明，非经典真菌特异性化合物 6、17 和 19 代表了植物新的无活性 CK 形式，而 16 则表现出意想不到的高活性。重要的是，与植物不同，镰刀菌采用双键异构化和吡咯形成作为 CK 失活的新策略。我们的研究结果揭示了真菌 CK 酶的不寻常功能，并揭示了植物病原真菌中 CK 生物合成和失活的分子基础，这提供了"
433c0154cf69a76c,通过 C(sp 3 )–N 键断裂的光驱动脱氨正式亲核取代：烷基胺的亲核转氨基作用,在此，我们报告了一种光氧化还原催化氨基转移策略，该策略能够实现胺与胺的直接互变，而无需预功能化。该反应通过极性反转途径进行，其中一种胺转化为与第二种胺亲核试剂偶联的亲电亚胺中间体。该方法适用于苄胺、未活化胺和叔胺。机理研究支持亚胺物种的中介作用，并揭示选择性受两个关键原则控制：反应方向性由相对亲核性控制，而 C(sp3)-N 键断裂的位点选择性由电子活化或空间可达性决定。这项工作建立了天然胺的直接催化转氨基策略，在复杂和生物活性分子的后期修饰中具有潜在的应用。
bf6a50e7ad045b32,具有不同性能的氨基酸基聚醚酰胺的位点选择性三模聚合,酰胺基团普遍存在于天然和合成聚合物中，并赋予重要的生理和物理化学性质。传统的主链酰胺聚合物（聚酰胺）通常依赖于恶劣条件或高反应性单体在聚合过程中形成酰胺键。在这里，我们报告了一种温和且原子经济的聚（醚酰胺）（PEA）途径，通过由氨基醇（主要衍生自天然氨基酸）和反应性溶剂γ-丁内酯原位形成双环氧化物和带有酰胺的伯二醇的线性步骤聚合。路易斯对（有机）催化剂独特的化学选择性使得伯羟基能够在含有仲/叔羟基和酰胺基的多质子系统中优先活化伯羟基以实现环氧环开环。三模块合成和丰富的起始材料可以很好地用于PEA的结构多样化和性能细化，其在两个不同方向上的高界面性能证明了这一点：（1）对于较亲水的PEA具有广谱蛋白质抗性，以及（2）对于较疏水的PEA，即使经过10次重复使用循环或在液氮温度下，在各种基材上仍具有牢固的粘附力。
fd1ba2bca2664d97,耦合高通量密度泛函理论、自动化实验和自适应实验设计，实现稀土元素的选择性分离,开发新的稀土元素分离技术对于维持关键材料供应链至关重要。为此，我们开发了一种 pH 控制的溶剂萃取策略，采用水相阻滞剂，通过集成计算、机器学习和自动化实验高通量工作流程实现选择性镧系元素分离。数据库筛选、密度泛函理论 (DFT) 计算和初步实验评估确定草酰乙酸是一种有前景的阻滞剂，与二（2-乙基己基）磷酸（HDEHP 或 D2EHPA）萃取剂配合使用时，可增强四种镧系元素（Nd、Eu、Dy、Ho）的选择性萃取。在此框架内，使用自动化、高通量实验与多目标贝叶斯优化相结合，确定了跨多维化学基质（pH、萃取剂浓度、阻滞剂浓度和盐浓度）的镧系元素溶剂萃取的依赖性。通过对大型实验空间的有效探索，我们发现在 pH ∼2.0 的酸性介质中，Eu、Dy 和 Ho 可以选择性地萃取 Nd，而 pH 值适度降低至 ∼0.5 则可以改变选择性，从而使 Eu 与 Dy 和 Ho 分离。与我们仅使用 HDEHP 的系统相比，使用多目标贝叶斯优化很快就能将分离因子提高 4 倍，从而无需采用完整的基于网格的详尽采样方法。总的来说，这项工作建立了一个分层和数据驱动的框架来识别选择性分离
d527f096049a6aa5,生命系统中带负电的蛋白质侧链的生物正交调节,带负电的氨基酸侧链是蛋白质结构和功能的重要决定因素，但它们在生命系统中的精确时间调节仍然具有挑战性。尽管将遗传密码扩展策略与生物正交脱腐反应相结合已经能够对各种残基进行条件控制，但带负电的天冬氨酸和谷氨酸侧链的调节主要依赖于光触发的光脱腐，而补充化学脱腐方法对于涉及有限光穿透或潜在光损伤问题的应用仍然有限。在这里，我们通过计算引导的分子设计和定向进化相结合开发了对叠氮基天冬氨酸酯（PABD），建立了一种小分子触发的生物正交方法，用于跨不同生物环境的负电荷的位点特异性调节。 PABD 介导的解降解可在生理条件下在分子、细胞和生物体水平上有效且无痕地恢复天然天冬氨酸侧链。利用这种策略，我们证明了哺乳动物细胞中 Cas9 介导的基因组编辑和 ALKBH1 依赖性 RNA 表观遗传修饰的化学调节，甚至是活体动物中酶的受控激活。这项工作提供了一个可推广的生物正交平台，用于操纵带负电的蛋白质侧链，为复杂生物环境中的功能获得研究提供了多功能化学工具。
51c8c1e9b1f40b62,茚并茚并二苯并噻吩双自由基中的自旋振动耦合,单击复制部分链接 部分链接已复制！了解分子结构如何控制有机双自由基中的光致自旋演化对于自旋响应分子材料的合理设计至关重要。在这里，我们使用变温稳态和瞬态吸收光谱研究了顺式和反式茚并二苯并噻吩 ( IIDBT ) 双自由基的温度依赖性激发态弛豫动力学。高能非前沿轨道 π-π 跃迁吸收和低能前沿轨道跃迁吸收中的电子振动级数一方面促使电子激发与分子振动之​​间的强耦合。在超快光谱的帮助下，我们确定了多步激发态弛豫路径，包括低能或高能激发后的“热”单重激发态、混合电子和自旋特征的中间态以及长寿命的三重激发态。值得注意的是，IIDBT双基类中的系间跨越（ISC）是通过振动激活的自旋轨道耦合实现的，其中自旋振动耦合增强了沿核坐标的单重态-三重态混合，从而导致单重态和三重态激发态之间快速有效的相互转换。还强调了对电子振动耦合强度和自旋演化的分子控制。这项工作在有机双自由基中的分子振动和自旋依赖性激发态动力学之间建立了清晰的实验联系，为理解和控制提供了一个通用框架。
511f7b023b7443b6,从地球上发现的最暗的行星一直隐藏在众目睽睽之下,用于发现名为 Beta Pictoris d 系外行星的方法可能会揭示其他非常暗淡的系外行星。
26fdfdbf16178f6e,电可持续航空燃料（e-SAF）的综合工艺设计和技术经济评估,
70e040a315b5853c,双重共识联合电力市场协调，以实现互联能源社区之间的隐私保护和民主化交易,
75c392f1b04cf9d4,缺陷工程 FeMoO 4 /CeS 2 双相中的协同活性位点用于高效常温电催化氨合成,由于缓慢的氮气活化和竞争性的析氢反应（HER），开发用于环境氮还原反应（NRR）的高效电催化剂仍然具有挑战性。在这里，我们报告了直接在泡沫镍（NF）上生长的缺陷工程 FeMoO4/CeS2 双相，用于在环境条件下高效电化学氨合成。 Fe/Mo/Ce 摩尔比的系统调节建立了清晰的成分-活性关系，优化的 FeMoCe (2:4:1) (2-FeMoCe) 催化剂可提供 5124 μg cm-2 h-1 (1139 μg mgcat-1 h-1) 的 NH3 产率，-0.70 V 时的法拉第效率 (FE) 为 46%（相对于中性 0.5 M 的 RHE）硫酸钠。在膜分离的单堆电池配置中，催化剂保持了强大的性能，达到 2451 μg cm-2 h-1 (613 μg mgcat-1 h-1)，FE 为 35.01%，突出了其实际相关性。全面的结构和电子分析揭示了一种富含缺陷的氧化物-硫化物双相，具有丰富的氧空位 (VO2+)、混合价 Fe2+/Fe3+ 和 Ce3+/Ce4+ 物质以及增强的界面电子耦合。光谱和电化学结果证实了 Fe 掺入后缺陷富集，伴随着电化学活性表面积的增加和电荷转移电阻 (Rct) 的降低。原位振动分析识别了表面结合的 -NHx 中间体，与吸附的氮物质向 NH3 形成的顺序氢化一致。卓越的 NRR 性能归因于协同界面活性位点，可促进缺陷介导的 N2 激活
f4367fe4d217d63b,设计基于三嗪的缩醛胺连接多孔有机聚合物以实现高效 CO 2 捕获和转化,大气中二氧化碳含量的稳步上升导致了全球变暖和气候变化等严重的环境威胁。因此，开发高效的多孔纳米材料作为吸附剂和催化剂，同时捕获二氧化碳并将其催化转化为增值化学品是当今非常具有挑战性的研究领域。在此，我们报道了三种富氮、缩醛胺连接的多孔有机聚合物（POP）的合成，即TBAL-POP-3、TBAL-POP-4和TBAL-POP-5，它们是通过在溶剂热条件下扩展席夫碱缩合反应构建的。在这三种聚合物中，TBAL-POP-5具有最高的比表面积（1053 m2 g-1）、最高的分级介孔分数（84%），以及在273 K和1 bar下1.92 mmol g-1的高CO2吸收容量以及在273/298 K下良好的CO2/N2选择性43.82/32.03。 TBAL-POP-5 归因于其富含中孔的分级结构，有利于有效的传质和活性位点的可及性。此外，这些材料在二甲胺硼烷作为绿色还原剂的存在下，使用 CO2 作为可持续的 C1 源，对胺的甲酰化表现出良好的催化活性。这项工作强调了富氮多孔聚合物作为集成二氧化碳捕获及其还原增值的多功能平台的双重功能。
208089ac63acbd0b,无载体肽纳米药物通过铁死亡和二硫死亡协调双重氧化还原疗法,无载体纳米药物提供了一种有前途的策略，可以简化配方，同时最大化治疗功能。在这里，我们报道了一种含二硫键的自组装肽，Fmoc-Cys(StBu)-Phe-Phe-Tyr-Lys-Cys(StBu) (Fmoc-S-S)，作为双重氧化还原癌症治疗的极简纳米药物。 Fmoc-S-S 自发形成均匀的球形纳米颗粒，具有良好的血液相容性、谷胱甘肽响应性结构转变和增强体内肿瘤积累。从机制上讲，Fmoc-S-S 通过消耗谷胱甘肽、改变 NADP+/NADPH 平衡、抑制 SLC7A11 和 GPX4、促进脂质过氧化和降低线粒体膜电位来破坏细胞内氧化还原稳态，与铁死亡诱导一致。同时，细胞内二硫键应激的生化证据，包括半胱氨酸水平降低，以及二硫苏糖醇的部分拯救和显着的F-肌动蛋白破坏，支持二硫下垂症的参与。在MC38荷瘤小鼠中，Fmoc-S-S纳米颗粒显着抑制肿瘤生长，且没有明显的全身毒性。蛋白质组学分析进一步揭示了与谷胱甘肽代谢、线粒体功能、氧化磷酸化和细胞骨架组织相关途径的协调失调。总之，这项工作提出了一种自组装肽生物材料，该材料将纳米结构形成、肿瘤递送以及铁死亡和二硫下垂的双重诱导集成在单个无载体系统中，为氧化还原导向的癌症治疗提供了新策略。
e26b06c4e7d71b0e,用于金介导氮烯转移的光生三重态光环-氮烯,"摘要
                  
                    金属稳定的低价氮物种的分离和表征仍然是推进氮原子转移化学的核心挑战。尽管金已成为 C-N 键形成的强大催化剂，但所提出的机制一直绕过金氮宾作为关键中间体，使其化学性质在很大程度上未知。在这里，我们报告了通过光化学 N 形成的真正光环氮烯的表征
                    2
                    从金（III）叠氮化物络合物中挤出。在晶体和固态分析中，揭示了多种反应性景观，包括通过 O 进行氮烯到硝基的转化
                    2
                    活化、分子内和分子间 C-H 键活化、CO 固定和炔加成/σ重排。计算研究证实了三重态基态，氮烯最好被描述为以氮为中心的双自由基
                    σ
                    -与正式的金（III）中心结合。这些发现强调了金（III）金属氮烯的双重亲电子和双自由基特征，并建立了超越传统机械范式的金介导的氮原子转移的概念框架。"
59f9d25db25183bc,具有增强水通量和垃圾渗滤液中 PFAS 去除能力的 MXene 改性正向渗透膜,正向渗透 (FO) 是一种很有前途的膜技术，用于去除水中新兴污染物，但其应用仍然受到低水通量、内部浓差极化 (ICP) 和污垢的限制。为了解决这些问题，在本研究中，通过将 MXene 纳米片（一种二维过渡金属碳化物）纳入聚醚砜（PES）支撑层，然后通过界面聚合形成聚酰胺活性层来制造薄膜复合（TFC）膜。使用 FTIR、FESEM、EDX 绘图、AFM、zeta 电位分析和水接触角测量对膜进行表征，以评估其化学结构、表面形态、MXene 分布、表面粗糙度、表面电荷和亲水性。添加 MXene (0.25-2 wt%) 会增加支撑层的孔隙率、孔径和亲水性，而过量添加 (4 wt%) 会导致孔隙堵塞并损害支撑层性能。优化后的TFC膜（TFC-MX2，2 wt%）的水通量为27.4 L·m-2·h-1，比未改性膜（TFC-Pristine）高201.1%，同时在正常FO模式下保持约3.14 g·m-2·h-1的低反向盐通量。结构参数降低了 72.5%，表明 ICP 效应降低并改善了支撑层传输特性。 TFC-MX2 膜对合成 PFAS 溶液和垃圾渗滤液中作为模型微污染物的全氟烷基和多氟烷基物质 (PFAS) 的平均截留率分别为 97.8% 和 96.6%，同时与
76be3cdb875cb95e,抑制碘化物氧化和调节结晶协同实现高效稳定的空气处理 CsPbI 2 Br 钙钛矿太阳能电池,常温条件下制备钙钛矿太阳能电池更适合工业生产和商业应用。然而，由氧气引发的碘化物氧化和不受控制的钙钛矿结晶对空气处理钙钛矿太阳能电池实现令人满意的性能提出了重大挑战。在此，我们将季戊四醇四（3-巯基丙酸酯）（PETMP）引入到CsPbI2Br前驱体溶液中，同时抑制碘化物氧化并调节钙钛矿结晶，从而在环境空气中组装高性能CsPbI2Br钙钛矿太阳能电池。 PETMP 和 CsPbI2Br 前驱体之间的配位相互作用稳定了前驱体并减缓了钙钛矿结晶。此外，PETMP的还原性-SH基团将形成的分子碘转化为碘化物，有效抑制前驱体溶液中和钙钛矿结晶过程中碘化物的氧化。添加 PETMP 后，我们制备了高质量的 CsPbI2Br 钙钛矿薄膜，该薄膜在环境空气中具有增大的晶粒和降低的缺陷密度。因此，没有空穴传输层的空气处理 CsPbI2Br 钙钛矿太阳能电池具有 15.20% 的诱人效率，与在氮气气氛下组装的最先进的同类产品相当。此外，未封装的空气处理电池在环境条件下储存 1200 小时后仍保持其原始效率的 88.7%。
d29477f5a3dd1c7c,使用极紫外的晶圆级过渡金属通道,
faf2d82854f5bde1,具有 3 纳米厚铪锆氧化物层的铁电电容器,
8821663165fe7273,用 H2 热化学还原 CO2 生成甲醇的综述：重点是克服平衡限制,
baab730927301504,综合能源系统混合储能优化配置,
d42fb0ec04c32eb5,智能电网因果推理框架及其应用于需求响应,
db0cedeb835b5e77,利用天然气网络全局线性端口模型加速电-气能量流分析,
ba37e5d77c944c8a,在含水层驱动的储层中实现大规模地下储氢：综合技术和经济可行性,
c03d152325b8b9f8,基于随机森林特征频率提取的 PEMFC 冷启动条件的替代实验引导快速 EIS 测试方法,
7bf638c03736bba5,揭示高性能干阴极 AEMWE 的设计原理：3D 多物理场建模和电压击穿分析的见解,
3c803436185d7918,主动配电网中可再生能源托管容量电池储能的技术经济规划,
ab811917428006d8,基于约束驱动Q学习的组合经济排放调度问题多目标混沌协同进化优化,
58f31ca2fc798232,氢混合海洋能源系统的退化感知设计和寿命评估,
51bcf9c5c81ee329,能源转型、碳政策和贸易冲突的动态和协同效应：混合频率方法,
b6a649c5a016eddc,基于动态可行操作区域聚合的类存储资源协调优化调度,
348e3a13e4658093,通过图神经网络和加权总最小二乘法对燃气轮机进行不确定性感知多故障诊断,
73db2c62cf2d78f2,非理想通信条件下多能源微电网数字孪生云边协作的弹性分层控制策略,
619e6f9e6d939342,零间隙碱性水电解槽中大气泡运动行为对槽电压的影响,
bae1bd00aaf959bb,带热能存储的太阳能驱动吸附过冷二氧化碳增压制冷装置的动态建模：来自世界的生命周期能源、环境、经济见解,
72251a4637660b34,典型船舶运行条件下 PEMFC 电池堆的早期退化机制和基于 PINN 的健康状态预测,
4642331c1810ed5e,具有协调线路组和罐车效应的电-氢-气一体化系统的低碳调度,
a1336f6c05fc0e25,用于骨再生和光热肿瘤治疗的多功能 Nb 2 C MXene 增强型 3D 多孔 Si 3 N 4 支架,骨肿瘤治疗通常涉及手术切除，这可能导致严重的骨缺损，需要结构性植入物来恢复功能和美观。然而，开发能够准确消除残留肿瘤细胞同时驱动骨缺损重建的支架仍然是一个重大的临床挑战。为了满足这一双重需求，我们设计了一种仿生多功能多孔氮化硅 (Si3N4) 支架，与超薄碳化铌 (Nb2C) MXene 纳米片集成。具体来说，这种 Nb2C MXene 涂层多孔 Si3N4 支架 (MPSNS) 是通过将 Nb2C MXene 纳米片附着到三维 (3D) 打印的 Si3N4 支架上而创建的，从而改变其表面理化性质，改善其生物相互作用，并实现靶向肿瘤消融。该支架具有高度稳定的亲水性生物界面，具有优异的生物相容性和卓越的骨诱导活性。此外，Nb2C MXene 纳米涂层的光热转换特性能够实现靶向肿瘤消融和抑制，同时促进骨缺损修复。总的来说，这项综合研究凸显了将 Nb2C MXene 纳米片与 3D 打印 Si3N4 陶瓷相结合的变革潜力。通过表现出卓越的机械完整性、生物相容性、成骨性能和光热杀肿瘤功效，MPSNS 为再生医学建立了一个有前景的先进生物材料平台。
901e98140faad5e4,迈向灵活的神经形态自旋电子学：聚酰亚胺基底上合成反铁磁体的无场切换,实现在柔性基板上生长的磁补偿合成反铁磁体的完全电控磁化切换将显着推进高密度可穿戴存储器和神经形态自旋电子应用。在这里，我们展示了在聚酰亚胺基底上生长的高质量 Pt/CoPt/Ru/CoTb 合成反铁磁体中的无场自旋轨道扭矩 (SOT) 驱动的垂直磁化开关，该磁体表现出室温补偿磁化强度和增强的剩磁反常霍尔电阻。 3% 的拉伸应变会导致层间交换耦合场发生 390 Oe 的偏移，并将无场 SOT 切换率降低至~28%。至关重要的是，这种无场 SOT 切换的近线性非易失性突触可塑性和神经元非线性在弯曲、拉伸和拉伸疲劳下得以保留。利用这些实验测量的突触和神经元特征，我们通过计算实现了一个完全连接的神经网络，实现了手写数字的模拟识别准确率超过 95.8%，时尚产品的模拟识别准确率超过 86.2%。这些结果为开发柔性自旋电子器件提供了一种有效的方法。
d054456ecb8e8c79,用于太阳能转换的基于光系统的生物光电极,光系统改良电极已被开发为经典半导体系统的替代品，用于将太阳能转化为化学品或电力。光系统是自然光合作用的光活性蛋白质，具有卓越的光捕获效率和大电荷分离能力，并且完全由地球上丰富的元素组成。它们的主要局限性仍然是其有限的稳健性以及难以与电极有效连接。在这里，我们回顾了将三大类光系统（光系统 II、光系统 I 和细菌反应中心）集成到功能器件中的策略。我们研究了生物光阳极和生物光阴极等电极结构，以及使用各种旨在最大化光电流和能量效率的蛋白质固定方法将它们组装成有偏压和无偏压生物光电化学电池。特别强调了解电极和光系统之间的电子转移途径，包括潜在的短路途径。最后，我们重点介绍对于识别瓶颈和指导优化至关重要的关键表征工具和性能指标。
da731c4650c65502,通过多盐和丙酮-酯溶剂调节实现低温 LiCoO 2 ||石墨电池,锂离子电池在低温下的性能受到缓慢的去溶剂化动力学和不稳定的电极界面的严重限制。在此，我们开发了一种无氟化溶剂的低温电解质 FBN-442，由溶解在丙酮 (DMK)、乙酸甲酯 (MA) 和碳酸亚乙烯酯 (VC) 混合溶剂中的 1.0 m 盐 (LiFSI/LiODFB = 7:3) 和 0.15 m LiNO3 添加剂组成。在理论计算和综合实验分析的指导下，我们构建了定制的溶剂化结构，其中DMK促进盐解离，MA提供适度的Li+亲和力和低熔点，VC有助于有效的成膜。这种优化的溶剂化环境平衡了本体离子传输与界面电荷转移动力学，并驱动致密、富含无机物的界面层的形成。因此，石墨和LiCoO2电极表现出显着改善的低温和高倍率性能。电解质的有效性在软包电池中得到了进一步验证，即使在 -40 °C 下，软包电池仍保留 78% 的室温容量（30 °C 时为 0.85 Ah 与 1.1 Ah）。这些结果凸显了溶剂化结构调节在使高能锂离子电池在宽温度范围内可靠运行方面的关键作用。
f827db4132f4049d,还原氧化石墨烯膜的缺陷选择性蚀刻工程,二维层状膜在先进水处理方面具有广阔的前景，但本质上受到渗透性与选择性权衡的限制。在此，我们报告了一种纳米级“缺陷挖掘”策略，通过在分子水平上设计双重运输途径来克服还原氧化石墨烯（rGO）膜的这一限制。通过温和的 KOH 蚀刻创建的垂直纳米孔选择性地针对容易出现缺陷的 sp3 杂化碳域，在层状结构中开辟高速捷径。为了补充动力学纳米蚀刻，我们还引入了涉及离子液体嵌入的热力学稳定步骤，其中这些超分子铆钉通过强大的阳离子-π相互作用锚定扩大的层间距。这种协同整合创建了一个双纳米级传输网络，重塑了受限二维纳米通道内水分子的传输。优化后的膜（KOH-IL-rGO膜）表现出455 L m-2 h-1 bar-1的超高透水性和99.68%的亚甲基蓝截留率。分子动力学模拟进一步阐明了协同传输机制，提供了关键的定量见解：垂直捷径显着增强了整体水渗透性，而引起的扩大的层间距直接支撑了观察到的超高渗透性和选择性排斥。总体而言，这项工作提供了一种合理的材料设计方法，用于构建高性能、节能的膜，以实现可持续的水净化和回收。
8123481083eff128,通过联合递送 β 受体阻滞剂和 aTIM-3 与超声响应仿生纳米颗粒，通过交感神经-T 细胞相互作用阻断，增强应激下胰腺导管腺癌的免疫治疗,胰腺导管腺癌 (PDAC) 是一种难治性冷肿瘤，其特点是致密的细胞外基质 (ECM) 和应激触发的神经免疫串扰，导致 T 细胞耗竭，抗 T 细胞免疫球蛋白和粘蛋白结构域 3 抗体 (aTIM-3) 单一疗法疗效不佳。在这里，我们报道了一种蔗糖杂交、Pan02胰腺肿瘤细胞膜涂层超声（US）响应仿生纳米载体（CT@SM），共同负载卡维地洛（β-阻滞剂）和aTIM-3。 Pan02肿瘤细胞膜壳能够实现同源肿瘤靶向、延长循环并减少脱靶分布，而插入的蔗糖调节囊泡声阻抗以产生超声触发的惯性空化。 US 激活空化作用，破坏 ECM 并在肿瘤深处共同释放物质：卡维地洛缓解去甲肾上腺素介导的 T 细胞耗竭，aTIM-3 抑制 M2 型肿瘤相关巨噬细胞。因此，与游离的aTIM-3相比，CT@SM + US组中肿瘤区域的aTIM-3增加了高达11.23倍。通过重新激活 T 细胞，免疫治疗效果显着增强，从而抑制 PDAC 小鼠应激模型中的肿瘤生长并延长生存期。总体而言，这项研究为 PDAC 和其他冷肿瘤的免疫治疗提供了一种基于双改良仿生声学传递平台的有前途的策略。
23a374d5051ec5d0,用于通过原位产生的 CO 2 电催化碳酸氢盐至甲酸盐转化的硝化纤维素膜,使用碳酸盐和碳酸氢盐水溶液进行 CO2 转化是反应性 CO2 捕获的一种有前途的途径，但在广泛的 pH 范围内维持高法拉第效率 (FE) 仍然具有挑战性。在质子交换膜 (PEM) 和铋阴极电催化剂之间引入混合纤维素酯 (MCE) 多孔膜可增强碳酸氢盐供给电解过程中甲酸盐生产的 FE。在此配置中，碳酸氢根离子 (HCO3-) 在电解槽内质子化，从而能够直接利用原位产生的 CO2 (i-CO2) 进行电解还原。在这里，我们研究了中间多孔膜的作用以及不同纤维素材料在电流密度高于 100 mA cm-2 时对电解性能的影响。尽管随着 pH 值的增加，阴极和 PEM 之间的直接接触会显着降低甲酸 FE，但加入 MCE 膜可增强所有 pH 值下的甲酸 FE，即使在 pH 9.2 下也能保持 78%（2.0 mol L-1 KHCO3 + 0.5 mol L-1 K2CO3），这证明了其在维持 i-CO2 生成方面的有效性。相比之下，α-纤维素和乙酰纤维素由于电池电阻增加而表现出较低的甲酸盐 FE 和较高的全电池电压。 Operando 电化学阻抗谱和气泡形成的实时可视化表明，这些纤维素产生了大的 CO2 气泡，而当使用主要由硝化纤维素组成的 MCE 膜时，i-CO2 仍然主要保持溶解状态。这些结果表明硝酸酯基团促进 i-CO2 的产生及其运输到
d21448449089d49a,NiSe 2 助催化剂改性 WO 3 用于高效光电化学水分解,能够吸收足够的可见光、有效分离光生电荷载流子并将其快速传输到表面的光阳极仍然是实现高效水分解的主要障碍。在此，由于 WO3 半导体和金属 NiSe2 之间的异质结，NiSe2 纳米颗粒助催化剂修饰的 WO3 被证明是具有出色光电化学（PEC）水分解性能的光阳极。凭借最佳的 NiSe2 负载量，WO3/NiSe2 光阳极在 1.23 V 照射下相对于 RHE 的光电流密度为 1.66 mA cm-2，超过原始 WO3 光阳极的性能七倍以上。 WO3/NiSe2 优异的 PEC 性能归因于电极/电解质界面处电荷载流子传输的改善以及异质结带来的电荷载流子分离和迁移的增强，实验数据和密度泛函理论 (DFT) 计算证实了这一点。 DFT 研究表明，与 WO3 相比，WO3/NiSe2 异质结构上的电势决定步骤 (*O → *OOH) 的吉布斯自由能变化较低，表明高效的析氧反应活性，从而增强了水分解性能。此外，该混合催化剂具有优异的法拉第制氢效率（94.4%）和显着的结构稳定性。这项工作概述了一种简单的技术，可实现高效太阳能水分解所需的助催化剂/半导体耦合。
d55a038d3a8ea05a,柔性无机纳米纤维：机理、调控策略和评估方法,柔性无机纳米纤维利用无机材料固有的稳定性和纳米尺度赋予的柔性功能的协同优势，在隔热、光电子、催化、生物医学等高端领域展现出巨大的应用潜力，成为交叉学科的研究热点。然而，其灵活性的根源涉及多尺度结构耦合和多种机制的协同作用。现有研究尚未建立通用的理论体系，制约了柔性无机材料的精准设计和工业化应用。本文系统综述了柔性无机纳米纤维的内在机制（缺陷调控、动态界面调控、表面原子重构和微观键畸变）。它阐明了构建柔性材料的逻辑框架，该框架“基于纳米级表面/界面效应的基石，以上述四种内在机制为支撑，并通过多尺度调控策略来实现”。总结了柔性调节的两个核心策略，即内在结构定制和界面工程调制，并概述了柔性评估和测试方法的现状。本文旨在构建“机制-调控-评价”的一体化认知框架，为柔性无机材料的高性能设计和应用突破提供理论支撑。
ea9f0eefcab370ae,用于三维细胞培养的明胶甲基丙烯酰 (GelMA) 水凝胶制剂的模型辅助优先级排序,由于力学性能高度可调，甲基丙烯酰明胶 (GelMA) 水凝胶被广泛用于三维 (3D) 细胞培养，而有限的实验采样限制了有效的配方筛选。在这项工作中，我们开发了一种基于 BNN 的建模流程，将具有各种交联参数的 GelMA 水凝胶映射到线性粘弹性模量和非线性临界应力，从而将所有测试的配方分类为低/中/高稳定机械窗口。 C2C12 成肌细胞形态的校准证实，非线性临界应力补充了线性流变参数，以完善细胞相容性水凝胶配方的筛选优先级。随后对原代心肌细胞的验证表明，形态学趋势与预定义的机械窗口相匹配，并且边界公式不明确。我们的研究结果构建了一种有限的优先策略，以在稀疏的实验条件下快速选择 GelMA 组合物，在广泛预测用于不同的组织工程场景之前需要进一步的前瞻性验证。
6916ce0dda5a6028,液体碱性电解槽中连续沉积和脉冲沉积氢氧化镍铁阳极的活性收敛,
31f38762c8a7f21f,通过纳米级成分波动实现多晶 InGaSb 薄膜的高功率因数,III-V族化合物半导体是薄膜热电材料的有希望的候选者，因为它们的窄带隙合金可以在接近室温时表现出热电响应。在这项研究中，我们系统地研究了玻璃基板上沉积的多晶 InGaSb 薄膜，并将沉积温度和 In 通量确定为控制相竞争和纳米级成分波动的关键参数。通过调节 In 的供应，形成不连续的富 In 沉淀物，同时系统地调整基体成分。根据拉曼分析的评估，沉积温度的变化进一步能够控制结构无序和纳米级特征。在维持连续薄膜的最高沉积温度（560°C）下，无序性增加与塞贝克系数增强相关，而电导率没有显着降低。结果，在室温附近实现了 1200 µW m-1 K-2 的高功率因数。这些发现表明，生长参数驱动的微结构和相控制为增强多组分多晶 III-V 薄膜的热电性能提供了有效的策略。
193d621b6b899c04,通过磁记录离子迁移进行电和光伏开关,将光学和磁性功能组合到忆阻器中是将应用扩展到图像识别、信息存储和低功耗处理的一个有吸引力的选择。在这里，我们制造了铁磁-富勒烯-锰氧化物结构，该结构表现出磁滞、非线性 I-V 特性和光伏效应，其光电流取决于磁化强度和光偏振矢量的相对排列。可逆的、电压诱导的氧从氧化锰迁移到分子层中，使器件的电阻率降低了几个数量级，消除了非线性传输，并淬灭了光伏响应，从而产生了光敏忆阻器，其中光电流取决于器件的电历史和磁历史。密度泛函理论计算将这些效应的根源归因于费米能级电子结构的变化以及离子迁移时界面偶极子的减少。这些结果为具有光激发、电读出和磁传感功能的单分子级忆阻存储器开辟了研究途径。
da52ed33fa22c7bf,从头设计的卟啉结合蛋白光催化氮还原反应,在这项工作中，我们从头设计了一种能够形成二聚体的双螺旋α-螺旋蛋白，其具有容纳卟啉分子的中心空腔。通过将卟啉与二聚体蛋白混合形成的卟啉结合蛋白表现出可见光驱动的氮还原反应催化活性。为了进一步优化蛋白质，我们选择了三个突变层并预测了它们的结构。由此，我们鉴定了七个保留了原始蛋白质折叠结构的突变体，这些突变体用于在结合卟啉后从氮光催化生产氨。其中，表现最好的突变体对氨合成的催化率为9.704 mg gcat-1 h-1，高于目前报道的大多数人工催化剂。这项工作为从头设计卟啉结合蛋白作为温和条件下固氮催化剂提供了一种有前景的策略。
caa33dee20169806,流体极性变化引发并放大富含粘土介质中的优先流动,优先流控制着从微孔到区域流域的流体和溶质跨尺度输送，但它通常归因于静态孔隙结构的异质性。在这里，我们表明流体极性可以主动重组孔隙网络并放大富含高岭石粘土介质中的优先流动。在渗透实验中，用低极性氢氟醚代替水会引发早期突破（约 0.4 天），渗透率比标准相对渗透率函数预测的高约 62.7 倍（低极性饱和度仅为 18.8%）。多尺度成像和孔隙率测定显示了从单峰微孔隙到连通孔隙-裂缝双峰结构的转变。界面测量表明，低极性流体削弱了颗粒间的静电斥力，从而通过减少无效孔隙和激活潜在连通性来重组孔隙空间。在跨尺度机制链的指导下，我们建立了一种将界面力与无效孔隙度联系起来的单参数关系，并将其集成到一个耦合框架中，该框架再现了 21 种富含粘土介质和 24 种流体的优先路径发育和渗透率演化。这些发现推进了极性驱动输运动力学的跨尺度框架，并为将流体极性纳入浅层富含粘土环境的预测地下输运模型提供了基础。
c32b4059bb625cd9,HSP90α 乳酰化协调 PGC1α 和 LRPGC1 核转位驱动线粒体生物发生,"线粒体生物发生是确保卵巢细胞能量供应和支持类固醇生成的基本过程。最近，乳酸被确定为一种促进线粒体生物发生的信号代谢物。然而，基本的监管机制仍然不明确。在这里，我们将热休克蛋白 90 Alpha 家族 A 类成员 1 (HSP90α) 乳酰化确定为将糖酵解代谢与线粒体功能联系起来的关键介质。具体而言，HSP90α 在 K58 处的乳酰化会招募 ULK1，从而增强 S39 处的磷酸化； K616 处的乳酰化可防止 S596 处 CDK5 介导的磷酸化。这种双重调节促进过氧化物酶体增殖物激活受体 γ 共激活剂 1-α (PGC1α) 及其亚型 LRPGC1 的核转位，从而激活线粒体生物发生基因的 NRF1/2 依赖性转录，例如
                    tfb1m
                    ,
                    tfb2m
                    , 和
                    特法姆
                    。从功能上讲，线粒体质量扩张既增强细胞能量代谢，又促进胆固醇输入线粒体，从而驱动雌激素生物合成。总之，这些发现揭示了乳酸-HSP90α-PGC1α/LRPGC1轴，该轴在代谢上将糖酵解与线粒体生物合成和生殖激素产生耦合起来，为卵泡发育的表观遗传调控提供了见解。"
5353836986c0aa86,光和温度敏感的癫痫发作由中枢神经系统中空间上不同的皮质胶质细胞群调节,"癫痫的特征是由于神经元群体的异常神经元活动导致的反复发作。癫痫发作通常与癫痫病灶处的神经胶质细胞功能异常有关。研究表明，每种神经胶质类型，例如星形胶质细胞，在其发育、分子特征和功能方面表现出显着程度的异质性，具体取决于它们所在的大脑区域。然而，尚不清楚这种异质性是否会不同地影响或导致癫痫发作。以前的研究
                    果蝇
                    研究表明，异常的皮质胶质细胞 (CG) 功能导致神经酰胺磷酸乙醇胺合酶的光诱导 (LI) 癫痫发作。
                    CPES
                    ）和 zydeco 中的温度敏感（TS）癫痫发作（
                    
                      齐德
                      1
                    
                    ）突变体。在这里，我们优化了 Gal4/Split-Gal4/Gal80/LexA 驱动程序，以在大脑不同部位（包括视叶 (OL)、中枢脑 (CB) 和腹神经索 (VNC)）的 CG 亚群的整个发育过程中特异性表达感兴趣的基因。使用这些工具，我们进行了大脑区域特定的 CG 救援实验
                    CPES
                    和
                    
                      齐德
                      1
                    
                    突变体。我们发现 CPES 的 OL 和 CB 特异性而非 VNC 特异性 CG 表达显着抑制了 LI 癫痫发作
                    CPES"
5f35189ce3da71c1,H2S介导的蛋白质过硫化调节氧化还原代谢通量，是水稻盐胁迫恢复能力的基础,"硫化氢（H
                    2
                    S) 通过蛋白质半胱氨酸 (Cys) 残基的过硫化在植物胁迫反应中充当气体信号分子。尽管植物过硫组的全面的半胱氨酸位点特定图对于实现对半胱氨酸过硫化的生物学作用的系统级理解很重要，但一直缺乏。使用最先进的
                    氮
                    -基于乙基马来酰亚胺-生物素的蛋白质组学策略，我们生成了水稻中 1,691 个过硫化 Cys 位点的动态图谱（
                    水稻
                    ）叶蛋白质组。我们的结果揭示了长期盐胁迫期间蛋白质过硫化的整体动态变化，对参与金属依赖性催化、氧化还原代谢和磷酸戊糖途径（PPP）的蛋白质产生显着影响。基于这些模式，我们研究了非氧化 PPP 中过硫化的功能相关性。 H
                    2
                    S介导的过硫化降低了代表性非氧化性PPP酶5-磷酸核糖异构酶的活性，导致NADPH产量增加并随后激活NADPH依赖性氧化还原酶，包括抗坏血酸-谷胱甘肽（AsA-GSH）循环的单脱氢抗坏血酸还原酶（MDHAR）亚型。过硫化保护 MDHAR3/5 免受氧化抑制和降解，从而维持 AsA-GSH 循环能力并支持活性氧清除。这种位点特异性的过硫化物组为研究提供了宝贵的资源"
86177fd579543b16,观测到大气边界层对亚中尺度海面温度锋面的快速调整,"目前对海洋变化在海气交换中的作用的理解仅限于大尺度和中尺度动力学。水平空间尺度为 0.1 至 10 公里的海洋锋和细丝（称为亚中尺度）由于其快速演变的流动和较小的时空尺度变化而难以观察。对亚中尺度海气通量的观测表明，大量的热量、水分和动量通量影响着上层大气的结构。在这里，利用亚尺度分辨船舶和机载测量研究了由海洋温度异常驱动的湍流大气边界层的调制，提供了大气对海洋亚尺度温度变化的响应的现场证据。观测表明，强烈的海气热通量和动量驱动了近地表湍流混合，改变了行星边界层的垂直结构。风速与海面温度异常之间的线性回归系数显示出与大尺度下相似的响应幅度，综合变化为0.23 m·s
                    −1
                    ℃
                    −1
                    ，但发生在较小的长度尺度上，意味着更尖锐的梯度。滞后相关性和标度分析意味着大气中水平平流和垂直湍流混合动量的综合影响，以前仅通过数值模拟进行描述。观察到的 200 m 低空的横向锋面风散度表明 coh"
16bcb37c600b0dde,本期,
9007929950b2be17,地球内核超离子氢的径向梯度,氢被认为是地核中的关键轻元素，但其超离子相的热力学及其在内核中的分布仍不清楚。在这里，我们计算了液体和超离子 hcp 和 bcc Fe-H 相的从头算吉布斯自由能，并构建了与地球内核相关的压力-温度条件下的超离子-液相图。我们发现，当温度按纯铁的熔化温度缩放时，不同内核压力下的相图会崩溃，这表明固液分配主要由相对于铁熔化的降低温度控制，并且对压力较弱敏感。这种比例关系进一步协调了先前报道的理论研究中分配系数的差异，并与低压下可用的实验数据取得了良好的一致性。通过应用热化学约束，我们的自由能结果揭示了内核内的径向氢梯度。这些结果表明，内核中超离子氢的成分梯度自然地从平衡热力学中产生，并提出了控制地球内核中轻元素随深度变化的分布的一般机制。
36d815386683a590,红藻光系统 I 中的激子能量转移揭示了蓝藻和植物之间的进化桥梁,"光系统 I (PSI) 以接近统一的量子效率将光转化为化学能，但其能量转移和电荷分离机制仍存在争议。进化具有多样化的 PSI 结构：蓝藻 PSI 三聚体将红移色素限制在核心，而植物 PSI-光捕获复合物 I 超级复合物包含广泛的外围红色和电荷转移状态，可重塑捕获。单细胞红藻
                    梅罗拉氰藻
                    例证了不同进化分支的功能多样化，结合了光系统 II 和与不同数量的光捕获天线亚基（来自红色谱系的光捕获复合体（LHCR））相关的类植物单体 PSI 核心。这种混合组织在功能上连接了不同谱系的机械模型。我们在超低温（8 和 80 K）下应用二维电子光谱来解开重叠的激发路径
                    梅罗拉菌
                    PSI。低温测量抑制了热展宽，解决了五个动力学组件：核心-LHCR界面上的亚皮秒平衡（0.3至0.8 ps），随后的粒子群转移（2.6至4 ps）进入逐渐降低能量的流形，以及较慢地馈入分布在核心和天线上的红池（18至53 ps）。在最长的时间尺度（数百皮秒）上，持久的基态漂白意味着激子稳定在终端汇中。值得注意的是，8 K 和 80 K 光谱的比较表明，激发"
f0ef370b57ae3ee7,鹰蛾长鼻探测中侧化视觉运动轴的保护,"行为的偏侧化，包括运动控制和感觉处理，在两侧对称动物中普遍存在。在视觉引导任务中，它通常表现为在共享参考系内对齐眼睛、附肢和目标的轴，例如人类的眼手协调或鸟类的眼喙协调。虽然在一些脊椎动物系统中进行了深入研究，但类似的控制原理是否适用于无脊椎动物，以及更普遍的感觉和运动偏侧化如何机械地联系起来，仍不清楚。利用蜂鸟天蛾的长鼻检查行为
                    星状巨舌兰
                    作为视觉附属引导的模型，我们的研究为无脊椎动物的侧化视觉运动控制提供了证据。结合高速摄像和无标记姿态估计，我们在天蛾不成对的附肢和眼睛之间建立了基础控制轴。我们证明个体表现出稳定的、特殊的长鼻偏侧化，这与他们视觉目标的瞬时视角紧密相关，从而形成持续的眼睛-长鼻-目标轴。该轴还对功能定位产生功能影响。使用单眼遮挡评估感觉运动可塑性，我们发现飞蛾通过在赏花过程中调整身体姿势来保留其侧化视觉运动几何形状。我们的研究结果表明，侧化视觉附属器引导的脊椎动物模型具有收敛控制原理，同时强调了感觉运动可塑性的明显差异"
39c538c58668c2c0,ZNF263–NuRD 介导的 STAT1 抑制可减少前列腺癌中 MHC-I 抗原呈递和 IFN-γ 功效,主要组织相容性复合物 (MHC)-I 的丧失是前列腺癌 (PCa) 免疫逃避和免疫治疗失败的标志。在这里，我们将 ZNF263 确定为一种转录阻遏蛋白，它通过将核小体重塑和脱乙酰酶 (NuRD) 招募到 STAT1 启动子来沉默 MHC-I，从而减少 STAT1 和 MHC-I 的表达。缺氧通过 ZNF263 的两种修饰增强这种抑制：磷酸化驱动的相分离可增强 NuRD 相互作用，而 S662 上的 O-GlcNAc 酰化有助于 STAT1 启动子结合。 O-GlcNAcylation 还促进与蛋白激酶、DNA 激活催化亚基 (PRKDC) 的相互作用，从而放大磷酸化。 ZNF263 缺失后，干扰素γ (IFN-γ) 诱导的 MHC-I 诱导作用增强。通过计算机对接，确定 Viroptic 是一种 Krüppel 相关盒 (KRAB) 口袋结合物，可破坏 ZNF263-NuRD、去抑制 STAT1 并增强体内 IFN-γ 抗肿瘤免疫力。高 ZNF263 与低 MHC-I、稀缺 CD8+ T 细胞和较差的生存率相关，这为在 PCa 免疫治疗中靶向 ZNF263 提供了理论基础。
fb0a2ca26c2f42e3,最小尾流涡流模型解释了扑动鸟类的编队飞行,"生物类群中出现了集体运动模式：昆虫成群、鱼群和鸟类成群。特别是，许多大型候鸟会形成明显有序的 V 形队形，实验和直接数值模拟已证明这种队形在长途飞行期间提供了巨大的能量益处。然而，这些益处背后的精确空气动力学和形态机制仍不清楚。在这项工作中，我们开发了两只串联飞行的扑动鸟类之间的尾流-涡流相互作用的降阶模型。该模型保留了基本的不稳定扑动动力学，同时保持了计算上的易处理性。通过对六维状态空间（包括跟随者的三维相对位置以及三个独立的扑动参数）进行优化，我们确定了北秃鹮的能量最佳领导者-跟随者配置（
                    隐士
                    ）。预测的最佳值在数量上与活禽测量结果一致。由于其简单性，该模型允许直接询问负责此优化的物理机制。特别是，它精确地隔离了跟随器的机翼运动学如何与引导器的尾流相互作用，以提高空气动力效率。该模型预测编队飞行中跟随器的总机械功率将减少 11%（与实验估计一致），并表明这种节省是由于感应功率和轮廓功率的减少而产生的，主要是由于主翼的轮廓功率降低所致。"
7ea97e3b9b606e5e,KCNQ1 变体的分类模型区分功能和运输效应，以增强致病性解释,钾通道 KCNQ1 中的错义变异是大多数先天性长 QT 综合征 (LQTS) 病例的基础，LQTS 是最常见的遗传性心律失常之一。变异会影响蛋白质的稳定性、运输和功能，这些都是支持变异解释的可测量特性。利用我们实验室生成的大量实验数据，我们开发了随机森林分类器，可以预测七个 KCNQ1 指标：四个电生理学指标和三个贩运测量指标。我们的分类器的功能将大型机器学习模型的预测与蛋白质特定的生物物理值相结合，其性能优于单独使用任一组功能。我们应用我们的分类器来解释意义不确定的 ClinVar 变异和 AlphaMissense 模糊变异，并开发了全局功能障碍和错误贩运评分，以区分良性变异和致病变异。全局评分补充了 AlphaMissense 预测，将变异与 LQTS 引发机制联系起来。虽然对 KCNQ1 有效，但我们的变异预测方法可推广到其他离子通道，我们建议像本工作中那样进行系统基准测试，以充分评估未来变异效应预测器的性能。
8fdb888daaad53d6,生物钟通过 BMAL1/CK1ε/REV-ERBα/transgelin 信号通路控制肝星状细胞活化,肝纤维化是一种进行性且危及生命的疾病，目前尚无有效的靶向治疗方法。越来越多的证据表明昼夜节律和纤维发生之间存在双向关系，尽管所涉及的具体分子信号传导途径仍不清楚。分子钟控制昼夜节律，调节代谢和细胞功能，其药理操作已显示出治疗器官纤维化的潜力。尽管肝脏的分子时钟似乎对人类慢性肝病从脂肪变性到纤维化的进展具有弹性，但在肥胖人群中观察到时钟基因每日振幅的可检测变化。我们发现了一个时钟控制的信号通路，可以驱动肝星状细胞（HSC）激活，这是纤维化进展的关键起始事件。通过破坏核心调节因子 CLOCK:BMAL1 或激活核受体 REV-ERB 来干扰该通路，可显着降低 HSC 的激活。我们还确定转凝胶蛋白是时钟调节的 HSC 收缩性的下游效应器，这是 HSC 激活的一个特征。 Transgelin 受 BMAL1-CK1ε 信号通路间接调节，并受 REV-ERBα 直接调节。我们的研究结果确定了一种迄今为止未被描述的机制，该机制将分子钟与 HSC 激活和细胞收缩功能联系起来，这与人类纤维化疾病相关。该途径为药物靶向和破坏原发性纤维化信号传导提供了多个切入点。通过将生物钟生物学与细胞过程联系起来
aaea759a0e81a367,关于科学家的儿童读物传达了令人沮丧的信息,"科学家传记被广泛用于激发儿童的兴趣并扩大对科学的参与。在讲述成功科学家的故事时，这些书传达了隐含的“成功秘诀”，但还没有研究系统地检验这些秘诀是否符合动机研究的建议。在这里，我们首次对儿童科学传记中的激励信息进行了大规模分析（422 本畅销书，1,355 名主角）。出现了四项主要发现。首先，科学能力常常被描述为固定的和可塑的，这种模式不太可能支持动机。其次，对科学的兴趣绝大多数被描述为固定的：据说大多数科学家从小就对科学着迷。第三，物理学、工程学和计算机科学领域的科学家被描述为比其他领域的科学家更依赖固定能力。第四，女性科学家的传记不成比例地强调了努力，即使在调整了她们所面临的障碍之后，这与将女性的成功归因于努力而不是天赋的刻板印象相一致。这些发现表明，通过儿童科学传记中的榜样曝光来实现科学多样化的善意努力可能会失败。"
b98edd445409af4d,Kuyyamudi 等人的修正，异型细胞间粘附调节细胞间迁移的效率,
817db88fcc9b68c6,Sen 等人的修正，mTOR 信号通过 S6K1–RhoA 和 aPKC–Lgl2 轴控制上皮顶端突起的形成,
052694b4feec0e0f,小鼠卵巢的单细胞图谱揭示了绝经期过渡期间衰老和衰老的分子驱动因素,"小鼠的生殖衰老会导致动情绝经，其特征是动情周期不规则并最终停止，但其潜在机制仍不清楚。在这里，我们展示了小鼠卵巢的全面单细胞图谱，涵盖了精确定义的生殖阶段——从年轻（规则周期）到动经期过渡（规则与不规则周期）再到绝经后（非周期）——以及由高衰老相关β-半乳糖苷酶活性定义的卵巢特异性衰老细胞。我们绘制了卵巢衰老的转录组动力学图谱，并表征了卵巢衰老细胞的分子特征。我们的分析显示，在绝经期过渡期间，与规律周期的卵巢相比，不规律周期的卵巢表现出加速衰老和细胞衰老的特征，包括转录噪音增加、保守的衰老途径改变，如氧化磷酸化和蛋白质稳态、颗粒细胞中激素失调以及衰老标志物表达升高
                    cdkn1a
                    和衰老相关的分泌表型因子。该图谱描绘了小鼠卵巢衰老和卵巢特异性衰老细胞的细胞和分子特征，为理解绝经期转变的机制提供了资源。"
013120feaed35d88,受 PFAS 影响的农业土壤的综合热修复和植物修复,"全氟烷基物质和多氟烷基物质 (PFAS) 是持久性合成化合物，几十年来生物固体的应用已经污染了数百万公顷的农田。传统的修复方法，例如热破坏或挖掘，成本高昂，碳密集，并且使受影响的农田不适合农业。在这里，我们提出了一种潜在的可扩展修复策略，该策略结合了植物修复、生物炭生产和增强风化，以同时去除土壤中的 PFAS、固定残留污染物并实现持久的二氧化碳去除 (CDR)。使用受实验数据约束的随机模型，我们表明通过碱性岩石改良剂进行土壤 pH 值管理可以加速 PFOS 的去除，在典型污染水平下将修复时间缩短十多年。收获的生物质的热解有效地破坏了 PFAS 并产生生物炭，当生物炭重新应用于土壤时，可大大减少对地下水和周围环境的浸出。对估计 100 万公顷受 PFAS 影响的农田进行的全国规模模拟表明，综合 CDR 潜力约为 11 Mt CO
                    2
                    y
                    –1
                    ，相当于美国2050年碳去除目标的4%至6%。我们估计修复成本中位数为每公顷 1,460 美元
                    –1
                    y
                    –1
                    ——比现有技术低一个数量级以上，成本大幅降低"
57ccc523d278ffb4,ARHGAP32 亚型 PX-RICS 通过与 gephyrin 结合专门针对抑制性突触,"兴奋-抑制平衡的精确调节对于神经回路功能至关重要，其破坏是自闭症谱系障碍 (ASD) 和癫痫等神经发育障碍的基础。 PX-RICS，主要
                    ARHGAP32
                    抑制性突触处富集的剪接变体与认知功能障碍有关；然而，其突触靶向和功能的分子基础仍然未知。在这里，我们将 gephyrin 确定为 PX-RICS 的主要突触锚，并确定了其复合物的 2.2 Å 晶体结构。我们的结构分析表明，N 端 gephyrin 结合区 (GBR) 通过保守的疏水相互作用与 gephyrin E 结构域结合，解释了 PX-RICS（但不是 RICS）对抑制性突触的亚型特异性靶向。该结合界面与 gephyrin 上的神经递质受体结合位点重叠，表明这些抑制性突触蛋白之间存在竞争性但动态的相互作用景观。
                    Arhgap32
                    ΔGBR
                    小鼠表现出的主要特征
                    ARHGAP32
                    相关疾病，包括社交新奇识别受损和癫痫易感性增加，表明 gephyrin 介导的锚定对于 PX-RICS 在抑制性突触中发挥作用至关重要。"
e3d9b9264a3f49a9,Cryo-EM 揭示大肠杆菌 tRNA 转糖基酶可以结合并作用于两个 tRNA,"细菌 tRNA-鸟嘌呤转糖基酶 (TGT) 是参与 tRNA 修饰的重要酶，有助于多种病原体的毒力。 TGT 来自
                    
                      大肠杆菌
                    
                    是该家族中第一个被分离和纯化的蛋白质，因此已成为 TGT 生化表征的模型酶。
                    
                      大肠杆菌
                    
                    TGT 也是与疾病最相关的 TGT 之一，与多种人类病原菌的 TGT 具有高度序列同一性，包括
                    
                      志贺氏菌属
                    
                    种。和
                    
                      沙门氏菌
                    
                    种。值得注意的是，一些 TGT
                    
                      志贺氏菌属
                    
                    菌株与序列相同
                    
                      大肠杆菌
                    
                    酶。此外，作为一种高度混杂的酶，
                    
                      大肠杆菌
                    
                    TGT 已在化学生物学中用作 RNA 修饰工具，可在体外和体内进行位点特异性共价 RNA 修饰。由于这些原因，人们对解决
                    
                      大肠杆菌
                    
                    TGT。然而，结晶"
a9f0cf3cdd07a679,FGFR2 是一种致癌驱动因素，对于人类伽玛疱疹病毒潜伏感染和肿瘤发生的成功至关重要,爱泼斯坦-巴尔病毒（EBV）和卡波西肉瘤相关疱疹病毒（KSHV）可导致多种侵袭性淋巴瘤，但针对这些病毒相关恶性肿瘤的有效靶向治疗仍然有限。通过无偏倚的全激酶组筛选并结合病毒阳性患者肿瘤的分析，我们确定成纤维细胞生长因子受体 2 (FGFR2) 是 EBV 和 KSHV 相关淋巴瘤中选择性激活的宿主激酶。重要的是，FGFR2 是有效建立 EBV 潜伏感染所必需的，其敲低会显着损害病毒潜伏程序的形成。病毒潜伏蛋白 EBV 核抗原 2 (EBNA2) 和潜伏相关核抗原 (LANA) 将 STAT3 和 RBP-Jκ 招募到 FGFR2 启动子以驱动其转录，从而能够有效建立 EBV 潜伏期并激活下游 STAT3/AKT 信号传导。这种前馈信号回路抑制细胞凋亡、促进 S 期进展并维持受感染淋巴瘤细胞的增殖。使用临床相关抑制剂在基因或药理学上靶向 FGFR2 可在体外和体内显着抑制肿瘤生长。这项研究将 FGFR2 确定为 EBV 和 KSHV 感染的关键致癌驱动因素，强调了其作为抑制肿瘤生长和治疗相关病毒恶性肿瘤的治疗靶点的潜力。
26b7119e5e766dcf,$\mathrm{Au}+\mathrm{Au}$ 和 $\mathrm{U}+\mathrm{U}$ 碰撞中核变形对粲素抑制的影响,"作者：刘佳敏、杨焕尚、陈宝义我们研究了相对论重离子对撞机（RHIC）$\mathrm{Au}+\mathrm{Au}$ 和 $\mathrm{U}+\mathrm{U}$ 碰撞中固有核变形和取向对 chamonia 屈服抑制和动量各向异性的影响。变形核子密度通过参数化......[Phys。 Rev. C 114, 014911] 于 2026 年 7 月 21 日星期二发布"
ed1d1cb10921e49d,亚势垒能量下的一核子和二核子转移反应中的配对相关性、方向和量子涨落,"作者：D.D.Zhang、B.Li、D.Vretenar、T.Nikšić、P.W.Zhao 和 J.Meng 这项工作使用基于时间相关协变密度泛函理论 (TD-CDFT) 的微观框架，研究了亚势垒能量 $^{96}\mathrm{Zr}+^{40}\mathrm{Ca}$ 反应中的一中子和两个中子转移。配对相关性通过时间相关的 BCS 方案合并......[Phys。 Rev. C 114, 014628] 2026 年 7 月 21 日星期二发布"
515a8b4da7dd5dfc,$^{150}\mathrm{Pm}$ 中的低层激发,"作者：A. Pal、S. Basak、T. Bhattacharjee、Nazira Nazir、G. H. Bhat、S. Jehangir、D. Kumar、A. Saha、S. S. Alam、D. Banerjee、A. Das、A. Adhikari、A. Gupta、S. Das、A. Bisoi、Y. Sapkota、S. Sharma、S. Samanta、S. Chatterjee、R. Raut、S. S. Ghugre 和 J. A. Sheikh 通过使用五个康普顿抑制 Clover HPGe 探测器和一个分段平面 Ge 探测器阵列在 $^{150}\mathrm{Nd}$ 上的质子诱导反应，研究了奇奇 $^{150}\mathrm{Pm}$ 中的低层激发。观测到的 $γ$ 射线的相对激发函数是……[物理。 Rev. C 114, 014326] 于 2026 年 7 月 21 日星期二发布"
263ed8fe076b0a6d,用于求解膨胀 QCD 介质中重夸克扩散的物理信息神经网络,"作者：范文华、刘佳敏、杨焕桑和陈宝仪我们采用物理信息神经网络（PINN）来研究相对论重离子碰撞中产生的膨胀热 QCD 介质中重夸克的动态演化。首先在完全动力学热化的假设下对重夸克动力学进行建模，然后……[Phys。 Rev. C 114, 014912] 于 2026 年 7 月 21 日星期二发布"
82302a087bc7ed7c,提取$^{90}\mathrm{Zr}$的核能级密度和$γ$射线强度函数,"作者：L. T. Bell、S. Siem、A. C. Larsen、A. Bürger、M. Markova、V. W. Ingeberg、A. Görgen、M. Guttormsen、T. Renstrøm、H. K. Toft、A. V. Voinov 和 K. Wikan 在这项工作中，我们提取了核能级密度（NLD）和 $γ$ 射线强度函数($γ\mathrm{SF}$) 对来自 $^{90}\mathrm{Zr}(p,{p}^{′}γ)^{90}\mathrm{Zr}$ 反应的粒子-$γ$重合数据使用 Oslo 方法。我们已将形状方法应用于同一数据集，提供了 m...[Phys. Rev. C 114, 015808] 2026 年 7 月 21 日星期二发布"
a7ca607c6ed9c42f,机器学习 $\sqrt{{s}_{NN}}=4$ 和 11 GeV 重离子碰撞中的撞击参数：与 UrQMD、AMPT 和 JAM 的交叉检查研究,"作者：岳小青、魏国军、王永佳、李志龙、李鹏程、徐浩杰、朱向荣、李庆峰、刘福虎、奈良康通过使用超相对论量子分子动力学（UrQMD）模型、多相输运（AMPT）模型和JAM模型生成重离子碰撞数据，碰撞参数$b$ in $\mathrm{Au}+\mathrm{Au}$ $\sqrt{{s}_{\mathrm{NN}}}=4$ 处的碰撞和 11 GeV 是使用 super…[Phys. Rev. C 114, 014910] 于 2026 年 7 月 21 日星期二发布"
6beba04757dd258a,${K}^{*0}$ 在 RHIC BES 能量下使用多相传输模型产生介子,"作者：Pranjal Barik、Kadambini Menduli、Aswini Kumar Sahoo 和 Md. Nasim我们提出了 $\mathrm{Au}+\mathrm{Au}$ 碰撞中 $\sqrt{{s}_{NN}}=19.6$、14.5 和 7.7 GeV 处 ${K}^{*0}$ 共振的产量、平均横向动量和集体流动计算使用 AMPT 模型。研究发现，由于强子重散射，${K}^{*0}$ 的衰变子体在…[Phys. Rev. C 114, 014913] 于 2026 年 7 月 21 日星期二发布"
